IniId,EvtId,OevId,CodigoFase,Fase,DataFase,Observacao
315160,1,1627597,10,Entrada,2025-06-25,
315160,51,1641853,50,Publicação,2025-06-25,
315160,2,1628211,20,Admissão,2025-07-03,
315160,3,1628262,21,Anúncio,2025-07-03,
315160,9,1628212,180,Baixa comissão distribuição inicial generalidade,2025-07-03,
315160,10,1628216,190,Discussão generalidade,2025-07-04,
315160,122,1628253,237,Requerimento Baixa Comissão sem Votação (Generalidade),2025-07-04,
315160,12,1628418,240,Nova apreciação comissão generalidade,2025-07-04,
315160,54,1628977,110,Processo de urgência,2025-07-10,Concedido processo de urgência (Deliberação n.º 9-PL/2025)
315160,46,1641698,260,Admissão Proposta de Alteração,2025-10-27,
315160,46,1641699,260,Admissão Proposta de Alteração,2025-10-28,
315160,13,1641815,250,Votação na generalidade,2025-10-28,* O GOV retirou a sua iniciativa a favor dos textos de substituição.
315160,13,1641816,250,Votação na generalidade,2025-10-28,* O GOV retirou a sua iniciativa a favor dos textos de substituição.
315160,34,1641817,310,Votação na especialidade,2025-10-28,"** Obrigatoriedade de votação na especialidade em Plenário, nos termos da alínea f) do artigo 164.º e do n.º 4 do artigo 168.º da CRP.
[Texto de substituição, apresentado pela Comissão de Assuntos Constitucionais, Direitos, Liberdades e Garantias, relativo à Proposta de Lei n.º 1/XVII/1.ª (GOV) – Décima primeira alteração à Lei n.º 37/81, de 3 de outubro, que aprova a Lei da nacionalidade] - 
[Texto de substituição, apresentado pela Comissão de Assuntos Constitucionais, Direitos, Liberdades e Garantias, relativo à Proposta de Lei n.º 1/XVII/1.ª (GOV) – Altera o Código Penal, criando a pena acessória de perda da nacionalidade]"
315160,18,1641824,320,Votação final global,2025-10-28,"**Maioria absoluta dos Deputados em efetividade de funções, com recurso a votação eletrónica, nos termos da alínea f) do artigo 164.º, do n.º 2 do artigo 166.º e n.º 5 do artigo 168.º da CRP e n.º 4 do artigo 94.º do RAR."
315160,18,1641825,320,Votação final global,2025-10-28,"**Maioria absoluta dos Deputados em efetividade de funções, com recurso a votação eletrónica, nos termos da alínea f) do artigo 164.º, do n.º 2 do artigo 166.º e n.º 5 do artigo 168.º da CRP e n.º 4 do artigo 94.º do RAR."
315160,133,1641873,348,Envio à Comissão para fixação da Redação final,2025-11-04,
315160,133,1641874,348,Envio à Comissão para fixação da Redação final,2025-11-04,
315160,31,1641880,350,Decreto (Publicação),2025-11-05,
315160,31,1641881,350,Decreto (Publicação),2025-11-05,
315160,23,1641909,370,Envio para promulgação,2025-11-11,Decreto n.º 17/XVII
315160,23,1641910,370,Envio para promulgação,2025-11-11,Decreto n.º 18/XVII
315160,120,1642799,409,Veto (Receção),2025-12-19,Decreto n.º 17/XVII - Acórdão do Tribunal Constitucional n.º 1133/2025
315160,120,1642798,409,Veto (Receção),2025-12-19,Decreto n.º 18/XVII - Acórdão do Tribunal Constitucional n.º 1134/2025
315160,30,1663150,410,Veto (Leitura),2026-01-07,Decreto n.º 17/XVII
315160,30,1663151,410,Veto (Leitura),2026-01-07,Decreto n.º 18/XVII
315160,47,1663188,415,Veto (Publicação),2026-01-07,Decreto n.º 17/XVII
315160,47,1663159,415,Veto (Publicação),2026-01-07,Decreto n.º 18/XVII
315160,61,1716796,460,Admissão Proposta de Alteração decreto,2026-03-31,
315160,111,1716795,441,Reapreciação do decreto,2026-04-01,"Reapreciação do Decreto da Assembleia da República n.º 17/XVII - ""Alteração à Lei n.º 37/81, de 3 de outubro, que aprova a Lei da Nacionalidade"" e do Decreto da
Assembleia da República n.º 18/XVII - ""Altera o Código Penal, criando a pena acessória de perda da nacionalidade"""
315160,34,1716938,310,Votação na especialidade,2026-04-01,
315160,100,1716940,511,Votação novo decreto,2026-04-01,"Votação do novo Decreto da Assembleia da República sobre ""Alteração à Lei n.º 37/81, de 3 de outubro, que aprova a Lei da Nacionalidade"""
315160,100,1716942,511,Votação novo decreto,2026-04-01,"Votação do novo Decreto da Assembleia da República que ""Altera o Código Penal, criando a pena acessória de perda da nacionalidade"""
315160,60,1716968,519,Decreto (2ª versão) (Publicação),2026-04-07,
315160,60,1716969,519,Decreto (2ª versão) (Publicação),2026-04-07,
315160,66,1717271,520,Envio para promulgação (2ª versão),2026-04-13,Decreto n.º 48/XVII
315160,66,1717272,520,Envio para promulgação (2ª versão),2026-04-13,Decreto n.º 49/XVII
315160,67,1728457,526,Promulgação (2ª versão),2026-05-03,Decreto n.º 48/XVII
315160,68,1728458,527,Referenda (2ª versão),2026-05-04,Decreto n.º 48/XVII
315160,69,1728459,528,Envio INCM (2ª versão),2026-05-06,Decreto n.º 48/XVII
315160,120,1728986,409,Veto (Receção),2026-05-13,Decreto n.º 49/XVII
315160,30,1729012,410,Veto (Leitura),2026-05-14,Decreto n.º 49/XVII
315160,47,1729013,415,Veto (Publicação),2026-05-14,Decreto n.º 49/XVII
315160,32,1729179,580,Lei (Publicação DR),2026-05-18,"Declaração de Retificação n.º 17/2026/1, de 18 de maio, Retifica a Lei Orgânica n.º 1/2026, de 18 de maio, que altera a Lei n.º 37/81, de 3 de outubro, que aprova a Lei da Nacionalidade"
315160,46,1731227,260,Admissão Proposta de Alteração,2026-07-02,
315160,111,1730967,441,Reapreciação do decreto,2026-07-03,"Reapreciação do Decreto da Assembleia da República n.º 49/XVII/1.ª - ""Altera o Código Penal, criando a pena acessória de perda da nacionalidade"""
315160,34,1731320,310,Votação na especialidade,2026-07-03,"Reapreciação do Decreto da Assembleia da República n.º 49/XVII/1.ª  - ""Altera o Código Penal, criando a pena acessória de perda da nacionalidade"""
315160,112,1731321,512,Confirmação do decreto,2026-07-03,"Decreto da Assembleia da República n.º 49/XVII/1.ª  - ""Altera o Código Penal, criando a pena acessória de perda da nacionalidade"""
315261,1,1628246,10,Entrada,2025-07-03,
315261,51,1630581,50,Publicação,2025-07-03,
315261,2,1628499,20,Admissão,2025-07-09,"Despacho PAR ""Proceder à audição dos órgãos de governo próprio das RRAA"""
315261,3,1628502,21,Anúncio,2025-07-09,
315261,144,1628679,22,Audição promovida pelo PAR para a ALRAA,2025-07-09,
315261,145,1628680,23,Audição promovida pelo PAR para a ALRAM,2025-07-09,
315261,146,1628681,24,Audição promovida pelo PAR para o Governo da RAA,2025-07-09,
315261,147,1628682,25,Audição promovida pelo PAR para o Governo da RAM,2025-07-09,
315261,9,1628501,180,Baixa comissão distribuição inicial generalidade,2025-07-09,
315261,149,1629177,173,Parecer da ALRAM,2025-07-17,
315261,150,1629218,174,Parecer do Governo da RAA,2025-07-22,
315261,148,1629250,172,Parecer da ALRAA,2025-07-23,
315261,151,1629545,175,Parecer do Governo da RAM,2025-08-11,
315261,10,1630232,190,Discussão generalidade,2025-09-18,
315261,13,1630546,250,Votação na generalidade,2025-09-19,
315261,14,1630674,270,Baixa comissão especialidade,2025-09-24,
315261,18,1631003,320,Votação final global,2025-09-30,"Texto Final, apresentado pela Comissão de Assuntos Constitucionais, Direitos, Liberdades e Garantias, relativo à Proposta de Lei n.º 7/XVII/1.ª (GOV)"
315261,81,1631004,341,Requerimento dispensa redação final,2025-09-30,"Requerimento oral, apresentado pelo PSD, solicitando a dispensa de redação final e do prazo para apresentação de reclamações contra inexatidões relativamente às Propostas de Lei n.º 8/XVII/1.ª (GOV) e n.º 7/XVII/1.ª (GOV)"
315261,135,1631005,345,Requerimento dispensa do prazo previsto Artº 157 RAR,2025-09-30,"Requerimento oral, apresentado pelo PSD, solicitando a dispensa de redação final e do prazo para apresentação de reclamações contra inexatidões relativamente às Propostas de Lei n.º 8/XVII/1.ª (GOV) e n.º 7/XVII/1.ª (GOV)"
315261,31,1631026,350,Decreto (Publicação),2025-10-03,
315261,23,1631029,370,Envio para promulgação,2025-10-03,
315261,24,1641513,380,Promulgação,2025-10-15,
315261,25,1641514,390,Referenda,2025-10-16,
315261,26,1641516,400,Envio INCM,2025-10-20,
315261,32,1641574,580,Lei (Publicação DR),2025-10-22,
315352,1,1628799,10,Entrada,2025-07-10,
315352,2,1629011,20,Admissão,2025-07-16,
315352,3,1629012,21,Anúncio,2025-07-16,
315352,9,1629013,180,Baixa comissão distribuição inicial generalidade,2025-07-16,
315352,10,1629055,190,Discussão generalidade,2025-07-16,
315352,13,1629131,250,Votação na generalidade,2025-07-16,
315352,34,1629132,310,Votação na especialidade,2025-07-16,
315352,18,1629133,320,Votação final global,2025-07-16,
315352,152,1629134,225,Requerimento,2025-07-16,"Requerimento oral, apresentado pelo PSD, solicitando a dispensa de redação final e do prazo para apresentação de reclamações contra inexatidões relativamente à Proposta de Lei n.º 10/XVII/1.ª (GOV)"
315352,31,1629070,350,Decreto (Publicação),2025-07-17,
315352,23,1629072,370,Envio para promulgação,2025-07-17,
315352,24,1629208,380,Promulgação,2025-07-17,
315352,25,1629209,390,Referenda,2025-07-21,
315352,26,1629210,400,Envio INCM,2025-07-22,
315352,32,1629241,580,Lei (Publicação DR),2025-07-22,
315757,1,1641726,10,Entrada,2025-10-28,
315757,2,1641863,20,Admissão,2025-10-31,
315757,9,1641864,180,Baixa comissão distribuição inicial generalidade,2025-10-31,
315757,3,1641940,21,Anúncio,2025-11-20,
315757,54,1641992,110,Processo de urgência,2025-11-25,
315757,10,1642434,190,Discussão generalidade,2025-12-12,
315757,13,1642532,250,Votação na generalidade,2025-12-12,
315757,34,1642533,310,Votação na especialidade,2025-12-12,
315757,18,1642534,320,Votação final global,2025-12-12,
315757,31,1642541,350,Decreto (Publicação),2025-12-12,
315757,23,1642542,370,Envio para promulgação,2025-12-12,
315757,24,1642667,380,Promulgação,2025-12-13,
315757,25,1642668,390,Referenda,2025-12-15,
315757,26,1642669,400,Envio INCM,2025-12-17,
315757,32,1642802,580,Lei (Publicação DR),2025-12-22,
315764,1,1641925,10,Entrada,2025-11-13,
315764,2,1641952,20,Admissão,2025-11-20,
315764,9,1641953,180,Baixa comissão distribuição inicial generalidade,2025-11-20,
315764,3,1641960,21,Anúncio,2025-11-21,
315764,54,1641990,110,Processo de urgência,2025-11-25,
315764,10,1642435,190,Discussão generalidade,2025-12-12,
315764,13,1642535,250,Votação na generalidade,2025-12-12,
315764,34,1642536,310,Votação na especialidade,2025-12-12,
315764,18,1642537,320,Votação final global,2025-12-12,
315764,31,1642543,350,Decreto (Publicação),2025-12-12,
315764,23,1642544,370,Envio para promulgação,2025-12-12,
315764,24,1642670,380,Promulgação,2025-12-13,
315764,25,1642671,390,Referenda,2025-12-15,
315764,26,1642672,400,Envio INCM,2025-12-17,
315764,32,1642888,580,Lei (Publicação DR),2025-12-23,
356751,1,1728984,10,Entrada,2026-05-12,
356751,3,1729261,21,Anúncio,2026-05-13,
356751,2,1729262,20,Admissão,2026-05-19,
356751,9,1729263,180,Baixa comissão distribuição inicial generalidade,2026-05-20,
356751,10,1730029,190,Discussão generalidade,2026-06-11,
356751,13,1730338,250,Votação na generalidade,2026-06-12,
356751,14,1730339,270,Baixa comissão especialidade,2026-06-12,
356751,15,1731748,280,Requerimento avocação plenário,2026-07-17,
356751,34,1731822,310,Votação na especialidade,2026-07-17,
356751,18,1731823,320,Votação final global,2026-07-17,
356751,81,1731824,341,Requerimento dispensa redação final,2026-07-17,O n.º 5 do artigo 156.º e o n.º 3 do artigo 157.º do Regimento da AR exigem a aprovação sem votos contra.
356751,133,1731984,348,Envio à Comissão para fixação da Redação final,2026-07-21,
356751,31,1752201,350,Decreto (Publicação),2026-07-24,
356751,23,1752200,370,Envio para promulgação,2026-07-30,
315357,1,1628804,10,Entrada,2025-07-10,
315357,2,1629020,20,Admissão,2025-07-16,
315357,3,1629021,21,Anúncio,2025-07-16,
315357,126,1629022,181,Baixa comissão para discussão,2025-07-16,
315357,64,1630775,243,Apreciação,2025-09-29,
315357,56,1630996,330,Votação global,2025-09-30,
315357,188,1641422,332,Envio INCM para preparação do autógrafo,2025-10-07,
315357,57,1631064,360,Resolução (Publicação DAR),2025-10-09,
315357,121,1641423,371,Envio para Ratificação / Assinatura,2025-10-09,
315357,26,1641413,400,Envio INCM,2025-10-16,
315357,44,1641649,600,Resolução da AR (Publicação DR),2025-10-27,
315874,1,1642617,10,Entrada,2025-12-16,
315874,2,1642622,20,Admissão,2025-12-17,
315874,126,1642623,181,Baixa comissão para discussão,2025-12-17,
315874,3,1642631,21,Anúncio,2025-12-17,
315874,64,1662983,243,Apreciação,2025-12-19,
315874,56,1642816,330,Votação global,2025-12-19,
315874,152,1642823,225,Requerimento,2025-12-19,"Requerimento oral, apresentado pelo PSD, solicitando a dispensa de redação final "
315874,57,1642778,360,Resolução (Publicação DAR),2025-12-19,
315874,121,1642779,371,Envio para Ratificação / Assinatura,2025-12-19,
315874,26,1642780,400,Envio INCM,2025-12-19,
315874,44,1642965,600,Resolução da AR (Publicação DR),2025-12-29,
345968,1,1683464,10,Entrada,2026-01-15,
345968,3,1683838,21,Anúncio,2026-01-21,
345968,2,1684001,20,Admissão,2026-01-27,Despacho do PAR: Proceder à Audição dos órgãos de governo próprio das RRAA.
345968,9,1684002,180,Baixa comissão distribuição inicial generalidade,2026-01-27,
345968,145,1684026,23,Audição promovida pelo PAR para a ALRAM,2026-01-28,
345968,147,1684027,25,Audição promovida pelo PAR para o Governo da RAM,2026-01-28,
345968,146,1684028,24,Audição promovida pelo PAR para o Governo da RAA,2026-01-28,
345968,151,1704356,175,Parecer do Governo da RAM,2026-02-09,
345968,150,1704520,174,Parecer do Governo da RAA,2026-02-12,
345968,149,1704649,173,Parecer da ALRAM,2026-02-16,
345968,10,1704528,190,Discussão generalidade,2026-02-18,
345968,13,1704833,250,Votação na generalidade,2026-02-18,
345968,14,1704834,270,Baixa comissão especialidade,2026-02-19,
356767,1,1729244,10,Entrada,2026-05-18,
356767,3,1729293,21,Anúncio,2026-05-20,
356767,2,1729294,20,Admissão,2026-05-20,
356767,9,1729295,180,Baixa comissão distribuição inicial generalidade,2026-05-20,
356767,10,1729735,190,Discussão generalidade,2026-06-02,
356767,13,1729976,250,Votação na generalidade,2026-06-03,
356767,14,1729977,270,Baixa comissão especialidade,2026-06-03,
356767,18,1731842,320,Votação final global,2026-07-17,
356767,133,1731799,348,Envio à Comissão para fixação da Redação final,2026-07-18,
356767,31,1742110,350,Decreto (Publicação),2026-07-27,
356767,23,1752222,370,Envio para promulgação,2026-07-31,
356767,32,1752513,580,Lei (Publicação DR),2026-08-19,
356520,1,1716945,10,Entrada,2026-04-06,
356520,2,1716997,20,Admissão,2026-04-08,
356520,46,1716993,260,Admissão Proposta de Alteração,2026-04-08,
356520,3,1716998,21,Anúncio,2026-04-08,
356520,10,1717007,190,Discussão generalidade,2026-04-08,
356520,13,1717027,250,Votação na generalidade,2026-04-08,
356520,34,1717028,310,Votação na especialidade,2026-04-08,
356520,18,1717029,320,Votação final global,2026-04-08,
356520,31,1717057,350,Decreto (Publicação),2026-04-09,
356520,23,1717058,370,Envio para promulgação,2026-04-09,
356520,24,1717289,380,Promulgação,2026-04-10,
356520,25,1717290,390,Referenda,2026-04-14,
356520,26,1717291,400,Envio INCM,2026-04-14,
356520,32,1717305,580,Lei (Publicação DR),2026-04-15,
356519,1,1716941,10,Entrada,2026-04-02,
356519,2,1717522,20,Admissão,2026-04-15,
356519,126,1717523,181,Baixa comissão para discussão,2026-04-15,
356519,3,1717524,21,Anúncio,2026-04-16,
356519,64,1718219,243,Apreciação,2026-04-30,Agendamento sem tempos
356519,56,1718239,330,Votação global,2026-04-30,
356519,57,1728571,360,Resolução (Publicação DAR),2026-05-07,
356519,26,1728572,400,Envio INCM,2026-05-07,
356519,121,1728573,371,Envio para Ratificação / Assinatura,2026-05-07,
356519,44,1729928,600,Resolução da AR (Publicação DR),2026-06-03,
356518,1,1716939,10,Entrada,2026-04-02,
356518,2,1717519,20,Admissão,2026-04-16,
356518,126,1717520,181,Baixa comissão para discussão,2026-04-16,
356518,3,1717521,21,Anúncio,2026-04-16,
356518,64,1718218,243,Apreciação,2026-04-30,Agendamento sem tempos
356518,56,1718238,330,Votação global,2026-04-30,
356518,57,1728568,360,Resolução (Publicação DAR),2026-05-07,
356518,26,1728569,400,Envio INCM,2026-05-07,
356518,121,1728570,371,Envio para Ratificação / Assinatura,2026-05-07,
356518,44,1730427,600,Resolução da AR (Publicação DR),2026-06-16,
315050,1,1627224,10,Entrada,2025-06-03,
315050,51,1642065,50,Publicação,2025-06-03,
315050,2,1627265,20,Admissão,2025-06-06,
315050,3,1627364,21,Anúncio,2025-06-17,
315050,126,1628090,181,Baixa comissão para discussão,2025-07-02,
315050,64,1628463,243,Apreciação,2025-07-09,
315050,13,1628889,250,Votação na generalidade,2025-07-11,
315050,14,1628890,270,Baixa comissão especialidade,2025-07-11,
315050,18,1641782,320,Votação final global,2025-10-28,"Texto Final, apresentado pela Comissão de Infraestruturas, Mobilidade e Habitação, relativo aos Projetos de Resolução n.º 12/XVII/1.ª (L), n.º 137/XVII/1.ª (PS) e n.º 141/XVII/1.ª (PAN)"
315050,133,1642036,348,Envio à Comissão para fixação da Redação final,2025-11-04,
315050,57,1642420,360,Resolução (Publicação DAR),2025-12-10,
315050,26,1642421,400,Envio INCM,2025-12-10,
315050,44,1642553,600,Resolução da AR (Publicação DR),2025-12-15,
315045,1,1627219,10,Entrada,2025-06-03,
315045,51,1642062,50,Publicação,2025-06-03,
315045,2,1627262,20,Admissão,2025-06-06,
315045,3,1627361,21,Anúncio,2025-06-17,
315045,126,1627911,181,Baixa comissão para discussão,2025-06-30,
315045,64,1630274,243,Apreciação,2025-09-19,
315045,13,1630868,250,Votação na generalidade,2025-09-26,
315045,14,1630869,270,Baixa comissão especialidade,2025-09-26,
315045,18,1663395,320,Votação final global,2026-01-09,"Texto Final, apresentado pela Comissão de Assuntos Constitucionais, Direitos, Liberdades e Garantias"
315045,133,1683433,348,Envio à Comissão para fixação da Redação final,2026-01-14,
315045,57,1683923,360,Resolução (Publicação DAR),2026-01-28,
315045,26,1683928,400,Envio INCM,2026-01-28,
315045,44,1694128,600,Resolução da AR (Publicação DR),2026-02-03,
315432,1,1629463,10,Entrada,2025-07-30,
315432,51,1728286,50,Publicação,2025-07-30,
315432,2,1629740,20,Admissão,2025-08-27,"Despacho do PAR: 
""Admitido, com a ressalva da eventual inconstitucionalidade identificada na respetiva nota de admissibilidade.""
""Promova-se a audição dos órgãos de governo próprio das regiões autónomas."""
315432,9,1629741,180,Baixa comissão distribuição inicial generalidade,2025-08-27,
315432,144,1629615,22,Audição promovida pelo PAR para a ALRAA,2025-08-27,
315432,147,1629616,25,Audição promovida pelo PAR para o Governo da RAM,2025-08-27,
315432,146,1629617,24,Audição promovida pelo PAR para o Governo da RAA,2025-08-27,
315432,150,1629881,174,Parecer do Governo da RAA,2025-09-10,
315432,3,1630142,21,Anúncio,2025-09-10,
315432,151,1630213,175,Parecer do Governo da RAM,2025-09-16,
315432,148,1630214,172,Parecer da ALRAA,2025-09-16,
356533,1,1716978,10,Entrada,2026-04-07,
356533,2,1717444,20,Admissão,2026-04-16,
356533,9,1717445,180,Baixa comissão distribuição inicial generalidade,2026-04-16,
356533,3,1717446,21,Anúncio,2026-04-16,
356533,145,1717542,23,Audição promovida pelo PAR para a ALRAM,2026-04-16,
356533,146,1717543,24,Audição promovida pelo PAR para o Governo da RAA,2026-04-16,
356533,147,1717544,25,Audição promovida pelo PAR para o Governo da RAM,2026-04-16,
356533,150,1728275,174,Parecer do Governo da RAA,2026-05-04,
356533,151,1729181,175,Parecer do Governo da RAM,2026-05-15,
356533,149,1729722,173,Parecer da ALRAM,2026-05-28,
356773,1,1729291,10,Entrada,2026-05-20,
356773,3,1729569,21,Anúncio,2026-05-20,
356773,2,1729565,20,Admissão,2026-05-26,"Despacho PAR ""Ressalvando os limites da norma travão. Proceder à audição dos órgãos de governo próprio das RA"""
356773,9,1729570,180,Baixa comissão distribuição inicial generalidade,2026-05-26,Com conexão à 9.ª comissão
356773,144,1729658,22,Audição promovida pelo PAR para a ALRAA,2026-05-27,
356773,146,1729659,24,Audição promovida pelo PAR para o Governo da RAA,2026-05-27,
356773,147,1729660,25,Audição promovida pelo PAR para o Governo da RAM,2026-05-27,
356773,150,1730152,174,Parecer do Governo da RAA,2026-06-11,
356773,151,1730247,175,Parecer do Governo da RAM,2026-06-11,
356773,148,1730494,172,Parecer da ALRAA,2026-06-16,
356796,1,1729396,10,Entrada,2026-05-22,
356796,3,1729577,21,Anúncio,2026-05-22,
356796,2,1729573,20,Admissão,2026-05-26,"Despacho PAR ""Proceder à audição dos órgãos de governo próprio das RA"""
356796,9,1729578,180,Baixa comissão distribuição inicial generalidade,2026-05-26,
356796,144,1729661,22,Audição promovida pelo PAR para a ALRAA,2026-05-27,
356796,146,1729662,24,Audição promovida pelo PAR para o Governo da RAA,2026-05-27,
356796,147,1729663,25,Audição promovida pelo PAR para o Governo da RAM,2026-05-27,
356796,150,1730022,174,Parecer do Governo da RAA,2026-06-05,
356796,151,1730246,175,Parecer do Governo da RAM,2026-06-11,
356796,148,1730495,172,Parecer da ALRAA,2026-06-16,
315102,1,1627386,10,Entrada,2025-06-17,
315102,51,1641834,50,Publicação,2025-06-17,
315102,2,1627445,20,Admissão,2025-06-18,
315102,3,1627621,21,Anúncio,2025-06-25,
315102,64,1628145,243,Apreciação,2025-07-03,
315102,13,1628405,250,Votação na generalidade,2025-07-04,
315102,14,1628406,270,Baixa comissão especialidade,2025-07-04,
315102,18,1641779,320,Votação final global,2025-10-28,"Texto Final, apresentado pela Comissão de Educação e Ciência, relativo aos Projetos de Resolução n.º 39/XVII/1.ª (CH), n.º 111/XVII/1.ª (PSD) e n.º 113/XVII/1.ª (CDS-PP)"
315102,133,1641883,348,Envio à Comissão para fixação da Redação final,2025-11-05,
315102,57,1642350,360,Resolução (Publicação DAR),2025-12-09,
315102,26,1642352,400,Envio INCM,2025-12-09,
315102,44,1642548,600,Resolução da AR (Publicação DR),2025-12-15,
356442,1,1716774,10,Entrada,2026-03-30,
356442,2,1717516,20,Admissão,2026-04-15,
356442,9,1717517,180,Baixa comissão distribuição inicial generalidade,2026-04-15,
356442,3,1717518,21,Anúncio,2026-04-16,
356442,10,1728589,190,Discussão generalidade,2026-05-15,
356442,122,1729023,237,Requerimento Baixa Comissão sem Votação (Generalidade),2026-05-15,
356442,12,1729182,240,Nova apreciação comissão generalidade,2026-05-15,
356442,35,1731582,648,Retirada da iniciativa,2026-07-09,
315142,1,1627483,10,Entrada,2025-06-20,
315142,51,1705081,50,Publicação,2025-06-20,
315142,2,1627648,20,Admissão,2025-06-25,
315142,64,1627595,243,Apreciação,2025-06-26,
315142,3,1627726,21,Anúncio,2025-06-26,
315142,13,1627881,250,Votação na generalidade,2025-06-27,
315142,14,1627882,270,Baixa comissão especialidade,2025-06-27,
315142,18,1642876,320,Votação final global,2025-12-19,
315142,133,1663203,348,Envio à Comissão para fixação da Redação final,2026-01-08,
315142,57,1683716,360,Resolução (Publicação DAR),2026-01-22,
315142,26,1683719,400,Envio INCM,2026-01-22,
315142,44,1683915,600,Resolução da AR (Publicação DR),2026-01-27,
315265,1,1628250,10,Entrada,2025-07-04,
315265,51,1716729,50,Publicação,2025-07-04,
315265,2,1628561,20,Admissão,2025-07-09,
315265,3,1628562,21,Anúncio,2025-07-09,
315265,64,1628849,243,Apreciação,2025-07-11,
315265,13,1628963,250,Votação na generalidade,2025-07-11,
315265,14,1628964,270,Baixa comissão especialidade,2025-07-11,
315265,18,1705460,320,Votação final global,2026-02-27,"Texto final, apresentado pela Comissão de Saúde, relativo ao Projeto de Resolução n.º 131/XVII/1.ª (CH)"
315265,133,1706001,348,Envio à Comissão para fixação da Redação final,2026-03-10,
315265,57,1706349,360,Resolução (Publicação DAR),2026-03-20,
315265,26,1706350,400,Envio INCM,2026-03-20,
315265,44,1716504,600,Resolução da AR (Publicação DR),2026-03-24,
315367,1,1628984,10,Entrada,2025-07-15,
315367,51,1705819,50,Publicação,2025-07-15,
315367,2,1629089,20,Admissão,2025-07-16,
315367,126,1629090,181,Baixa comissão para discussão,2025-07-16,
315367,3,1629148,21,Anúncio,2025-07-17,
315367,126,1630225,181,Baixa comissão para discussão,2025-09-17,
315367,13,1630910,250,Votação na generalidade,2025-09-26,
315367,14,1630911,270,Baixa comissão especialidade,2025-09-26,
315367,18,1641795,320,Votação final global,2025-10-28,"Texto Final, apresentado pela Comissão de Cultura, Comunicação, Juventude e Desporto, relativo ao Projeto de Resolução n.º 184/XVII/1.ª (PS)"
315367,133,1641904,348,Envio à Comissão para fixação da Redação final,2025-11-07,
315367,57,1642160,360,Resolução (Publicação DAR),2025-12-04,
315367,26,1642161,400,Envio INCM,2025-12-04,
315367,44,1642212,600,Resolução da AR (Publicação DR),2025-12-04,
315272,1,1628291,10,Entrada,2025-07-04,
315272,51,1716732,50,Publicação,2025-07-04,
315272,2,1628513,20,Admissão,2025-07-09,
315272,3,1628514,21,Anúncio,2025-07-09,
315272,64,1628469,243,Apreciação,2025-07-09,
315272,13,1628881,250,Votação na generalidade,2025-07-11,
315272,14,1628882,270,Baixa comissão especialidade,2025-07-11,
315272,18,1641540,320,Votação final global,2025-10-17,"Texto Final, apresentado pela Comissão de Agricultura e Pescas, relativo ao Projeto de Resolução n.º 134/XVII/1.ª (CH)"
315272,133,1641710,348,Envio à Comissão para fixação da Redação final,2025-10-28,
315272,57,1642339,360,Resolução (Publicação DAR),2025-12-09,
315272,26,1642340,400,Envio INCM,2025-12-09,
315272,44,1642474,600,Resolução da AR (Publicação DR),2025-12-11,
315032,1,1627197,10,Entrada,2025-06-03,
315032,2,1627206,20,Admissão,2025-06-03,
315032,3,1627213,21,Anúncio,2025-06-03,
315032,73,1627216,335,Votação Deliberação,2025-06-03,
315032,51,1642053,50,Publicação,2025-06-03,
315032,57,1627228,360,Resolução (Publicação DAR),2025-06-04,
315032,26,1627229,400,Envio INCM,2025-06-04,
315032,44,1627267,600,Resolução da AR (Publicação DR),2025-06-06,
315037,1,1627202,10,Entrada,2025-06-03,
315037,51,1642058,50,Publicação,2025-06-03,
315037,2,1627257,20,Admissão,2025-06-06,
315037,3,1627356,21,Anúncio,2025-06-17,
315037,126,1627813,181,Baixa comissão para discussão,2025-06-27,
315037,64,1628485,243,Apreciação,2025-07-11,
315037,13,1628945,250,Votação na generalidade,2025-07-11,
315081,1,1627287,10,Entrada,2025-06-12,
315081,2,1627302,20,Admissão,2025-06-12,
315081,51,1641809,50,Publicação,2025-06-12,
315081,3,1627376,21,Anúncio,2025-06-17,
315081,73,1627437,335,Votação Deliberação,2025-06-18,
315081,57,1627438,360,Resolução (Publicação DAR),2025-06-18,
315081,26,1627439,400,Envio INCM,2025-06-18,
315081,13,1628295,250,Votação na generalidade,2025-06-18,
315081,44,1627477,600,Resolução da AR (Publicação DR),2025-06-23,
315358,1,1628819,10,Entrada,2025-07-11,
315358,51,1630582,50,Publicação,2025-07-11,
315358,2,1629047,20,Admissão,2025-07-16,
315358,3,1629048,21,Anúncio,2025-07-16,
315358,126,1629049,181,Baixa comissão para discussão,2025-07-16,
315358,64,1683674,243,Apreciação,2026-01-30,
315358,13,1694092,250,Votação na generalidade,2026-01-30,
315358,14,1694094,270,Baixa comissão especialidade,2026-01-30,
315358,18,1730418,320,Votação final global,2026-06-12,
315358,133,1730613,348,Envio à Comissão para fixação da Redação final,2026-06-22,
315358,57,1731161,360,Resolução (Publicação DAR),2026-07-02,
315358,26,1731162,400,Envio INCM,2026-07-02,
315358,44,1731357,600,Resolução da AR (Publicação DR),2026-07-06,
315639,1,1630794,10,Entrada,2025-09-26,
315639,2,1630873,20,Admissão,2025-09-29,
315639,9,1630874,180,Baixa comissão distribuição inicial generalidade,2025-09-29,
315639,3,1630980,21,Anúncio,2025-09-30,
315049,1,1627223,10,Entrada,2025-06-03,
315049,51,1642064,50,Publicação,2025-06-03,
315049,2,1627264,20,Admissão,2025-06-06,
315049,3,1627363,21,Anúncio,2025-06-17,
315049,126,1627815,181,Baixa comissão para discussão,2025-06-27,
315049,64,1628836,243,Apreciação,2025-07-11,
315049,13,1628947,250,Votação na generalidade,2025-07-11,
315052,1,1627233,10,Entrada,2025-06-05,
315052,2,1627240,20,Admissão,2025-06-05,
315052,51,1641637,50,Publicação,2025-06-05,
315052,3,1627365,21,Anúncio,2025-06-17,
315052,73,1627434,335,Votação Deliberação,2025-06-18,
315052,57,1627435,360,Resolução (Publicação DAR),2025-06-18,
315052,26,1627436,400,Envio INCM,2025-06-18,
315052,44,1627501,600,Resolução da AR (Publicação DR),2025-06-24,
315388,1,1629196,10,Entrada,2025-07-21,
315388,51,1705935,50,Publicação,2025-07-21,
315388,2,1629280,20,Admissão,2025-07-23,
315388,126,1629281,181,Baixa comissão para discussão,2025-07-23,
315388,3,1630053,21,Anúncio,2025-09-10,
315388,73,1630912,335,Votação Deliberação,2025-09-26,
315388,133,1631076,348,Envio à Comissão para fixação da Redação final,2025-10-09,
315388,57,1642178,360,Resolução (Publicação DAR),2025-12-04,
315388,26,1642179,400,Envio INCM,2025-12-04,
315388,44,1642388,600,Resolução da AR (Publicação DR),2025-12-10,
315237,1,1627929,10,Entrada,2025-07-01,
315237,51,1683576,50,Publicação,2025-07-01,
315237,2,1628183,20,Admissão,2025-07-02,
315237,126,1628184,181,Baixa comissão para discussão,2025-07-02,
315237,3,1628275,21,Anúncio,2025-07-03,
315237,126,1628745,181,Baixa comissão para discussão,2025-07-09,
315474,1,1629575,10,Entrada,2025-08-20,
315474,51,1752253,50,Publicação,2025-08-20,
315474,2,1629691,20,Admissão,2025-08-27,
315474,126,1629692,181,Baixa comissão para discussão,2025-08-27,
315474,3,1630098,21,Anúncio,2025-09-10,
315474,73,1641533,335,Votação Deliberação,2025-10-17,
315474,13,1641968,250,Votação na generalidade,2025-10-17,
315474,133,1641709,348,Envio à Comissão para fixação da Redação final,2025-10-23,
315474,57,1642158,360,Resolução (Publicação DAR),2025-12-04,
315474,26,1642159,400,Envio INCM,2025-12-04,
315474,44,1642390,600,Resolução da AR (Publicação DR),2025-12-10,
315121,1,1627461,10,Entrada,2025-06-20,
315121,51,1705063,50,Publicação,2025-06-20,
315121,2,1627661,20,Admissão,2025-06-25,
315121,3,1627712,21,Anúncio,2025-06-26,
315121,126,1627828,181,Baixa comissão para discussão,2025-06-27,
315128,1,1627468,10,Entrada,2025-06-20,
315128,51,1705073,50,Publicação,2025-06-20,
315128,2,1627656,20,Admissão,2025-06-25,
315128,64,1627593,243,Apreciação,2025-06-26,
315128,3,1627718,21,Anúncio,2025-06-26,
315128,13,1627880,250,Votação na generalidade,2025-06-27,
357048,1,1731508,10,Entrada,2026-07-08,
357048,3,1752391,21,Anúncio,2026-07-16,
315214,1,1627865,10,Entrada,2025-06-27,
315214,51,1683569,50,Publicação,2025-06-27,
315214,2,1628065,20,Admissão,2025-07-01,
315214,3,1628066,21,Anúncio,2025-07-02,
315214,64,1628134,243,Apreciação,2025-07-03,
315214,13,1628388,250,Votação na generalidade,2025-07-04,
315214,14,1628390,270,Baixa comissão especialidade,2025-07-04,
315588,1,1630198,10,Entrada,2025-09-16,
315588,2,1630410,20,Admissão,2025-09-17,
315588,126,1630411,181,Baixa comissão para discussão,2025-09-17,
315588,3,1630453,21,Anúncio,2025-09-18,
315588,64,1641244,243,Apreciação,2025-10-16,
315588,13,1641450,250,Votação na generalidade,2025-10-16,
315588,14,1641451,270,Baixa comissão especialidade,2025-10-16,
315588,18,1663400,320,Votação final global,2026-01-09,"Texto Final relativo aos Projetos de Resolução n.º 291/XVII/1.ª (PS) e 351/XVII/1.ª (PSD), apresentado pela Comissão de Educação e Ciência "
315588,133,1683485,348,Envio à Comissão para fixação da Redação final,2026-01-16,
315588,26,1704274,400,Envio INCM,2026-02-04,
315588,57,1704273,360,Resolução (Publicação DAR),2026-02-05,
315588,44,1704327,600,Resolução da AR (Publicação DR),2026-02-06,
315138,1,1627479,10,Entrada,2025-06-20,
315138,51,1705077,50,Publicação,2025-06-20,
315138,2,1627650,20,Admissão,2025-06-25,
315138,3,1627722,21,Anúncio,2025-06-26,
315138,64,1627603,243,Apreciação,2025-06-27,
315138,13,1627889,250,Votação na generalidade,2025-06-27,
315592,1,1630202,10,Entrada,2025-09-16,
315592,2,1630491,20,Admissão,2025-09-18,
315592,126,1630492,181,Baixa comissão para discussão,2025-09-18,
315592,3,1630647,21,Anúncio,2025-09-19,
315592,64,1641245,243,Apreciação,2025-10-16,
315592,13,1641452,250,Votação na generalidade,2025-10-16,
315592,14,1641453,270,Baixa comissão especialidade,2025-10-16,
315592,18,1663405,320,Votação final global,2026-01-09,"Texto Final relativo aos Projetos de Resolução n.º 66/XVII/1.ª (CH), 350/XVII/1.ª (PSD), 237/XVII/1.ª (L), 295/XVII/1.ª (PS), 296/XVII/1.ª (PS) e 344/XVII/1.ª (BE), apresentado pela Comissão de Educação e Ciência"
315592,133,1683430,348,Envio à Comissão para fixação da Redação final,2026-01-14,
315592,26,1704288,400,Envio INCM,2026-02-04,
315592,57,1704287,360,Resolução (Publicação DAR),2026-02-05,
315592,44,1704323,600,Resolução da AR (Publicação DR),2026-02-06,
315153,1,1627511,10,Entrada,2025-06-24,
315153,51,1641845,50,Publicação,2025-06-24,
315153,2,1627680,20,Admissão,2025-06-25,
315153,3,1627735,21,Anúncio,2025-06-26,
315153,126,1627832,181,Baixa comissão para discussão,2025-06-27,
315242,1,1627934,10,Entrada,2025-07-01,
315242,51,1683581,50,Publicação,2025-07-01,
315242,2,1628193,20,Admissão,2025-07-02,
315242,126,1628194,181,Baixa comissão para discussão,2025-07-02,
315242,3,1628280,21,Anúncio,2025-07-03,
315242,73,1630913,335,Votação Deliberação,2025-09-26,
315242,13,1641870,250,Votação na generalidade,2025-09-26,
315139,1,1627480,10,Entrada,2025-06-20,
315139,51,1705078,50,Publicação,2025-06-20,
315139,2,1627663,20,Admissão,2025-06-25,
315139,3,1627723,21,Anúncio,2025-06-26,
315139,64,1627613,243,Apreciação,2025-06-27,
315139,13,1627903,250,Votação na generalidade,2025-06-27,
315152,1,1627508,10,Entrada,2025-06-24,
315152,51,1641844,50,Publicação,2025-06-24,
315152,2,1627677,20,Admissão,2025-06-25,
315152,3,1627734,21,Anúncio,2025-06-26,
315152,126,1628108,181,Baixa comissão para discussão,2025-07-02,
315175,1,1627767,10,Entrada,2025-06-27,
315175,51,1683542,50,Publicação,2025-06-27,
315175,2,1628011,20,Admissão,2025-07-01,
315175,3,1628012,21,Anúncio,2025-07-02,
315175,64,1628138,243,Apreciação,2025-07-03,
315175,13,1628395,250,Votação na generalidade,2025-07-04,
315183,1,1627777,10,Entrada,2025-06-27,
315183,51,1683549,50,Publicação,2025-06-27,
315183,2,1628025,20,Admissão,2025-07-01,
315183,3,1628026,21,Anúncio,2025-07-02,
315183,64,1628122,243,Apreciação,2025-07-03,
315183,13,1628372,250,Votação na generalidade,2025-07-04,
315254,1,1628198,10,Entrada,2025-07-02,
315254,51,1683593,50,Publicação,2025-07-02,
315254,2,1628549,20,Admissão,2025-07-09,
315254,3,1628550,21,Anúncio,2025-07-09,
315254,126,1628551,181,Baixa comissão para discussão,2025-07-09,
315254,126,1629164,181,Baixa comissão para discussão,2025-07-17,"Redistribuição da iniciativa à 10.ª Comissão, com despacho de 17-07-2025."
315273,1,1628292,10,Entrada,2025-07-04,
315273,51,1716733,50,Publicação,2025-07-04,
315273,2,1628570,20,Admissão,2025-07-09,
315273,3,1628571,21,Anúncio,2025-07-09,
315273,126,1628572,181,Baixa comissão para discussão,2025-07-09,
315273,126,1629459,181,Baixa comissão para discussão,2025-07-28,
315593,1,1630203,10,Entrada,2025-09-16,
315593,2,1630493,20,Admissão,2025-09-18,
315593,126,1630494,181,Baixa comissão para discussão,2025-09-18,
315593,3,1630648,21,Anúncio,2025-09-19,
315593,64,1641246,243,Apreciação,2025-10-16,
315593,13,1641454,250,Votação na generalidade,2025-10-16,
315593,14,1641455,270,Baixa comissão especialidade,2025-10-16,
315593,18,1663406,320,Votação final global,2026-01-09,"Texto Final relativo aos Projetos de Resolução n.º 66/XVII/1.ª (CH), 350/XVII/1.ª (PSD), 237/XVII/1.ª (L), 295/XVII/1.ª (PS), 296/XVII/1.ª (PS) e 344/XVII/1.ª (BE), apresentado pela Comissão de Educação e Ciência"
315593,133,1683431,348,Envio à Comissão para fixação da Redação final,2026-01-14,
315593,26,1704282,400,Envio INCM,2026-02-04,
315593,57,1704281,360,Resolução (Publicação DAR),2026-02-05,
315593,44,1704324,600,Resolução da AR (Publicação DR),2026-02-06,
315182,1,1627776,10,Entrada,2025-06-27,
315182,51,1683548,50,Publicação,2025-06-27,
315182,2,1628023,20,Admissão,2025-07-01,
315182,3,1628024,21,Anúncio,2025-07-02,
315182,64,1628128,243,Apreciação,2025-07-03,
315182,13,1628379,250,Votação na generalidade,2025-07-04,
315179,1,1627773,10,Entrada,2025-06-27,
315179,51,1683545,50,Publicação,2025-06-27,
315179,2,1628017,20,Admissão,2025-07-01,
315179,3,1628018,21,Anúncio,2025-07-02,
315179,64,1628147,243,Apreciação,2025-07-03,
315179,13,1628408,250,Votação na generalidade,2025-07-04,
315485,1,1629588,10,Entrada,2025-08-22,
315485,51,1752435,50,Publicação,2025-08-22,
315485,2,1629760,20,Admissão,2025-08-28,
315485,126,1629761,181,Baixa comissão para discussão,2025-08-28,
315485,126,1629793,181,Baixa comissão para discussão,2025-09-01,
315485,3,1630108,21,Anúncio,2025-09-10,
315485,64,1641357,243,Apreciação,2025-10-17,
315485,13,1641767,250,Votação na generalidade,2025-10-28,
315485,14,1641768,270,Baixa comissão especialidade,2025-10-28,
315248,1,1627975,10,Entrada,2025-07-02,
315248,51,1683590,50,Publicação,2025-07-02,
315248,2,1628534,20,Admissão,2025-07-09,
315248,3,1628535,21,Anúncio,2025-07-09,
315248,126,1628537,181,Baixa comissão para discussão,2025-07-09,
315248,13,1630616,250,Votação na generalidade,2025-09-19,
315204,1,1627848,10,Entrada,2025-06-27,
315204,51,1683563,50,Publicação,2025-06-27,
315204,2,1628053,20,Admissão,2025-07-01,
315204,3,1628054,21,Anúncio,2025-07-02,
315204,64,1628118,243,Apreciação,2025-07-03,
315204,13,1628363,250,Votação na generalidade,2025-07-04,
315255,1,1628199,10,Entrada,2025-07-02,
315255,51,1683594,50,Publicação,2025-07-02,
315255,2,1628553,20,Admissão,2025-07-09,
315255,3,1628554,21,Anúncio,2025-07-09,
315255,126,1628556,181,Baixa comissão para discussão,2025-07-09,
315255,73,1729186,335,Votação Deliberação,2026-05-15,
315185,1,1627779,10,Entrada,2025-06-27,
315185,51,1683551,50,Publicação,2025-06-27,
315185,2,1628029,20,Admissão,2025-07-01,
315185,3,1628030,21,Anúncio,2025-07-02,
315185,64,1628115,243,Apreciação,2025-07-03,
315185,13,1628357,250,Votação na generalidade,2025-07-04,
315285,1,1628305,10,Entrada,2025-07-04,
315285,51,1705818,50,Publicação,2025-07-04,
315285,2,1628592,20,Admissão,2025-07-09,
315285,3,1628593,21,Anúncio,2025-07-09,
315285,64,1629001,243,Apreciação,2025-07-16,
315285,13,1629104,250,Votação na generalidade,2025-07-16,
315285,14,1629105,270,Baixa comissão especialidade,2025-07-16,
315258,1,1628239,10,Entrada,2025-07-03,
315258,51,1683746,50,Publicação,2025-07-03,
315258,3,1628510,21,Anúncio,2025-07-09,
315258,3,1628511,21,Anúncio,2025-07-09,
315258,64,1628468,243,Apreciação,2025-07-09,
315258,13,1628880,250,Votação na generalidade,2025-07-11,
315276,1,1628296,10,Entrada,2025-07-04,
315276,51,1716736,50,Publicação,2025-07-04,
315276,2,1628525,20,Admissão,2025-07-09,
315276,3,1628526,21,Anúncio,2025-07-09,
315276,64,1628477,243,Apreciação,2025-07-09,
315276,13,1628896,250,Votação na generalidade,2025-07-11,
315460,1,1629555,10,Entrada,2025-08-13,
315460,51,1731554,50,Publicação,2025-08-13,
315460,2,1629672,20,Admissão,2025-08-27,
315460,126,1629673,181,Baixa comissão para discussão,2025-08-27,
315460,3,1630089,21,Anúncio,2025-09-10,
315287,1,1628307,10,Entrada,2025-07-04,
315287,51,1716743,50,Publicação,2025-07-04,
315287,2,1628596,20,Admissão,2025-07-09,
315287,3,1628597,21,Anúncio,2025-07-09,
315287,64,1628850,243,Apreciação,2025-07-11,
315287,13,1628965,250,Votação na generalidade,2025-07-11,
315283,1,1628303,10,Entrada,2025-07-04,
315283,51,1716740,50,Publicação,2025-07-04,
315283,2,1628588,20,Admissão,2025-07-09,
315283,3,1628589,21,Anúncio,2025-07-09,
315283,64,1628996,243,Apreciação,2025-07-16,
315283,13,1629100,250,Votação na generalidade,2025-07-16,
315526,1,1629859,10,Entrada,2025-09-08,
315526,2,1629926,20,Admissão,2025-09-09,
315526,126,1629927,181,Baixa comissão para discussão,2025-09-09,
315526,3,1630128,21,Anúncio,2025-09-10,
315526,73,1630927,335,Votação Deliberação,2025-09-26,
315526,133,1631085,348,Envio à Comissão para fixação da Redação final,2025-10-03,
315526,57,1642156,360,Resolução (Publicação DAR),2025-12-04,
315526,26,1642157,400,Envio INCM,2025-12-04,
315526,44,1642387,600,Resolução da AR (Publicação DR),2025-12-10,
315303,1,1628322,10,Entrada,2025-07-04,
315303,51,1716750,50,Publicação,2025-07-04,
315303,2,1628604,20,Admissão,2025-07-09,
315303,3,1628605,21,Anúncio,2025-07-09,
315303,64,1628997,243,Apreciação,2025-07-16,
315303,13,1629101,250,Votação na generalidade,2025-07-16,
315672,1,1631072,10,Entrada,2025-10-09,
315672,2,1641278,20,Admissão,2025-10-14,
315672,3,1641388,21,Anúncio,2025-10-15,
315672,64,1641358,243,Apreciação,2025-10-17,
315672,13,1641769,250,Votação na generalidade,2025-10-28,
315672,14,1641770,270,Baixa comissão especialidade,2025-10-28,
315672,18,1730874,320,Votação final global,2026-06-25,
315672,133,1731406,348,Envio à Comissão para fixação da Redação final,2026-07-07,
315672,57,1731724,360,Resolução (Publicação DAR),2026-07-16,
315672,26,1731725,400,Envio INCM,2026-07-16,
315672,44,1731897,600,Resolução da AR (Publicação DR),2026-07-21,
315420,1,1629414,10,Entrada,2025-07-25,
315420,51,1718025,50,Publicação,2025-07-25,
315420,2,1629632,20,Admissão,2025-08-27,
315420,126,1629633,181,Baixa comissão para discussão,2025-08-27,
315420,3,1630070,21,Anúncio,2025-09-10,
315420,73,1730866,335,Votação Deliberação,2026-06-25,
315420,196,1752543,315,Votação final,2026-06-25,
315701,1,1631155,10,Entrada,2025-10-10,
315701,2,1641622,20,Admissão,2025-10-22,
315701,3,1641692,21,Anúncio,2025-10-27,
315701,64,1642307,243,Apreciação,2025-12-04,
315701,13,1642256,250,Votação na generalidade,2025-12-05,
315701,14,1642257,270,Baixa comissão especialidade,2025-12-05,
315701,18,1642883,320,Votação final global,2025-12-19,
315701,133,1642905,348,Envio à Comissão para fixação da Redação final,2025-12-23,
315701,57,1663280,360,Resolução (Publicação DAR),2026-01-08,
315701,26,1663281,400,Envio INCM,2026-01-08,
315701,44,1663319,600,Resolução da AR (Publicação DR),2026-01-12,
315314,1,1628334,10,Entrada,2025-07-04,
315314,51,1716756,50,Publicação,2025-07-04,
315314,2,1628617,20,Admissão,2025-07-09,
315314,3,1628618,21,Anúncio,2025-07-09,
315314,64,1628998,243,Apreciação,2025-07-16,
315314,13,1629102,250,Votação na generalidade,2025-07-16,
315320,1,1628341,10,Entrada,2025-07-04,
315320,51,1716759,50,Publicação,2025-07-04,
315320,2,1628621,20,Admissão,2025-07-09,
315320,3,1628622,21,Anúncio,2025-07-09,
315320,64,1628785,243,Apreciação,2025-07-10,
315320,13,1628934,250,Votação na generalidade,2025-07-11,
315316,1,1628336,10,Entrada,2025-07-04,
315316,51,1716757,50,Publicação,2025-07-04,
315316,2,1628532,20,Admissão,2025-07-09,
315316,3,1628533,21,Anúncio,2025-07-09,
315316,64,1628480,243,Apreciação,2025-07-09,
315316,13,1628901,250,Votação na generalidade,2025-07-11,
315330,1,1628354,10,Entrada,2025-07-04,
315330,51,1716764,50,Publicação,2025-07-04,
315330,2,1628627,20,Admissão,2025-07-09,
315330,3,1628628,21,Anúncio,2025-07-09,
315330,64,1628999,243,Apreciação,2025-07-16,
315330,13,1629103,250,Votação na generalidade,2025-07-16,
315414,1,1629342,10,Entrada,2025-07-24,
315414,51,1717995,50,Publicação,2025-07-24,
315414,2,1629398,20,Admissão,2025-07-25,
315414,126,1629399,181,Baixa comissão para discussão,2025-07-25,
315414,3,1630067,21,Anúncio,2025-09-10,
315414,64,1641265,243,Apreciação,2025-10-17,
315414,13,1641750,250,Votação na generalidade,2025-10-28,
315782,1,1642003,10,Entrada,2025-11-27,
315782,2,1642112,20,Admissão,2025-12-03,
315782,126,1642113,181,Baixa comissão para discussão,2025-12-03,
315782,3,1642114,21,Anúncio,2025-12-04,
315782,13,1642848,250,Votação na generalidade,2025-12-19,
315782,14,1642849,270,Baixa comissão especialidade,2025-12-19,
315782,18,1663392,320,Votação final global,2026-01-09,"Texto final relativo aos Projetos de Resolução n.º 368/XVII/1.ª (PSD), 373/XVII/1.ª (CH), 398/XVII/1.ª (PS) e 415/XVII/1.ª (PCP) , apresentado pela Comissão de Cultura, Comunicação, Juventude e Desporto "
315782,133,1683461,348,Envio à Comissão para fixação da Redação final,2026-01-15,
315782,57,1706172,360,Resolução (Publicação DAR),2026-03-19,
315782,26,1706181,400,Envio INCM,2026-03-19,
315782,44,1716498,600,Resolução da AR (Publicação DR),2026-03-24,
315720,1,1631174,10,Entrada,2025-10-10,
315720,2,1641287,20,Admissão,2025-10-14,
315720,3,1641401,21,Anúncio,2025-10-15,
315720,64,1641258,243,Apreciação,2025-10-16,
315720,13,1641467,250,Votação na generalidade,2025-10-16,
315720,14,1641468,270,Baixa comissão especialidade,2025-10-16,
315720,18,1663403,320,Votação final global,2026-01-09,"Texto Final relativo aos Projetos de Resolução n.º 66/XVII/1.ª (CH), 350/XVII/1.ª (PSD), 237/XVII/1.ª (L), 295/XVII/1.ª (PS), 296/XVII/1.ª (PS) e 344/XVII/1.ª (BE), apresentado pela Comissão de Educação e Ciência"
315720,133,1683428,348,Envio à Comissão para fixação da Redação final,2026-01-14,
315720,26,1704286,400,Envio INCM,2026-02-04,
315720,57,1704285,360,Resolução (Publicação DAR),2026-02-05,
315720,44,1704326,600,Resolução da AR (Publicação DR),2026-02-06,
315601,1,1630211,10,Entrada,2025-09-16,
315601,2,1630416,20,Admissão,2025-09-17,
315601,126,1630417,181,Baixa comissão para discussão,2025-09-17,
315601,3,1630456,21,Anúncio,2025-09-18,
315601,73,1642561,335,Votação Deliberação,2025-12-12,
315601,133,1642575,348,Envio à Comissão para fixação da Redação final,2025-12-16,
315601,57,1663278,360,Resolução (Publicação DAR),2026-01-08,
315601,26,1663279,400,Envio INCM,2026-01-08,
315601,44,1663315,600,Resolução da AR (Publicação DR),2026-01-12,
315412,1,1629339,10,Entrada,2025-07-24,
315412,51,1717993,50,Publicação,2025-07-24,
315412,2,1629394,20,Admissão,2025-07-25,
315412,126,1629395,181,Baixa comissão para discussão,2025-07-25,
315412,3,1630065,21,Anúncio,2025-09-10,
315412,13,1630617,250,Votação na generalidade,2025-09-19,
315335,1,1628371,10,Entrada,2025-07-04,
315335,51,1716768,50,Publicação,2025-07-04,
315335,2,1628637,20,Admissão,2025-07-09,
315335,3,1628638,21,Anúncio,2025-07-09,
315335,64,1628843,243,Apreciação,2025-07-11,
315335,13,1628956,250,Votação na generalidade,2025-07-11,
315389,1,1629203,10,Entrada,2025-07-22,
315389,51,1717998,50,Publicação,2025-07-22,
315389,2,1629282,20,Admissão,2025-07-23,
315389,126,1629283,181,Baixa comissão para discussão,2025-07-23,
315389,3,1630054,21,Anúncio,2025-09-10,
315389,73,1729187,335,Votação Deliberação,2026-05-15,
315753,1,1641650,10,Entrada,2025-10-25,
315753,2,1641700,20,Admissão,2025-10-28,
315753,126,1641701,181,Baixa comissão para discussão,2025-10-28,
315753,3,1641731,21,Anúncio,2025-10-28,
315753,126,1642506,181,Baixa comissão para discussão,2025-12-12,
315753,73,1683832,335,Votação Deliberação,2026-01-23,
315753,133,1683909,348,Envio à Comissão para fixação da Redação final,2026-01-26,
315753,57,1704314,360,Resolução (Publicação DAR),2026-02-05,
315753,26,1704315,400,Envio INCM,2026-02-05,
315753,44,1704341,600,Resolução da AR (Publicação DR),2026-02-09,
315339,1,1628396,10,Entrada,2025-07-07,
315339,51,1705812,50,Publicação,2025-07-07,
315339,2,1628753,20,Admissão,2025-07-09,
315339,126,1628754,181,Baixa comissão para discussão,2025-07-09,
315339,3,1628812,21,Anúncio,2025-07-10,
315444,1,1629523,10,Entrada,2025-08-04,
315444,51,1728298,50,Publicação,2025-08-04,
315444,2,1629650,20,Admissão,2025-08-27,
315444,126,1629651,181,Baixa comissão para discussão,2025-08-27,
315444,3,1630079,21,Anúncio,2025-09-10,
315444,73,1718255,335,Votação Deliberação,2026-04-30,
315451,1,1629538,10,Entrada,2025-08-07,
315451,51,1730499,50,Publicação,2025-08-07,
315451,2,1629657,20,Admissão,2025-08-27,
315451,126,1629658,181,Baixa comissão para discussão,2025-08-27,
315451,3,1630082,21,Anúncio,2025-09-10,
315451,64,1630423,243,Apreciação,2025-09-24,
315451,13,1630837,250,Votação na generalidade,2025-09-26,
315644,1,1630820,10,Entrada,2025-09-26,
315644,2,1630886,20,Admissão,2025-09-29,
315644,3,1630973,21,Anúncio,2025-09-30,
315644,126,1728272,181,Baixa comissão para discussão,2026-04-30,
315644,13,1728832,250,Votação na generalidade,2026-05-08,
315644,133,1728983,348,Envio à Comissão para fixação da Redação final,2026-05-13,
315644,57,1729664,360,Resolução (Publicação DAR),2026-05-27,
315644,26,1729665,400,Envio INCM,2026-05-27,
315644,44,1729778,600,Resolução da AR (Publicação DR),2026-06-01,
315373,1,1629092,10,Entrada,2025-07-17,
315373,2,1629154,20,Admissão,2025-07-17,
315373,126,1629155,181,Baixa comissão para discussão,2025-07-17,
315373,3,1629167,21,Anúncio,2025-07-17,
315373,51,1716623,50,Publicação,2025-07-17,
315380,1,1629181,10,Entrada,2025-07-18,
315380,2,1629271,20,Admissão,2025-07-23,
315380,126,1629272,181,Baixa comissão para discussão,2025-07-23,
315380,3,1630050,21,Anúncio,2025-09-10,
315380,73,1630915,335,Votação Deliberação,2025-09-26,
315785,1,1642020,10,Entrada,2025-11-27,
315785,2,1642123,20,Admissão,2025-12-03,
315785,3,1642124,21,Anúncio,2025-12-04,
315785,64,1642303,243,Apreciação,2025-12-04,
315785,13,1642250,250,Votação na generalidade,2025-12-05,
315785,14,1642252,270,Baixa comissão especialidade,2025-12-05,
315785,18,1642885,320,Votação final global,2025-12-19,
315785,133,1663293,348,Envio à Comissão para fixação da Redação final,2026-01-09,
315785,57,1683705,360,Resolução (Publicação DAR),2026-01-22,
315785,26,1683707,400,Envio INCM,2026-01-22,
315785,44,1683905,600,Resolução da AR (Publicação DR),2026-01-26,
315394,1,1629245,10,Entrada,2025-07-23,
315394,51,1728442,50,Publicação,2025-07-23,
315394,2,1629378,20,Admissão,2025-07-25,
315394,126,1629379,181,Baixa comissão para discussão,2025-07-25,
315394,3,1630057,21,Anúncio,2025-09-10,
315397,1,1629309,10,Entrada,2025-07-23,
315397,51,1728444,50,Publicação,2025-07-23,
315397,2,1629382,20,Admissão,2025-07-25,
315397,126,1629383,181,Baixa comissão para discussão,2025-07-25,
315397,3,1630059,21,Anúncio,2025-09-10,
315751,1,1641633,10,Entrada,2025-10-23,
315751,2,1641654,20,Admissão,2025-10-27,
315751,126,1641655,181,Baixa comissão para discussão,2025-10-27,
315751,3,1641691,21,Anúncio,2025-10-27,
315751,73,1642866,335,Votação Deliberação,2025-12-19,
315751,133,1642902,348,Envio à Comissão para fixação da Redação final,2025-12-23,
315751,57,1663276,360,Resolução (Publicação DAR),2026-01-08,
315751,26,1663277,400,Envio INCM,2026-01-08,
315751,44,1663320,600,Resolução da AR (Publicação DR),2026-01-12,
315523,1,1629856,10,Entrada,2025-09-08,
315523,2,1629922,20,Admissão,2025-09-09,
315523,126,1629923,181,Baixa comissão para discussão,2025-09-09,
315523,3,1630126,21,Anúncio,2025-09-10,
315523,152,1630788,225,Requerimento,2025-09-25,
315523,73,1630926,335,Votação Deliberação,2025-09-26,Votação por pontos requerida pela IL
315528,1,1629861,10,Entrada,2025-09-08,
315528,2,1629930,20,Admissão,2025-09-09,
315528,126,1629931,181,Baixa comissão para discussão,2025-09-09,
315528,3,1630130,21,Anúncio,2025-09-10,
315528,9,1630502,180,Baixa comissão distribuição inicial generalidade,2025-09-19,
315837,1,1642233,10,Entrada,2025-12-05,
315837,2,1642408,20,Admissão,2025-12-10,
315837,3,1642466,21,Anúncio,2025-12-10,
315837,64,1663016,243,Apreciação,2025-12-19,
315837,13,1642844,250,Votação na generalidade,2025-12-19,
315837,14,1642845,270,Baixa comissão especialidade,2025-12-19,
315837,18,1694076,320,Votação final global,2026-01-30,
315837,133,1694160,348,Envio à Comissão para fixação da Redação final,2026-02-04,
315837,57,1704493,360,Resolução (Publicação DAR),2026-02-12,
315837,26,1704497,400,Envio INCM,2026-02-12,
315837,44,1705469,600,Resolução da AR (Publicação DR),2026-03-04,
315662,1,1631025,10,Entrada,2025-10-03,
315662,2,1631060,20,Admissão,2025-10-08,
315662,126,1631061,181,Baixa comissão para discussão,2025-10-08,
315662,3,1641335,21,Anúncio,2025-10-15,
315662,73,1641481,335,Votação Deliberação,2025-10-17,
315662,57,1641495,360,Resolução (Publicação DAR),2025-10-20,
315662,26,1641496,400,Envio INCM,2025-10-20,
315662,44,1641583,600,Resolução da AR (Publicação DR),2025-10-22,
315541,1,1629877,10,Entrada,2025-09-09,
315541,2,1629954,20,Admissão,2025-09-09,
315541,3,1629955,21,Anúncio,2025-09-10,
315541,73,1630092,335,Votação Deliberação,2025-09-10,
315541,57,1629987,360,Resolução (Publicação DAR),2025-09-10,
315541,26,1629988,400,Envio INCM,2025-09-10,
315541,44,1630150,600,Resolução da AR (Publicação DR),2025-09-12,
315661,1,1631024,10,Entrada,2025-10-03,
315661,2,1631058,20,Admissão,2025-10-08,
315661,126,1631059,181,Baixa comissão para discussão,2025-10-08,
315661,3,1641334,21,Anúncio,2025-10-15,
315661,73,1641480,335,Votação Deliberação,2025-10-17,
315661,57,1641493,360,Resolução (Publicação DAR),2025-10-20,
315661,26,1641494,400,Envio INCM,2025-10-20,
315661,44,1641582,600,Resolução da AR (Publicação DR),2025-10-22,
315466,1,1629565,10,Entrada,2025-08-18,
315466,51,1752248,50,Publicação,2025-08-18,
315466,2,1629680,20,Admissão,2025-08-27,
315466,126,1629681,181,Baixa comissão para discussão,2025-08-27,
315466,3,1630093,21,Anúncio,2025-09-10,
315529,1,1629862,10,Entrada,2025-09-08,
315529,2,1629932,20,Admissão,2025-09-09,
315529,126,1629933,181,Baixa comissão para discussão,2025-09-09,
315529,3,1630131,21,Anúncio,2025-09-10,
315529,64,1705654,243,Apreciação,2026-03-13,
315529,13,1705996,250,Votação na generalidade,2026-03-13,
315472,1,1629573,10,Entrada,2025-08-20,
315472,51,1752251,50,Publicação,2025-08-20,
315472,2,1629687,20,Admissão,2025-08-27,
315472,126,1629688,181,Baixa comissão para discussão,2025-08-27,
315472,3,1630096,21,Anúncio,2025-09-10,
315479,1,1629580,10,Entrada,2025-08-20,
315479,51,1752258,50,Publicação,2025-08-20,
315479,2,1629704,20,Admissão,2025-08-27,
315479,126,1629705,181,Baixa comissão para discussão,2025-08-27,
315479,3,1630103,21,Anúncio,2025-09-10,
315484,1,1629587,10,Entrada,2025-08-22,
315484,51,1752434,50,Publicação,2025-08-22,
315484,2,1629758,20,Admissão,2025-08-28,
315484,126,1629759,181,Baixa comissão para discussão,2025-08-28,
315484,3,1630107,21,Anúncio,2025-09-10,
315481,1,1629584,10,Entrada,2025-08-22,
315481,51,1752431,50,Publicação,2025-08-22,
315481,2,1629752,20,Admissão,2025-08-28,
315481,126,1629753,181,Baixa comissão para discussão,2025-08-28,
315481,3,1630104,21,Anúncio,2025-09-10,
315493,1,1629596,10,Entrada,2025-08-26,
315493,2,1629770,20,Admissão,2025-08-28,
315493,126,1629771,181,Baixa comissão para discussão,2025-08-28,
315493,3,1630113,21,Anúncio,2025-09-10,
315590,1,1630200,10,Entrada,2025-09-16,
315590,2,1630487,20,Admissão,2025-09-18,
315590,126,1630489,181,Baixa comissão para discussão,2025-09-18,
315590,3,1630645,21,Anúncio,2025-09-19,
315590,64,1641242,243,Apreciação,2025-10-16,
315590,13,1641447,250,Votação na generalidade,2025-10-16,
315824,1,1642220,10,Entrada,2025-12-04,
315824,2,1642341,20,Admissão,2025-12-09,
315824,3,1642453,21,Anúncio,2025-12-10,
315824,64,1663003,243,Apreciação,2025-12-19,
315824,13,1642810,250,Votação na generalidade,2025-12-19,
315824,14,1642811,270,Baixa comissão especialidade,2025-12-19,
315824,18,1704635,320,Votação final global,2026-02-13,
315824,57,1705277,360,Resolução (Publicação DAR),2026-02-26,
315824,26,1705285,400,Envio INCM,2026-02-26,
315824,44,1705346,600,Resolução da AR (Publicação DR),2026-03-02,
315530,1,1629863,10,Entrada,2025-09-08,
315530,2,1629934,20,Admissão,2025-09-09,
315530,126,1629935,181,Baixa comissão para discussão,2025-09-09,
315530,3,1630132,21,Anúncio,2025-09-10,
315530,73,1641775,335,Votação Deliberação,2025-10-28,
335957,1,1663299,10,Entrada,2026-01-09,
335957,2,1683451,20,Admissão,2026-01-14,
335957,126,1683452,181,Baixa comissão para discussão,2026-01-14,
335957,3,1683885,21,Anúncio,2026-01-21,
335957,64,1717182,243,Apreciação,2026-04-16,
335957,13,1717614,250,Votação na generalidade,2026-04-17,
335957,14,1717615,270,Baixa comissão especialidade,2026-04-17,
335957,18,1718109,320,Votação final global,2026-04-24,"Texto Final, relativo ao Projeto de Resolução n.º 483/XVII/1. ª (PSD), Projeto de Resolução n.º 767/XVII/1. ª (CH), Projeto de Resolução n.º 768/XVII/1. ª (IL), Projeto de Resolução n.º 772/XVII/1. ª (CDS-PP), Projeto de Resolução n.º 790/XVII/1. ª (PAN), Projeto de Resolução n.º 804/XVII/1. ª (L) Projeto de Resolução n.º 807/XVII/1. ª (PS) e ao Projeto de Resolução n.º 808/XVII/1. ª (PS)"
335957,133,1728462,348,Envio à Comissão para fixação da Redação final,2026-05-06,
335957,57,1729223,360,Resolução (Publicação DAR),2026-05-18,
335957,26,1729224,400,Envio INCM,2026-05-18,
335957,44,1729279,600,Resolução da AR (Publicação DR),2026-05-20,
315834,1,1642230,10,Entrada,2025-12-05,
315834,2,1642348,20,Admissão,2025-12-09,
315834,3,1642469,21,Anúncio,2025-12-10,
315834,64,1663005,243,Apreciação,2025-12-19,
315834,13,1642819,250,Votação na generalidade,2025-12-19,
315834,14,1642820,270,Baixa comissão especialidade,2025-12-19,
315834,18,1704637,320,Votação final global,2026-02-13,
315834,57,1705279,360,Resolução (Publicação DAR),2026-02-26,
315834,26,1705287,400,Envio INCM,2026-02-26,
315834,44,1705348,600,Resolução da AR (Publicação DR),2026-03-02,
315623,1,1630515,10,Entrada,2025-09-19,
315623,2,1630699,20,Admissão,2025-09-23,
315623,3,1630761,21,Anúncio,2025-09-24,
315623,64,1630659,243,Apreciação,2025-09-25,
315623,13,1630815,250,Votação na generalidade,2025-09-25,
315623,14,1630816,270,Baixa comissão especialidade,2025-09-25,
315558,1,1630166,10,Entrada,2025-09-12,
315558,2,1630298,20,Admissão,2025-09-17,
315558,3,1630383,21,Anúncio,2025-09-17,
315558,126,1706391,181,Baixa comissão para discussão,2026-03-20,
315558,73,1717249,335,Votação Deliberação,2026-04-10,
315542,1,1629996,10,Entrada,2025-09-11,
315542,2,1630291,20,Admissão,2025-09-17,
315542,126,1630292,181,Baixa comissão para discussão,2025-09-17,
315542,3,1630384,21,Anúncio,2025-09-17,
315542,73,1641776,335,Votação Deliberação,2025-10-28,
315511,1,1629797,10,Entrada,2025-09-02,
315511,2,1629912,20,Admissão,2025-09-09,
315511,126,1629913,181,Baixa comissão para discussão,2025-09-09,
315511,3,1630120,21,Anúncio,2025-09-10,
346006,1,1683512,10,Entrada,2026-01-16,
346006,3,1683724,21,Anúncio,2026-01-21,
346006,2,1683655,20,Admissão,2026-01-22,
346006,64,1683645,243,Apreciação,2026-01-23,
346006,13,1683830,250,Votação na generalidade,2026-01-23,
346006,14,1683831,270,Baixa comissão especialidade,2026-01-23,
346006,18,1704639,320,Votação final global,2026-02-13,
346006,133,1716632,348,Envio à Comissão para fixação da Redação final,2026-02-23,
346006,57,1716839,360,Resolução (Publicação DAR),2026-03-31,
346006,26,1716841,400,Envio INCM,2026-03-31,
346006,44,1716982,600,Resolução da AR (Publicação DR),2026-04-08,
315687,1,1631141,10,Entrada,2025-10-10,
315687,2,1641308,20,Admissão,2025-10-15,
315687,3,1641395,21,Anúncio,2025-10-15,
315687,64,1642313,243,Apreciação,2025-12-04,
315687,13,1642281,250,Votação na generalidade,2025-12-05,
315673,1,1631073,10,Entrada,2025-10-09,
315673,2,1641279,20,Admissão,2025-10-14,
315673,3,1641389,21,Anúncio,2025-10-15,
315673,64,1642305,243,Apreciação,2025-12-04,
315673,13,1642286,250,Votação na generalidade,2025-12-05,
315719,1,1631173,10,Entrada,2025-10-10,
315719,2,1641625,20,Admissão,2025-10-22,
315719,3,1641685,21,Anúncio,2025-10-27,
315719,64,1642310,243,Apreciação,2025-12-04,
315719,13,1642278,250,Votação na generalidade,2025-12-05,
315664,1,1631033,10,Entrada,2025-10-06,
315664,2,1641530,20,Admissão,2025-10-08,
315664,126,1641531,181,Baixa comissão para discussão,2025-10-08,
315664,3,1641683,21,Anúncio,2025-10-27,
315683,1,1631137,10,Entrada,2025-10-10,
315683,2,1641286,20,Admissão,2025-10-14,
315683,3,1641393,21,Anúncio,2025-10-15,
315683,64,1641257,243,Apreciação,2025-10-16,
315683,13,1641466,250,Votação na generalidade,2025-10-16,
315800,1,1642039,10,Entrada,2025-11-28,
315800,2,1642139,20,Admissão,2025-12-03,
315800,3,1642140,21,Anúncio,2025-12-04,
315800,41,1717275,150,Recurso da decisão do PAR,2025-12-10,"Recurso para Plenário do despacho emitido pelo Presidente da Assembleia da República, no sentido de não admitir a debate o Projeto de Resolução n.º 384/XVII/1.ª, na sequência da não aceitação do arrastamento, por parte do PSD, por falta de conexão material com o Projeto de Lei n.º 125/XVII/1.ª (PSD)"
315800,42,1717276,160,Votação do recurso da decisão do PAR,2025-12-10,
315800,126,1729011,181,Baixa comissão para discussão,2026-05-14,
315850,1,1642329,10,Entrada,2025-12-09,
315850,2,1642490,20,Admissão,2025-12-11,
315850,126,1642491,181,Baixa comissão para discussão,2025-12-11,
315850,3,1642498,21,Anúncio,2025-12-12,
315850,64,1705478,243,Apreciação,2026-03-06,
315850,13,1705591,250,Votação na generalidade,2026-03-06,
315850,14,1705592,270,Baixa comissão especialidade,2026-03-06,
315885,1,1642717,10,Entrada,2025-12-18,
315885,2,1642731,20,Admissão,2025-12-19,
315885,3,1642732,21,Anúncio,2025-12-19,
315885,64,1662988,243,Apreciação,2025-12-19,
315885,73,1642834,335,Votação Deliberação,2025-12-19,
315885,81,1642840,341,Requerimento dispensa redação final,2025-12-19,"Requerimento oral, apresentado pelo PSD, solicitando a dispensa de redação final do Projeto de Resolução n.º 435/XVII/1.ª (PSD, CH, PS, IL, L, PCP e CDS-PP) – Alteração à Resolução da Assembleia da República n.º 20/2004, de 16 de fevereiro, que aprova a estrutura e competências dos serviços da Assembleia da República; e do Projeto de Resolução n.º 436/XVII/1.ª (PSD, CH, PS, IL, L, PCP e CDS-PP) – Alteração à Resolução da Assembleia da República n.º 49/2015, de 8 de maio, que aprova o Regulamento da Gestão do Desempenho na Assembleia da República"
315885,57,1642774,360,Resolução (Publicação DAR),2025-12-19,
315885,26,1642775,400,Envio INCM,2025-12-19,
315885,44,1642932,600,Resolução da AR (Publicação DR),2025-12-24,
315697,1,1631151,10,Entrada,2025-10-10,
315697,2,1641621,20,Admissão,2025-10-22,
315697,3,1641681,21,Anúncio,2025-10-27,
315697,64,1642306,243,Apreciação,2025-12-04,
315697,13,1642282,250,Votação na generalidade,2025-12-05,
315759,1,1641882,10,Entrada,2025-11-06,
315759,2,1641897,20,Admissão,2025-11-06,
315759,126,1641898,181,Baixa comissão para discussão,2025-11-06,
315759,3,1641944,21,Anúncio,2025-11-20,
315759,35,1642078,648,Retirada da iniciativa,2025-12-03,
315710,1,1631164,10,Entrada,2025-10-10,
315710,2,1641623,20,Admissão,2025-10-22,
315710,3,1641693,21,Anúncio,2025-10-27,
315710,64,1642308,243,Apreciação,2025-12-04,
315710,13,1642283,250,Votação na generalidade,2025-12-05,
346028,1,1683647,10,Entrada,2026-01-21,
346028,3,1683898,21,Anúncio,2026-01-22,
346028,2,1684014,20,Admissão,2026-01-27,
346028,126,1684015,181,Baixa comissão para discussão,2026-01-27,
346028,73,1704631,335,Votação Deliberação,2026-02-13,"Texto Final, apresentado pela Comissão de Negócios Estrangeiros e Comunidades Portuguesas, relativo ao Projeto de Resolução n.º 511/XVII/1.ª (L)"
346028,18,1717060,320,Votação final global,2026-02-13,
346028,133,1705105,348,Envio à Comissão para fixação da Redação final,2026-02-20,
346028,57,1705275,360,Resolução (Publicação DAR),2026-02-26,
346028,26,1705283,400,Envio INCM,2026-02-26,
346028,44,1705344,600,Resolução da AR (Publicação DR),2026-03-02,
315886,1,1642718,10,Entrada,2025-12-18,
315886,2,1642733,20,Admissão,2025-12-19,
315886,3,1642734,21,Anúncio,2025-12-19,
315886,64,1662989,243,Apreciação,2025-12-19,
315886,73,1642836,335,Votação Deliberação,2025-12-19,
315886,81,1642838,341,Requerimento dispensa redação final,2025-12-19,"Requerimento oral, apresentado pelo PSD, solicitando a dispensa de redação final do Projeto de Resolução n.º 435/XVII/1.ª (PSD, CH, PS, IL, L, PCP e CDS-PP) – Alteração à Resolução da Assembleia da República n.º 20/2004, de 16 de fevereiro, que aprova a estrutura e competências dos serviços da Assembleia da República; e do Projeto de Resolução n.º 436/XVII/1.ª (PSD, CH, PS, IL, L, PCP e CDS-PP) – Alteração à Resolução da Assembleia da República n.º 49/2015, de 8 de maio, que aprova o Regulamento da Gestão do Desempenho na Assembleia da República"
315886,57,1642776,360,Resolução (Publicação DAR),2025-12-19,
315886,26,1642777,400,Envio INCM,2025-12-19,
315886,44,1642931,600,Resolução da AR (Publicação DR),2025-12-24,
345965,1,1683426,10,Entrada,2026-01-14,
345965,2,1683465,20,Admissão,2026-01-15,
345965,126,1683466,181,Baixa comissão para discussão,2026-01-15,
345965,3,1683893,21,Anúncio,2026-01-21,
345965,73,1705093,335,Votação Deliberação,2026-02-20,
345965,133,1705293,348,Envio à Comissão para fixação da Redação final,2026-02-26,
345965,57,1705682,360,Resolução (Publicação DAR),2026-03-10,
345965,26,1705697,400,Envio INCM,2026-03-10,
345965,44,1705799,600,Resolução da AR (Publicação DR),2026-03-12,
346031,1,1683721,10,Entrada,2026-01-22,
346031,3,1683899,21,Anúncio,2026-01-23,
346031,2,1684016,20,Admissão,2026-01-27,
346031,126,1684017,181,Baixa comissão para discussão,2026-01-27,
346031,73,1704632,335,Votação Deliberação,2026-02-13,
346031,133,1705112,348,Envio à Comissão para fixação da Redação final,2026-02-20,
346031,57,1705276,360,Resolução (Publicação DAR),2026-02-26,
346031,26,1705284,400,Envio INCM,2026-02-26,
346031,44,1705345,600,Resolução da AR (Publicação DR),2026-03-02,
315780,1,1642001,10,Entrada,2025-11-26,
315780,2,1642106,20,Admissão,2025-12-03,
315780,126,1642107,181,Baixa comissão para discussão,2025-12-03,
315780,3,1642108,21,Anúncio,2025-12-04,
315812,1,1642074,10,Entrada,2025-12-02,
315812,2,1642193,20,Admissão,2025-12-04,
315812,3,1642217,21,Anúncio,2025-12-05,
315812,64,1642431,243,Apreciação,2025-12-11,
315812,13,1642502,250,Votação na generalidade,2025-12-11,
346053,1,1684061,10,Entrada,2026-01-30,
346053,2,1704311,20,Admissão,2026-02-05,
346053,126,1704313,181,Baixa comissão para discussão,2026-02-05,
346053,3,1704312,21,Anúncio,2026-02-11,
346053,126,1704388,181,Baixa comissão para discussão,2026-02-11,
346053,10,1705191,190,Discussão generalidade,2026-02-26,
346053,64,1705195,243,Apreciação,2026-02-26,
346053,13,1705386,250,Votação na generalidade,2026-02-27,
356164,1,1704600,10,Entrada,2026-02-13,
356164,2,1704788,20,Admissão,2026-02-18,
356164,3,1704789,21,Anúncio,2026-02-19,
356164,64,1705223,243,Apreciação,2026-02-26,
356164,13,1705434,250,Votação na generalidade,2026-02-27,
356164,14,1705435,270,Baixa comissão especialidade,2026-02-27,
356164,18,1717257,320,Votação final global,2026-04-10,"Texto Final, apresentado pela Comissão de Saúde, relativo ao Projeto de Resolução n.º 599/XVII/1.ª (PS) – Pela promoção estruturada da dádiva voluntária e regular de sangue"
356164,133,1717760,348,Envio à Comissão para fixação da Redação final,2026-04-22,
356164,57,1728410,360,Resolução (Publicação DAR),2026-05-05,
356164,26,1728411,400,Envio INCM,2026-05-05,
356164,44,1728524,600,Resolução da AR (Publicação DR),2026-05-07,
315843,1,1642247,10,Entrada,2025-12-05,
315843,2,1642411,20,Admissão,2025-12-10,
315843,3,1642461,21,Anúncio,2025-12-10,
315843,64,1663010,243,Apreciação,2025-12-19,
315843,13,1642831,250,Votação na generalidade,2025-12-19,
346055,1,1684063,10,Entrada,2026-01-30,
346055,2,1704208,20,Admissão,2026-02-03,
346055,3,1704209,21,Anúncio,2026-02-11,
346055,64,1704451,243,Apreciação,2026-02-13,
346055,73,1704617,335,Votação Deliberação,2026-02-13,
346055,133,1716618,348,Envio à Comissão para fixação da Redação final,2026-03-23,
346055,57,1716634,360,Resolução (Publicação DAR),2026-03-26,
346055,26,1716640,400,Envio INCM,2026-03-26,
346055,44,1716783,600,Resolução da AR (Publicação DR),2026-03-31,
315883,1,1642707,10,Entrada,2025-12-18,
315883,2,1642794,20,Admissão,2025-12-19,
315883,126,1642795,181,Baixa comissão para discussão,2025-12-19,
315883,3,1663231,21,Anúncio,2026-01-08,
315883,73,1730015,335,Votação Deliberação,2026-06-03,
315907,1,1642925,10,Entrada,2025-12-29,
315907,2,1663073,20,Admissão,2026-01-06,
315907,126,1663074,181,Baixa comissão para discussão,2026-01-06,
315907,3,1663251,21,Anúncio,2026-01-08,
315907,73,1731951,335,Votação Deliberação,2026-07-17,
315868,1,1642557,10,Entrada,2025-12-12,
315868,2,1642614,20,Admissão,2025-12-16,
315868,126,1642615,181,Baixa comissão para discussão,2025-12-16,
315868,3,1642652,21,Anúncio,2025-12-17,
315792,1,1642028,10,Entrada,2025-11-28,
315792,2,1642131,20,Admissão,2025-12-03,
315792,3,1642132,21,Anúncio,2025-12-04,
315803,1,1642042,10,Entrada,2025-11-28,
315803,2,1642145,20,Admissão,2025-12-03,
315803,3,1642146,21,Anúncio,2025-12-04,
315754,1,1641651,10,Entrada,2025-10-25,
315754,35,1641666,648,Retirada da iniciativa,2025-10-27,
315854,1,1642480,10,Entrada,2025-12-11,
315854,2,1642596,20,Admissão,2025-12-16,
315854,126,1642597,181,Baixa comissão para discussão,2025-12-16,
315854,3,1642640,21,Anúncio,2025-12-17,
356064,1,1694106,10,Entrada,2026-02-02,
356064,2,1704241,20,Admissão,2026-02-04,
356064,126,1704243,181,Baixa comissão para discussão,2026-02-04,
356064,3,1704242,21,Anúncio,2026-02-11,
356064,64,1705204,243,Apreciação,2026-02-26,
356064,13,1705403,250,Votação na generalidade,2026-02-27,
356064,14,1705404,270,Baixa comissão especialidade,2026-02-27,
315915,1,1642940,10,Entrada,2026-01-02,
315915,2,1663077,20,Admissão,2026-01-06,
315915,3,1663237,21,Anúncio,2026-01-08,
315915,64,1663172,243,Apreciação,2026-01-09,
315915,13,1663388,250,Votação na generalidade,2026-01-09,
315889,1,1642906,10,Entrada,2025-12-29,
315889,2,1663052,20,Admissão,2026-01-06,
315889,126,1663053,181,Baixa comissão para discussão,2026-01-06,
315889,3,1663253,21,Anúncio,2026-01-08,
335923,1,1662963,10,Entrada,2026-01-02,
335923,2,1663082,20,Admissão,2026-01-06,
335923,64,1663135,243,Apreciação,2026-01-07,
335923,3,1663266,21,Anúncio,2026-01-08,
335923,13,1663348,250,Votação na generalidade,2026-01-09,
356057,1,1694065,10,Entrada,2026-02-02,
356057,2,1704256,20,Admissão,2026-02-04,
356057,126,1704258,181,Baixa comissão para discussão,2026-02-04,
356057,3,1704257,21,Anúncio,2026-02-11,
356057,13,1731329,250,Votação na generalidade,2026-07-03,
356057,14,1731330,270,Baixa comissão especialidade,2026-07-03,
346051,1,1684059,10,Entrada,2026-01-30,
346051,2,1704265,20,Admissão,2026-02-04,
346051,126,1704267,181,Baixa comissão para discussão,2026-02-04,
346051,3,1704266,21,Anúncio,2026-02-11,
346051,13,1731327,250,Votação na generalidade,2026-07-03,
346051,14,1731328,270,Baixa comissão especialidade,2026-07-03,
356174,1,1704648,10,Entrada,2026-02-16,
356174,2,1704908,20,Admissão,2026-02-20,
356174,126,1704909,181,Baixa comissão para discussão,2026-02-20,
356174,3,1704910,21,Anúncio,2026-02-25,
356174,73,1705606,335,Votação Deliberação,2026-03-06,
356174,133,1716953,348,Envio à Comissão para fixação da Redação final,2026-04-03,
356174,57,1717583,360,Resolução (Publicação DAR),2026-04-16,
356174,26,1717584,400,Envio INCM,2026-04-16,
356174,44,1717681,600,Resolução da AR (Publicação DR),2026-04-20,
315926,1,1642968,10,Entrada,2026-01-02,
315926,2,1663091,20,Admissão,2026-01-06,
315926,3,1663234,21,Anúncio,2026-01-08,
315926,64,1663148,243,Apreciação,2026-01-09,
315926,13,1663362,250,Votação na generalidade,2026-01-09,
345967,1,1683459,10,Entrada,2026-01-15,
345967,3,1683806,21,Anúncio,2026-01-21,
345967,2,1683807,20,Admissão,2026-01-23,
345967,126,1683808,181,Baixa comissão para discussão,2026-01-23,
345967,73,1704627,335,Votação Deliberação,2026-02-13,
315913,1,1642938,10,Entrada,2026-01-02,
315913,2,1663089,20,Admissão,2026-01-06,
315913,126,1663090,181,Baixa comissão para discussão,2026-01-06,
315913,3,1663259,21,Anúncio,2026-01-08,
356300,1,1705547,10,Entrada,2026-03-06,
356300,3,1705936,21,Anúncio,2026-03-12,
356300,2,1705937,20,Admissão,2026-03-13,
356300,64,1706050,243,Apreciação,2026-03-19,
356300,13,1716425,250,Votação na generalidade,2026-03-20,
356300,14,1716426,270,Baixa comissão especialidade,2026-03-20,
356300,18,1716933,320,Votação final global,2026-04-01,"Texto Final, apresentado pela Comissão de Negócios Estrangeiros e Comunidades Portuguesas, relativo ao Projeto de Resolução n.º 474/XVII/1. ª (IL), ao Projeto de Resolução n.º 573/XVII/1. ª (PS), ao Projeto de Resolução n.º 674/XVII/1. ª (CH) e ao Projeto de Resolução n.º 681/XVII/1. ª (L)"
356300,133,1717159,348,Envio à Comissão para fixação da Redação final,2026-04-10,
356300,57,1717569,360,Resolução (Publicação DAR),2026-04-16,
356300,26,1717570,400,Envio INCM,2026-04-16,
356300,44,1717713,600,Resolução da AR (Publicação DR),2026-04-20,
356222,1,1705094,10,Entrada,2026-02-24,
356222,2,1705267,20,Admissão,2026-02-26,
356222,126,1705268,181,Baixa comissão para discussão,2026-02-26,
356222,3,1705269,21,Anúncio,2026-02-26,
356222,73,1716695,335,Votação Deliberação,2026-03-26,
356222,133,1716958,348,Envio à Comissão para fixação da Redação final,2026-04-07,
356222,57,1717579,360,Resolução (Publicação DAR),2026-04-16,
356222,26,1717580,400,Envio INCM,2026-04-16,
356222,44,1717708,600,Resolução da AR (Publicação DR),2026-04-20,
346009,1,1683515,10,Entrada,2026-01-16,
346009,3,1683726,21,Anúncio,2026-01-21,
346009,2,1683657,20,Admissão,2026-01-22,
346009,64,1683676,243,Apreciação,2026-01-30,
346009,13,1694137,250,Votação na generalidade,2026-01-30,
356410,1,1716383,10,Entrada,2026-03-23,
356410,2,1716552,20,Admissão,2026-03-24,
356410,126,1716553,181,Baixa comissão para discussão,2026-03-24,
356410,3,1716589,21,Anúncio,2026-03-25,
356410,126,1716943,181,Baixa comissão para discussão,2026-04-01,"Redistribuição à 12.ª Comissão, por despacho de 2026-04-01."
356410,73,1728831,335,Votação Deliberação,2026-05-08,
356410,133,1729245,348,Envio à Comissão para fixação da Redação final,2026-05-19,
356410,57,1729338,360,Resolução (Publicação DAR),2026-05-21,
356410,26,1729339,400,Envio INCM,2026-05-21,
356410,44,1729484,600,Resolução da AR (Publicação DR),2026-05-26,
356106,1,1704379,10,Entrada,2026-02-11,
356106,2,1704481,20,Admissão,2026-02-11,
356106,126,1704482,181,Baixa comissão para discussão,2026-02-11,
356106,3,1704483,21,Anúncio,2026-02-12,
356372,1,1705962,10,Entrada,2026-03-16,
356372,3,1706319,21,Anúncio,2026-03-18,
356372,2,1706320,20,Admissão,2026-03-18,
356372,126,1706321,181,Baixa comissão para discussão,2026-03-18,
356372,73,1718090,335,Votação Deliberação,2026-04-24,
356372,133,1728579,348,Envio à Comissão para fixação da Redação final,2026-05-06,
356372,57,1729221,360,Resolução (Publicação DAR),2026-05-18,
356372,26,1729222,400,Envio INCM,2026-05-18,
356372,44,1729278,600,Resolução da AR (Publicação DR),2026-05-20,
356396,1,1706361,10,Entrada,2026-03-20,
356396,2,1716530,20,Admissão,2026-03-24,
356396,126,1716531,181,Baixa comissão para discussão,2026-03-24,
356396,3,1716578,21,Anúncio,2026-03-25,
356396,73,1717256,335,Votação Deliberação,2026-04-10,
356396,133,1717770,348,Envio à Comissão para fixação da Redação final,2026-04-22,
356396,57,1728416,360,Resolução (Publicação DAR),2026-05-05,
356396,26,1728417,400,Envio INCM,2026-05-05,
356396,44,1728525,600,Resolução da AR (Publicação DR),2026-05-07,
356096,1,1704363,10,Entrada,2026-02-09,
356096,2,1704463,20,Admissão,2026-02-11,
356096,126,1704464,181,Baixa comissão para discussão,2026-02-11,
356096,3,1704465,21,Anúncio,2026-02-12,
356158,1,1704594,10,Entrada,2026-02-13,
356158,2,1704780,20,Admissão,2026-02-18,
356158,3,1704781,21,Anúncio,2026-02-19,
356158,64,1705190,243,Apreciação,2026-02-26,
356158,13,1705385,250,Votação na generalidade,2026-02-27,
356192,1,1704839,10,Entrada,2026-02-19,
356192,2,1704943,20,Admissão,2026-02-20,
356192,3,1704944,21,Anúncio,2026-02-20,
356192,73,1704873,335,Votação Deliberação,2026-02-20,
356192,57,1704899,360,Resolução (Publicação DAR),2026-02-20,
356192,26,1704900,400,Envio INCM,2026-02-20,
356192,44,1705091,600,Resolução da AR (Publicação DR),2026-02-25,
356438,1,1716770,10,Entrada,2026-03-29,
356438,2,1716835,20,Admissão,2026-03-31,
356438,3,1716836,21,Anúncio,2026-04-01,
356438,64,1717797,243,Apreciação,2026-04-23,
356438,13,1718063,250,Votação na generalidade,2026-04-24,
356438,14,1718064,270,Baixa comissão especialidade,2026-04-24,
356438,18,1729813,320,Votação final global,2026-05-29,"Texto Final, apresentado pela Comissão de Trabalho, Segurança Social e Inclusão, relativo ao Projeto de Resolução n.º 762/XVII/1.ª (CH)"
356438,133,1730037,348,Envio à Comissão para fixação da Redação final,2026-06-06,
356438,57,1730770,360,Resolução (Publicação DAR),2026-06-24,
356438,26,1730771,400,Envio INCM,2026-06-24,
356438,44,1730829,600,Resolução da AR (Publicação DR),2026-06-26,
356155,1,1704591,10,Entrada,2026-02-13,
356155,2,1704774,20,Admissão,2026-02-18,
356155,3,1704775,21,Anúncio,2026-02-19,
356155,64,1705221,243,Apreciação,2026-02-26,
356155,13,1705433,250,Votação na generalidade,2026-02-27,
356456,1,1716798,10,Entrada,2026-03-31,
356456,2,1717087,20,Admissão,2026-04-09,
356456,3,1717088,21,Anúncio,2026-04-10,
356456,64,1717130,243,Apreciação,2026-04-10,
356456,13,1717242,250,Votação na generalidade,2026-04-10,
356456,14,1717300,270,Baixa comissão especialidade,2026-04-10,
356456,18,1729207,320,Votação final global,2026-05-15,
356456,133,1729301,348,Envio à Comissão para fixação da Redação final,2026-05-20,
356456,57,1729936,360,Resolução (Publicação DAR),2026-06-03,
356456,26,1729939,400,Envio INCM,2026-06-03,
356456,44,1730128,600,Resolução da AR (Publicação DR),2026-06-09,
356150,1,1704586,10,Entrada,2026-02-13,
356150,2,1704764,20,Admissão,2026-02-18,
356150,3,1704765,21,Anúncio,2026-02-19,
356150,64,1705189,243,Apreciação,2026-02-26,
356150,13,1705384,250,Votação na generalidade,2026-02-27,
356187,1,1704735,10,Entrada,2026-02-19,
356187,2,1704931,20,Admissão,2026-02-20,
356187,126,1704932,181,Baixa comissão para discussão,2026-02-20,
356187,3,1704933,21,Anúncio,2026-02-25,
356187,73,1716483,335,Votação Deliberação,2026-03-20,
356299,1,1705546,10,Entrada,2026-03-06,
356299,3,1705932,21,Anúncio,2026-03-12,
356299,2,1705933,20,Admissão,2026-03-13,
356299,126,1705934,181,Baixa comissão para discussão,2026-03-13,
356299,10,1706038,190,Discussão generalidade,2026-03-19,
356299,64,1706039,243,Apreciação,2026-03-19,
356299,13,1716411,250,Votação na generalidade,2026-03-20,
356169,1,1704605,10,Entrada,2026-02-13,
356169,2,1704798,20,Admissão,2026-02-18,
356169,3,1704799,21,Anúncio,2026-02-19,
356169,64,1705215,243,Apreciação,2026-02-26,
356169,13,1705425,250,Votação na generalidade,2026-02-27,
356306,1,1705553,10,Entrada,2026-03-06,
356306,3,1706238,21,Anúncio,2026-03-18,
356306,2,1706239,20,Admissão,2026-03-18,
356306,41,1728560,150,Recurso da decisão do PAR,2026-03-19,"Recurso para Plenário do despacho emitido pelo Presidente da Assembleia da República, no sentido de não admitir a debate os Projetos de Resolução n.º 678/XVII/1.ª e 679/XVII/1.ª, na sequência da não aceitação do arrastamento, por parte do PSD, por falta de conexão material com a Proposta de Lei n.º 60/XVII/1.ª (GOV)"
356306,42,1728561,160,Votação do recurso da decisão do PAR,2026-03-19,
356306,126,1716527,181,Baixa comissão para discussão,2026-03-24,
356306,73,1728829,335,Votação Deliberação,2026-05-08,
356188,1,1704809,10,Entrada,2026-02-19,
356188,2,1705224,20,Admissão,2026-02-25,
356188,126,1705225,181,Baixa comissão para discussão,2026-02-25,
356188,3,1705226,21,Anúncio,2026-02-26,
356188,73,1716482,335,Votação Deliberação,2026-03-20,
356504,1,1716881,10,Entrada,2026-03-31,
356504,2,1717423,20,Admissão,2026-04-15,
356504,3,1717424,21,Anúncio,2026-04-16,
356504,64,1717189,243,Apreciação,2026-04-16,
356504,13,1717654,250,Votação na generalidade,2026-04-17,
356504,14,1717655,270,Baixa comissão especialidade,2026-04-17,
356504,18,1718114,320,Votação final global,2026-04-24,"Texto Final, relativo ao Projeto de Resolução n.º 483/XVII/1. ª (PSD), Projeto de Resolução n.º 767/XVII/1. ª (CH), Projeto de Resolução n.º 768/XVII/1. ª (IL), Projeto de Resolução n.º 772/XVII/1. ª (CDS-PP), Projeto de Resolução n.º 790/XVII/1. ª (PAN), Projeto de Resolução n.º 804/XVII/1. ª (L) Projeto de Resolução n.º 807/XVII/1. ª (PS) e ao Projeto de Resolução n.º 808/XVII/1. ª (PS)"
356504,133,1728468,348,Envio à Comissão para fixação da Redação final,2026-05-06,
356504,57,1729233,360,Resolução (Publicação DAR),2026-05-18,
356504,26,1729234,400,Envio INCM,2026-05-18,
356504,44,1729284,600,Resolução da AR (Publicação DR),2026-05-20,
356177,1,1704670,10,Entrada,2026-02-16,
356177,2,1704917,20,Admissão,2026-02-20,
356177,126,1704918,181,Baixa comissão para discussão,2026-02-20,
356177,3,1704919,21,Anúncio,2026-02-25,
356213,1,1704905,10,Entrada,2026-02-20,
356213,2,1705164,20,Admissão,2026-02-24,
356213,126,1705165,181,Baixa comissão para discussão,2026-02-24,
356213,3,1705166,21,Anúncio,2026-02-25,
356213,73,1716479,335,Votação Deliberação,2026-03-20,
356430,1,1716627,10,Entrada,2026-03-26,
356430,2,1716812,20,Admissão,2026-03-31,
356430,126,1716813,181,Baixa comissão para discussão,2026-03-31,
356430,3,1716814,21,Anúncio,2026-04-01,
356430,73,1717255,335,Votação Deliberação,2026-04-10,
356430,133,1717761,348,Envio à Comissão para fixação da Redação final,2026-04-22,
356430,57,1728412,360,Resolução (Publicação DAR),2026-05-05,
356430,26,1728413,400,Envio INCM,2026-05-05,
356430,44,1728522,600,Resolução da AR (Publicação DR),2026-05-07,
356288,1,1705534,10,Entrada,2026-03-06,
356288,3,1706226,21,Anúncio,2026-03-18,
356288,2,1706227,20,Admissão,2026-03-18,
356288,64,1706076,243,Apreciação,2026-03-20,
356288,13,1716469,250,Votação na generalidade,2026-03-20,
356288,14,1716470,270,Baixa comissão especialidade,2026-03-20,
356302,1,1705549,10,Entrada,2026-03-06,
356302,3,1706230,21,Anúncio,2026-03-18,
356302,2,1706231,20,Admissão,2026-03-18,
356302,64,1706078,243,Apreciação,2026-03-20,
356302,13,1716473,250,Votação na generalidade,2026-03-20,
356302,14,1716474,270,Baixa comissão especialidade,2026-03-20,
356273,1,1705465,10,Entrada,2026-03-03,
356273,3,1705749,21,Anúncio,2026-03-04,
356273,2,1705750,20,Admissão,2026-03-09,
356273,126,1705751,181,Baixa comissão para discussão,2026-03-09,
356273,73,1717248,335,Votação Deliberação,2026-04-10,
356273,13,1730714,250,Votação na generalidade,2026-04-10,
356524,1,1716950,10,Entrada,2026-04-07,
356524,2,1717341,20,Admissão,2026-04-15,
356524,3,1717342,21,Anúncio,2026-04-16,
356524,64,1717817,243,Apreciação,2026-04-23,
356524,13,1718079,250,Votação na generalidade,2026-04-24,
356524,14,1718080,270,Baixa comissão especialidade,2026-04-24,
356524,18,1731915,320,Votação final global,2026-07-17,
356524,133,1732000,348,Envio à Comissão para fixação da Redação final,2026-07-21,
356524,57,1752209,360,Resolução (Publicação DAR),2026-07-30,
356524,26,1752210,400,Envio INCM,2026-07-30,
356524,44,1752236,600,Resolução da AR (Publicação DR),2026-08-03,
356301,1,1705548,10,Entrada,2026-03-06,
356301,3,1706223,21,Anúncio,2026-03-18,
356301,2,1706224,20,Admissão,2026-03-18,
356301,126,1706225,181,Baixa comissão para discussão,2026-03-18,
356305,1,1705552,10,Entrada,2026-03-06,
356305,3,1705938,21,Anúncio,2026-03-12,
356305,2,1705939,20,Admissão,2026-03-13,
356305,64,1706051,243,Apreciação,2026-03-19,
356305,13,1716427,250,Votação na generalidade,2026-03-20,
356336,1,1705789,10,Entrada,2026-03-11,
356336,3,1706260,21,Anúncio,2026-03-18,
356336,2,1706261,20,Admissão,2026-03-18,
356336,126,1706262,181,Baixa comissão para discussão,2026-03-18,
356348,1,1705842,10,Entrada,2026-03-12,
356348,3,1706280,21,Anúncio,2026-03-18,
356348,2,1706281,20,Admissão,2026-03-18,
356348,126,1706282,181,Baixa comissão para discussão,2026-03-18,
356351,1,1705845,10,Entrada,2026-03-12,
356351,3,1706286,21,Anúncio,2026-03-18,
356351,2,1706287,20,Admissão,2026-03-18,
356351,126,1706288,181,Baixa comissão para discussão,2026-03-18,
356351,73,1731942,335,Votação Deliberação,2026-07-17,
356575,1,1717607,10,Entrada,2026-04-17,
356575,2,1717918,20,Admissão,2026-04-22,
356575,3,1717919,21,Anúncio,2026-04-22,
356575,64,1728555,243,Apreciação,2026-05-08,
356575,13,1728818,250,Votação na generalidade,2026-05-08,
356575,14,1728819,270,Baixa comissão especialidade,2026-05-08,
356575,18,1730675,320,Votação final global,2026-06-19,"Texto final, apresentado pela Comissão de Trabalho, Segurança Social e Inclusão, relativo ao Projeto de Resolução n.º 850/XVII/1.ª (CH)"
356575,133,1730919,348,Envio à Comissão para fixação da Redação final,2026-06-26,
356575,57,1731527,360,Resolução (Publicação DAR),2026-07-09,
356575,44,1731559,600,Resolução da AR (Publicação DR),2026-07-13,
356322,1,1705571,10,Entrada,2026-03-09,
356322,3,1705947,21,Anúncio,2026-03-12,
356322,2,1705948,20,Admissão,2026-03-13,
356322,126,1705949,181,Baixa comissão para discussão,2026-03-13,
356574,1,1717606,10,Entrada,2026-04-17,
356574,2,1717880,20,Admissão,2026-04-21,
356574,126,1717881,181,Baixa comissão para discussão,2026-04-21,
356574,3,1717882,21,Anúncio,2026-04-22,
356574,73,1729521,335,Votação Deliberação,2026-05-22,
356574,133,1729679,348,Envio à Comissão para fixação da Redação final,2026-05-27,
356574,57,1729956,360,Resolução (Publicação DAR),2026-06-03,
356574,26,1729960,400,Envio INCM,2026-06-03,
356574,44,1730261,600,Resolução da AR (Publicação DR),2026-06-12,
356397,1,1706365,10,Entrada,2026-03-20,
356397,2,1716532,20,Admissão,2026-03-24,
356397,126,1716533,181,Baixa comissão para discussão,2026-03-24,
356397,3,1716579,21,Anúncio,2026-03-25,
356397,73,1717724,335,Votação Deliberação,2026-04-17,
356366,1,1705954,10,Entrada,2026-03-13,
356366,3,1706304,21,Anúncio,2026-03-18,
356366,2,1706305,20,Admissão,2026-03-18,
356366,126,1706306,181,Baixa comissão para discussão,2026-03-18,
315315,1,1628335,10,Entrada,2025-07-04,
315315,51,1716724,50,Publicação,2025-07-04,
315315,2,1628667,20,Admissão,2025-07-09,"Despacho PAR ""Ressalvando os limites da norma Travão . Proceder à audição dos órgãos próprios das RRAA"""
315315,3,1628668,21,Anúncio,2025-07-09,
315315,144,1628669,22,Audição promovida pelo PAR para a ALRAA,2025-07-09,
315315,145,1628670,23,Audição promovida pelo PAR para a ALRAM,2025-07-09,
315315,147,1628671,25,Audição promovida pelo PAR para o Governo da RAM,2025-07-09,
315315,147,1628672,25,Audição promovida pelo PAR para o Governo da RAM,2025-07-09,
315315,9,1628673,180,Baixa comissão distribuição inicial generalidade,2025-07-09,
315315,10,1628773,190,Discussão generalidade,2025-07-10,
315315,13,1628912,250,Votação na generalidade,2025-07-11,
315315,14,1628913,270,Baixa comissão especialidade,2025-07-11,
315315,149,1629175,173,Parecer da ALRAM,2025-07-17,
315315,151,1629202,175,Parecer do Governo da RAM,2025-07-21,
315315,150,1629223,174,Parecer do Governo da RAA,2025-07-22,
315315,148,1629453,172,Parecer da ALRAA,2025-07-29,
315315,14,1630944,270,Baixa comissão especialidade,2025-09-30,
315315,18,1642566,320,Votação final global,2025-12-12,
315315,133,1642725,348,Envio à Comissão para fixação da Redação final,2025-12-18,
315315,31,1663198,350,Decreto (Publicação),2026-01-08,
315315,23,1683422,370,Envio para promulgação,2026-01-14,
315315,24,1683961,380,Promulgação,2026-01-26,
315315,25,1683962,390,Referenda,2026-01-27,
315315,26,1683963,400,Envio INCM,2026-01-28,
315315,32,1684050,580,Lei (Publicação DR),2026-01-28,
356672,1,1728307,10,Entrada,2026-05-05,
356672,2,1728515,20,Admissão,2026-05-06,
356672,3,1728516,21,Anúncio,2026-05-06,
356672,64,1728503,243,Apreciação,2026-05-07,
356672,13,1728763,250,Votação na generalidade,2026-05-08,
356672,14,1728764,270,Baixa comissão especialidade,2026-05-08,
356672,18,1730673,320,Votação final global,2026-06-19,
356672,133,1731010,348,Envio à Comissão para fixação da Redação final,2026-07-01,
356672,57,1731774,360,Resolução (Publicação DAR),2026-07-17,
356672,44,1731990,600,Resolução da AR (Publicação DR),2026-07-22,
356628,1,1718039,10,Entrada,2026-04-24,
356628,2,1718172,20,Admissão,2026-04-29,
356628,126,1718173,181,Baixa comissão para discussão,2026-04-29,
356628,3,1718174,21,Anúncio,2026-04-29,
356628,64,1728884,243,Apreciação,2026-05-14,
356628,13,1729094,250,Votação na generalidade,2026-05-14,
356628,14,1729095,270,Baixa comissão especialidade,2026-05-14,
356628,14,1729541,270,Baixa comissão especialidade,2026-05-22,
356690,1,1728420,10,Entrada,2026-05-05,
356690,2,1728676,20,Admissão,2026-05-08,
356690,3,1728677,21,Anúncio,2026-05-13,
356690,64,1729053,243,Apreciação,2026-05-20,
356690,13,1729443,250,Votação na generalidade,2026-05-22,
356690,14,1729444,270,Baixa comissão especialidade,2026-05-22,
356690,18,1731878,320,Votação final global,2026-07-17,
356690,133,1731834,348,Envio à Comissão para fixação da Redação final,2026-07-20,
356690,57,1732039,360,Resolução (Publicação DAR),2026-07-23,
356690,26,1732040,400,Envio INCM,2026-07-23,
356690,44,1742128,600,Resolução da AR (Publicação DR),2026-07-28,
356421,1,1716484,10,Entrada,2026-03-23,
356421,2,1716607,20,Admissão,2026-03-25,
356421,126,1716608,181,Baixa comissão para discussão,2026-03-25,
356421,3,1716609,21,Anúncio,2026-03-25,
356421,35,1731574,648,Retirada da iniciativa,2026-07-13,
356493,1,1716870,10,Entrada,2026-03-31,
356493,2,1717398,20,Admissão,2026-04-16,
356493,126,1717399,181,Baixa comissão para discussão,2026-04-16,
356493,3,1717400,21,Anúncio,2026-04-16,
356493,13,1729199,250,Votação na generalidade,2026-05-15,
356493,14,1729200,270,Baixa comissão especialidade,2026-05-15,
356474,1,1716851,10,Entrada,2026-03-31,
356474,2,1717349,20,Admissão,2026-04-15,
356474,3,1717350,21,Anúncio,2026-04-16,
356474,64,1717786,243,Apreciação,2026-04-23,
356474,13,1718046,250,Votação na generalidade,2026-04-24,
356474,14,1718047,270,Baixa comissão especialidade,2026-04-24,
356416,1,1716518,10,Entrada,2026-03-23,
356416,2,1716560,20,Admissão,2026-03-24,
356416,126,1716561,181,Baixa comissão para discussão,2026-03-24,
356416,3,1716593,21,Anúncio,2026-03-25,
356756,1,1729009,10,Entrada,2026-05-14,
356756,2,1729310,20,Admissão,2026-05-15,
356756,3,1729311,21,Anúncio,2026-05-15,
356756,126,1729312,181,Baixa comissão para discussão,2026-05-15,
356756,13,1729801,250,Votação na generalidade,2026-05-29,
356756,14,1729802,270,Baixa comissão especialidade,2026-05-29,
356756,18,1730882,320,Votação final global,2026-06-25,
356756,133,1731307,348,Envio à Comissão para fixação da Redação final,2026-07-03,
356756,57,1731704,360,Resolução (Publicação DAR),2026-07-16,
356756,26,1731705,400,Envio INCM,2026-07-16,
356756,44,1731886,600,Resolução da AR (Publicação DR),2026-07-21,
315381,1,1629183,10,Entrada,2025-07-18,
315381,2,1629226,20,Admissão,2025-07-22,"Despacho PAR ""Proceder à audição dos órgãos de governo próprio das regiões autónomas""."
315381,9,1629227,180,Baixa comissão distribuição inicial generalidade,2025-07-22,Com conexão à 1.ª comissão
315381,144,1629228,22,Audição promovida pelo PAR para a ALRAA,2025-07-22,
315381,145,1629229,23,Audição promovida pelo PAR para a ALRAM,2025-07-22,
315381,146,1629230,24,Audição promovida pelo PAR para o Governo da RAA,2025-07-22,
315381,147,1629231,25,Audição promovida pelo PAR para o Governo da RAM,2025-07-22,
315381,150,1629534,174,Parecer do Governo da RAA,2025-08-06,
315381,151,1629542,175,Parecer do Governo da RAM,2025-08-08,
315381,148,1629544,172,Parecer da ALRAA,2025-08-11,
315381,149,1629789,173,Parecer da ALRAM,2025-08-29,
315381,3,1630007,21,Anúncio,2025-09-10,
315381,10,1705010,190,Discussão generalidade,2026-02-25,
315381,122,1705176,237,Requerimento Baixa Comissão sem Votação (Generalidade),2026-02-25,
315381,12,1705245,240,Nova apreciação comissão generalidade,2026-02-25,
315381,152,1718097,225,Requerimento,2026-04-24,"Requerimento, apresentado pela Comissão de Agricultura e Pescas, para prorrogação do prazo para reapreciação na generalidade, por mais 30 dias, do Projeto de Lei n.º 130/XVII/1.ª (PAN)"
315381,13,1730009,250,Votação na generalidade,2026-06-03,"Texto de substituição, apresentado pela Comissão de Agricultura e Pescas, relativo ao Projeto de Lei n.º 130/XVII/1.ª (PAN)"
315381,34,1730010,310,Votação na especialidade,2026-06-03,"Texto de substituição, apresentado pela Comissão de Agricultura e Pescas, relativo ao Projeto de Lei n.º 130/XVII/1.ª (PAN)"
315381,18,1730011,320,Votação final global,2026-06-03,"Texto de substituição, apresentado pela Comissão de Agricultura e Pescas, relativo ao Projeto de Lei n.º 130/XVII/1.ª (PAN)"
315381,133,1730969,348,Envio à Comissão para fixação da Redação final,2026-06-30,
315381,31,1731757,350,Decreto (Publicação),2026-07-16,
315381,23,1732002,370,Envio para promulgação,2026-07-22,
315381,24,1752152,380,Promulgação,2026-07-27,
315381,25,1752153,390,Referenda,2026-07-28,
315381,26,1752154,400,Envio INCM,2026-07-29,
315381,32,1752228,580,Lei (Publicação DR),2026-08-03,
315322,1,1628344,10,Entrada,2025-07-04,
315322,51,1716727,50,Publicação,2025-07-04,
315322,2,1628683,20,Admissão,2025-07-09,"Despacho PAR ""Ressalvando os limites da norma Travão. Proceder à audição dos órgãos próprios das RRAA"""
315322,3,1628684,21,Anúncio,2025-07-09,
315322,144,1628685,22,Audição promovida pelo PAR para a ALRAA,2025-07-09,
315322,145,1628686,23,Audição promovida pelo PAR para a ALRAM,2025-07-09,
315322,146,1628687,24,Audição promovida pelo PAR para o Governo da RAA,2025-07-09,
315322,146,1628688,24,Audição promovida pelo PAR para o Governo da RAA,2025-07-09,
315322,9,1628689,180,Baixa comissão distribuição inicial generalidade,2025-07-09,
315322,10,1628774,190,Discussão generalidade,2025-07-10,
315322,13,1628914,250,Votação na generalidade,2025-07-11,
315322,14,1628915,270,Baixa comissão especialidade,2025-07-11,
315322,149,1629178,173,Parecer da ALRAM,2025-07-17,
315322,150,1629221,174,Parecer do Governo da RAA,2025-07-22,
315322,148,1629455,172,Parecer da ALRAA,2025-07-28,
315322,14,1630945,270,Baixa comissão especialidade,2025-09-30,
315322,18,1642567,320,Votação final global,2025-12-12,
315322,133,1642726,348,Envio à Comissão para fixação da Redação final,2025-12-18,
315322,31,1663199,350,Decreto (Publicação),2026-01-08,
315322,23,1683423,370,Envio para promulgação,2026-01-14,
315322,24,1683964,380,Promulgação,2026-01-26,
315322,25,1683965,390,Referenda,2026-01-27,
315322,26,1683966,400,Envio INCM,2026-01-28,
315322,32,1684051,580,Lei (Publicação DR),2026-01-28,
356399,1,1706367,10,Entrada,2026-03-20,
356399,2,1716536,20,Admissão,2026-03-24,
356399,126,1716537,181,Baixa comissão para discussão,2026-03-24,
356399,3,1716581,21,Anúncio,2026-03-25,
356731,1,1728640,10,Entrada,2026-05-08,
356731,2,1728969,20,Admissão,2026-05-12,
356731,3,1728970,21,Anúncio,2026-05-13,
356731,64,1728886,243,Apreciação,2026-05-14,
356731,13,1729101,250,Votação na generalidade,2026-05-14,
356731,14,1729102,270,Baixa comissão especialidade,2026-05-14,
356731,18,1730872,320,Votação final global,2026-06-25,
356731,133,1731408,348,Envio à Comissão para fixação da Redação final,2026-07-07,
356731,57,1731714,360,Resolução (Publicação DAR),2026-07-16,
356731,26,1731715,400,Envio INCM,2026-07-16,
356731,44,1731892,600,Resolução da AR (Publicação DR),2026-07-21,
356761,1,1729020,10,Entrada,2026-05-15,
356761,3,1729164,21,Anúncio,2026-05-15,
356761,2,1729165,20,Admissão,2026-05-15,
356761,126,1729166,181,Baixa comissão para discussão,2026-05-15,
356761,13,1729803,250,Votação na generalidade,2026-05-29,
356761,14,1729804,270,Baixa comissão especialidade,2026-05-29,
356761,18,1730883,320,Votação final global,2026-06-25,
356761,133,1731308,348,Envio à Comissão para fixação da Redação final,2026-07-03,
356761,57,1731706,360,Resolução (Publicação DAR),2026-07-16,
356761,26,1731707,400,Envio INCM,2026-07-16,
356761,44,1731887,600,Resolução da AR (Publicação DR),2026-07-21,
356415,1,1716403,10,Entrada,2026-03-23,
356415,2,1716558,20,Admissão,2026-03-24,
356415,126,1716559,181,Baixa comissão para discussão,2026-03-24,
356415,3,1716592,21,Anúncio,2026-03-25,
356417,1,1716406,10,Entrada,2026-03-23,
356417,2,1716562,20,Admissão,2026-03-24,
356417,126,1716563,181,Baixa comissão para discussão,2026-03-24,
356417,3,1716594,21,Anúncio,2026-03-25,
356426,1,1716573,10,Entrada,2026-03-25,
356426,2,1716665,20,Admissão,2026-03-26,
356426,3,1716666,21,Anúncio,2026-03-26,
356426,126,1716667,181,Baixa comissão para discussão,2026-03-26,
356422,1,1716517,10,Entrada,2026-03-24,
356422,2,1716610,20,Admissão,2026-03-25,
356422,126,1716611,181,Baixa comissão para discussão,2026-03-25,
356422,3,1716612,21,Anúncio,2026-03-25,
356627,1,1718034,10,Entrada,2026-04-24,
356627,2,1718169,20,Admissão,2026-04-29,
356627,126,1718170,181,Baixa comissão para discussão,2026-04-29,
356627,3,1718171,21,Anúncio,2026-04-29,
356627,73,1729787,335,Votação Deliberação,2026-05-29,
356627,133,1730442,348,Envio à Comissão para fixação da Redação final,2026-06-16,
356627,57,1731177,360,Resolução (Publicação DAR),2026-07-02,
356627,26,1731178,400,Envio INCM,2026-07-02,
356627,44,1731354,600,Resolução da AR (Publicação DR),2026-07-06,
356458,1,1716801,10,Entrada,2026-03-31,
356458,2,1717331,20,Admissão,2026-04-15,
356458,126,1717332,181,Baixa comissão para discussão,2026-04-15,
356458,3,1717333,21,Anúncio,2026-04-16,
356458,73,1729197,335,Votação Deliberação,2026-05-15,
356437,1,1716769,10,Entrada,2026-03-27,
356437,2,1716832,20,Admissão,2026-03-31,
356437,126,1716833,181,Baixa comissão para discussão,2026-03-31,
356437,3,1716834,21,Anúncio,2026-04-01,
356431,1,1716642,10,Entrada,2026-03-26,
356431,2,1716817,20,Admissão,2026-03-31,
356431,126,1716818,181,Baixa comissão para discussão,2026-03-31,
356431,3,1716819,21,Anúncio,2026-04-01,
356436,1,1716699,10,Entrada,2026-03-27,
356436,2,1716829,20,Admissão,2026-03-31,
356436,126,1716830,181,Baixa comissão para discussão,2026-03-31,
356436,3,1716831,21,Anúncio,2026-04-01,
356526,1,1716971,10,Entrada,2026-04-07,
356526,2,1717413,20,Admissão,2026-04-16,
356526,126,1717414,181,Baixa comissão para discussão,2026-04-16,
356526,3,1717415,21,Anúncio,2026-04-16,
356526,64,1717799,243,Apreciação,2026-04-23,
356526,13,1718066,250,Votação na generalidade,2026-04-24,
356539,1,1716986,10,Entrada,2026-04-07,
356539,2,1717378,20,Admissão,2026-04-16,
356539,3,1717379,21,Anúncio,2026-04-16,
356539,64,1717793,243,Apreciação,2026-04-23,
356539,13,1718058,250,Votação na generalidade,2026-04-24,
356539,14,1718059,270,Baixa comissão especialidade,2026-04-24,
356446,1,1716787,10,Entrada,2026-03-30,
356446,2,1717360,20,Admissão,2026-04-15,
356446,126,1717361,181,Baixa comissão para discussão,2026-04-15,
356446,3,1717362,21,Anúncio,2026-04-16,
356450,1,1716790,10,Entrada,2026-03-30,
356450,2,1717370,20,Admissão,2026-04-15,
356450,3,1717371,21,Anúncio,2026-04-16,
356450,126,1729249,181,Baixa comissão para discussão,2026-05-19,
356528,1,1716973,10,Entrada,2026-04-07,
356528,2,1717390,20,Admissão,2026-04-16,
356528,3,1717391,21,Anúncio,2026-04-16,
356528,64,1717789,243,Apreciação,2026-04-23,
356528,13,1718052,250,Votação na generalidade,2026-04-24,
356528,14,1718053,270,Baixa comissão especialidade,2026-04-24,
356481,1,1716858,10,Entrada,2026-03-31,
356481,2,1717368,20,Admissão,2026-04-15,
356481,3,1717369,21,Anúncio,2026-04-16,
356481,64,1717237,243,Apreciação,2026-04-17,
356481,13,1717709,250,Votação na generalidade,2026-04-17,
356478,1,1716855,10,Entrada,2026-03-31,
356478,2,1717322,20,Admissão,2026-04-15,
356478,3,1717323,21,Anúncio,2026-04-16,
356478,64,1717810,243,Apreciação,2026-04-23,
356478,13,1718074,250,Votação na generalidade,2026-04-24,
356521,1,1716946,10,Entrada,2026-04-02,
356521,2,1717363,20,Admissão,2026-04-15,
356521,126,1717364,181,Baixa comissão para discussão,2026-04-15,
356521,3,1717365,21,Anúncio,2026-04-16,
356521,73,1729198,335,Votação Deliberação,2026-05-15,
356484,1,1716860,10,Entrada,2026-03-31,
356484,2,1717433,20,Admissão,2026-04-15,
356484,3,1717434,21,Anúncio,2026-04-16,
356484,64,1717224,243,Apreciação,2026-04-16,
356484,13,1717679,250,Votação na generalidade,2026-04-17,
356530,1,1716975,10,Entrada,2026-04-07,
356530,2,1717388,20,Admissão,2026-04-16,
356530,3,1717389,21,Anúncio,2026-04-16,
356530,64,1717790,243,Apreciação,2026-04-23,
356530,13,1718054,250,Votação na generalidade,2026-04-24,
356530,14,1718055,270,Baixa comissão especialidade,2026-04-24,
356577,1,1717609,10,Entrada,2026-04-17,
356577,2,1717886,20,Admissão,2026-04-21,
356577,3,1717887,21,Anúncio,2026-04-22,
356577,64,1728541,243,Apreciação,2026-05-08,
356577,13,1728791,250,Votação na generalidade,2026-05-08,
356577,14,1728792,270,Baixa comissão especialidade,2026-05-08,
356553,1,1717268,10,Entrada,2026-04-13,
356553,2,1717401,20,Admissão,2026-04-16,
356553,126,1717402,181,Baixa comissão para discussão,2026-04-16,
356553,3,1717403,21,Anúncio,2026-04-16,
356553,64,1729048,243,Apreciação,2026-05-20,
356553,13,1729431,250,Votação na generalidade,2026-05-22,
356534,1,1716979,10,Entrada,2026-04-07,
356534,2,1717410,20,Admissão,2026-04-16,
356534,126,1717411,181,Baixa comissão para discussão,2026-04-16,
356534,3,1717412,21,Anúncio,2026-04-16,
356534,64,1717800,243,Apreciação,2026-04-23,
356534,13,1718067,250,Votação na generalidade,2026-04-24,
356693,1,1728423,10,Entrada,2026-05-05,
356693,2,1728925,20,Admissão,2026-05-12,
356693,3,1728926,21,Anúncio,2026-05-13,
356693,64,1729037,243,Apreciação,2026-05-20,
356693,73,1729405,335,Votação Deliberação,2026-05-22,
356693,133,1729790,348,Envio à Comissão para fixação da Redação final,2026-06-01,
356693,57,1730228,360,Resolução (Publicação DAR),2026-06-11,
356693,26,1730231,400,Envio INCM,2026-06-11,
356693,44,1730297,600,Resolução da AR (Publicação DR),2026-06-15,
356492,1,1716869,10,Entrada,2026-03-31,
356492,2,1717096,20,Admissão,2026-04-10,
356492,3,1717097,21,Anúncio,2026-04-10,
356492,64,1717128,243,Apreciação,2026-04-10,
356492,13,1717234,250,Votação na generalidade,2026-04-10,
356738,1,1728742,10,Entrada,2026-05-08,
356738,3,1729123,21,Anúncio,2026-05-13,
356738,2,1729122,20,Admissão,2026-05-15,
356738,126,1729124,181,Baixa comissão para discussão,2026-05-15,
356738,73,1729797,335,Votação Deliberação,2026-05-29,
356738,133,1730055,348,Envio à Comissão para fixação da Redação final,2026-06-08,
356738,57,1730266,360,Resolução (Publicação DAR),2026-06-12,
356738,26,1730282,400,Envio INCM,2026-06-12,
356738,44,1730490,600,Resolução da AR (Publicação DR),2026-06-17,
356498,1,1716874,10,Entrada,2026-03-31,
356498,2,1717079,20,Admissão,2026-04-10,
356498,3,1717080,21,Anúncio,2026-04-10,
356498,64,1717105,243,Apreciação,2026-04-10,
356498,13,1717203,250,Votação na generalidade,2026-04-10,
356748,1,1728880,10,Entrada,2026-05-12,
356748,3,1729144,21,Anúncio,2026-05-13,
356748,2,1729143,20,Admissão,2026-05-15,
356748,126,1729145,181,Baixa comissão para discussão,2026-05-15,
356748,73,1730862,335,Votação Deliberação,2026-06-25,
356748,133,1731567,348,Envio à Comissão para fixação da Redação final,2026-07-13,
356748,57,1731749,360,Resolução (Publicação DAR),2026-07-16,
356748,26,1731750,400,Envio INCM,2026-07-16,
356748,44,1731908,600,Resolução da AR (Publicação DR),2026-07-21,
356647,1,1718196,10,Entrada,2026-04-29,
356647,2,1718205,20,Admissão,2026-04-29,
356647,3,1718206,21,Anúncio,2026-04-29,
356647,64,1718228,243,Apreciação,2026-04-30,Agendamento sem tempos
356647,73,1728746,335,Votação Deliberação,2026-05-08,
356647,57,1728995,360,Resolução (Publicação DAR),2026-05-13,
356647,26,1728996,400,Envio INCM,2026-05-13,
356647,44,1729022,600,Resolução da AR (Publicação DR),2026-05-15,
356757,1,1729010,10,Entrada,2026-05-14,
356757,3,1729154,21,Anúncio,2026-05-14,
356757,2,1729155,20,Admissão,2026-05-15,
356757,126,1729156,181,Baixa comissão para discussão,2026-05-15,
356757,73,1730013,335,Votação Deliberação,2026-06-03,
356757,133,1730434,348,Envio à Comissão para fixação da Redação final,2026-06-16,
356757,57,1730607,360,Resolução (Publicação DAR),2026-06-19,
356757,26,1730696,400,Envio INCM,2026-06-19,
356757,44,1730726,600,Resolução da AR (Publicação DR),2026-06-24,
356770,1,1729288,10,Entrada,2026-05-20,
356770,3,1729321,21,Anúncio,2026-05-20,
356770,2,1729320,20,Admissão,2026-05-21,
356770,126,1729322,181,Baixa comissão para discussão,2026-05-21,
356770,73,1731961,335,Votação Deliberação,2026-07-17,
356770,133,1731810,348,Envio à Comissão para fixação da Redação final,2026-07-18,
356770,57,1732043,360,Resolução (Publicação DAR),2026-07-23,
356770,26,1732044,400,Envio INCM,2026-07-23,
356770,44,1742130,600,Resolução da AR (Publicação DR),2026-07-28,
356569,1,1717555,10,Entrada,2026-04-17,
356569,2,1717866,20,Admissão,2026-04-21,
356569,126,1717867,181,Baixa comissão para discussão,2026-04-21,
356569,3,1717871,21,Anúncio,2026-04-22,
356569,73,1730399,335,Votação Deliberação,2026-06-12,
356512,1,1716892,10,Entrada,2026-03-31,
356512,2,1717435,20,Admissão,2026-04-15,
356512,3,1717436,21,Anúncio,2026-04-16,
356512,64,1717226,243,Apreciação,2026-04-16,
356512,13,1717682,250,Votação na generalidade,2026-04-17,
356676,1,1728383,10,Entrada,2026-05-05,
356676,2,1728904,20,Admissão,2026-05-12,
356676,126,1728905,181,Baixa comissão para discussão,2026-05-12,
356676,3,1728906,21,Anúncio,2026-05-13,
356676,64,1729056,243,Apreciação,2026-05-20,
356676,13,1729449,250,Votação na generalidade,2026-05-22,
356676,14,1729450,270,Baixa comissão especialidade,2026-05-22,
356510,1,1716890,10,Entrada,2026-04-01,
356510,2,1717366,20,Admissão,2026-04-15,
356510,3,1717367,21,Anúncio,2026-04-16,
356510,64,1717803,243,Apreciação,2026-04-23,
356510,13,1718070,250,Votação na generalidade,2026-04-24,
356685,1,1728393,10,Entrada,2026-05-05,
356685,2,1728912,20,Admissão,2026-05-12,
356685,126,1728913,181,Baixa comissão para discussão,2026-05-12,
356685,3,1728914,21,Anúncio,2026-05-13,
356685,64,1729058,243,Apreciação,2026-05-20,
356685,13,1729453,250,Votação na generalidade,2026-05-22,
356685,14,1729454,270,Baixa comissão especialidade,2026-05-22,
356580,1,1717639,10,Entrada,2026-04-17,
356580,2,1717890,20,Admissão,2026-04-21,
356580,3,1717891,21,Anúncio,2026-04-22,
356580,64,1728542,243,Apreciação,2026-05-08,
356580,13,1728793,250,Votação na generalidade,2026-05-08,
356580,14,1728794,270,Baixa comissão especialidade,2026-05-08,
356644,1,1718152,10,Entrada,2026-04-29,
356644,2,1718155,20,Admissão,2026-04-29,
356644,3,1718156,21,Anúncio,2026-04-29,
356644,73,1718235,335,Votação Deliberação,2026-04-30,
356644,57,1728406,360,Resolução (Publicação DAR),2026-05-05,
356644,26,1728407,400,Envio INCM,2026-05-05,
356644,44,1728528,600,Resolução da AR (Publicação DR),2026-05-07,
356622,1,1717941,10,Entrada,2026-04-23,
356622,2,1718032,20,Admissão,2026-04-23,
356622,3,1718033,21,Anúncio,2026-04-24,
356622,73,1718040,335,Votação Deliberação,2026-04-24,
356622,57,1729344,360,Resolução (Publicação DAR),2026-05-21,
356622,26,1729345,400,Envio INCM,2026-05-21,
356622,44,1729362,600,Resolução da AR (Publicação DR),2026-05-22,
356632,1,1718119,10,Entrada,2026-04-27,
356632,2,1718179,20,Admissão,2026-04-29,
356632,126,1718180,181,Baixa comissão para discussão,2026-04-29,
356632,3,1718181,21,Anúncio,2026-04-29,
356632,126,1729922,181,Baixa comissão para discussão,2026-06-02,"Redistribuição da iniciativa à 6.ª Comissão, com conexão à 4.ª e à 5.ª, com despacho do PAR de 02-06-2026"
356753,1,1728987,10,Entrada,2026-05-13,
356753,3,1729147,21,Anúncio,2026-05-13,
356753,2,1729146,20,Admissão,2026-05-15,
356753,64,1729755,243,Apreciação,2026-05-29,
356753,73,1729781,335,Votação Deliberação,2026-05-29,
356753,133,1730077,348,Envio à Comissão para fixação da Redação final,2026-06-08,
356753,57,1730604,360,Resolução (Publicação DAR),2026-06-19,
356753,26,1730690,400,Envio INCM,2026-06-19,
356753,44,1730723,600,Resolução da AR (Publicação DR),2026-06-24,
356645,1,1718154,10,Entrada,2026-04-29,
356645,2,1728353,20,Admissão,2026-05-05,
356645,3,1728354,21,Anúncio,2026-05-13,
356645,64,1729074,243,Apreciação,2026-05-21,
356645,13,1729475,250,Votação na generalidade,2026-05-22,
356645,14,1729476,270,Baixa comissão especialidade,2026-05-22,
356910,1,1730276,10,Entrada,2026-06-12,
356910,2,1730467,20,Admissão,2026-06-17,
356910,3,1730468,21,Anúncio,2026-06-17,
356910,64,1731139,243,Apreciação,2026-06-18,
356910,13,1730637,250,Votação na generalidade,2026-06-19,
356910,14,1730638,270,Baixa comissão especialidade,2026-06-19,
356910,18,1731913,320,Votação final global,2026-07-17,
356910,133,1731995,348,Envio à Comissão para fixação da Redação final,2026-07-21,
356910,57,1742058,360,Resolução (Publicação DAR),2026-07-23,
356910,26,1742059,400,Envio INCM,2026-07-23,
356910,44,1742133,600,Resolução da AR (Publicação DR),2026-07-28,
356643,1,1718150,10,Entrada,2026-04-28,
356643,2,1728350,20,Admissão,2026-05-05,
356643,126,1728351,181,Baixa comissão para discussão,2026-05-05,
356643,3,1728352,21,Anúncio,2026-05-06,
356643,126,1729017,181,Baixa comissão para discussão,2026-05-14,Redistribuição
356648,1,1718229,10,Entrada,2026-04-29,
356648,2,1728356,20,Admissão,2026-05-05,
356648,3,1728357,21,Anúncio,2026-05-06,
356648,64,1729078,243,Apreciação,2026-05-21,
356648,13,1729479,250,Votação na generalidade,2026-05-22,
356648,14,1729480,270,Baixa comissão especialidade,2026-05-22,
356928,1,1730438,10,Entrada,2026-06-16,
356928,2,1730548,20,Admissão,2026-06-19,
356928,126,1730549,181,Baixa comissão para discussão,2026-06-19,
356928,3,1730550,21,Anúncio,2026-06-19,
356928,126,1731190,181,Baixa comissão para discussão,2026-07-02,"Redistribuição da iniciativa à 1.ª Comissão, com despacho de 02-07-2026"
356928,73,1731957,335,Votação Deliberação,2026-07-17,
356928,133,1731866,348,Envio à Comissão para fixação da Redação final,2026-07-20,
356928,57,1742060,360,Resolução (Publicação DAR),2026-07-23,
356928,26,1742061,400,Envio INCM,2026-07-23,
356928,44,1742134,600,Resolução da AR (Publicação DR),2026-07-28,
356716,1,1728481,10,Entrada,2026-05-05,
356716,2,1728943,20,Admissão,2026-05-12,
356716,126,1728944,181,Baixa comissão para discussão,2026-05-12,
356716,3,1728945,21,Anúncio,2026-05-13,
356716,64,1729060,243,Apreciação,2026-05-20,
356716,13,1729457,250,Votação na generalidade,2026-05-22,
356716,14,1729458,270,Baixa comissão especialidade,2026-05-22,
356531,1,1716976,10,Entrada,2026-04-07,
356531,2,1717385,20,Admissão,2026-04-16,
356531,126,1717386,181,Baixa comissão para discussão,2026-04-16,
356531,3,1717387,21,Anúncio,2026-04-16,
356556,1,1717295,10,Entrada,2026-04-14,
356556,2,1717839,20,Admissão,2026-04-21,
356556,126,1717840,181,Baixa comissão para discussão,2026-04-21,
356556,3,1717842,21,Anúncio,2026-04-22,
356579,1,1717638,10,Entrada,2026-04-17,
356579,2,1717888,20,Admissão,2026-04-21,
356579,3,1717889,21,Anúncio,2026-04-22,
356579,64,1718226,243,Apreciação,2026-04-30,
356579,13,1718250,250,Votação na generalidade,2026-04-30,
356823,1,1729613,10,Entrada,2026-05-26,
356823,3,1729700,21,Anúncio,2026-05-27,
356823,2,1729701,20,Admissão,2026-05-28,
356823,126,1729702,181,Baixa comissão para discussão,2026-05-28,
356823,73,1730657,335,Votação Deliberação,2026-06-19,
356823,133,1731007,348,Envio à Comissão para fixação da Redação final,2026-07-01,
356823,57,1731751,360,Resolução (Publicação DAR),2026-07-16,
356823,26,1731752,400,Envio INCM,2026-07-16,
356823,44,1731883,600,Resolução da AR (Publicação DR),2026-07-21,
356490,1,1716867,10,Entrada,2026-03-31,
356490,2,1717319,20,Admissão,2026-04-15,
356490,35,1717312,648,Retirada da iniciativa,2026-04-16,
356697,1,1728427,10,Entrada,2026-05-05,
356697,2,1728929,20,Admissão,2026-05-12,
356697,3,1728930,21,Anúncio,2026-05-13,
356697,64,1729084,243,Apreciação,2026-05-21,
356697,13,1729496,250,Votação na generalidade,2026-05-22,
356697,14,1729497,270,Baixa comissão especialidade,2026-05-22,
356697,18,1730018,320,Votação final global,2026-06-03,"Texto final, apresentado pela Comissão de Agricultura e Pescas, relativo ao Projeto de Resolução n.º 928/XVII/1.ª (L)"
356592,1,1717659,10,Entrada,2026-04-17,
356592,2,1717900,20,Admissão,2026-04-21,
356592,3,1717901,21,Anúncio,2026-04-22,
356592,64,1728549,243,Apreciação,2026-05-08,
356592,13,1728807,250,Votação na generalidade,2026-05-08,
356557,1,1717296,10,Entrada,2026-04-14,
356557,2,1717843,20,Admissão,2026-04-21,
356557,126,1717844,181,Baixa comissão para discussão,2026-04-21,
356557,3,1717850,21,Anúncio,2026-04-22,
356736,1,1728739,10,Entrada,2026-05-08,
356736,2,1728977,20,Admissão,2026-05-12,
356736,3,1728978,21,Anúncio,2026-05-13,
356736,64,1728890,243,Apreciação,2026-05-14,
356736,13,1729109,250,Votação na generalidade,2026-05-14,
356736,14,1729110,270,Baixa comissão especialidade,2026-05-14,
356736,14,1729544,270,Baixa comissão especialidade,2026-05-26,
356600,1,1717695,10,Entrada,2026-04-17,
356600,2,1717906,20,Admissão,2026-04-21,
356600,3,1717907,21,Anúncio,2026-04-22,
356600,64,1728508,243,Apreciação,2026-05-07,
356600,13,1728778,250,Votação na generalidade,2026-05-08,
356638,1,1718145,10,Entrada,2026-04-28,
356638,2,1728337,20,Admissão,2026-05-05,
356638,126,1728338,181,Baixa comissão para discussão,2026-05-05,
356638,3,1728339,21,Anúncio,2026-05-06,
356638,73,1729798,335,Votação Deliberação,2026-05-29,
356779,1,1729363,10,Entrada,2026-05-21,
356779,3,1729558,21,Anúncio,2026-05-21,
356779,2,1729559,20,Admissão,2026-05-26,
356779,126,1729560,181,Baixa comissão para discussão,2026-05-26,
356779,64,1731120,243,Apreciação,2026-07-02,
356779,13,1731275,250,Votação na generalidade,2026-07-02,
356779,14,1731276,270,Baixa comissão especialidade,2026-07-02,
356651,1,1718233,10,Entrada,2026-04-30,
356651,2,1728367,20,Admissão,2026-05-05,
356651,126,1728368,181,Baixa comissão para discussão,2026-05-05,
356651,3,1728369,21,Anúncio,2026-05-06,
356651,73,1729789,335,Votação Deliberação,2026-05-29,
356606,1,1717739,10,Entrada,2026-04-20,
356606,2,1717913,20,Admissão,2026-04-21,
356606,126,1717914,181,Baixa comissão para discussão,2026-04-21,
356606,3,1717915,21,Anúncio,2026-04-22,
356607,1,1717740,10,Entrada,2026-04-20,
356607,2,1717974,20,Admissão,2026-04-23,
356607,126,1717975,181,Baixa comissão para discussão,2026-04-23,
356607,3,1717976,21,Anúncio,2026-04-23,
356598,1,1717680,10,Entrada,2026-04-17,
356598,2,1717904,20,Admissão,2026-04-21,
356598,3,1717905,21,Anúncio,2026-04-22,
356598,64,1728592,243,Apreciação,2026-05-15,
356598,73,1729185,335,Votação Deliberação,2026-05-15,
356666,1,1728293,10,Entrada,2026-05-04,
356666,2,1728647,20,Admissão,2026-05-08,
356666,126,1728648,181,Baixa comissão para discussão,2026-05-08,
356666,3,1728649,21,Anúncio,2026-05-13,
356666,73,1731962,335,Votação Deliberação,2026-07-17,
356548,1,1717054,10,Entrada,2026-04-09,
356548,2,1717376,20,Admissão,2026-04-10,
356548,3,1717377,21,Anúncio,2026-04-10,
356548,73,1717172,335,Votação Deliberação,2026-04-10,
356609,1,1717742,10,Entrada,2026-04-20,
356609,2,1717971,20,Admissão,2026-04-23,
356609,126,1717972,181,Baixa comissão para discussão,2026-04-23,
356609,3,1717973,21,Anúncio,2026-04-23,
356698,1,1728428,10,Entrada,2026-05-05,
356698,2,1728680,20,Admissão,2026-05-08,
356698,3,1728681,21,Anúncio,2026-05-13,
356698,64,1729090,243,Apreciação,2026-05-21,
356698,13,1729510,250,Votação na generalidade,2026-05-22,
356698,14,1729511,270,Baixa comissão especialidade,2026-05-22,
315103,1,1627387,10,Entrada,2025-06-17,
315103,51,1641829,50,Publicação,2025-06-17,
315103,2,1627646,20,Admissão,2025-06-25,"Despacho do PAR: ""Com ressalva dos limites da norma travão"""
315103,3,1627686,21,Anúncio,2025-06-26,
315103,9,1628084,180,Baixa comissão distribuição inicial generalidade,2025-07-02,
315103,10,1642693,190,Discussão generalidade,2025-12-18,
315103,13,1642752,250,Votação na generalidade,2025-12-18,
315103,14,1642753,270,Baixa comissão especialidade,2025-12-18,
315103,18,1730887,320,Votação final global,2026-06-25,
315103,133,1731300,348,Envio à Comissão para fixação da Redação final,2026-07-03,
315103,31,1731766,350,Decreto (Publicação),2026-07-17,
315103,23,1732008,370,Envio para promulgação,2026-07-23,
315103,24,1752354,380,Promulgação,2026-08-03,
315103,25,1752355,390,Referenda,2026-08-04,
315103,26,1752356,400,Envio INCM,2026-08-05,
315103,32,1752367,580,Lei (Publicação DR),2026-08-07,
356830,1,1729707,10,Entrada,2026-05-28,
356830,2,1729870,20,Admissão,2026-06-02,
356830,126,1729871,181,Baixa comissão para discussão,2026-06-02,
356830,3,1729872,21,Anúncio,2026-06-02,
356832,1,1729715,10,Entrada,2026-05-28,
356832,2,1729876,20,Admissão,2026-06-02,
356832,126,1729877,181,Baixa comissão para discussão,2026-06-02,
356832,3,1729878,21,Anúncio,2026-06-02,
356826,1,1729683,10,Entrada,2026-05-28,
356826,2,1729856,20,Admissão,2026-06-02,
356826,126,1729858,181,Baixa comissão para discussão,2026-06-02,
356826,3,1729857,21,Anúncio,2026-06-02,
356944,1,1730522,10,Entrada,2026-06-18,
356944,2,1730697,20,Admissão,2026-06-22,
356944,126,1730698,181,Baixa comissão para discussão,2026-06-22,
356944,3,1730699,21,Anúncio,2026-06-24,
356944,126,1730818,181,Baixa comissão para discussão,2026-06-25,"Redistribuição da iniciativa à 6.ª Comissão, com despacho de 24-06-2026"
356834,1,1729718,10,Entrada,2026-05-28,
356834,2,1729882,20,Admissão,2026-06-02,
356834,126,1729883,181,Baixa comissão para discussão,2026-06-02,
356834,3,1729884,21,Anúncio,2026-06-02,
356930,1,1730487,10,Entrada,2026-06-16,
356930,2,1730533,20,Admissão,2026-06-19,
356930,3,1730534,21,Anúncio,2026-06-19,
356930,73,1730616,335,Votação Deliberação,2026-06-19,
356930,57,1730681,360,Resolução (Publicação DAR),2026-06-22,
356930,26,1730683,400,Envio INCM,2026-06-22,
356930,44,1730727,600,Resolução da AR (Publicação DR),2026-06-24,
356837,1,1729761,10,Entrada,2026-05-29,
356837,2,1729891,20,Admissão,2026-06-02,
356837,126,1729892,181,Baixa comissão para discussão,2026-06-02,
356837,3,1729893,21,Anúncio,2026-06-02,
356855,1,1729923,10,Entrada,2026-06-02,
356855,2,1730093,20,Admissão,2026-06-08,
356855,126,1730101,181,Baixa comissão para discussão,2026-06-08,
356855,3,1730134,21,Anúncio,2026-06-11,
356833,1,1729716,10,Entrada,2026-05-28,
356833,2,1729879,20,Admissão,2026-06-02,
356833,126,1729880,181,Baixa comissão para discussão,2026-06-02,
356833,3,1729881,21,Anúncio,2026-06-02,
356857,1,1729925,10,Entrada,2026-06-02,
356857,2,1730089,20,Admissão,2026-06-08,
356857,126,1730090,181,Baixa comissão para discussão,2026-06-08,
356857,3,1730136,21,Anúncio,2026-06-11,
356864,1,1730025,10,Entrada,2026-06-08,
356864,2,1730181,20,Admissão,2026-06-11,
356864,3,1730182,21,Anúncio,2026-06-11,
356864,126,1730183,181,Baixa comissão para discussão,2026-06-11,
356946,1,1730530,10,Entrada,2026-06-19,
356946,2,1730751,20,Admissão,2026-06-24,
356946,3,1730752,21,Anúncio,2026-06-24,
356946,64,1730747,243,Apreciação,2026-06-25,
356946,13,1730849,250,Votação na generalidade,2026-06-25,
356946,14,1730850,270,Baixa comissão especialidade,2026-06-25,
315117,1,1627457,10,Entrada,2025-06-20,
315117,51,1705026,50,Publicação,2025-06-20,
315117,2,1627632,20,Admissão,2025-06-25,
315117,144,1627627,22,Audição promovida pelo PAR para a ALRAA,2025-06-26,
315117,145,1627628,23,Audição promovida pelo PAR para a ALRAM,2025-06-26,
315117,146,1627629,24,Audição promovida pelo PAR para o Governo da RAA,2025-06-26,
315117,147,1627630,25,Audição promovida pelo PAR para o Governo da RAM,2025-06-26,
315117,3,1627688,21,Anúncio,2025-06-26,
315117,9,1627810,180,Baixa comissão distribuição inicial generalidade,2025-06-27,
315117,151,1628987,175,Parecer do Governo da RAM,2025-07-15,
315117,148,1629054,172,Parecer da ALRAA,2025-07-16,
315117,149,1629163,173,Parecer da ALRAM,2025-07-17,
356943,1,1730521,10,Entrada,2026-06-18,
356943,2,1730535,20,Admissão,2026-06-19,
356943,3,1730536,21,Anúncio,2026-06-19,
356943,73,1730618,335,Votação Deliberação,2026-06-19,
356943,57,1730682,360,Resolução (Publicação DAR),2026-06-22,
356943,26,1730684,400,Envio INCM,2026-06-22,
356943,44,1730830,600,Resolução da AR (Publicação DR),2026-06-26,
315053,1,1627234,10,Entrada,2025-06-05,
315053,51,1641636,50,Publicação,2025-06-05,
315053,2,1627289,20,Admissão,2025-06-12,
315053,3,1627340,21,Anúncio,2025-06-17,
315053,9,1627795,180,Baixa comissão distribuição inicial generalidade,2025-06-27,Com conexão à 11.ª comissão
315053,10,1683685,190,Discussão generalidade,2026-01-30,
315053,122,1694116,237,Requerimento Baixa Comissão sem Votação (Generalidade),2026-01-30,
315053,12,1694117,240,Nova apreciação comissão generalidade,2026-01-30,
315053,152,1716925,225,Requerimento,2026-04-01,"Requerimento, apresentado pela Comissão de Orçamento, Finanças e Administração Pública, a solicitar a prorrogação do prazo para reapreciação na generalidade, na Comissão de Orçamento e Finanças, por mais 60 dias, do Projeto de Lei n.º 8/XVII/1.ª (PAN) e do Projeto de Lei n.º 387/XVII/1.ª (PS)"
315053,152,1730506,225,Requerimento,2026-06-17,
356973,1,1730828,10,Entrada,2026-06-26,
356973,2,1731091,20,Admissão,2026-07-01,
356973,3,1731092,21,Anúncio,2026-07-02,
356973,64,1731124,243,Apreciação,2026-07-02,
356973,13,1731279,250,Votação na generalidade,2026-07-02,
356973,14,1731280,270,Baixa comissão especialidade,2026-07-02,
315509,1,1629795,10,Entrada,2025-09-02,
315509,2,1630308,20,Admissão,2025-09-17,
315509,9,1630309,180,Baixa comissão distribuição inicial generalidade,2025-09-17,
315509,3,1630318,21,Anúncio,2025-09-17,
315509,10,1630657,190,Discussão generalidade,2025-09-25,
315509,13,1630812,250,Votação na generalidade,2025-09-25,
315509,14,1630813,270,Baixa comissão especialidade,2025-09-25,
315509,15,1731046,280,Requerimento avocação plenário,2026-07-01,
315509,34,1731332,310,Votação na especialidade,2026-07-03,
315509,18,1731333,320,Votação final global,2026-07-03,
315509,133,1731479,348,Envio à Comissão para fixação da Redação final,2026-07-08,
315509,31,1731759,350,Decreto (Publicação),2026-07-16,
315509,24,1752142,380,Promulgação,2026-07-27,
315509,25,1752143,390,Referenda,2026-07-28,
315509,26,1752144,400,Envio INCM,2026-07-29,
315509,32,1752229,580,Lei (Publicação DR),2026-08-03,
315579,1,1630188,10,Entrada,2025-09-12,
315579,2,1630368,20,Admissão,2025-09-17,
315579,3,1630369,21,Anúncio,2025-09-17,
315579,9,1630370,180,Baixa comissão distribuição inicial generalidade,2025-09-17,
315579,10,1630263,190,Discussão generalidade,2025-09-19,
315579,122,1630501,237,Requerimento Baixa Comissão sem Votação (Generalidade),2025-09-19,
315579,12,1630600,240,Nova apreciação comissão generalidade,2025-09-19,
315579,13,1718098,250,Votação na generalidade,2026-04-24,Texto de substituição relativo ao Projeto de Lei nº 206/XVII/1ª (PS)
315579,34,1718099,310,Votação na especialidade,2026-04-24,Texto de substituição relativo ao Projeto de Lei nº 206/XVII/1ª (PS)
315579,18,1718100,320,Votação final global,2026-04-24,Texto de substituição relativo ao Projeto de Lei nº 206/XVII/1ª (PS)
315579,133,1728509,348,Envio à Comissão para fixação da Redação final,2026-05-06,
315579,31,1729267,350,Decreto (Publicação),2026-05-20,
315579,23,1729509,370,Envio para promulgação,2026-05-26,
315579,24,1730512,380,Promulgação,2026-06-05,
315579,25,1730513,390,Referenda,2026-06-06,
315579,26,1730514,400,Envio INCM,2026-06-17,
315579,32,1730686,580,Lei (Publicação DR),2026-06-23,
356997,1,1730966,10,Entrada,2026-06-30,
356997,2,1731202,20,Admissão,2026-07-02,
356997,126,1731203,181,Baixa comissão para discussão,2026-07-02,
356997,3,1731204,21,Anúncio,2026-07-03,
356997,126,1731555,181,Baixa comissão para discussão,2026-07-10,
356880,1,1730110,10,Entrada,2026-06-08,
356880,2,1730173,20,Admissão,2026-06-11,
356880,3,1730174,21,Anúncio,2026-06-11,
356880,64,1730308,243,Apreciação,2026-06-11,
356880,13,1730368,250,Votação na generalidade,2026-06-12,
356882,1,1730112,10,Entrada,2026-06-08,
356882,2,1730179,20,Admissão,2026-06-11,
356882,3,1730180,21,Anúncio,2026-06-11,
356882,64,1730331,243,Apreciação,2026-06-12,
356882,13,1730389,250,Votação na generalidade,2026-06-12,
315067,1,1627269,10,Entrada,2025-06-09,
315067,51,1630622,50,Publicação,2025-06-09,
315067,2,1627295,20,Admissão,2025-06-12,"Despacho PAR ""Ressalvando os limites da norma travão"""
315067,3,1627346,21,Anúncio,2025-06-17,
315067,9,1628082,180,Baixa comissão distribuição inicial generalidade,2025-07-02,
315067,10,1683639,190,Discussão generalidade,2026-01-23,
315067,122,1683748,237,Requerimento Baixa Comissão sem Votação (Generalidade),2026-01-23,
315067,12,1683801,240,Nova apreciação comissão generalidade,2026-01-23,
315067,152,1716927,225,Requerimento,2026-04-01,"Requerimento, apresentado pela Comissão de Orçamento, Finanças e Administração Pública, a solicitar a prorrogação do prazo para reapreciação na generalidade, na Comissão de Orçamento e Finanças, por mais 60 dias, do Projeto de Lei n.º 14/XVII/1ª (CH); do Projeto de Lei n.º 373/XVII/1.ª (IL); do Projeto de Lei n.º 377/XVII/1.ª (BE) e do Projeto de Lei n.º 384/XVII/1.ª (L)"
315067,152,1730508,225,Requerimento,2026-06-17,
357044,1,1731475,10,Entrada,2026-07-08,
357044,2,1731498,20,Admissão,2026-07-08,
357044,126,1731499,181,Baixa comissão para discussão,2026-07-08,
357044,3,1731500,21,Anúncio,2026-07-16,
357044,73,1731850,335,Votação Deliberação,2026-07-17,
357044,57,1731856,360,Resolução (Publicação DAR),2026-07-17,
357044,44,1731993,600,Resolução da AR (Publicação DR),2026-07-22,
356845,1,1729815,10,Entrada,2026-06-01,
356845,2,1729900,20,Admissão,2026-06-02,
356845,126,1729901,181,Baixa comissão para discussão,2026-06-02,
356900,1,1730250,10,Entrada,2026-06-12,
356900,2,1730540,20,Admissão,2026-06-19,
356900,126,1730541,181,Baixa comissão para discussão,2026-06-19,
356900,3,1730542,21,Anúncio,2026-06-19,
356879,1,1730109,10,Entrada,2026-06-08,
356879,2,1730161,20,Admissão,2026-06-11,
356879,3,1730162,21,Anúncio,2026-06-11,
356879,64,1730321,243,Apreciação,2026-06-11,
356879,13,1730380,250,Votação na generalidade,2026-06-12,
356942,1,1730520,10,Entrada,2026-06-18,
356942,2,1730700,20,Admissão,2026-06-22,
356942,126,1730701,181,Baixa comissão para discussão,2026-06-22,
356942,3,1730702,21,Anúncio,2026-06-24,
356942,73,1730864,335,Votação Deliberação,2026-06-25,
356867,1,1730064,10,Entrada,2026-06-08,
356867,2,1730153,20,Admissão,2026-06-11,
356867,3,1730154,21,Anúncio,2026-06-11,
356867,126,1730155,181,Baixa comissão para discussão,2026-06-11,
356932,1,1730492,10,Entrada,2026-06-16,
356932,2,1730553,20,Admissão,2026-06-19,
356932,3,1730554,21,Anúncio,2026-06-19,
356932,64,1730746,243,Apreciação,2026-06-25,
356932,13,1730848,250,Votação na generalidade,2026-06-25,
356991,1,1730951,10,Entrada,2026-06-26,
356991,2,1731081,20,Admissão,2026-07-01,
356991,3,1731082,21,Anúncio,2026-07-02,
356991,10,1731123,190,Discussão generalidade,2026-07-02,
356991,64,1731125,243,Apreciação,2026-07-02,
356991,13,1731282,250,Votação na generalidade,2026-07-02,
356931,1,1730491,10,Entrada,2026-06-16,
356931,2,1730551,20,Admissão,2026-06-19,
356931,3,1730552,21,Anúncio,2026-06-19,
356931,64,1730744,243,Apreciação,2026-06-25,
356931,13,1730847,250,Votação na generalidade,2026-06-25,
315034,1,1627199,10,Entrada,2025-06-03,
315034,51,1642045,50,Publicação,2025-06-03,
315034,2,1627248,20,Admissão,2025-06-06,"Despacho do PAR: ""Ressalvando os limites da norma travão."""
315034,3,1627333,21,Anúncio,2025-06-17,
315034,9,1627835,180,Baixa comissão distribuição inicial generalidade,2025-06-27,
315034,49,1629885,55,Publicação em Separata,2025-09-10,
315034,10,1630273,190,Discussão generalidade,2025-09-19,
315034,13,1630866,250,Votação na generalidade,2025-09-26,
315034,14,1630867,270,Baixa comissão especialidade,2025-09-26,
356933,1,1730493,10,Entrada,2026-06-16,
356933,2,1730555,20,Admissão,2026-06-19,
356933,126,1730556,181,Baixa comissão para discussão,2026-06-19,
356933,3,1730557,21,Anúncio,2026-06-19,
315095,1,1627331,10,Entrada,2025-06-16,
315095,51,1630985,50,Publicação,2025-06-16,
315095,2,1627401,20,Admissão,2025-06-17,
315095,3,1627402,21,Anúncio,2025-06-18,
315095,9,1627806,180,Baixa comissão distribuição inicial generalidade,2025-06-27,
315095,10,1628486,190,Discussão generalidade,2025-07-11,
315095,122,1628820,237,Requerimento Baixa Comissão sem Votação (Generalidade),2025-07-11,"Requerimento, apresentado pelo CDS-PP, solicitando a baixa à Comissão de Saúde, sem votação, do Projeto de Lei n.º 28/XVII/1.ª (CDS-PP)."
315095,12,1628957,240,Nova apreciação comissão generalidade,2025-07-11,"Baixa à Comissão de Saúde, sem votação, pelo prazo de 60 dias, por analogia ao aprovado para o Projeto de Lei n.º 106/XVII/1.ª (L)."
315095,123,1694070,195,Requerimento de adiamento de Votação (Generalidade),2026-01-30,"Requerimento, apresentado pela Comissão de Saúde, a solicitar a prorrogação do prazo para reapreciação na generalidade, por mais 60 dias"
315095,152,1729816,225,Requerimento,2026-04-30,"Votação do requerimento, apresentado pela Comissão de Saúde, para prorrogação do prazo para reapreciação na generalidade, por mais 60 dias, do Projeto de Lei n.º 28/XVII/1.ª (CDS-PP) — Revoga a Lei n.º 33/2025 e do Projeto de Lei n.º 106/XVII/1.ª (L) — Lei de prevenção e proteção contra a violência obstétrica"
357021,1,1731032,10,Entrada,2026-07-01,
357021,2,1731288,20,Admissão,2026-07-03,
357021,126,1731289,181,Baixa comissão para discussão,2026-07-03,
357021,3,1731290,21,Anúncio,2026-07-03,
357021,73,1731964,335,Votação Deliberação,2026-07-17,
356952,1,1730599,10,Entrada,2026-06-19,
356952,2,1730728,20,Admissão,2026-06-24,"Despacho do PAR: ""Atento o vertido no meu despacho n.º 210/XVII/1.ª"""
356952,3,1730729,21,Anúncio,2026-06-24,
356952,64,1730795,243,Apreciação,2026-06-24,
356952,13,1730806,250,Votação na generalidade,2026-06-24,
356858,1,1729955,10,Entrada,2026-06-03,
356858,2,1730104,20,Admissão,2026-06-08,
356858,3,1730137,21,Anúncio,2026-06-11,
315066,1,1627268,10,Entrada,2025-06-09,
315066,51,1630621,50,Publicação,2025-06-09,
315066,2,1627294,20,Admissão,2025-06-12,"Despacho PAR ""Ressalvando os limites constitucionais"""
315066,3,1627345,21,Anúncio,2025-06-17,
315066,9,1628081,180,Baixa comissão distribuição inicial generalidade,2025-07-02,
315066,10,1628461,190,Discussão generalidade,2025-07-09,
315066,13,1628871,250,Votação na generalidade,2025-07-11,
315066,14,1628872,270,Baixa comissão especialidade,2025-07-11,
357025,1,1731158,10,Entrada,2026-07-02,
357025,2,1731253,20,Admissão,2026-07-02,
357025,3,1731254,21,Anúncio,2026-07-03,
357025,73,1731311,335,Votação Deliberação,2026-07-03,
357025,57,1731474,360,Resolução (Publicação DAR),2026-07-08,
357025,44,1731581,600,Resolução da AR (Publicação DR),2026-07-13,
315104,1,1627388,10,Entrada,2025-06-17,
315104,51,1641830,50,Publicação,2025-06-17,
315104,2,1627645,20,Admissão,2025-06-25,
315104,3,1627687,21,Anúncio,2025-06-26,
315104,9,1627809,180,Baixa comissão distribuição inicial generalidade,2025-06-27,
315104,10,1628465,190,Discussão generalidade,2025-07-09,
315104,13,1628873,250,Votação na generalidade,2025-07-11,
315104,14,1628874,270,Baixa comissão especialidade,2025-07-11,
315043,1,1627211,10,Entrada,2025-06-03,
315043,51,1642049,50,Publicação,2025-06-03,
315043,2,1627252,20,Admissão,2025-06-06,
315043,3,1627337,21,Anúncio,2025-06-17,
315043,9,1627792,180,Baixa comissão distribuição inicial generalidade,2025-06-27,
315043,10,1628482,190,Discussão generalidade,2025-07-10,
315043,13,1628918,250,Votação na generalidade,2025-07-11,
315043,14,1628919,270,Baixa comissão especialidade,2025-07-11,
356983,1,1730942,10,Entrada,2026-06-26,
356983,2,1731085,20,Admissão,2026-07-01,
356983,3,1731086,21,Anúncio,2026-07-02,
356983,64,1731122,243,Apreciação,2026-07-02,
356983,13,1731281,250,Votação na generalidade,2026-07-02,
357003,1,1730975,10,Entrada,2026-06-30,
357003,2,1731214,20,Admissão,2026-07-02,
357003,126,1731215,181,Baixa comissão para discussão,2026-07-02,
357003,3,1731216,21,Anúncio,2026-07-03,
357006,1,1730978,10,Entrada,2026-06-30,
357006,2,1731238,20,Admissão,2026-07-02,
357006,126,1731239,181,Baixa comissão para discussão,2026-07-02,
357006,3,1731240,21,Anúncio,2026-07-03,
357004,1,1730976,10,Entrada,2026-06-30,
357004,2,1731220,20,Admissão,2026-07-02,
357004,126,1731221,181,Baixa comissão para discussão,2026-07-03,
357004,3,1731222,21,Anúncio,2026-07-03,
357064,1,1731575,10,Entrada,2026-07-13,
357064,2,1731662,20,Admissão,2026-07-15,
357064,126,1731664,181,Baixa comissão para discussão,2026-07-15,
357064,3,1731663,21,Anúncio,2026-07-16,
357064,126,1732053,181,Baixa comissão para discussão,2026-07-23,
357018,1,1731027,10,Entrada,2026-07-01,
357018,2,1731297,20,Admissão,2026-07-03,
357018,126,1731298,181,Baixa comissão para discussão,2026-07-03,
357018,3,1731299,21,Anúncio,2026-07-03,
357022,1,1731065,10,Entrada,2026-07-01,
357022,2,1731434,20,Admissão,2026-07-08,
357022,126,1731435,181,Baixa comissão para discussão,2026-07-08,
357022,3,1731436,21,Anúncio,2026-07-16,
357008,1,1730995,10,Entrada,2026-06-30,
357008,2,1731197,20,Admissão,2026-07-02,
357008,126,1731198,181,Baixa comissão para discussão,2026-07-02,Com conexão à 12.ª
357008,3,1731199,21,Anúncio,2026-07-03,
357024,1,1731103,10,Entrada,2026-07-02,
357024,2,1731437,20,Admissão,2026-07-08,
357024,126,1731438,181,Baixa comissão para discussão,2026-07-08,
357024,3,1731439,21,Anúncio,2026-07-16,
357026,1,1731255,10,Entrada,2026-07-02,
357026,2,1731440,20,Admissão,2026-07-08,
357026,126,1731441,181,Baixa comissão para discussão,2026-07-08,
357026,3,1731442,21,Anúncio,2026-07-16,
357031,1,1731305,10,Entrada,2026-07-03,
357031,2,1731452,20,Admissão,2026-07-08,
357031,126,1731453,181,Baixa comissão para discussão,2026-07-08,
357031,3,1731454,21,Anúncio,2026-07-16,
357037,1,1731397,10,Entrada,2026-07-06,
357037,2,1731458,20,Admissão,2026-07-08,
357037,126,1731459,181,Baixa comissão para discussão,2026-07-08,
357037,3,1731460,21,Anúncio,2026-07-16,
357029,1,1731285,10,Entrada,2026-07-03,
357029,2,1731446,20,Admissão,2026-07-08,
357029,126,1731447,181,Baixa comissão para discussão,2026-07-08,
357029,3,1731448,21,Anúncio,2026-07-16,
357053,1,1731545,10,Entrada,2026-07-10,
357053,2,1731644,20,Admissão,2026-07-15,
357053,126,1731646,181,Baixa comissão para discussão,2026-07-15,
357053,3,1731645,21,Anúncio,2026-07-16,
357039,1,1731399,10,Entrada,2026-07-06,
357039,2,1731464,20,Admissão,2026-07-08,
357039,126,1731465,181,Baixa comissão para discussão,2026-07-08,
357039,3,1731466,21,Anúncio,2026-07-16,
357035,1,1731373,10,Entrada,2026-07-06,
357035,2,1731455,20,Admissão,2026-07-08,
357035,126,1731456,181,Baixa comissão para discussão,2026-07-08,
357035,3,1731457,21,Anúncio,2026-07-16,
357041,1,1731401,10,Entrada,2026-07-06,
357041,2,1731470,20,Admissão,2026-07-08,
357041,126,1731471,181,Baixa comissão para discussão,2026-07-08,
357041,3,1731472,21,Anúncio,2026-07-16,
357050,1,1731514,10,Entrada,2026-07-09,
357050,2,1731641,20,Admissão,2026-07-15,
357050,126,1731643,181,Baixa comissão para discussão,2026-07-15,
357050,3,1731642,21,Anúncio,2026-07-16,
357063,1,1731573,10,Entrada,2026-07-13,
357063,2,1731659,20,Admissão,2026-07-15,
357063,126,1731661,181,Baixa comissão para discussão,2026-07-15,
357063,3,1731660,21,Anúncio,2026-07-16,
357062,1,1731572,10,Entrada,2026-07-13,
357062,2,1731675,20,Admissão,2026-07-16,
357062,3,1731676,21,Anúncio,2026-07-16,
357062,126,1731677,181,Baixa comissão para discussão,2026-07-16,
357047,1,1731497,10,Entrada,2026-07-08,
357047,2,1731635,20,Admissão,2026-07-15,
357047,126,1731637,181,Baixa comissão para discussão,2026-07-15,
357047,3,1731636,21,Anúncio,2026-07-16,
357070,1,1731586,10,Entrada,2026-07-14,
357070,2,1731684,20,Admissão,2026-07-16,
357070,3,1731685,21,Anúncio,2026-07-16,
357070,126,1731686,181,Baixa comissão para discussão,2026-07-16,
357073,1,1731605,10,Entrada,2026-07-15,
357073,2,1731786,20,Admissão,2026-07-17,
357073,3,1731787,21,Anúncio,2026-07-17,
357073,126,1731788,181,Baixa comissão para discussão,2026-07-17,
357077,1,1731697,10,Entrada,2026-07-16,
357077,2,1731783,20,Admissão,2026-07-17,
357077,3,1731784,21,Anúncio,2026-07-17,
357077,126,1731785,181,Baixa comissão para discussão,2026-07-17,
357095,1,1732051,10,Entrada,2026-07-23,
357095,2,1752285,20,Admissão,2026-08-03,
357095,126,1752286,181,Baixa comissão para discussão,2026-08-03,
357095,3,1752409,21,Anúncio,2026-08-03,
315169,1,1627737,10,Entrada,2025-06-26,
315169,51,1642088,50,Publicação,2025-06-26,
315169,2,1627950,20,Admissão,2025-07-01,
315169,9,1627951,180,Baixa comissão distribuição inicial generalidade,2025-07-01,
315169,3,1627952,21,Anúncio,2025-07-02,
315169,10,1628484,190,Discussão generalidade,2025-07-11,
315169,13,1628937,250,Votação na generalidade,2025-07-11,
315169,14,1628938,270,Baixa comissão especialidade,2025-07-11,
357097,1,1732054,10,Entrada,2026-07-23,
357097,2,1752287,20,Admissão,2026-08-03,
357097,126,1752288,181,Baixa comissão para discussão,2026-08-03,
357097,3,1752410,21,Anúncio,2026-08-03,
357059,1,1731569,10,Entrada,2026-07-13,
357059,2,1731653,20,Admissão,2026-07-15,
357059,126,1731655,181,Baixa comissão para discussão,2026-07-15,
357059,3,1731654,21,Anúncio,2026-07-16,
367102,1,1742139,10,Entrada,2026-07-28,
367102,2,1752296,20,Admissão,2026-08-03,
367102,126,1752297,181,Baixa comissão para discussão,2026-08-03,
367102,3,1752414,21,Anúncio,2026-08-03,
315146,1,1627502,10,Entrada,2025-06-24,
315146,51,1641838,50,Publicação,2025-06-24,
315146,2,1627684,20,Admissão,2025-06-26,
315146,3,1627696,21,Anúncio,2025-06-26,
315146,9,1627812,180,Baixa comissão distribuição inicial generalidade,2025-06-27,
315146,49,1628457,55,Publicação em Separata,2025-07-08,
315146,10,1630267,190,Discussão generalidade,2025-09-19,
315146,13,1630855,250,Votação na generalidade,2025-09-26,
315599,1,1630209,10,Entrada,2025-09-16,
315599,2,1630483,20,Admissão,2025-09-18,
315599,9,1630484,180,Baixa comissão distribuição inicial generalidade,2025-09-18,
315599,3,1630643,21,Anúncio,2025-09-19,
315599,10,1704666,190,Discussão generalidade,2026-02-20,
315599,13,1704976,250,Votação na generalidade,2026-02-20,
315599,14,1704977,270,Baixa comissão especialidade,2026-02-20,
315599,18,1716684,320,Votação final global,2026-03-26,"Texto Final, apresentado pela Comissão de Infraestruturas, Mobilidade e Habitação, relativo aos Projetos de Lei n.º 81/XVII/1.ª (PSD), n.º 215/XVII/1.ª (CH) e n.º 426/XVII/1.ª (PAN)"
315599,133,1717535,348,Envio à Comissão para fixação da Redação final,2026-04-13,
315599,31,1718037,350,Decreto (Publicação),2026-04-24,
315599,23,1728374,370,Envio para promulgação,2026-04-30,
315599,24,1729354,380,Promulgação,2026-05-13,
315599,25,1729355,390,Referenda,2026-05-18,
315599,26,1729356,400,Envio INCM,2026-05-21,
315599,32,1729608,580,Lei (Publicação DR),2026-05-27,
377111,1,1752205,10,Entrada,2026-07-30,
377111,2,1752309,20,Admissão,2026-08-03,
377111,126,1752310,181,Baixa comissão para discussão,2026-08-03,
377111,3,1752421,21,Anúncio,2026-08-03,
377113,1,1752218,10,Entrada,2026-07-30,
377113,2,1752313,20,Admissão,2026-08-03,
377113,126,1752314,181,Baixa comissão para discussão,2026-08-03,
377113,3,1752423,21,Anúncio,2026-08-03,
357061,1,1731571,10,Entrada,2026-07-13,
357061,2,1731672,20,Admissão,2026-07-16,
357061,3,1731673,21,Anúncio,2026-07-16,
357061,126,1731674,181,Baixa comissão para discussão,2026-07-16,
315449,1,1629533,10,Entrada,2025-08-06,
315449,51,1730497,50,Publicação,2025-08-07,
315449,2,1629712,20,Admissão,2025-08-27,"Despacho do PAR: ""Proceder à Audição dos órgãos de Governo próprios das RRAA."""
315449,9,1629713,180,Baixa comissão distribuição inicial generalidade,2025-08-27,
315449,145,1629782,23,Audição promovida pelo PAR para a ALRAM,2025-08-29,
315449,144,1629783,22,Audição promovida pelo PAR para a ALRAA,2025-08-29,
315449,147,1629784,25,Audição promovida pelo PAR para o Governo da RAM,2025-08-29,
315449,191,1629785,28,"Nova audição promovida pelo PAR para o Governo da RAA
",2025-08-29,
315449,151,1629878,175,Parecer do Governo da RAM,2025-09-09,
315449,3,1630032,21,Anúncio,2025-09-10,
315449,149,1630149,173,Parecer da ALRAM,2025-09-11,
315449,150,1630191,174,Parecer do Governo da RAA,2025-09-15,
315449,148,1630458,172,Parecer da ALRAA,2025-09-18,
315650,1,1630831,10,Entrada,2025-09-29,
315650,2,1630954,20,Admissão,2025-09-30,
315650,9,1630955,180,Baixa comissão distribuição inicial generalidade,2025-09-30,
315650,3,1641322,21,Anúncio,2025-10-15,
315650,10,1716508,190,Discussão generalidade,2026-03-26,Consta da agenda sem tempos.
315650,13,1716646,250,Votação na generalidade,2026-03-26,"Texto de substituição relativo ao Projeto de Lei n.º 240/XVII/1 (PS) e ao Projeto de Lei n.º 279/XVII/1 (PSD e CDS-PP), apresentado pela Comissão da Reforma do Estado e Poder Local"
315650,34,1716647,310,Votação na especialidade,2026-03-26,"Texto de substituição relativo ao Projeto de Lei n.º 240/XVII/1 (PS) e ao Projeto de Lei n.º 279/XVII/1 (PSD e CDS-PP), apresentado pela Comissão da Reforma do Estado e Poder Local
(Votação da assunção pelo Plenário das votações indiciárias realizadas na especialidade em sede de Comissão)"
315650,18,1716648,320,Votação final global,2026-03-26,"Texto de substituição relativo ao Projeto de Lei n.º 240/XVII/1 (PS) e ao Projeto de Lei n.º 279/XVII/1 (PSD e CDS-PP), apresentado pela Comissão da Reforma do Estado e Poder Local"
315650,133,1717000,348,Envio à Comissão para fixação da Redação final,2026-04-08,
315650,31,1717865,350,Decreto (Publicação),2026-04-22,
315650,23,1728360,370,Envio para promulgação,2026-04-28,
315650,24,1728596,380,Promulgação,2026-05-04,
315650,25,1728597,390,Referenda,2026-05-06,
315650,26,1728598,400,Envio INCM,2026-05-07,
315650,32,1728622,580,Lei (Publicação DR),2026-05-08,
357072,1,1731589,10,Entrada,2026-07-15,
357072,2,1731690,20,Admissão,2026-07-16,
357072,3,1731691,21,Anúncio,2026-07-16,
357072,126,1731692,181,Baixa comissão para discussão,2026-07-16,
315652,1,1630835,10,Entrada,2025-09-29,
315652,2,1630950,20,Admissão,2025-09-30,
315652,9,1630951,180,Baixa comissão distribuição inicial generalidade,2025-09-30,
315652,3,1641324,21,Anúncio,2025-10-15,
315652,10,1716512,190,Discussão generalidade,2026-03-26,Consta da agenda sem tempos.
315652,13,1716674,250,Votação na generalidade,2026-03-26,"Texto de substituição relativo ao Projeto de Lei n.º 242/XVII/1 (PS) e ao Projeto de Lei n.º 280/XVII/1 (PSD e CDS-PP), apresentado pela Comissão da Reforma do Estado e Poder Local"
315652,34,1716675,310,Votação na especialidade,2026-03-26,"Texto de substituição relativo ao Projeto de Lei n.º 242/XVII/1 (PS) e ao Projeto de Lei n.º 280/XVII/1 (PSD e CDS-PP), apresentado pela Comissão da Reforma do Estado e Poder Local
(Votação da assunção pelo Plenário das votações indiciárias realizadas na especialidade em sede de Comissão)"
315652,18,1716676,320,Votação final global,2026-03-26,"Texto de substituição relativo ao Projeto de Lei n.º 242/XVII/1 (PS) e ao Projeto de Lei n.º 280/XVII/1 (PSD e CDS-PP), apresentado pela Comissão da Reforma do Estado e Poder Local"
315652,133,1717002,348,Envio à Comissão para fixação da Redação final,2026-04-08,
315652,31,1717854,350,Decreto (Publicação),2026-04-22,
315652,23,1728349,370,Envio para promulgação,2026-04-28,
315652,24,1728614,380,Promulgação,2026-05-04,
315652,25,1728615,390,Referenda,2026-05-06,
315652,26,1728616,400,Envio INCM,2026-05-07,
315652,32,1728626,580,Lei (Publicação DR),2026-05-08,
315060,1,1627242,10,Entrada,2025-06-06,
315060,51,1641787,50,Publicação,2025-06-06,
315060,2,1627291,20,Admissão,2025-06-12,
315060,3,1627342,21,Anúncio,2025-06-17,
315060,9,1628080,180,Baixa comissão distribuição inicial generalidade,2025-07-02,
315060,49,1628452,55,Publicação em Separata,2025-07-08,
315062,1,1627244,10,Entrada,2025-06-06,
315062,51,1641789,50,Publicação,2025-06-06,
315062,2,1627293,20,Admissão,2025-06-12,
315062,3,1627344,21,Anúncio,2025-06-17,
315062,9,1627797,180,Baixa comissão distribuição inicial generalidade,2025-06-27,
315062,49,1628454,55,Publicação em Separata,2025-07-08,
357088,1,1731985,10,Entrada,2026-07-21,
357088,2,1752268,20,Admissão,2026-08-03,
357088,126,1752269,181,Baixa comissão para discussão,2026-08-03,
357088,3,1752402,21,Anúncio,2026-08-03,
315401,1,1629315,10,Entrada,2025-07-23,
315401,51,1728439,50,Publicação,2025-07-23,
315401,2,1629360,20,Admissão,2025-07-25,
315401,144,1629364,22,Audição promovida pelo PAR para a ALRAA,2025-07-25,
315401,145,1629365,23,Audição promovida pelo PAR para a ALRAM,2025-07-25,
315401,146,1629366,24,Audição promovida pelo PAR para o Governo da RAA,2025-07-25,
315401,147,1629367,25,Audição promovida pelo PAR para o Governo da RAM,2025-07-25,
315401,9,1629361,180,Baixa comissão distribuição inicial generalidade,2025-07-25,
315401,150,1629535,174,Parecer do Governo da RAA,2025-08-06,
315401,151,1629543,175,Parecer do Governo da RAM,2025-08-10,
315401,148,1629556,172,Parecer da ALRAA,2025-08-14,
315401,3,1630015,21,Anúncio,2025-09-10,
357093,1,1732022,10,Entrada,2026-07-23,
357093,2,1752281,20,Admissão,2026-08-03,
357093,126,1752282,181,Baixa comissão para discussão,2026-08-03,
357093,3,1752407,21,Anúncio,2026-08-03,
315077,1,1627283,10,Entrada,2025-06-11,
315077,51,1641801,50,Publicação,2025-06-11,
315077,2,1627377,20,Admissão,2025-06-17,"Despacho do PAR: ""Ressalvando os limites da norma travão"""
315077,3,1627391,21,Anúncio,2025-06-17,
315077,9,1627803,180,Baixa comissão distribuição inicial generalidade,2025-06-27,
315077,10,1683638,190,Discussão generalidade,2026-01-23,
315077,13,1683779,250,Votação na generalidade,2026-01-23,
315656,1,1630847,10,Entrada,2025-09-29,
315656,2,1630964,20,Admissão,2025-09-30,
315656,9,1630965,180,Baixa comissão distribuição inicial generalidade,2025-09-30,
315656,3,1641328,21,Anúncio,2025-10-15,
315656,10,1716914,190,Discussão generalidade,2026-04-01,
315656,13,1716922,250,Votação na generalidade,2026-04-01,
315656,34,1716923,310,Votação na especialidade,2026-04-01,
315656,18,1716924,320,Votação final global,2026-04-01,
315656,133,1717009,348,Envio à Comissão para fixação da Redação final,2026-04-08,
315656,31,1717841,350,Decreto (Publicação),2026-04-22,
315656,23,1728333,370,Envio para promulgação,2026-04-28,
315656,24,1728992,380,Promulgação,2026-05-11,
315656,25,1728993,390,Referenda,2026-05-13,
315656,26,1728994,400,Envio INCM,2026-05-13,
315656,32,1729021,580,Lei (Publicação DR),2026-05-15,
315602,1,1630212,10,Entrada,2025-09-16,
315602,2,1630704,20,Admissão,2025-09-23,
315602,9,1630705,180,Baixa comissão distribuição inicial generalidade,2025-09-23,
315602,3,1630742,21,Anúncio,2025-09-24,
315602,10,1706054,190,Discussão generalidade,2026-03-20,Consta da agenda sem tempos.
315602,13,1716431,250,Votação na generalidade,2026-03-20,"Texto de substituição relativo ao Projeto de Lei n.º 216/XVII/1.ª (PSD, CDS-PP) e ao Projeto de Lei n.º 439/XVII/1.ª (PS), apresentado pela Comissão da Reforma do Estado e Poder Local"
315602,34,1716432,310,Votação na especialidade,2026-03-20,"Texto de substituição relativo ao Projeto de Lei n.º 216/XVII/1.ª (PSD, CDS-PP) e ao Projeto de Lei n.º 439/XVII/1.ª (PS), apresentado pela Comissão da Reforma do Estado e Poder Local "
315602,18,1716433,320,Votação final global,2026-03-20,"Texto de substituição relativo ao Projeto de Lei n.º 216/XVII/1.ª (PSD, CDS-PP) e ao Projeto de Lei n.º 439/XVII/1.ª (PS), apresentado pela Comissão da Reforma do Estado e Poder Local "
315602,133,1716842,348,Envio à Comissão para fixação da Redação final,2026-03-31,
315602,31,1717277,350,Decreto (Publicação),2026-04-14,
315602,23,1717671,370,Envio para promulgação,2026-04-20,
315602,24,1718199,380,Promulgação,2026-04-24,
315602,25,1718200,390,Referenda,2026-04-27,
315602,26,1718201,400,Envio INCM,2026-04-29,
315602,32,1718264,580,Lei (Publicação DR),2026-05-04,
315658,1,1630932,10,Entrada,2025-09-30,
315658,2,1631054,20,Admissão,2025-10-08,
315658,9,1631055,180,Baixa comissão distribuição inicial generalidade,2025-10-08,
315658,3,1641329,21,Anúncio,2025-10-15,
315658,10,1706056,190,Discussão generalidade,2026-03-20,Consta da agenda sem tempos.
315658,13,1716437,250,Votação na generalidade,2026-03-20,
315658,34,1716438,310,Votação na especialidade,2026-03-20,
315658,18,1716439,320,Votação final global,2026-03-20,
315658,133,1716844,348,Envio à Comissão para fixação da Redação final,2026-03-31,
315658,31,1717279,350,Decreto (Publicação),2026-04-14,
315658,23,1717670,370,Envio para promulgação,2026-04-20,
315658,24,1718211,380,Promulgação,2026-04-24,
315658,25,1718212,390,Referenda,2026-04-27,
315658,26,1718213,400,Envio INCM,2026-04-29,
315658,32,1728291,580,Lei (Publicação DR),2026-05-05,
315771,1,1641966,10,Entrada,2025-11-21,
315771,2,1641976,20,Admissão,2025-11-24,"Despacho do PAR: ""Ressalvando os limites da norma travão."""
315771,9,1641977,180,Baixa comissão distribuição inicial generalidade,2025-11-24,
315771,3,1641996,21,Anúncio,2025-11-26,
315771,10,1663116,190,Discussão generalidade,2026-01-07,
315771,13,1663324,250,Votação na generalidade,2026-01-09,
315771,14,1663325,270,Baixa comissão especialidade,2026-01-09,
315771,15,1731228,280,Requerimento avocação plenário,2026-07-02,
315771,34,1731336,310,Votação na especialidade,2026-07-03,
315771,18,1731337,320,Votação final global,2026-07-03,
315771,133,1731516,348,Envio à Comissão para fixação da Redação final,2026-07-09,
315771,31,1731868,350,Decreto (Publicação),2026-07-21,
315771,23,1742101,370,Envio para promulgação,2026-07-27,
315771,24,1752442,380,Promulgação,2026-08-07,
315771,25,1752443,390,Referenda,2026-08-10,
315771,26,1752444,400,Envio INCM,2026-08-11,
315771,32,1752496,580,Lei (Publicação DR),2026-08-17,
315059,1,1627241,10,Entrada,2025-06-06,
315059,51,1641786,50,Publicação,2025-06-06,
315059,2,1627290,20,Admissão,2025-06-12,
315059,3,1627341,21,Anúncio,2025-06-17,
315059,9,1628079,180,Baixa comissão distribuição inicial generalidade,2025-07-02,
315059,49,1628451,55,Publicação em Separata,2025-07-08,
315172,1,1627764,10,Entrada,2025-06-27,
315172,51,1683526,50,Publicação,2025-06-27,
315172,2,1627953,20,Admissão,2025-07-01,"Despacho PAR ""Com a ressalva dos limites da norma travão"""
315172,9,1627954,180,Baixa comissão distribuição inicial generalidade,2025-07-01,
315172,3,1627955,21,Anúncio,2025-07-02,
315172,10,1628111,190,Discussão generalidade,2025-07-03,
315172,13,1628351,250,Votação na generalidade,2025-07-04,
315157,1,1627516,10,Entrada,2025-06-25,
315157,51,1641849,50,Publicação,2025-06-25,
315157,2,1627941,20,Admissão,2025-07-01,
315157,9,1627942,180,Baixa comissão distribuição inicial generalidade,2025-07-01,
315157,3,1627946,21,Anúncio,2025-07-02,
315157,10,1642327,190,Discussão generalidade,2025-12-10,
315157,13,1642526,250,Votação na generalidade,2025-12-12,
367099,1,1742113,10,Entrada,2026-07-27,
367099,2,1752291,20,Admissão,2026-08-03,
367099,126,1752292,181,Baixa comissão para discussão,2026-08-03,
367099,3,1752412,21,Anúncio,2026-08-03,
315819,1,1642187,10,Entrada,2025-12-04,
315819,2,1642372,20,Admissão,2025-12-09,
315819,9,1642373,180,Baixa comissão distribuição inicial generalidade,2025-12-09,Conexão à 9.ª Comissão
315819,3,1642443,21,Anúncio,2025-12-10,
315819,9,1642507,180,Baixa comissão distribuição inicial generalidade,2025-12-12,
315819,10,1642682,190,Discussão generalidade,2025-12-18,
315819,13,1642745,250,Votação na generalidade,2025-12-18,
315819,14,1642746,270,Baixa comissão especialidade,2025-12-18,
315819,18,1683836,320,Votação final global,2026-01-23,
315819,133,1683921,348,Envio à Comissão para fixação da Redação final,2026-01-28,
315819,31,1704389,350,Decreto (Publicação),2026-02-09,
315819,23,1704511,370,Envio para promulgação,2026-02-13,
315819,24,1704887,380,Promulgação,2026-02-18,
315819,25,1704886,390,Referenda,2026-02-20,
315819,26,1704888,400,Envio INCM,2026-02-20,
315819,32,1705089,580,Lei (Publicação DR),2026-02-25,
367100,1,1742116,10,Entrada,2026-07-27,
367100,2,1752293,20,Admissão,2026-08-03,
367100,126,1752294,181,Baixa comissão para discussão,2026-08-03,
367100,3,1752413,21,Anúncio,2026-08-03,
315072,1,1627280,10,Entrada,2025-06-10,
315072,51,1641798,50,Publicação,2025-06-11,
315072,2,1627300,20,Admissão,2025-06-12,
315072,3,1627351,21,Anúncio,2025-06-17,
315072,9,1627801,180,Baixa comissão distribuição inicial generalidade,2025-06-27,
315305,1,1628326,10,Entrada,2025-07-04,
315305,51,1716719,50,Publicação,2025-07-04,
315305,2,1628717,20,Admissão,2025-07-09,
315305,3,1628719,21,Anúncio,2025-07-09,
315305,9,1628720,180,Baixa comissão distribuição inicial generalidade,2025-07-09,
315305,10,1628779,190,Discussão generalidade,2025-07-10,
315305,13,1628925,250,Votação na generalidade,2025-07-11,
315305,14,1628926,270,Baixa comissão especialidade,2025-07-11,
315877,1,1642621,10,Entrada,2025-12-17,
315877,2,1642710,20,Admissão,2025-12-18,
315877,9,1642711,180,Baixa comissão distribuição inicial generalidade,2025-12-18,"Despacho do PAR: ""Ressalvando os limites da norma travão"""
315877,3,1642738,21,Anúncio,2025-12-19,
315877,10,1663117,190,Discussão generalidade,2026-01-07,
315877,13,1663326,250,Votação na generalidade,2026-01-09,
315877,14,1663327,270,Baixa comissão especialidade,2026-01-09,
315877,15,1731229,280,Requerimento avocação plenário,2026-07-02,
315877,34,1731338,310,Votação na especialidade,2026-07-03,
315877,18,1731339,320,Votação final global,2026-07-03,
315877,133,1731517,348,Envio à Comissão para fixação da Redação final,2026-07-09,
315877,31,1731869,350,Decreto (Publicação),2026-07-21,
315877,23,1742102,370,Envio para promulgação,2026-07-27,
315877,24,1752445,380,Promulgação,2026-08-07,
315877,25,1752446,390,Referenda,2026-08-10,
315877,26,1752447,400,Envio INCM,2026-08-11,
315877,32,1752497,580,Lei (Publicação DR),2026-08-17,
315224,1,1627916,10,Entrada,2025-06-30,
315224,51,1705036,50,Publicação,2025-06-30,
315224,2,1628208,20,Admissão,2025-07-03,
315224,3,1628266,21,Anúncio,2025-07-03,
315224,9,1628209,180,Baixa comissão distribuição inicial generalidade,2025-07-03,
315224,10,1628223,190,Discussão generalidade,2025-07-04,
315224,13,1628431,250,Votação na generalidade,2025-07-04,
315230,1,1627922,10,Entrada,2025-06-30,
315230,51,1705041,50,Publicação,2025-06-30,
315230,2,1628173,20,Admissão,2025-07-02,"Despacho PAR ""Ressalvando os limites da norma travão"""
315230,9,1628174,180,Baixa comissão distribuição inicial generalidade,2025-07-02,
315230,3,1628267,21,Anúncio,2025-07-03,
315230,10,1628234,190,Discussão generalidade,2025-07-04,
315230,13,1628441,250,Votação na generalidade,2025-07-04,
315076,1,1627282,10,Entrada,2025-06-11,
315076,51,1641800,50,Publicação,2025-06-11,
315076,2,1627301,20,Admissão,2025-06-12,"Despacho PAR ""Ressalvando os limites da norma travão"""
315076,3,1627352,21,Anúncio,2025-06-17,
315076,9,1627908,180,Baixa comissão distribuição inicial generalidade,2025-06-30,
315423,1,1629444,10,Entrada,2025-07-28,
315423,51,1718026,50,Publicação,2025-07-28,
315423,2,1629626,20,Admissão,2025-08-27,
315423,9,1629627,180,Baixa comissão distribuição inicial generalidade,2025-08-28,
315423,3,1630023,21,Anúncio,2025-09-10,
315423,10,1705651,190,Discussão generalidade,2026-03-13,
315423,122,1705854,237,Requerimento Baixa Comissão sem Votação (Generalidade),2026-03-13,
315423,12,1716599,240,Nova apreciação comissão generalidade,2026-03-13,
315423,13,1730403,250,Votação na generalidade,2026-06-12,
315079,1,1627285,10,Entrada,2025-06-11,
315079,51,1641803,50,Publicação,2025-06-11,
315079,2,1627379,20,Admissão,2025-06-17,"Despacho do PAR: ""Ressalvando os limites da norma travão"""
315079,3,1627393,21,Anúncio,2025-06-17,
315079,9,1627804,180,Baixa comissão distribuição inicial generalidade,2025-06-27,
315243,1,1627935,10,Entrada,2025-07-01,
315243,51,1683575,50,Publicação,2025-07-01,
315243,2,1628177,20,Admissão,2025-07-02,
315243,9,1628178,180,Baixa comissão distribuição inicial generalidade,2025-07-02,
315243,3,1628271,21,Anúncio,2025-07-03,
315243,10,1730032,190,Discussão generalidade,2026-06-11,
315243,13,1730370,250,Votação na generalidade,2026-06-12,
315728,1,1641195,10,Entrada,2025-10-13,
315728,2,1641237,20,Admissão,2025-10-14,
315728,9,1641238,180,Baixa comissão distribuição inicial generalidade,2025-10-14,
315728,3,1641387,21,Anúncio,2025-10-15,
315728,10,1716513,190,Discussão generalidade,2026-03-26,Consta da agenda sem tempos.
315728,13,1716677,250,Votação na generalidade,2026-03-26,"Texto de substituição relativo ao Projeto de Lei n.º 242/XVII/1 (PS) e ao Projeto de Lei n.º 280/XVII/1 (PSD e CDS-PP), apresentado pela Comissão da Reforma do Estado e Poder Local"
315728,34,1716678,310,Votação na especialidade,2026-03-26,"Texto de substituição relativo ao Projeto de Lei n.º 242/XVII/1 (PS) e ao Projeto de Lei n.º 280/XVII/1 (PSD e CDS-PP), apresentado pela Comissão da Reforma do Estado e Poder Local
(Votação da assunção pelo Plenário das votações indiciárias realizadas na especialidade em sede de Comissão)"
315728,18,1716679,320,Votação final global,2026-03-26,"Texto de substituição relativo ao Projeto de Lei n.º 242/XVII/1 (PS) e ao Projeto de Lei n.º 280/XVII/1 (PSD e CDS-PP), apresentado pela Comissão da Reforma do Estado e Poder Local"
315728,133,1717003,348,Envio à Comissão para fixação da Redação final,2026-04-08,
315728,31,1717857,350,Decreto (Publicação),2026-04-22,
315728,23,1728355,370,Envio para promulgação,2026-04-28,
315728,24,1728617,380,Promulgação,2026-05-04,
315728,25,1728618,390,Referenda,2026-05-06,
315728,26,1728619,400,Envio INCM,2026-05-07,
315728,32,1728627,580,Lei (Publicação DR),2026-05-08,
315132,1,1627472,10,Entrada,2025-06-20,
315132,51,1705028,50,Publicação,2025-06-20,
315132,2,1627643,20,Admissão,2025-06-25,
315132,10,1627585,190,Discussão generalidade,2025-06-26,
315132,3,1627690,21,Anúncio,2025-06-26,
315132,13,1627849,250,Votação na generalidade,2025-06-27,
315263,1,1628248,10,Entrada,2025-07-04,
315263,51,1716701,50,Publicação,2025-07-04,
315263,2,1628573,20,Admissão,2025-07-09,
315263,3,1628576,21,Anúncio,2025-07-09,
315263,9,1628577,180,Baixa comissão distribuição inicial generalidade,2025-07-09,
315263,10,1630258,190,Discussão generalidade,2025-09-19,
315263,13,1630592,250,Votação na generalidade,2025-09-19,
335927,1,1662967,10,Entrada,2026-01-02,
335927,2,1663101,20,Admissão,2026-01-06,"Despacho do PAR: ""Ressalvando os limites da norma Travão."""
335927,9,1663102,180,Baixa comissão distribuição inicial generalidade,2026-01-06,
335927,10,1663118,190,Discussão generalidade,2026-01-07,
335927,3,1663229,21,Anúncio,2026-01-08,
335927,13,1663328,250,Votação na generalidade,2026-01-09,
335927,14,1663329,270,Baixa comissão especialidade,2026-01-09,
335927,15,1731230,280,Requerimento avocação plenário,2026-07-02,
335927,34,1731340,310,Votação na especialidade,2026-07-03,
335927,18,1731341,320,Votação final global,2026-07-03,
335927,133,1731518,348,Envio à Comissão para fixação da Redação final,2026-07-09,
335927,31,1731870,350,Decreto (Publicação),2026-07-21,
335927,23,1742103,370,Envio para promulgação,2026-07-27,
335927,24,1752448,380,Promulgação,2026-08-07,
335927,25,1752449,390,Referenda,2026-08-10,
335927,26,1752450,400,Envio INCM,2026-08-11,
335927,32,1752498,580,Lei (Publicação DR),2026-08-17,
315403,1,1629317,10,Entrada,2025-07-23,
315403,51,1728440,50,Publicação,2025-07-23,
315403,2,1629407,20,Admissão,2025-07-25,
315403,9,1629408,180,Baixa comissão distribuição inicial generalidade,2025-07-25,Com conexão à 10.ª
315403,3,1630016,21,Anúncio,2025-09-10,
315403,10,1630418,190,Discussão generalidade,2025-09-24,
315403,9,1630682,180,Baixa comissão distribuição inicial generalidade,2025-09-24,
315403,13,1630829,250,Votação na generalidade,2025-09-26,
315277,1,1628297,10,Entrada,2025-07-04,
315277,51,1716707,50,Publicação,2025-07-04,
315277,2,1628649,20,Admissão,2025-07-09,
315277,3,1628650,21,Anúncio,2025-07-09,
315277,9,1628651,180,Baixa comissão distribuição inicial generalidade,2025-07-09,
315277,10,1628845,190,Discussão generalidade,2025-07-11,
315277,13,1628959,250,Votação na generalidade,2025-07-11,
315278,1,1628298,10,Entrada,2025-07-04,
315278,51,1716708,50,Publicação,2025-07-04,
315278,2,1628652,20,Admissão,2025-07-09,"Despacho PAR ""Ressalvando o respeito pelos princípios constitucionais."""
315278,3,1628653,21,Anúncio,2025-07-09,
315278,9,1628654,180,Baixa comissão distribuição inicial generalidade,2025-07-09,"Despacho PAR ""Ressalvando o respeito pelos princípios constitucionais"""
315278,10,1728532,190,Discussão generalidade,2026-05-08,
315278,13,1728779,250,Votação na generalidade,2026-05-08,
315391,1,1629219,10,Entrada,2025-07-22,
315391,51,1717996,50,Publicação,2025-07-22,
315391,2,1629349,20,Admissão,2025-07-25,
315391,9,1629350,180,Baixa comissão distribuição inicial generalidade,2025-07-25,
315391,49,1629467,55,Publicação em Separata,2025-07-31,
315391,3,1630010,21,Anúncio,2025-09-10,
315391,10,1630655,190,Discussão generalidade,2025-09-25,
315391,13,1630809,250,Votação na generalidade,2025-09-25,
315291,1,1628311,10,Entrada,2025-07-04,
315291,51,1716711,50,Publicação,2025-07-04,
315291,2,1628690,20,Admissão,2025-07-09,
315291,3,1628691,21,Anúncio,2025-07-09,
315291,9,1628692,180,Baixa comissão distribuição inicial generalidade,2025-07-09,
315291,10,1628778,190,Discussão generalidade,2025-07-10,
315291,13,1628924,250,Votação na generalidade,2025-07-11,
315302,1,1628323,10,Entrada,2025-07-04,
315302,51,1705803,50,Publicação,2025-07-04,
315302,2,1628714,20,Admissão,2025-07-09,
315302,3,1628715,21,Anúncio,2025-07-09,
315302,9,1628716,180,Baixa comissão distribuição inicial generalidade,2025-07-09,
315302,9,1630947,180,Baixa comissão distribuição inicial generalidade,2025-09-30,
315727,1,1641194,10,Entrada,2025-10-13,
315727,2,1641306,20,Admissão,2025-10-15,
315727,9,1641307,180,Baixa comissão distribuição inicial generalidade,2025-10-15,
315727,3,1641386,21,Anúncio,2025-10-15,
315727,10,1716509,190,Discussão generalidade,2026-03-26,Consta da agenda sem tempos.
315727,13,1716649,250,Votação na generalidade,2026-03-26,"Texto de substituição relativo ao Projeto de Lei n.º 240/XVII/1 (PS) e ao Projeto de Lei n.º 279/XVII/1 (PSD e CDS-PP), apresentado pela Comissão da Reforma do Estado e Poder Local"
315727,34,1716650,310,Votação na especialidade,2026-03-26,"Texto de substituição relativo ao Projeto de Lei n.º 240/XVII/1 (PS) e ao Projeto de Lei n.º 279/XVII/1 (PSD e CDS-PP), apresentado pela Comissão da Reforma do Estado e Poder Local
(Votação da assunção pelo Plenário das votações indiciárias realizadas na especialidade em sede de Comissão)"
315727,133,1717001,348,Envio à Comissão para fixação da Redação final,2026-04-08,
315727,31,1717868,350,Decreto (Publicação),2026-04-22,
315727,23,1728363,370,Envio para promulgação,2026-04-28,
315727,24,1728599,380,Promulgação,2026-05-04,
315727,25,1728600,390,Referenda,2026-05-06,
315727,26,1728601,400,Envio INCM,2026-05-07,
315727,32,1728623,580,Lei (Publicação DR),2026-05-08,
315252,1,1628196,10,Entrada,2025-07-02,
315252,51,1683587,50,Publicação,2025-07-02,
315252,2,1628552,20,Admissão,2025-07-09,
315252,3,1628555,21,Anúncio,2025-07-09,
315252,9,1628557,180,Baixa comissão distribuição inicial generalidade,2025-07-09,
315252,49,1628985,55,Publicação em Separata,2025-07-15,
315313,1,1628333,10,Entrada,2025-07-04,
315313,51,1716723,50,Publicação,2025-07-04,
315313,2,1628730,20,Admissão,2025-07-09,"Despacho PAR ""Ressalvando os limites da norma Travão"""
315313,3,1628731,21,Anúncio,2025-07-09,
315313,9,1628732,180,Baixa comissão distribuição inicial generalidade,2025-07-09,Com conexão à 1.ª comissão
315313,10,1628852,190,Discussão generalidade,2025-07-11,
315313,13,1628968,250,Votação na generalidade,2025-07-11,
377121,1,1752227,10,Entrada,2026-08-03,
377122,1,1752241,10,Entrada,2026-08-03,
315745,1,1641576,10,Entrada,2025-10-22,
315745,2,1641626,20,Admissão,2025-10-23,
315745,9,1641627,180,Baixa comissão distribuição inicial generalidade,2025-10-23,
315745,3,1641679,21,Anúncio,2025-10-27,
315745,10,1641644,190,Discussão generalidade,2025-10-28,Agendado sem tempos
315745,13,1641748,250,Votação na generalidade,2025-10-28,
315745,34,1641749,310,Votação na especialidade,2025-10-28,
315745,18,1641745,320,Votação final global,2025-10-28,
315745,81,1641746,341,Requerimento dispensa redação final,2025-10-28,"Requerimento oral, apresentado pelo PSD, solicitando a dispensa de redação final e do prazo para apresentação de reclamações contra inexatidões relativamente ao Projeto de Lei n.º 286/XVII/1.ª (PSD). "
315745,31,1641739,350,Decreto (Publicação),2025-10-29,
315745,23,1641740,370,Envio para promulgação,2025-10-29,
315745,24,1641894,380,Promulgação,2025-10-31,
315745,25,1641895,390,Referenda,2025-11-05,
315745,26,1641896,400,Envio INCM,2025-11-06,
315745,32,1641903,580,Lei (Publicação DR),2025-11-07,
315226,1,1627918,10,Entrada,2025-06-30,
315226,51,1705038,50,Publicação,2025-06-30,
315226,2,1628171,20,Admissão,2025-07-02,"Despacho PAR ""Ressalvando os limites da norma travão"""
315226,9,1628172,180,Baixa comissão distribuição inicial generalidade,2025-07-02,
315226,3,1628264,21,Anúncio,2025-07-03,
315331,1,1628361,10,Entrada,2025-07-07,
315331,51,1705802,50,Publicação,2025-07-07,
315331,2,1628760,20,Admissão,2025-07-09,
315331,9,1628761,180,Baixa comissão distribuição inicial generalidade,2025-07-09,
315331,3,1628807,21,Anúncio,2025-07-10,
315331,10,1729747,190,Discussão generalidade,2026-06-02,
315331,13,1729997,250,Votação na generalidade,2026-06-03,
315416,1,1629344,10,Entrada,2025-07-25,
315416,51,1718021,50,Publicação,2025-07-25,
315416,2,1629622,20,Admissão,2025-08-27,
315416,9,1629623,180,Baixa comissão distribuição inicial generalidade,2025-08-28,
315416,49,1629801,55,Publicação em Separata,2025-09-01,
315416,3,1630021,21,Anúncio,2025-09-10,
315416,10,1630426,190,Discussão generalidade,2025-09-25,
315416,13,1630803,250,Votação na generalidade,2025-09-25,
377125,1,1752364,10,Entrada,2026-08-06,
315228,1,1627920,10,Entrada,2025-06-30,
315228,51,1705039,50,Publicação,2025-06-30,
315228,2,1628241,20,Admissão,2025-07-03,
315228,3,1628284,21,Anúncio,2025-07-04,
315228,10,1628232,190,Discussão generalidade,2025-07-04,
315228,13,1628439,250,Votação na generalidade,2025-07-04,
315371,1,1629061,10,Entrada,2025-07-16,
315371,51,1731522,50,Publicação,2025-07-16,
315371,2,1629224,20,Admissão,2025-07-22,
315371,9,1629225,180,Baixa comissão distribuição inicial generalidade,2025-07-22,
315371,3,1630005,21,Anúncio,2025-09-10,
315371,10,1630276,190,Discussão generalidade,2025-09-19,
315371,13,1630889,250,Votação na generalidade,2025-09-26,
315480,1,1629583,10,Entrada,2025-08-22,
315480,51,1752430,50,Publicação,2025-08-22,
315480,2,1629730,20,Admissão,2025-08-27,
315480,9,1629731,180,Baixa comissão distribuição inicial generalidade,2025-08-27,
315480,49,1629805,55,Publicação em Separata,2025-09-01,
315480,3,1630041,21,Anúncio,2025-09-10,
315480,10,1630244,190,Discussão generalidade,2025-09-18,
315480,13,1630562,250,Votação na generalidade,2025-09-19,
377140,1,1752506,10,Entrada,2026-08-18,
346022,1,1683626,10,Entrada,2026-01-20,
346022,3,1683865,21,Anúncio,2026-01-21,
346022,2,1683989,20,Admissão,2026-01-27,Despacho PAR: Ressalvando os limites da norma Travão
346022,9,1683990,180,Baixa comissão distribuição inicial generalidade,2026-01-27,Com conexão à 9.ª
346022,10,1705177,190,Discussão generalidade,2026-02-26,
346022,13,1705359,250,Votação na generalidade,2026-02-27,
346022,14,1705364,270,Baixa comissão especialidade,2026-02-27,
346022,18,1730709,320,Votação final global,2026-06-19,"Texto final, apresentado pela Comissão de Trabalho, Segurança Social e Inclusão, relativo ao Projeto de Lei n.º 389/XVII/1.ª (PS)"
346022,133,1731232,348,Envio à Comissão para fixação da Redação final,2026-07-02,
346022,31,1731758,350,Decreto (Publicação),2026-07-16,
346022,23,1732003,370,Envio para promulgação,2026-07-22,
346022,24,1752348,380,Promulgação,2026-08-03,
346022,25,1752349,390,Referenda,2026-08-04,
346022,26,1752350,400,Envio INCM,2026-08-05,
346022,32,1752388,580,Lei (Publicação DR),2026-08-10,
335931,1,1662971,10,Entrada,2026-01-02,
335931,2,1663050,20,Admissão,2026-01-06,
335931,9,1663051,180,Baixa comissão distribuição inicial generalidade,2026-01-06,Com conexão à 6.ª Comissão.
335931,10,1663132,190,Discussão generalidade,2026-01-07,
335931,3,1663219,21,Anúncio,2026-01-08,
335931,13,1663343,250,Votação na generalidade,2026-01-09,
335931,14,1663344,270,Baixa comissão especialidade,2026-01-09,
335931,18,1706047,320,Votação final global,2026-03-13,"Texto final, apresentado pela Comissão de Orçamento, Finanças e Administração Pública, relativo ao Projeto de Lei n.º 351/XVII/1.ª (PS)"
335931,133,1716600,348,Envio à Comissão para fixação da Redação final,2026-03-24,
335931,31,1717024,350,Decreto (Publicação),2026-04-08,
335931,23,1717269,370,Envio para promulgação,2026-04-14,
335931,24,1718001,380,Promulgação,2026-04-22,
335931,25,1718002,390,Referenda,2026-04-23,
335931,26,1718003,400,Envio INCM,2026-04-23,
335931,32,1718120,580,Lei (Publicação DR),2026-04-27,
315586,1,1630196,10,Entrada,2025-09-15,
315586,2,1630480,20,Admissão,2025-09-18,
315586,9,1630481,180,Baixa comissão distribuição inicial generalidade,2025-09-18,
315586,3,1630642,21,Anúncio,2025-09-19,
315586,9,1630653,180,Baixa comissão distribuição inicial generalidade,2025-09-23,
315586,49,1630935,55,Publicação em Separata,2025-09-30,
315586,10,1641355,190,Discussão generalidade,2025-10-17,
315586,13,1641764,250,Votação na generalidade,2025-10-28,
315271,1,1628288,10,Entrada,2025-07-04,
315271,51,1716706,50,Publicação,2025-07-04,
315271,2,1628645,20,Admissão,2025-07-09,
315271,3,1628646,21,Anúncio,2025-07-09,
315271,9,1628648,180,Baixa comissão distribuição inicial generalidade,2025-07-09,
377148,1,1752539,10,Entrada,2026-08-24,
377151,1,1752548,10,Entrada,2026-08-26,
315415,1,1629343,10,Entrada,2025-07-24,
315415,51,1717987,50,Publicação,2025-07-24,
315415,2,1629411,20,Admissão,2025-07-25,"Despacho PAR ""Salvaguardando os limites da Lei-travão"""
315415,9,1629412,180,Baixa comissão distribuição inicial generalidade,2025-07-25,Com conexão à 10.ª comissão
315415,3,1630020,21,Anúncio,2025-09-10,
315415,10,1717120,190,Discussão generalidade,2026-04-10,
315415,13,1717217,250,Votação na generalidade,2026-04-10,
377120,1,1752226,10,Entrada,2026-08-03,
315684,1,1631138,10,Entrada,2025-10-10,
315684,2,1641596,20,Admissão,2025-10-22,"Despacho do PAR: ""Ressalvando os limites da norma Travão e o princípio da separação de poderes."""
315684,9,1641597,180,Baixa comissão distribuição inicial generalidade,2025-10-22,
315684,3,1641671,21,Anúncio,2025-10-27,
315684,10,1683672,190,Discussão generalidade,2026-01-30,
315684,13,1694135,250,Votação na generalidade,2026-01-30,
356283,1,1705529,10,Entrada,2026-03-06,
356283,3,1705875,21,Anúncio,2026-03-12,
356283,2,1705876,20,Admissão,2026-03-13,"Despachos do PAR: ""Ressalva os limites da norma travão"" e ""Proceder à audição dos órgãos de governo próprio das RRAA""
"
356283,9,1705877,180,Baixa comissão distribuição inicial generalidade,2026-03-13,
356283,145,1705966,23,Audição promovida pelo PAR para a ALRAM,2026-03-16,
356283,144,1705967,22,Audição promovida pelo PAR para a ALRAA,2026-03-16,
356283,192,1705968,29,"Nova audição promovida pelo PAR para o Governo da RAM
",2026-03-16,
356283,191,1705969,28,"Nova audição promovida pelo PAR para o Governo da RAA
",2026-03-16,
356283,10,1706061,190,Discussão generalidade,2026-03-20,
356283,13,1716446,250,Votação na generalidade,2026-03-20,
356283,151,1716800,175,Parecer do Governo da RAM,2026-03-30,
356283,148,1716806,172,Parecer da ALRAA,2026-03-31,
356283,150,1716883,174,Parecer do Governo da RAA,2026-04-01,
356283,149,1717934,173,Parecer da ALRAM,2026-04-21,
356081,1,1704319,10,Entrada,2026-02-05,
356081,2,1704565,20,Admissão,2026-02-13,
356081,9,1704566,180,Baixa comissão distribuição inicial generalidade,2026-02-13,Com conexão à 1.ª Comissão
356081,3,1704567,21,Anúncio,2026-02-18,
356081,144,1704863,22,Audição promovida pelo PAR para a ALRAA,2026-02-20,
356081,145,1704864,23,Audição promovida pelo PAR para a ALRAM,2026-02-20,
356081,146,1704865,24,Audição promovida pelo PAR para o Governo da RAA,2026-02-20,
356081,147,1704866,25,Audição promovida pelo PAR para o Governo da RAM,2026-02-20,
356081,149,1705857,173,Parecer da ALRAM,2026-03-13,
356081,148,1705863,172,Parecer da ALRAA,2026-03-13,
356081,10,1730930,190,Discussão generalidade,2026-07-03,
356081,13,1731323,250,Votação na generalidade,2026-07-03,
315643,1,1630801,10,Entrada,2025-09-26,
315643,2,1630956,20,Admissão,2025-09-30,
315643,9,1630957,180,Baixa comissão distribuição inicial generalidade,2025-09-30,
315643,3,1641321,21,Anúncio,2025-10-15,
315679,1,1631133,10,Entrada,2025-10-10,
315679,2,1641405,20,Admissão,2025-10-15,"Despacho do PAR: ""Ressalvando os limites da norma Travão""."
315679,9,1641406,180,Baixa comissão distribuição inicial generalidade,2025-10-15,
315679,3,1641427,21,Anúncio,2025-10-16,
315679,10,1717122,190,Discussão generalidade,2026-04-10,
315679,13,1717218,250,Votação na generalidade,2026-04-10,
315582,1,1630192,10,Entrada,2025-09-15,
315582,2,1630472,20,Admissão,2025-09-18,
315582,9,1630473,180,Baixa comissão distribuição inicial generalidade,2025-09-18,
315582,3,1630638,21,Anúncio,2025-09-19,
356250,1,1705355,10,Entrada,2026-02-27,
356250,3,1705496,21,Anúncio,2026-03-04,
356250,2,1705872,20,Admissão,2026-03-12,
356250,10,1705633,190,Discussão generalidade,2026-03-12,
356250,13,1705973,250,Votação na generalidade,2026-03-13,
356250,14,1705974,270,Baixa comissão especialidade,2026-03-13,
356250,18,1731874,320,Votação final global,2026-07-17,
356250,133,1731863,348,Envio à Comissão para fixação da Redação final,2026-07-20,
356250,31,1742088,350,Decreto (Publicação),2026-07-24,
356250,23,1752360,370,Envio para promulgação,2026-07-30,
356250,24,1752529,380,Promulgação,2026-08-18,
356250,25,1752530,390,Referenda,2026-08-19,
356250,26,1752531,400,Envio INCM,2026-08-20,
356250,32,1752541,580,Lei (Publicação DR),2026-08-25,
315866,1,1642519,10,Entrada,2025-12-12,
315866,2,1642586,20,Admissão,2025-12-16,
315866,9,1642587,180,Baixa comissão distribuição inicial generalidade,2025-12-16,Conexão à 9.ª Comissão
315866,3,1642647,21,Anúncio,2025-12-17,
315866,10,1642700,190,Discussão generalidade,2025-12-18,
315866,122,1642720,237,Requerimento Baixa Comissão sem Votação (Generalidade),2025-12-18,
315866,12,1642761,240,Nova apreciação comissão generalidade,2025-12-18,
315839,1,1642235,10,Entrada,2025-12-05,
315839,2,1642402,20,Admissão,2025-12-10,
315839,9,1642403,180,Baixa comissão distribuição inicial generalidade,2025-12-10,
315839,3,1642450,21,Anúncio,2025-12-10,
315839,9,1642627,180,Baixa comissão distribuição inicial generalidade,2025-12-17,Conexão à 5.ª e 9.ª Comissões
315839,10,1662994,190,Discussão generalidade,2025-12-19,
315839,13,1642860,250,Votação na generalidade,2025-12-19,
315725,1,1631179,10,Entrada,2025-10-10,
315725,2,1641235,20,Admissão,2025-10-14,"Despacho do PAR: ""Ressalvando os limites da norma Travão""."
315725,9,1641236,180,Baixa comissão distribuição inicial generalidade,2025-10-14,
315725,3,1641384,21,Anúncio,2025-10-15,
315725,10,1641346,190,Discussão generalidade,2025-10-17,
315725,13,1641497,250,Votação na generalidade,2025-10-17,
315871,1,1642560,10,Entrada,2025-12-12,
315871,2,1642590,20,Admissão,2025-12-16,
315871,9,1642591,180,Baixa comissão distribuição inicial generalidade,2025-12-16,Conexão à 9.ª Comissão
315871,3,1642645,21,Anúncio,2025-12-17,
315871,10,1642702,190,Discussão generalidade,2025-12-18,
315871,122,1642719,237,Requerimento Baixa Comissão sem Votação (Generalidade),2025-12-18,
315871,12,1642763,240,Nova apreciação comissão generalidade,2025-12-18,
315823,1,1642191,10,Entrada,2025-12-04,
315823,2,1642378,20,Admissão,2025-12-09,
315823,9,1642379,180,Baixa comissão distribuição inicial generalidade,2025-12-09,Conexão à 9.ª e 10.ª Comissões
315823,3,1642447,21,Anúncio,2025-12-10,
315823,10,1642692,190,Discussão generalidade,2025-12-18,
315823,122,1642721,237,Requerimento Baixa Comissão sem Votação (Generalidade),2025-12-18,
315823,12,1642751,240,Nova apreciação comissão generalidade,2025-12-18,
315741,1,1641478,10,Entrada,2025-10-17,
315741,2,1641604,20,Admissão,2025-10-22,
315741,9,1641605,180,Baixa comissão distribuição inicial generalidade,2025-10-22,
315741,3,1641673,21,Anúncio,2025-10-27,
315741,10,1663167,190,Discussão generalidade,2026-01-09,
315741,13,1663383,250,Votação na generalidade,2026-01-09,
356058,1,1694082,10,Entrada,2026-02-02,
356058,2,1704174,20,Admissão,2026-02-03,
356058,9,1704176,180,Baixa comissão distribuição inicial generalidade,2026-02-03,
356058,3,1704173,21,Anúncio,2026-02-11,
356058,10,1704369,190,Discussão generalidade,2026-02-12,
356058,13,1704509,250,Votação na generalidade,2026-02-12,
356058,14,1704510,270,Baixa comissão especialidade,2026-02-12,
356058,14,1706097,270,Baixa comissão especialidade,2026-03-17,Com conexão à 9.ª Comissão.
315747,1,1641619,10,Entrada,2025-10-23,
315747,2,1641656,20,Admissão,2025-10-27,
315747,9,1641657,180,Baixa comissão distribuição inicial generalidade,2025-10-27,Conexão com a 1.ª Comissão
315747,3,1641675,21,Anúncio,2025-10-27,
315747,10,1705201,190,Discussão generalidade,2026-02-26,
315747,13,1705400,250,Votação na generalidade,2026-02-27,
315862,1,1642509,10,Entrada,2025-12-12,
315862,2,1642578,20,Admissão,2025-12-16,
315862,9,1642579,180,Baixa comissão distribuição inicial generalidade,2025-12-16,
315862,3,1642644,21,Anúncio,2025-12-17,
315862,10,1642696,190,Discussão generalidade,2025-12-18,
315862,13,1642757,250,Votação na generalidade,2025-12-18,
356112,1,1704385,10,Entrada,2026-02-11,
356112,2,1704530,20,Admissão,2026-02-13,
356112,9,1704531,180,Baixa comissão distribuição inicial generalidade,2026-02-13,Com conexão à 11.ª Comissão
356112,3,1704532,21,Anúncio,2026-02-18,
356112,10,1705011,190,Discussão generalidade,2026-02-25,
356112,13,1705246,250,Votação na generalidade,2026-02-25,
356088,1,1704338,10,Entrada,2026-02-06,
356088,2,1704902,20,Admissão,2026-02-12,
356088,9,1704903,180,Baixa comissão distribuição inicial generalidade,2026-02-12,Com conexão à 5.ª e 9.ª Comissões
356088,3,1704415,21,Anúncio,2026-02-12,
356088,160,1704901,30,Não admissão,2026-02-19,
356236,1,1705329,10,Entrada,2026-02-27,
356236,3,1705490,21,Anúncio,2026-03-04,
356236,2,1705752,20,Admissão,2026-03-09,
356236,9,1705753,180,Baixa comissão distribuição inicial generalidade,2026-03-09,
356236,10,1728504,190,Discussão generalidade,2026-05-07,
356236,13,1728766,250,Votação na generalidade,2026-05-08,
356236,14,1728767,270,Baixa comissão especialidade,2026-05-08,
356290,1,1705537,10,Entrada,2026-03-06,
356290,3,1706115,21,Anúncio,2026-03-18,
356290,2,1706116,20,Admissão,2026-03-18,
356290,10,1706082,190,Discussão generalidade,2026-03-20,
356290,122,1706356,237,Requerimento Baixa Comissão sem Votação (Generalidade),2026-03-20,
356290,12,1716459,240,Nova apreciação comissão generalidade,2026-03-20,
356085,1,1704333,10,Entrada,2026-02-06,
356085,2,1704406,20,Admissão,2026-02-11,Despacho PAR: Ressalvando os limites da norma Travão
356085,9,1704407,180,Baixa comissão distribuição inicial generalidade,2026-02-11,
356085,3,1704408,21,Anúncio,2026-02-12,
356127,1,1704514,10,Entrada,2026-02-13,
356127,2,1704681,20,Admissão,2026-02-18,
356127,9,1704682,180,Baixa comissão distribuição inicial generalidade,2026-02-18,
356127,3,1704683,21,Anúncio,2026-02-19,
356132,1,1704568,10,Entrada,2026-02-13,
356132,2,1704820,20,Admissão,2026-02-19,
356132,9,1704821,180,Baixa comissão distribuição inicial generalidade,2026-02-19,
356132,3,1704822,21,Anúncio,2026-02-20,
356377,1,1706025,10,Entrada,2026-03-17,
356377,3,1706192,21,Anúncio,2026-03-18,
356377,2,1706193,20,Admissão,2026-03-18,
356377,9,1706194,180,Baixa comissão distribuição inicial generalidade,2026-03-18,
356377,10,1730060,190,Discussão generalidade,2026-06-18,
356377,13,1730641,250,Votação na generalidade,2026-06-19,
356241,1,1705334,10,Entrada,2026-02-27,
356241,3,1705492,21,Anúncio,2026-03-04,
356241,2,1705722,20,Admissão,2026-03-09,
356241,9,1705724,180,Baixa comissão distribuição inicial generalidade,2026-03-09,
356241,10,1705665,190,Discussão generalidade,2026-03-13,
356241,13,1706015,250,Votação na generalidade,2026-03-13,
356234,1,1705327,10,Entrada,2026-02-27,
356234,3,1705489,21,Anúncio,2026-03-04,
356234,2,1705737,20,Admissão,2026-03-09,
356234,9,1705742,180,Baixa comissão distribuição inicial generalidade,2026-03-09,
356234,10,1705664,190,Discussão generalidade,2026-03-13,
356234,13,1706014,250,Votação na generalidade,2026-03-13,
356251,1,1705356,10,Entrada,2026-02-27,
356251,3,1705497,21,Anúncio,2026-03-04,
356251,2,1705696,20,Admissão,2026-03-06,
356251,9,1705701,180,Baixa comissão distribuição inicial generalidade,2026-03-06,
356251,10,1705475,190,Discussão generalidade,2026-03-06,
356251,13,1705584,250,Votação na generalidade,2026-03-06,
356253,1,1705358,10,Entrada,2026-02-27,
356253,3,1705499,21,Anúncio,2026-03-04,
356253,2,1705692,20,Admissão,2026-03-09,"Despacho do PAR: ""Atenção as observações da nota de admissibilidade quanto ao respeito dos princípios constitucionais""."
356253,9,1705693,180,Baixa comissão distribuição inicial generalidade,2026-03-09,
356253,10,1705676,190,Discussão generalidade,2026-03-13,
356253,13,1706040,250,Votação na generalidade,2026-03-13,
356522,1,1716947,10,Entrada,2026-04-03,
356522,2,1717503,20,Admissão,2026-04-16,
356522,9,1717504,180,Baixa comissão distribuição inicial generalidade,2026-04-16,
356522,3,1717505,21,Anúncio,2026-04-16,
356522,10,1729042,190,Discussão generalidade,2026-05-20,
356522,122,1729347,237,Requerimento Baixa Comissão sem Votação (Generalidade),2026-05-21,
356522,12,1729413,240,Nova apreciação comissão generalidade,2026-05-22,
356259,1,1705367,10,Entrada,2026-02-27,
356259,3,1705504,21,Anúncio,2026-03-04,
356259,2,1705721,20,Admissão,2026-03-09,
356259,9,1705723,180,Baixa comissão distribuição inicial generalidade,2026-03-09,
356259,10,1705642,190,Discussão generalidade,2026-03-12,
356259,13,1705984,250,Votação na generalidade,2026-03-13,
356298,1,1705545,10,Entrada,2026-03-06,
356298,3,1706123,21,Anúncio,2026-03-18,
356298,2,1706124,20,Admissão,2026-03-18,
356298,10,1706043,190,Discussão generalidade,2026-03-19,
356298,13,1716417,250,Votação na generalidade,2026-03-20,
356298,14,1716418,270,Baixa comissão especialidade,2026-03-20,
356293,1,1705540,10,Entrada,2026-03-06,
356293,3,1706121,21,Anúncio,2026-03-18,
356293,2,1706122,20,Admissão,2026-03-18,
356293,9,1716393,180,Baixa comissão distribuição inicial generalidade,2026-03-18,
356293,10,1706070,190,Discussão generalidade,2026-03-20,
356293,13,1716457,250,Votação na generalidade,2026-03-20,
356321,1,1705569,10,Entrada,2026-03-06,
356321,3,1705908,21,Anúncio,2026-03-12,
356321,2,1705909,20,Admissão,2026-03-13,
356321,9,1705910,180,Baixa comissão distribuição inicial generalidade,2026-03-13,
356321,10,1706073,190,Discussão generalidade,2026-03-20,
356321,13,1716464,250,Votação na generalidade,2026-03-20,
356315,1,1705561,10,Entrada,2026-03-06,
356315,3,1706125,21,Anúncio,2026-03-18,
356315,2,1706126,20,Admissão,2026-03-18,"Despacho do PAR: ""Atentas as observações constantes da nota de admissibilidade"""
356315,10,1706044,190,Discussão generalidade,2026-03-19,
356315,13,1716419,250,Votação na generalidade,2026-03-20,
356315,41,1729005,150,Recurso da decisão do PAR,2026-03-20,"Recurso apresentado pelo L, na sequência de o PAR considerar que o anúncio das declarações de voto não eram válidas por, de acordo com a interpretação do Regimento, os anúncios não terem sido proferidos imediatamente após a votação da iniciativa"
356315,42,1729004,160,Votação do recurso da decisão do PAR,2026-03-20,"Votação do recurso apresentado pelo L, na sequência de o PAR considerar que o anúncio das declarações de voto não eram válidas por, de acordo com a interpretação do Regimento, os anúncios não terem sido proferidos imediatamente após a votação da iniciativa"
356597,1,1717674,10,Entrada,2026-04-17,
356597,2,1717814,20,Admissão,2026-04-21,
356597,9,1717815,180,Baixa comissão distribuição inicial generalidade,2026-04-21,
356597,3,1717835,21,Anúncio,2026-04-22,
356597,10,1728591,190,Discussão generalidade,2026-05-15,
356597,122,1729040,237,Requerimento Baixa Comissão sem Votação (Generalidade),2026-05-15,
356597,12,1729184,240,Nova apreciação comissão generalidade,2026-05-15,
356597,13,1731936,250,Votação na generalidade,2026-07-17,
356324,1,1705572,10,Entrada,2026-03-09,
356324,3,1706129,21,Anúncio,2026-03-18,
356324,2,1706130,20,Admissão,2026-03-18,
356324,9,1706131,180,Baixa comissão distribuição inicial generalidade,2026-03-18,
356324,10,1728552,190,Discussão generalidade,2026-05-08,
356324,13,1728814,250,Votação na generalidade,2026-05-08,
356214,1,1704953,10,Entrada,2026-02-21,
356214,2,1705138,20,Admissão,2026-02-24,
356214,9,1705139,180,Baixa comissão distribuição inicial generalidade,2026-02-24,
356214,3,1705140,21,Anúncio,2026-02-25,
356411,1,1716384,10,Entrada,2026-03-23,
356411,2,1716651,20,Admissão,2026-03-26,
356411,3,1716652,21,Anúncio,2026-03-26,
356411,9,1716653,180,Baixa comissão distribuição inicial generalidade,2026-03-26,Com conexão à 10.ª Comissão.
356411,49,1717307,55,Publicação em Separata,2026-04-15,
356573,1,1717605,10,Entrada,2026-04-17,
356573,2,1717782,20,Admissão,2026-04-21,
356573,9,1717783,180,Baixa comissão distribuição inicial generalidade,2026-04-21,
356573,3,1717831,21,Anúncio,2026-04-22,
356573,10,1728494,190,Discussão generalidade,2026-05-07,
356573,13,1728750,250,Votação na generalidade,2026-05-08,
356573,14,1728751,270,Baixa comissão especialidade,2026-05-08,
356583,1,1717642,10,Entrada,2026-04-17,
356583,2,1717778,20,Admissão,2026-04-21,"Despacho do PAR: ""Atentas as observações constantes da Nota de Admissibilidade"""
356583,9,1717779,180,Baixa comissão distribuição inicial generalidade,2026-04-21,
356583,3,1717829,21,Anúncio,2026-04-22,
356583,10,1728533,190,Discussão generalidade,2026-05-08,
356583,122,1728780,237,Requerimento Baixa Comissão sem Votação (Generalidade),2026-05-08,
356583,12,1728781,240,Nova apreciação comissão generalidade,2026-05-08,
356327,1,1705575,10,Entrada,2026-03-09,
356327,3,1705917,21,Anúncio,2026-03-12,
356327,2,1705918,20,Admissão,2026-03-13,
356327,9,1705919,180,Baixa comissão distribuição inicial generalidade,2026-03-13,
356338,1,1705791,10,Entrada,2026-03-11,
356338,3,1706198,21,Anúncio,2026-03-18,
356338,2,1706199,20,Admissão,2026-03-18,
356338,9,1706200,180,Baixa comissão distribuição inicial generalidade,2026-03-18,
356652,1,1718262,10,Entrada,2026-04-30,
356652,2,1728322,20,Admissão,2026-05-05,
356652,9,1728324,180,Baixa comissão distribuição inicial generalidade,2026-05-05,
356652,3,1728323,21,Anúncio,2026-05-06,
356652,10,1730031,190,Discussão generalidade,2026-06-11,
356652,13,1730349,250,Votação na generalidade,2026-06-12,
356652,14,1730350,270,Baixa comissão especialidade,2026-06-12,
356434,1,1716697,10,Entrada,2026-03-27,
356434,2,1716893,20,Admissão,2026-04-01,
356434,9,1716894,180,Baixa comissão distribuição inicial generalidade,2026-04-01,
356434,3,1716895,21,Anúncio,2026-04-01,
356309,1,1705556,10,Entrada,2026-03-06,
356309,3,1705893,21,Anúncio,2026-03-12,
356309,2,1705894,20,Admissão,2026-03-13,
356309,9,1705895,180,Baixa comissão distribuição inicial generalidade,2026-03-13,
356585,1,1717644,10,Entrada,2026-04-17,
356585,2,1718012,20,Admissão,2026-04-22,
356585,9,1718013,180,Baixa comissão distribuição inicial generalidade,2026-04-22,
356585,3,1718014,21,Anúncio,2026-04-24,
356585,10,1728534,190,Discussão generalidade,2026-05-08,
356585,13,1728782,250,Votação na generalidade,2026-05-08,
356551,1,1717155,10,Entrada,2026-04-11,
356551,2,1717509,20,Admissão,2026-04-16,"Despacho do PAR: ""Ressalvando os limites da norma travão."""
356551,9,1717510,180,Baixa comissão distribuição inicial generalidade,2026-04-16,
356551,3,1717511,21,Anúncio,2026-04-16,
356551,10,1730935,190,Discussão generalidade,2026-07-02,
356551,13,1731257,250,Votação na generalidade,2026-07-02,
356471,1,1716848,10,Entrada,2026-03-31,
356471,2,1717031,20,Admissão,2026-04-09,
356471,3,1717032,21,Anúncio,2026-04-09,
356471,10,1717011,190,Discussão generalidade,2026-04-09,
356471,13,1717145,250,Votação na generalidade,2026-04-10,
335948,1,1663207,10,Entrada,2026-01-08,
335948,2,1663314,20,Admissão,2026-01-09,
335948,3,1683871,21,Anúncio,2026-01-21,
335948,65,1705638,220,Apreciação de Decreto-Lei,2026-03-12,
335948,46,1705839,260,Admissão Proposta de Alteração,2026-03-12,
335948,14,1705850,270,Baixa comissão especialidade,2026-03-12,
335948,15,1716626,280,Requerimento avocação plenário,2026-03-26,
335948,46,1716633,260,Admissão Proposta de Alteração,2026-03-26,
335948,34,1716644,310,Votação na especialidade,2026-03-26,
335948,18,1716645,320,Votação final global,2026-03-26,"Texto Final, apresentado pela Comissão de Trabalho, Segurança Social e Inclusão, relativo ao Apreciação Parlamentar n.º 5/XVII/1.ª (PS)"
356711,1,1728476,10,Entrada,2026-05-05,
356711,2,1728865,20,Admissão,2026-05-12,Despacho PAR: Ressalvando os limites da norma Travão
356711,9,1728866,180,Baixa comissão distribuição inicial generalidade,2026-05-12,
356711,3,1728867,21,Anúncio,2026-05-13,
356711,10,1729039,190,Discussão generalidade,2026-05-20,
356711,122,1729377,237,Requerimento Baixa Comissão sem Votação (Generalidade),2026-05-22,
356711,12,1729409,240,Nova apreciação comissão generalidade,2026-05-22,
356596,1,1717668,10,Entrada,2026-04-17,
356596,2,1717962,20,Admissão,2026-04-23,"Despacho do PAR: ""Ressalvando os limites da norma Travão."""
356596,9,1717963,180,Baixa comissão distribuição inicial generalidade,2026-04-23,Com conexão à 5.ª Comissão.
356596,3,1717964,21,Anúncio,2026-04-23,
356596,10,1728496,190,Discussão generalidade,2026-05-07,
356596,13,1728753,250,Votação na generalidade,2026-05-08,
356476,1,1716854,10,Entrada,2026-03-31,
356476,2,1717038,20,Admissão,2026-04-09,
356476,3,1717039,21,Anúncio,2026-04-09,
356476,10,1717020,190,Discussão generalidade,2026-04-09,
356476,13,1717171,250,Votação na generalidade,2026-04-10,
356599,1,1717690,10,Entrada,2026-04-17,
356599,2,1717928,20,Admissão,2026-04-22,
356599,9,1717929,180,Baixa comissão distribuição inicial generalidade,2026-04-22,Com conexão à 5.ª Comissão
356599,3,1717930,21,Anúncio,2026-04-22,
356599,10,1728497,190,Discussão generalidade,2026-05-07,
356599,13,1728754,250,Votação na generalidade,2026-05-08,
356335,1,1705788,10,Entrada,2026-03-11,
356335,3,1706136,21,Anúncio,2026-03-18,
356335,2,1706137,20,Admissão,2026-03-18,
356335,9,1706138,180,Baixa comissão distribuição inicial generalidade,2026-03-18,
356364,1,1705951,10,Entrada,2026-03-13,
356364,3,1706168,21,Anúncio,2026-03-18,
356364,2,1706169,20,Admissão,2026-03-18,"Despacho do PAR: ""Atento o respeito pelos princípios constitucionais"""
356364,9,1706173,180,Baixa comissão distribuição inicial generalidade,2026-03-18,
356342,1,1705822,10,Entrada,2026-03-12,
356342,3,1706201,21,Anúncio,2026-03-18,
356342,2,1706202,20,Admissão,2026-03-18,
356342,9,1706203,180,Baixa comissão distribuição inicial generalidade,2026-03-18,
356470,1,1716847,10,Entrada,2026-03-31,
356470,2,1717494,20,Admissão,2026-04-16,
356470,9,1717495,180,Baixa comissão distribuição inicial generalidade,2026-04-16,
356470,3,1717497,21,Anúncio,2026-04-16,
356485,1,1716862,10,Entrada,2026-03-31,
356485,2,1717073,20,Admissão,2026-04-10,
356485,3,1717074,21,Anúncio,2026-04-10,
356485,10,1717114,190,Discussão generalidade,2026-04-10,
356485,13,1717211,250,Votação na generalidade,2026-04-10,
356472,1,1716849,10,Entrada,2026-03-31,
356472,2,1717506,20,Admissão,2026-04-16,
356472,9,1717507,180,Baixa comissão distribuição inicial generalidade,2026-04-16,
356472,3,1717508,21,Anúncio,2026-04-16,
356497,1,1716875,10,Entrada,2026-03-31,
356497,2,1717474,20,Admissão,2026-04-15,
356497,3,1717475,21,Anúncio,2026-04-16,
356497,10,1717197,190,Discussão generalidade,2026-04-16,
356497,13,1717661,250,Votação na generalidade,2026-04-17,
357005,1,1730977,10,Entrada,2026-06-30,
357005,2,1731489,20,Admissão,2026-07-08,
357005,9,1731490,180,Baixa comissão distribuição inicial generalidade,2026-07-08,Com conexão à 7.ª
357005,3,1731491,21,Anúncio,2026-07-16,
356914,1,1730286,10,Entrada,2026-06-12,
356914,2,1730475,20,Admissão,2026-06-16,
356914,3,1730476,21,Anúncio,2026-06-17,
356914,10,1731141,190,Discussão generalidade,2026-06-18,
356914,13,1730644,250,Votação na generalidade,2026-06-19,
356901,1,1730262,10,Entrada,2026-06-12,
356901,2,1730443,20,Admissão,2026-06-16,
356901,3,1730444,21,Anúncio,2026-06-17,
356901,10,1731127,190,Discussão generalidade,2026-06-18,
356901,13,1730621,250,Votação na generalidade,2026-06-19,
315437,1,1629471,10,Entrada,2025-07-31,
315437,2,1629619,20,Admissão,2025-07-31,
315437,51,1718138,50,Publicação,2025-07-31,
315437,3,1630002,21,Anúncio,2025-09-10,
315437,64,1629956,243,Apreciação,2025-09-17,
315437,74,1630503,365,Deliberação (Publicação DAR),2025-09-19,
356911,1,1730283,10,Entrada,2026-06-12,
356911,2,1730445,20,Admissão,2026-06-16,
356911,3,1730446,21,Anúncio,2026-06-17,
356911,10,1731128,190,Discussão generalidade,2026-06-18,
356911,13,1730622,250,Votação na generalidade,2026-06-19,
357083,1,1731805,10,Entrada,2026-07-20,
357083,2,1752328,20,Admissão,2026-08-03,
357083,9,1752329,180,Baixa comissão distribuição inicial generalidade,2026-08-03,
357083,3,1752382,21,Anúncio,2026-08-03,
356896,1,1730126,10,Entrada,2026-06-09,
356896,2,1730205,20,Admissão,2026-06-11,"Despacho do PAR: ""Ressalvando os limites da norma Travão"""
356896,3,1730206,21,Anúncio,2026-06-11,
356896,9,1730207,180,Baixa comissão distribuição inicial generalidade,2026-06-11,
357084,1,1731865,10,Entrada,2026-07-20,
357084,2,1752330,20,Admissão,2026-08-03,
357084,9,1752331,180,Baixa comissão distribuição inicial generalidade,2026-08-03,
357084,3,1752383,21,Anúncio,2026-08-03,
356915,1,1730287,10,Entrada,2026-06-12,
356915,2,1730449,20,Admissão,2026-06-16,
356915,3,1730450,21,Anúncio,2026-06-17,
356915,10,1731130,190,Discussão generalidade,2026-06-18,
356915,13,1730624,250,Votação na generalidade,2026-06-19,
315350,1,1628768,10,Entrada,2025-07-10,
315350,2,1628826,20,Admissão,2025-07-10,
315350,3,1628827,21,Anúncio,2025-07-10,
315350,73,1628789,335,Votação Deliberação,2025-07-10,
315350,10,1629497,190,Discussão generalidade,2025-07-10,
315350,74,1628818,365,Deliberação (Publicação DAR),2025-07-11,
315096,1,1627359,10,Entrada,2025-06-17,
315096,3,1627395,21,Anúncio,2025-06-17,
315096,51,1641826,50,Publicação,2025-06-17,
315096,73,1627440,335,Votação Deliberação,2025-06-18,
315096,13,1628337,250,Votação na generalidade,2025-06-18,
315096,74,1627654,365,Deliberação (Publicação DAR),2025-06-26,
356762,1,1729025,10,Entrada,2026-05-15,
356762,3,1729375,21,Anúncio,2026-05-15,
356762,2,1729376,20,Admissão,2026-05-22,
356762,51,1729513,50,Publicação,2026-05-23,
356762,64,1729728,243,Apreciação,2026-06-02,
356762,73,1729968,335,Votação Deliberação,2026-06-03,
356919,1,1730292,10,Entrada,2026-06-12,
356919,2,1730451,20,Admissão,2026-06-16,
356919,3,1730452,21,Anúncio,2026-06-17,
356919,10,1731131,190,Discussão generalidade,2026-06-18,
356919,13,1730625,250,Votação na generalidade,2026-06-19,
315765,1,1641927,10,Entrada,2025-11-14,
315765,2,1641928,20,Admissão,2025-11-14,
315765,3,1641946,21,Anúncio,2025-11-20,
315765,73,1641962,335,Votação Deliberação,2025-11-21,
315765,74,1641982,365,Deliberação (Publicação DAR),2025-11-21,
315736,1,1641339,10,Entrada,2025-10-15,
315736,2,1641525,20,Admissão,2025-10-15,
315736,3,1641440,21,Anúncio,2025-10-17,
315736,73,1641482,335,Votação Deliberação,2025-10-17,
315736,74,1641742,365,Deliberação (Publicação DAR),2025-10-20,
356617,1,1717932,10,Entrada,2026-04-22,
356617,2,1718007,20,Admissão,2026-04-22,
356617,3,1718008,21,Anúncio,2026-04-23,
356617,73,1728745,335,Votação Deliberação,2026-05-08,
356617,74,1728997,365,Deliberação (Publicação DAR),2026-05-13,
357010,1,1730998,10,Entrada,2026-06-30,
357010,2,1731492,20,Admissão,2026-07-08,
357010,9,1731493,180,Baixa comissão distribuição inicial generalidade,2026-07-08,
357010,3,1731494,21,Anúncio,2026-07-16,
357013,1,1731001,10,Entrada,2026-06-30,
357013,2,1731191,20,Admissão,2026-07-02,
357013,9,1731192,180,Baixa comissão distribuição inicial generalidade,2026-07-02,
357013,3,1731193,21,Anúncio,2026-07-03,
357078,1,1731761,10,Entrada,2026-07-16,
357078,2,1752323,20,Admissão,2026-08-03,
357078,9,1752324,180,Baixa comissão distribuição inicial generalidade,2026-08-03,
357078,3,1752381,21,Anúncio,2026-08-03,
357082,1,1731804,10,Entrada,2026-07-20,
357082,2,1752327,20,Admissão,2026-08-03,
357082,9,1752338,180,Baixa comissão distribuição inicial generalidade,2026-08-03,
357082,3,1752379,21,Anúncio,2026-08-03,
315170,1,1627749,10,Entrada,2025-06-26,
315170,2,1627940,20,Admissão,2025-06-26,
315170,51,1642090,50,Publicação,2025-06-26,
315170,73,1627772,335,Votação Deliberação,2025-06-27,
315170,74,1627939,365,Deliberação (Publicação DAR),2025-07-02,
356386,1,1706091,10,Entrada,2026-03-17,
356386,3,1706207,21,Anúncio,2026-03-18,
356386,2,1706208,20,Admissão,2026-03-18,
356386,73,1717153,335,Votação Deliberação,2026-03-19,
356386,74,1717281,365,Deliberação (Publicação DAR),2026-04-14,
315768,1,1641932,10,Entrada,2025-11-17,
315768,2,1641933,20,Admissão,2025-11-17,
315768,3,1641949,21,Anúncio,2025-11-20,
315768,73,1641965,335,Votação Deliberação,2025-11-21,
315768,74,1641984,365,Deliberação (Publicação DAR),2025-11-21,
315519,1,1629852,10,Entrada,2025-09-08,
315519,2,1629940,20,Admissão,2025-09-08,
315519,3,1630004,21,Anúncio,2025-09-10,
315519,73,1630498,335,Votação Deliberação,2025-09-17,
315519,74,1630505,365,Deliberação (Publicação DAR),2025-09-19,
356120,1,1704490,10,Entrada,2026-02-12,
356120,2,1704512,20,Admissão,2026-02-12,
356120,3,1704513,21,Anúncio,2026-02-13,
356120,73,1704609,335,Votação Deliberação,2026-02-13,
356120,74,1704734,365,Deliberação (Publicação DAR),2026-02-19,
357052,1,1731544,10,Entrada,2026-07-09,
357052,2,1752318,20,Admissão,2026-08-03,
357052,9,1752320,180,Baixa comissão distribuição inicial generalidade,2026-08-03,Com conexão à 1.ª Comissão
315767,1,1641931,10,Entrada,2025-11-17,
315767,2,1641934,20,Admissão,2025-11-17,
315767,3,1641948,21,Anúncio,2025-11-20,
315767,35,1641961,648,Retirada da iniciativa,2025-11-21,
315873,1,1642570,10,Entrada,2025-12-15,
315873,2,1642624,20,Admissão,2025-12-17,
315873,3,1642633,21,Anúncio,2025-12-17,
315873,65,1683669,220,Apreciação de Decreto-Lei,2026-01-28,
346032,1,1683732,10,Entrada,2026-01-23,
346032,73,1683754,335,Votação Deliberação,2026-01-23,
346032,3,1683875,21,Anúncio,2026-01-23,
377102,1,1752139,10,Entrada,2026-07-27,
377102,3,1752375,21,Anúncio,2026-08-03,
377136,1,1752473,10,Entrada,2026-08-13,
377154,1,1752551,10,Entrada,2026-08-26,
377153,1,1752550,10,Entrada,2026-08-26,
377139,1,1752476,10,Entrada,2026-08-14,
315671,1,1631071,10,Entrada,2025-10-09,
315671,145,1631108,23,Audição promovida pelo PAR para a ALRAM,2025-10-09,
315671,144,1631109,22,Audição promovida pelo PAR para a ALRAA,2025-10-09,
315671,147,1631110,25,Audição promovida pelo PAR para o Governo da RAM,2025-10-09,
315671,146,1631111,24,Audição promovida pelo PAR para o Governo da RAA,2025-10-09,
315671,2,1631112,20,Admissão,2025-10-09,
315671,9,1631113,180,Baixa comissão distribuição inicial generalidade,2025-10-09,
315671,9,1631114,180,Baixa comissão distribuição inicial generalidade,2025-10-09,
315671,9,1631115,180,Baixa comissão distribuição inicial generalidade,2025-10-09,
315671,9,1631116,180,Baixa comissão distribuição inicial generalidade,2025-10-09,
315671,9,1631117,180,Baixa comissão distribuição inicial generalidade,2025-10-09,
315671,9,1631118,180,Baixa comissão distribuição inicial generalidade,2025-10-09,
315671,9,1631119,180,Baixa comissão distribuição inicial generalidade,2025-10-09,
315671,9,1631120,180,Baixa comissão distribuição inicial generalidade,2025-10-09,
315671,9,1631121,180,Baixa comissão distribuição inicial generalidade,2025-10-09,
315671,9,1631122,180,Baixa comissão distribuição inicial generalidade,2025-10-09,
315671,9,1631123,180,Baixa comissão distribuição inicial generalidade,2025-10-09,
315671,9,1631124,180,Baixa comissão distribuição inicial generalidade,2025-10-09,
315671,9,1631125,180,Baixa comissão distribuição inicial generalidade,2025-10-09,
315671,9,1631126,180,Baixa comissão distribuição inicial generalidade,2025-10-09,
315671,9,1631127,180,Baixa comissão distribuição inicial generalidade,2025-10-09,
315671,51,1641628,50,Publicação,2025-10-09,
315671,3,1641331,21,Anúncio,2025-10-15,
315671,49,1641409,55,Publicação em Separata,2025-10-16,
315671,148,1641573,172,Parecer da ALRAA,2025-10-21,
315671,10,1641273,190,Discussão generalidade,2025-10-27,
315671,10,1641274,190,Discussão generalidade,2025-10-28,
315671,13,1641737,250,Votação na generalidade,2025-10-28,
315671,149,1641720,173,Parecer da ALRAM,2025-10-28,
315671,14,1641738,270,Baixa comissão especialidade,2025-10-29,
315671,150,1641729,174,Parecer do Governo da RAA,2025-10-29,
315671,151,1641907,175,Parecer do Governo da RAM,2025-11-07,
315671,17,1641722,300,Discussão especialidade,2025-11-20,
315671,17,1641723,300,Discussão especialidade,2025-11-21,
315671,17,1641724,300,Discussão especialidade,2025-11-24,
315671,17,1641725,300,Discussão especialidade,2025-11-26,
315671,17,1673399,300,Discussão especialidade,2025-11-27,
315671,18,1642014,320,Votação final global,2025-11-27,
315671,133,1642478,348,Envio à Comissão para fixação da Redação final,2025-12-10,
315671,31,1642569,350,Decreto (Publicação),2025-12-15,
315671,24,1642899,380,Promulgação,2025-12-22,
315671,25,1642900,390,Referenda,2025-12-23,
315671,26,1642901,400,Envio INCM,2025-12-23,
315671,32,1642933,580,Lei (Publicação DR),2025-12-30,
315162,1,1627599,10,Entrada,2025-06-25,
315162,51,1641855,50,Publicação,2025-06-25,
315162,2,1627755,20,Admissão,2025-06-27,
315162,9,1627756,180,Baixa comissão distribuição inicial generalidade,2025-06-27,
315162,3,1628202,21,Anúncio,2025-07-02,
315162,10,1628221,190,Discussão generalidade,2025-07-04,
315162,122,1628252,237,Requerimento Baixa Comissão sem Votação (Generalidade),2025-07-04,
315162,12,1628425,240,Nova apreciação comissão generalidade,2025-07-04,
315162,54,1628975,110,Processo de urgência,2025-07-10,"Concedido processo de urgência, dispensa de envio à comissão parlamentar para a redação final e do prazo para reclamações contra inexatidões (Deliberação n.º 11-PL/2025)"
315162,152,1628994,225,Requerimento,2025-07-16,
315162,46,1628995,260,Admissão Proposta de Alteração,2025-07-16,
315162,13,1629119,250,Votação na generalidade,2025-07-16,
315162,34,1629120,310,Votação na especialidade,2025-07-16,"Texto de substituição, apresentado pela Comissão de Assuntos Constitucionais, Direitos, Liberdades e Garantias, relativo à Proposta de Lei n.º 3/XVII/1.ª (GOV) e ao Projeto de Lei n.º 61/XVII/1.ª (CH) – Altera a Lei n.º 23/2007, de 4 de julho, que aprova o regime jurídico de entrada, permanência, saída e afastamento de estrangeiros do território nacional"
315162,18,1629121,320,Votação final global,2025-07-16,
315162,152,1629122,225,Requerimento,2025-07-16,
315162,31,1629094,350,Decreto (Publicação),2025-07-17,
315162,23,1629095,370,Envio para promulgação,2025-07-17,
315162,120,1629551,409,Veto (Receção),2025-08-12,Acórdão do Tribunal Constitucional n.º 785/2025 
315162,30,1629603,410,Veto (Leitura),2025-08-27,
315162,47,1629791,415,Veto (Publicação),2025-08-27,
315162,61,1630685,460,Admissão Proposta de Alteração decreto,2025-09-24,
315162,61,1630895,460,Admissão Proposta de Alteração decreto,2025-09-29,
315162,111,1630779,441,Reapreciação do decreto,2025-09-30,
315162,34,1631012,310,Votação na especialidade,2025-09-30,
315162,100,1631020,511,Votação novo decreto,2025-09-30,
315162,60,1631010,519,Decreto (2ª versão) (Publicação),2025-10-02,
315162,66,1631046,520,Envio para promulgação (2ª versão),2025-10-08,
315162,67,1641504,526,Promulgação (2ª versão),2025-10-16,
315162,68,1641505,527,Referenda (2ª versão),2025-10-16,
315162,69,1641506,528,Envio INCM (2ª versão),2025-10-20,
315162,32,1641577,580,Lei (Publicação DR),2025-10-22,
356278,1,1705506,10,Entrada,2026-03-04,
356278,3,1705627,21,Anúncio,2026-03-05,
356278,2,1705639,20,Admissão,2026-03-09,Despacho do PAR: Proceder à audição dos órgãos de governo próprio das RRAA.
356278,9,1705628,180,Baixa comissão distribuição inicial generalidade,2026-03-09,Com conexão à 12.ª Comissão.
356278,145,1705775,23,Audição promovida pelo PAR para a ALRAM,2026-03-10,
356278,144,1705776,22,Audição promovida pelo PAR para a ALRAA,2026-03-10,
356278,147,1705777,25,Audição promovida pelo PAR para o Governo da RAM,2026-03-10,
356278,146,1705778,24,Audição promovida pelo PAR para o Governo da RAA,2026-03-10,
356278,151,1716375,175,Parecer do Governo da RAM,2026-03-20,
356278,149,1716572,173,Parecer da ALRAM,2026-03-24,
356278,150,1716603,174,Parecer do Governo da RAA,2026-03-25,
356278,148,1716710,172,Parecer da ALRAA,2026-03-27,
356278,10,1717177,190,Discussão generalidade,2026-04-16,
356278,13,1717610,250,Votação na generalidade,2026-04-17,
356278,14,1717611,270,Baixa comissão especialidade,2026-04-17,
356278,14,1730333,270,Baixa comissão especialidade,2026-06-11,"Redistribuição da matéria remanescente da iniciativa, relativa às alterações ao regime jurídico das autarquias locais, à 13.ª Comissão, com despacho de 11-06-2026.
"
356278,34,1730425,310,Votação na especialidade,2026-06-12,
356278,18,1730426,320,Votação final global,2026-06-12,
356278,133,1730667,348,Envio à Comissão para fixação da Redação final,2026-06-22,
356278,31,1730823,350,Decreto (Publicação),2026-06-25,
356278,23,1730997,370,Envio para promulgação,2026-07-01,
356278,24,1731789,380,Promulgação,2026-07-14,
356278,25,1731790,390,Referenda,2026-07-16,
356278,26,1731791,400,Envio INCM,2026-07-17,
356278,32,1732009,580,Lei (Publicação DR),2026-07-23,
315347,1,1628674,10,Entrada,2025-07-09,
315347,51,1717284,50,Publicação,2025-07-09,
315347,2,1629014,20,Admissão,2025-07-16,"Despacho PAR "" Proceder à audição dos órgãos próprios das RRAA"""
315347,3,1629015,21,Anúncio,2025-07-16,
315347,9,1629016,180,Baixa comissão distribuição inicial generalidade,2025-07-16,
315347,145,1629062,23,Audição promovida pelo PAR para a ALRAM,2025-07-16,
315347,147,1629063,25,Audição promovida pelo PAR para o Governo da RAM,2025-07-16,
315347,146,1629064,24,Audição promovida pelo PAR para o Governo da RAA,2025-07-16,
315347,149,1629421,173,Parecer da ALRAM,2025-07-25,
315347,151,1629423,175,Parecer do Governo da RAM,2025-07-28,
315347,150,1629469,174,Parecer do Governo da RAA,2025-07-31,
315347,10,1683636,190,Discussão generalidade,2026-01-23,
315347,13,1683771,250,Votação na generalidade,2026-01-23,
315347,14,1683774,270,Baixa comissão especialidade,2026-01-23,
315347,148,1730606,172,Parecer da ALRAA,2026-06-19,Parecer previsto nos n.ºs 2 e 3 do artigo 226.º da Constituição e nos n.ºs 1 e 2 do artigo 167.º do Regimento AR
315347,18,1731944,320,Votação final global,2026-07-17,"Maioria absoluta dos Deputados em efetividade de funções, com recurso a votação eletrónica, nos termos da alínea j) do artigo 164.º, do n.º 2 do artigo 166.º e n.º 5 do artigo 168.º da CRP e n.º 4 do artigo 94.º do RAR."
315347,133,1731821,348,Envio à Comissão para fixação da Redação final,2026-07-20,
315347,31,1742085,350,Decreto (Publicação),2026-07-24,
315347,23,1752203,370,Envio para promulgação,2026-07-30,
315347,24,1752492,380,Promulgação,2026-08-12,
315347,25,1752493,390,Referenda,2026-08-12,
315347,26,1752494,400,Envio INCM,2026-08-14,
315755,1,1641653,10,Entrada,2025-10-27,
315755,2,1641702,20,Admissão,2025-10-28,
315755,9,1641703,180,Baixa comissão distribuição inicial generalidade,2025-10-28,Com conexão a todas as comissões.
315755,144,1641716,22,Audição promovida pelo PAR para a ALRAA,2025-10-28,
315755,145,1641717,23,Audição promovida pelo PAR para a ALRAM,2025-10-28,
315755,146,1641718,24,Audição promovida pelo PAR para o Governo da RAA,2025-10-28,
315755,147,1641719,25,Audição promovida pelo PAR para o Governo da RAM,2025-10-28,
315755,3,1641730,21,Anúncio,2025-10-28,
315755,150,1641926,174,Parecer do Governo da RAA,2025-11-14,
315755,148,1641929,172,Parecer da ALRAA,2025-11-14,
315755,149,1641937,173,Parecer da ALRAM,2025-11-19,
315755,10,1694101,190,Discussão generalidade,2025-12-10,
315755,13,1642511,250,Votação na generalidade,2025-12-12,
315755,14,1642512,270,Baixa comissão especialidade,2025-12-12,
315755,18,1642886,320,Votação final global,2025-12-19,
315755,135,1642887,345,Requerimento dispensa do prazo previsto Artº 157 RAR,2025-12-19,
315755,31,1642787,350,Decreto (Publicação),2025-12-19,
315755,23,1642788,370,Envio para promulgação,2025-12-19,
315755,24,1642927,380,Promulgação,2025-12-22,
315755,25,1642928,390,Referenda,2025-12-29,
315755,26,1642929,400,Envio INCM,2025-12-29,
315755,32,1642967,580,Lei (Publicação DR),2025-12-31,
356750,1,1728982,10,Entrada,2026-05-12,
356750,3,1729260,21,Anúncio,2026-05-13,
356750,2,1729258,20,Admissão,2026-05-19,"Despacho PAR ""Proceder à audição dos órgãos de governo própria das RA"""
356750,9,1729259,180,Baixa comissão distribuição inicial generalidade,2026-05-19,
356750,144,1729251,22,Audição promovida pelo PAR para a ALRAA,2026-05-19,
356750,145,1729252,23,Audição promovida pelo PAR para a ALRAM,2026-05-19,
356750,146,1729253,24,Audição promovida pelo PAR para o Governo da RAA,2026-05-19,
356750,147,1729254,25,Audição promovida pelo PAR para o Governo da RAM,2026-05-19,
356750,149,1729717,173,Parecer da ALRAM,2026-05-28,
356750,150,1729842,174,Parecer do Governo da RAA,2026-06-02,
356750,151,1729915,175,Parecer do Governo da RAM,2026-06-02,
356750,148,1730142,172,Parecer da ALRAA,2026-06-09,
356750,10,1730028,190,Discussão generalidade,2026-06-11,
356750,13,1730336,250,Votação na generalidade,2026-06-12,
356750,14,1730337,270,Baixa comissão especialidade,2026-06-12,
356750,15,1731747,280,Requerimento avocação plenário,2026-07-17,
356750,34,1731818,310,Votação na especialidade,2026-07-17,
356750,18,1731819,320,Votação final global,2026-07-17,
356750,81,1731820,341,Requerimento dispensa redação final,2026-07-17,O n.º 5 do artigo 156.º e o n.º 3 do artigo 157.º do Regimento da AR exigem a aprovação sem votos contra.
356750,133,1731983,348,Envio à Comissão para fixação da Redação final,2026-07-21,
356750,31,1742083,350,Decreto (Publicação),2026-07-24,
356750,23,1752199,370,Envio para promulgação,2026-07-30,
315445,1,1629526,10,Entrada,2025-08-04,
315445,51,1728297,50,Publicação,2025-08-04,
315445,2,1629744,20,Admissão,2025-08-27,
315445,9,1629745,180,Baixa comissão distribuição inicial generalidade,2025-08-27,
315445,3,1630144,21,Anúncio,2025-09-10,
315445,10,1630235,190,Discussão generalidade,2025-09-18,
315445,13,1630535,250,Votação na generalidade,2025-09-19,
315445,14,1630537,270,Baixa comissão especialidade,2025-09-19,
315445,14,1630784,270,Baixa comissão especialidade,2025-09-25,
315445,18,1718141,320,Votação final global,2026-02-25,
315445,18,1705457,320,Votação final global,2026-02-27,"Texto final, apresentado pela Comissão de Infraestruturas, Mobilidade e Habitação, relativo à Proposta de Lei n.º 25/XVII/1.ª (GOV)"
315445,133,1706000,348,Envio à Comissão para fixação da Redação final,2026-03-11,
315445,31,1716887,350,Decreto (Publicação),2026-04-01,
315445,23,1716994,370,Envio para promulgação,2026-04-08,
315445,24,1717292,380,Promulgação,2026-04-13,
315445,25,1717293,390,Referenda,2026-04-14,
315445,26,1717294,400,Envio INCM,2026-04-14,
315445,32,1717304,580,Lei (Publicação DR),2026-04-15,
315260,1,1628245,10,Entrada,2025-07-03,
315260,51,1683742,50,Publicação,2025-07-03,
315260,2,1628432,20,Admissão,2025-07-07,
315260,9,1628434,180,Baixa comissão distribuição inicial generalidade,2025-07-07,
315260,3,1628504,21,Anúncio,2025-07-09,
315260,10,1628459,190,Discussão generalidade,2025-07-09,
315260,54,1628765,110,Processo de urgência,2025-07-09,Processo de urgência concedido (Deliberação  n.º 8-PL/2025)
315260,46,1628814,260,Admissão Proposta de Alteração,2025-07-10,
315260,13,1628862,250,Votação na generalidade,2025-07-11,
315260,34,1628863,310,Votação na especialidade,2025-07-11,
315260,18,1628864,320,Votação final global,2025-07-11,
315260,152,1628865,225,Requerimento,2025-07-11,"Requerimento oral, apresentado pelo PSD, solicitando a dispensa de redação final e do prazo para apresentação de reclamações contra inexatidões relativamente à Proposta de Lei n.º 6/XVII/1.ª (GOV)"
315260,31,1628910,350,Decreto (Publicação),2025-07-14,
315260,23,1628911,370,Envio para promulgação,2025-07-14,
315260,24,1629197,380,Promulgação,2025-07-15,
315260,25,1629198,390,Referenda,2025-07-18,
315260,26,1629199,400,Envio INCM,2025-07-21,
315260,32,1629321,580,Lei (Publicação DR),2025-07-24,
315458,1,1629553,10,Entrada,2025-08-12,
315458,51,1731271,50,Publicação,2025-08-12,
315458,2,1629746,20,Admissão,2025-08-27,
315458,9,1629747,180,Baixa comissão distribuição inicial generalidade,2025-08-27,Com conexão à 7.ª Comissão.
315458,3,1630145,21,Anúncio,2025-09-10,
315458,152,1630810,225,Requerimento,2025-09-26,
315458,10,1630776,190,Discussão generalidade,2025-09-30,
315458,13,1630997,250,Votação na generalidade,2025-09-30,
315458,34,1631014,310,Votação na especialidade,2025-09-30,
315458,18,1631015,320,Votação final global,2025-09-30,
315458,133,1631078,348,Envio à Comissão para fixação da Redação final,2025-10-07,
315458,31,1641490,350,Decreto (Publicação),2025-10-20,
315458,23,1641652,370,Envio para promulgação,2025-10-23,
315458,24,1641733,380,Promulgação,2025-10-27,
315458,25,1641734,390,Referenda,2025-10-28,
315458,26,1641735,400,Envio INCM,2025-10-29,
315458,32,1641859,580,Lei (Publicação DR),2025-10-31,
315368,1,1628990,10,Entrada,2025-07-15,
315368,51,1705820,50,Publicação,2025-07-15,
315368,2,1629068,20,Admissão,2025-07-16,
315368,9,1629071,180,Baixa comissão distribuição inicial generalidade,2025-07-16,
315368,3,1629142,21,Anúncio,2025-07-17,
315368,10,1641260,190,Discussão generalidade,2025-10-17,
315368,13,1641484,250,Votação na generalidade,2025-10-17,
315368,14,1641485,270,Baixa comissão especialidade,2025-10-17,
315368,18,1663396,320,Votação final global,2026-01-09,"Texto Final, apresentado pela Comissão de Trabalho, Segurança Social e Inclusão"
315368,133,1683489,348,Envio à Comissão para fixação da Redação final,2026-01-16,
315368,31,1704340,350,Decreto (Publicação),2026-02-11,
315368,23,1704889,370,Envio para promulgação,2026-02-18,
315368,24,1704890,380,Promulgação,2026-02-18,
315368,25,1704891,390,Referenda,2026-02-20,
315368,26,1704892,400,Envio INCM,2026-02-20,
315368,32,1705088,580,Lei (Publicação DR),2026-02-25,
315387,1,1629189,10,Entrada,2025-07-18,
315387,2,1629236,20,Admissão,2025-07-22,
315387,9,1629237,180,Baixa comissão distribuição inicial generalidade,2025-07-22,Com conexão à 14.ª comissão
315387,9,1629420,180,Baixa comissão distribuição inicial generalidade,2025-07-28,Com conexão à 10.ª comissão
315387,3,1630136,21,Anúncio,2025-09-10,
315387,10,1630772,190,Discussão generalidade,2025-09-29,
315387,13,1630993,250,Votação na generalidade,2025-09-30,
315387,14,1631019,270,Baixa comissão especialidade,2025-09-30,
315387,18,1642872,320,Votação final global,2025-12-19,
315387,135,1642873,345,Requerimento dispensa do prazo previsto Artº 157 RAR,2025-12-19,
315387,31,1642785,350,Decreto (Publicação),2025-12-19,
315387,23,1642786,370,Envio para promulgação,2025-12-19,
315387,24,1642952,380,Promulgação,2025-12-29,
315387,25,1642953,390,Referenda,2025-12-30,
315387,26,1642954,400,Envio INCM,2026-01-02,
315387,32,1662981,580,Lei (Publicação DR),2026-01-06,
315354,1,1628801,10,Entrada,2025-07-10,
315354,2,1629017,20,Admissão,2025-07-16,
315354,3,1629018,21,Anúncio,2025-07-16,
315354,9,1629019,180,Baixa comissão distribuição inicial generalidade,2025-07-16,
315354,10,1630229,190,Discussão generalidade,2025-09-18,
315354,13,1630526,250,Votação na generalidade,2025-09-19,
315354,14,1630528,270,Baixa comissão especialidade,2025-09-19,
315354,18,1641554,320,Votação final global,2025-10-17,"Texto Final, apresentado pela Comissão de Orçamento, Finanças e Administração Pública, relativo à Proposta de Lei n.º 12/XVII/1.ª (GOV)"
315354,152,1641555,225,Requerimento,2025-10-17,"Requerimento oral, apresentado pelo PSD, solicitando a dispensa de redação final e do prazo para apresentação de reclamações contra inexatidões relativamente ao Texto Final, apresentado pela Comissão de Orçamento, Finanças e Administração Pública, relativo à Proposta de Lei n.º 12/XVII/1.ª (GOV)"
315354,133,1641564,348,Envio à Comissão para fixação da Redação final,2025-10-20,
315354,31,1641610,350,Decreto (Publicação),2025-10-23,
315354,23,1641890,370,Envio para promulgação,2025-10-29,
315354,24,1641891,380,Promulgação,2025-11-04,
315354,25,1641892,390,Referenda,2025-11-05,
315354,26,1641893,400,Envio INCM,2025-11-06,
315354,32,1641902,580,Lei (Publicação DR),2025-11-07,
315369,1,1628991,10,Entrada,2025-07-15,
315369,51,1705821,50,Publicação,2025-07-15,
315369,2,1629077,20,Admissão,2025-07-16,
315369,9,1629079,180,Baixa comissão distribuição inicial generalidade,2025-07-16,Com conexão à 9.ª Comissão
315369,3,1629143,21,Anúncio,2025-07-17,
315369,10,1630771,190,Discussão generalidade,2025-09-29,
315369,13,1630992,250,Votação na generalidade,2025-09-30,
315369,14,1631018,270,Baixa comissão especialidade,2025-09-30,
315369,18,1642870,320,Votação final global,2025-12-19,
315369,135,1642871,345,Requerimento dispensa do prazo previsto Artº 157 RAR,2025-12-19,
315369,31,1642783,350,Decreto (Publicação),2025-12-19,
315369,23,1642784,370,Envio para promulgação,2025-12-19,
315369,24,1642955,380,Promulgação,2025-12-27,
315369,25,1642956,390,Referenda,2025-12-30,
315369,26,1642957,400,Envio INCM,2026-01-02,
315369,32,1663098,580,Lei (Publicação DR),2026-01-07,
315436,1,1629470,10,Entrada,2025-07-31,
315436,51,1718136,50,Publicação,2025-07-31,
315436,2,1629742,20,Admissão,2025-08-27,
315436,9,1629743,180,Baixa comissão distribuição inicial generalidade,2025-08-27,
315436,3,1630143,21,Anúncio,2025-09-10,
315436,10,1630230,190,Discussão generalidade,2025-09-18,
315436,13,1630543,250,Votação na generalidade,2025-09-19,
315436,34,1630544,310,Votação na especialidade,2025-09-19,
315436,18,1630545,320,Votação final global,2025-09-19,
315436,133,1630670,348,Envio à Comissão para fixação da Redação final,2025-09-23,
315436,31,1630981,350,Decreto (Publicação),2025-09-30,
315436,23,1631032,370,Envio para promulgação,2025-10-06,
315436,24,1631065,380,Promulgação,2025-10-06,
315436,25,1631066,390,Referenda,2025-10-08,
315436,26,1631069,400,Envio INCM,2025-10-09,
315436,32,1631180,580,Lei (Publicação DR),2025-10-13,
356842,1,1729786,10,Entrada,2026-06-01,
356842,2,1729836,20,Admissão,2026-06-02,
356842,9,1729838,180,Baixa comissão distribuição inicial generalidade,2026-06-02,
356842,54,1729917,110,Processo de urgência,2026-06-02,Processo de urgência concedido (Deliberação n.º 9-PL/2026)
356842,3,1729837,21,Anúncio,2026-06-02,
356842,10,1730027,190,Discussão generalidade,2026-06-11,
356842,122,1730204,237,Requerimento Baixa Comissão sem Votação (Generalidade),2026-06-11,
356842,12,1730335,240,Nova apreciação comissão generalidade,2026-06-12,
356842,13,1731826,250,Votação na generalidade,2026-07-17,
356842,34,1731827,310,Votação na especialidade,2026-07-17,Votação da assunção pelo Plenário das votações indiciárias realizadas na especialidade em sede de Comissão
356842,18,1731828,320,Votação final global,2026-07-17,
356842,81,1731830,341,Requerimento dispensa redação final,2026-07-17,
356842,31,1731855,350,Decreto (Publicação),2026-07-20,
356842,23,1742052,370,Envio para promulgação,2026-07-23,
356842,24,1752480,380,Promulgação,2026-08-12,
356842,25,1752481,390,Referenda,2026-08-12,
356842,26,1752482,400,Envio INCM,2026-08-14,
356842,32,1752533,580,Lei (Publicação DR),2026-08-20,
315353,1,1628800,10,Entrada,2025-07-10,
315353,2,1629000,20,Admissão,2025-07-16,
315353,3,1629006,21,Anúncio,2025-07-16,
315353,9,1629007,180,Baixa comissão distribuição inicial generalidade,2025-07-16,
315353,10,1630770,190,Discussão generalidade,2025-09-29,
315353,13,1630991,250,Votação na generalidade,2025-09-30,
315353,14,1631017,270,Baixa comissão especialidade,2025-09-30,
315353,18,1642868,320,Votação final global,2025-12-19,
315353,135,1642869,345,Requerimento dispensa do prazo previsto Artº 157 RAR,2025-12-19,
315353,31,1642781,350,Decreto (Publicação),2025-12-19,
315353,23,1642782,370,Envio para promulgação,2025-12-19,
315353,24,1642958,380,Promulgação,2025-12-23,
315353,25,1642959,390,Referenda,2025-12-30,
315353,26,1642960,400,Envio INCM,2026-01-02,
315353,32,1662982,580,Lei (Publicação DR),2026-01-06,
345973,1,1683475,10,Entrada,2026-01-16,
345973,3,1683841,21,Anúncio,2026-01-21,
345973,2,1683926,20,Admissão,2026-01-27,
345973,9,1683929,180,Baixa comissão distribuição inicial generalidade,2026-01-27,
345973,10,1704661,190,Discussão generalidade,2026-02-20,
345973,13,1704970,250,Votação na generalidade,2026-02-20,
345973,14,1704971,270,Baixa comissão especialidade,2026-02-20,
345973,18,1730406,320,Votação final global,2026-06-12,
345973,133,1730710,348,Envio à Comissão para fixação da Redação final,2026-06-23,
345973,31,1730905,350,Decreto (Publicação),2026-06-26,
345973,23,1731146,370,Envio para promulgação,2026-07-02,
345973,24,1731971,380,Promulgação,2026-07-17,
345973,25,1731972,390,Referenda,2026-07-20,
345973,26,1731973,400,Envio INCM,2026-07-21,
345973,32,1742105,580,Lei (Publicação DR),2026-07-27,
345972,1,1683474,10,Entrada,2026-01-16,
345972,3,1683840,21,Anúncio,2026-01-21,
345972,2,1684007,20,Admissão,2026-01-27,
345972,9,1684008,180,Baixa comissão distribuição inicial generalidade,2026-01-27,
345972,10,1706029,190,Discussão generalidade,2026-03-19,
345972,13,1716398,250,Votação na generalidade,2026-03-20,
345972,14,1716399,270,Baixa comissão especialidade,2026-03-20,
345972,18,1730012,320,Votação final global,2026-06-03,"Texto final, apresentado pela Comissão de Assuntos Constitucionais, Direitos, Liberdades e Garantias, relativo à Proposta de Lei n.º 53/XVII/1.ª (GOV)"
345972,133,1730436,348,Envio à Comissão para fixação da Redação final,2026-06-16,
345972,31,1730581,350,Decreto (Publicação),2026-06-19,
345972,23,1730802,370,Envio para promulgação,2026-06-25,
345972,24,1731607,380,Promulgação,2026-07-13,
345972,25,1731608,390,Referenda,2026-07-14,
345972,26,1731609,400,Envio INCM,2026-07-15,
345972,32,1731877,580,Lei (Publicação DR),2026-07-21,
356212,1,1704904,10,Entrada,2026-02-20,
356212,2,1705099,20,Admissão,2026-02-24,
356212,9,1705101,180,Baixa comissão distribuição inicial generalidade,2026-02-24,
356212,3,1705100,21,Anúncio,2026-02-25,
356212,10,1706030,190,Discussão generalidade,2026-03-19,
356212,13,1716400,250,Votação na generalidade,2026-03-20,
356212,14,1716401,270,Baixa comissão especialidade,2026-03-20,
356212,18,1730424,320,Votação final global,2026-06-12,
356212,133,1730794,348,Envio à Comissão para fixação da Redação final,2026-06-24,
356212,31,1731319,350,Decreto (Publicação),2026-07-03,
356212,23,1731592,370,Envio para promulgação,2026-07-09,
356212,24,1731977,380,Promulgação,2026-07-17,
356212,25,1731978,390,Referenda,2026-07-20,
356212,26,1731979,400,Envio INCM,2026-07-21,
356212,32,1742106,580,Lei (Publicação DR),2026-07-27,
356564,1,1717537,10,Entrada,2026-04-16,
356564,2,1717822,20,Admissão,2026-04-21,
356564,9,1717823,180,Baixa comissão distribuição inicial generalidade,2026-04-21,
356564,3,1717837,21,Anúncio,2026-04-22,
356564,10,1729730,190,Discussão generalidade,2026-06-02,
356564,13,1729970,250,Votação na generalidade,2026-06-03,
356564,14,1729971,270,Baixa comissão especialidade,2026-06-03,
356564,18,1731840,320,Votação final global,2026-07-17,
356564,133,1731806,348,Envio à Comissão para fixação da Redação final,2026-07-18,
356564,31,1742082,350,Decreto (Publicação),2026-07-24,
356564,23,1752196,370,Envio para promulgação,2026-07-30,
356564,24,1752454,380,Promulgação,2026-08-07,
356564,25,1752455,390,Referenda,2026-08-10,
356564,26,1752456,400,Envio INCM,2026-08-11,
356564,32,1752502,580,Lei (Publicação DR),2026-08-17,
346029,1,1683648,10,Entrada,2026-01-21,
346029,3,1683842,21,Anúncio,2026-01-22,
346029,2,1684005,20,Admissão,2026-01-27,Despacho do PAR: Proceder à Audição dos órgãos de governo próprio das RRAA.
346029,9,1684006,180,Baixa comissão distribuição inicial generalidade,2026-01-27,
346029,147,1684031,25,Audição promovida pelo PAR para o Governo da RAM,2026-01-27,
346029,144,1684029,22,Audição promovida pelo PAR para a ALRAA,2026-01-28,
346029,146,1684030,24,Audição promovida pelo PAR para o Governo da RAA,2026-01-28,
346029,151,1704358,175,Parecer do Governo da RAM,2026-02-09,
346029,150,1704521,174,Parecer do Governo da RAA,2026-02-12,
346029,148,1704641,172,Parecer da ALRAA,2026-02-16,
346029,10,1704529,190,Discussão generalidade,2026-02-18,
346029,13,1704835,250,Votação na generalidade,2026-02-18,
346029,14,1704836,270,Baixa comissão especialidade,2026-02-18,
315355,1,1628802,10,Entrada,2025-07-10,
315355,2,1629026,20,Admissão,2025-07-16,
315355,3,1629027,21,Anúncio,2025-07-16,
315355,126,1629028,181,Baixa comissão para discussão,2025-07-16,
315355,64,1630773,243,Apreciação,2025-09-29,
315355,56,1630994,330,Votação global,2025-09-30,
315355,188,1641421,332,Envio INCM para preparação do autógrafo,2025-10-07,
315355,57,1641414,360,Resolução (Publicação DAR),2025-10-16,
315355,121,1641415,371,Envio para Ratificação / Assinatura,2025-10-16,
315355,26,1641416,400,Envio INCM,2025-10-16,
315355,44,1641868,600,Resolução da AR (Publicação DR),2025-11-04,
315356,1,1628803,10,Entrada,2025-07-10,
315356,2,1629023,20,Admissão,2025-07-16,
315356,3,1629024,21,Anúncio,2025-07-16,
315356,126,1629025,181,Baixa comissão para discussão,2025-07-16,
315356,64,1630774,243,Apreciação,2025-09-29,
315356,56,1630995,330,Votação global,2025-09-30,
315356,188,1641420,332,Envio INCM para preparação do autógrafo,2025-10-07,
315356,57,1641417,360,Resolução (Publicação DAR),2025-10-16,
315356,121,1641418,371,Envio para Ratificação / Assinatura,2025-10-16,
315356,26,1641419,400,Envio INCM,2025-10-16,
315356,44,1641869,600,Resolução da AR (Publicação DR),2025-11-04,
315497,1,1629601,10,Entrada,2025-08-27,
315497,2,1629774,20,Admissão,2025-08-28,
315497,126,1629775,181,Baixa comissão para discussão,2025-08-28,
315497,3,1630148,21,Anúncio,2025-09-10,
315497,64,1630242,243,Apreciação,2025-09-18,
315497,56,1630634,330,Votação global,2025-09-19,
315497,188,1631002,332,Envio INCM para preparação do autógrafo,2025-09-24,
315497,57,1631063,360,Resolução (Publicação DAR),2025-10-09,
315497,26,1631068,400,Envio INCM,2025-10-09,
315497,44,1642207,600,Resolução da AR (Publicação DR),2025-12-04,
356516,1,1716936,10,Entrada,2026-04-02,
356516,2,1717528,20,Admissão,2026-04-15,
356516,126,1717529,181,Baixa comissão para discussão,2026-04-15,
356516,3,1717530,21,Anúncio,2026-04-16,
356516,64,1728498,243,Apreciação,2026-05-07,
356516,56,1728747,330,Votação global,2026-05-08,
356516,57,1729210,360,Resolução (Publicação DAR),2026-05-18,
356516,26,1729211,400,Envio INCM,2026-05-18,
356516,121,1729212,371,Envio para Ratificação / Assinatura,2026-05-18,
356516,44,1729929,600,Resolução da AR (Publicação DR),2026-06-03,
356517,1,1716937,10,Entrada,2026-04-02,
356517,2,1717525,20,Admissão,2026-04-15,
356517,126,1717526,181,Baixa comissão para discussão,2026-04-15,
356517,3,1717527,21,Anúncio,2026-04-16,
356517,64,1718217,243,Apreciação,2026-04-30,Agendamento sem tempos
356517,56,1718237,330,Votação global,2026-04-30,
356517,57,1728564,360,Resolução (Publicação DAR),2026-05-07,
356517,26,1728565,400,Envio INCM,2026-05-07,
356517,121,1728566,371,Envio para Ratificação / Assinatura,2026-05-07,
356517,44,1729927,600,Resolução da AR (Publicação DR),2026-06-03,
356118,1,1704452,10,Entrada,2026-02-12,
356118,2,1704562,20,Admissão,2026-02-13,
356118,126,1704564,181,Baixa comissão para discussão,2026-02-13,
356118,3,1704563,21,Anúncio,2026-02-18,
356118,64,1705472,243,Apreciação,2026-03-06,Consta da agenda sem tempos.
356118,56,1705579,330,Votação global,2026-03-06,
356118,57,1717869,360,Resolução (Publicação DAR),2026-04-22,
356118,26,1717947,400,Envio INCM,2026-04-23,
356118,121,1730079,371,Envio para Ratificação / Assinatura,2026-04-28,
356118,44,1730800,600,Resolução da AR (Publicação DR),2026-06-25,
356385,1,1706090,10,Entrada,2026-03-17,
356385,3,1706102,21,Anúncio,2026-03-18,
356385,2,1706103,20,Admissão,2026-03-18,
356385,126,1706104,181,Baixa comissão para discussão,2026-03-18,
356385,64,1717099,243,Apreciação,2026-04-10,Agendamento sem tempos
356385,56,1717152,330,Votação global,2026-04-10,
356385,57,1717872,360,Resolução (Publicação DAR),2026-04-22,
356385,26,1717949,400,Envio INCM,2026-04-23,
356385,121,1730078,371,Envio para Ratificação / Assinatura,2026-04-28,
356385,44,1730148,600,Resolução da AR (Publicação DR),2026-06-11,
356745,1,1728854,10,Entrada,2026-05-12,
356745,3,1729117,21,Anúncio,2026-05-13,
356745,2,1729116,20,Admissão,2026-05-15,
356745,126,1729248,181,Baixa comissão para discussão,2026-05-15,
356745,10,1729756,190,Discussão generalidade,2026-06-03,
356745,56,1730008,330,Votação global,2026-06-03,
356745,57,1730706,360,Resolução (Publicação DAR),2026-06-22,
356745,26,1730707,400,Envio INCM,2026-06-23,
356745,121,1730708,371,Envio para Ratificação / Assinatura,2026-06-23,
356745,44,1731579,600,Resolução da AR (Publicação DR),2026-07-14,
315430,1,1629461,10,Entrada,2025-07-29,
315430,51,1718131,50,Publicação,2025-07-29,
315430,2,1629736,20,Admissão,2025-08-27,"Despachos do PAR: ""Admitido, salvaguardando o limite imposto pela lei-travão.""
""Proceder à Audição dos órgão de governo próprio das regiões autónomas."""
315430,9,1629737,180,Baixa comissão distribuição inicial generalidade,2025-08-27,
315430,144,1629609,22,Audição promovida pelo PAR para a ALRAA,2025-08-27,
315430,147,1629610,25,Audição promovida pelo PAR para o Governo da RAM,2025-08-27,
315430,146,1629611,24,Audição promovida pelo PAR para o Governo da RAA,2025-08-27,
315430,151,1629960,175,Parecer do Governo da RAM,2025-09-10,
315430,3,1630140,21,Anúncio,2025-09-10,
315430,150,1629990,174,Parecer do Governo da RAA,2025-09-11,
315430,148,1630440,172,Parecer da ALRAA,2025-09-18,
335946,1,1663113,10,Entrada,2026-01-07,
335946,2,1663290,20,Admissão,2026-01-08,
335946,126,1663291,181,Baixa comissão para discussão,2026-01-08,
335946,3,1663309,21,Anúncio,2026-01-09,
335946,64,1704372,243,Apreciação,2026-02-13,
335946,56,1704613,330,Votação global,2026-02-13,
335946,57,1704845,360,Resolução (Publicação DAR),2026-02-20,
335946,26,1704846,400,Envio INCM,2026-02-20,
335946,44,1705238,600,Resolução da AR (Publicação DR),2026-02-26,
335945,1,1663112,10,Entrada,2026-01-07,
335945,2,1663288,20,Admissão,2026-01-08,
335945,126,1663289,181,Baixa comissão para discussão,2026-01-08,
335945,3,1663308,21,Anúncio,2026-01-09,
335945,64,1704370,243,Apreciação,2026-02-13,
335945,56,1704610,330,Votação global,2026-02-13,
335945,57,1704807,360,Resolução (Publicação DAR),2026-02-19,
335945,26,1704808,400,Envio INCM,2026-02-19,
335945,44,1705603,600,Resolução da AR (Publicação DR),2026-03-10,
315091,1,1627327,10,Entrada,2025-06-13,
315091,51,1630630,50,Publicação,2025-06-14,
315091,2,1627421,20,Admissão,2025-06-17,
315091,3,1627422,21,Anúncio,2025-06-18,
315091,126,1627820,181,Baixa comissão para discussão,2025-06-27,
315091,64,1683678,243,Apreciação,2026-01-30,
315091,13,1694110,250,Votação na generalidade,2026-01-30,
315091,14,1694111,270,Baixa comissão especialidade,2026-01-30,
315091,18,1705461,320,Votação final global,2026-02-27,"Texto final, apresentado pela Comissão de Orçamento, Finanças e Administração Pública, relativo ao Projeto de Resolução n.º 32/XVII/1.ª (CDS-PP)"
315091,133,1705519,348,Envio à Comissão para fixação da Redação final,2026-03-05,
315091,57,1706362,360,Resolução (Publicação DAR),2026-03-20,
315091,26,1706368,400,Envio INCM,2026-03-20,
315091,44,1716505,600,Resolução da AR (Publicação DR),2026-03-24,
315083,1,1627319,10,Entrada,2025-06-12,
315083,51,1641811,50,Publicação,2025-06-12,
315083,2,1627409,20,Admissão,2025-06-17,
315083,3,1627410,21,Anúncio,2025-06-18,
315083,126,1628098,181,Baixa comissão para discussão,2025-07-02,
315083,64,1683673,243,Apreciação,2026-01-30,
315083,13,1694086,250,Votação na generalidade,2026-01-30,
315083,14,1694089,270,Baixa comissão especialidade,2026-01-30,
315083,18,1730417,320,Votação final global,2026-06-12,
315083,133,1730612,348,Envio à Comissão para fixação da Redação final,2026-06-22,
315083,57,1731159,360,Resolução (Publicação DAR),2026-07-02,
315083,26,1731160,400,Envio INCM,2026-07-02,
315083,44,1731356,600,Resolução da AR (Publicação DR),2026-07-06,
315084,1,1627320,10,Entrada,2025-06-12,
315084,51,1641813,50,Publicação,2025-06-12,
315084,2,1627411,20,Admissão,2025-06-17,
315084,3,1627412,21,Anúncio,2025-06-18,
315084,126,1628099,181,Baixa comissão para discussão,2025-07-02,
315084,64,1663162,243,Apreciação,2026-01-09,
315084,13,1663377,250,Votação na generalidade,2026-01-09,
315084,14,1663378,270,Baixa comissão especialidade,2026-01-09,
315084,18,1717733,320,Votação final global,2026-04-17,"Texto Final, apresentado pela Comissão de Assuntos Constitucionais, Direitos, Liberdades e Garantias, relativo do Projeto de Resolução n.º 27/XVII/1.ª (CDS-PP) - Recomenda ao Governo que reforce as medidas para combater as “empresas e lojas de fachada”"
315084,133,1718144,348,Envio à Comissão para fixação da Redação final,2026-04-27,
315084,57,1728414,360,Resolução (Publicação DAR),2026-05-05,
315084,26,1728415,400,Envio INCM,2026-05-05,
315084,44,1728526,600,Resolução da AR (Publicação DR),2026-05-07,
315046,1,1627220,10,Entrada,2025-06-03,
315046,51,1642063,50,Publicação,2025-06-03,
315046,2,1627263,20,Admissão,2025-06-06,
315046,3,1627362,21,Anúncio,2025-06-17,
315046,126,1627912,181,Baixa comissão para discussão,2025-06-30,
315046,64,1628780,243,Apreciação,2025-07-10,
315046,35,1628855,648,Retirada da iniciativa,2025-07-11,
315046,13,1629598,250,Votação na generalidade,2025-07-11,
315057,1,1627238,10,Entrada,2025-06-05,
315057,51,1641641,50,Publicação,2025-06-05,
315057,2,1627306,20,Admissão,2025-06-12,
315057,3,1627369,21,Anúncio,2025-06-17,
315057,126,1627816,181,Baixa comissão para discussão,2025-06-27,
315057,73,1704630,335,Votação Deliberação,2026-02-13,
315057,57,1705307,360,Resolução (Publicação DAR),2026-02-26,
315057,26,1705308,400,Envio INCM,2026-02-26,
315057,44,1705354,600,Resolução da AR (Publicação DR),2026-03-02,
315150,1,1627506,10,Entrada,2025-06-24,
315150,51,1641842,50,Publicação,2025-06-24,
315150,2,1627678,20,Admissão,2025-06-25,
315150,3,1627732,21,Anúncio,2025-06-26,
315150,126,1628106,181,Baixa comissão para discussão,2025-07-02,
315150,73,1630999,335,Votação Deliberação,2025-09-30,
315150,133,1631080,348,Envio à Comissão para fixação da Redação final,2025-10-07,
315150,57,1641437,360,Resolução (Publicação DAR),2025-10-16,
315150,26,1641438,400,Envio INCM,2025-10-16,
315150,44,1641561,600,Resolução da AR (Publicação DR),2025-10-20,
315031,1,1627196,10,Entrada,2025-06-03,
315031,2,1627205,20,Admissão,2025-06-03,
315031,3,1627212,21,Anúncio,2025-06-03,
315031,73,1627217,335,Votação Deliberação,2025-06-03,
315031,51,1642052,50,Publicação,2025-06-03,
315031,57,1627231,360,Resolução (Publicação DAR),2025-06-04,
315031,26,1627232,400,Envio INCM,2025-06-04,
315031,44,1627266,600,Resolução da AR (Publicação DR),2025-06-06,
315621,1,1630513,10,Entrada,2025-09-19,
315621,2,1630684,20,Admissão,2025-09-23,
315621,9,1630687,180,Baixa comissão distribuição inicial generalidade,2025-09-23,
315621,3,1630737,21,Anúncio,2025-09-24,
315268,1,1628259,10,Entrada,2025-07-04,
315268,51,1716731,50,Publicação,2025-07-04,
315268,2,1628567,20,Admissão,2025-07-09,
315268,3,1628569,21,Anúncio,2025-07-09,
315268,64,1628783,243,Apreciação,2025-07-10,
315268,13,1628931,250,Votação na generalidade,2025-07-11,
315268,14,1628932,270,Baixa comissão especialidade,2025-07-11,
315268,18,1641785,320,Votação final global,2025-10-28,"Texto Final, apresentado pela Comissão de Infraestruturas, Mobilidade e Habitação, relativo aos Projetos de Resolução n.º 133/XVII/1.ª (PSD) e n.º 166/XVII/1.ª (CDS-PP)"
315268,133,1641911,348,Envio à Comissão para fixação da Redação final,2025-11-11,
315268,57,1642416,360,Resolução (Publicação DAR),2025-12-10,
315268,26,1642417,400,Envio INCM,2025-12-10,
315268,44,1642556,600,Resolução da AR (Publicação DR),2025-12-15,
315657,1,1630984,10,Entrada,2025-09-29,
315657,2,1631048,20,Admissão,2025-10-08,
315657,9,1631049,180,Baixa comissão distribuição inicial generalidade,2025-10-08,
315657,3,1641330,21,Anúncio,2025-10-15,
315338,1,1628392,10,Entrada,2025-07-07,
315338,51,1705811,50,Publicação,2025-07-07,
315338,2,1628751,20,Admissão,2025-07-09,
315338,126,1628752,181,Baixa comissão para discussão,2025-07-09,
315338,3,1628811,21,Anúncio,2025-07-10,
315338,64,1718221,243,Apreciação,2026-04-30,
315338,13,1718242,250,Votação na generalidade,2026-04-30,
315338,14,1718243,270,Baixa comissão especialidade,2026-04-30,
315338,18,1730409,320,Votação final global,2026-06-12,
315338,133,1730645,348,Envio à Comissão para fixação da Redação final,2026-06-22,
315338,57,1731167,360,Resolução (Publicação DAR),2026-07-02,
315338,26,1731168,400,Envio INCM,2026-07-02,
315338,44,1731362,600,Resolução da AR (Publicação DR),2026-07-06,
315041,1,1627209,10,Entrada,2025-06-03,
315041,51,1642059,50,Publicação,2025-06-03,
315041,2,1627258,20,Admissão,2025-06-06,
315041,3,1627357,21,Anúncio,2025-06-17,
315041,126,1627814,181,Baixa comissão para discussão,2025-06-27,
315041,64,1628835,243,Apreciação,2025-07-11,
315041,13,1628946,250,Votação na generalidade,2025-07-11,
315290,1,1628310,10,Entrada,2025-07-04,
315290,51,1716746,50,Publicação,2025-07-04,
315290,2,1628598,20,Admissão,2025-07-09,
315290,3,1628599,21,Anúncio,2025-07-09,
315290,64,1628839,243,Apreciação,2025-07-11,
315290,13,1628951,250,Votação na generalidade,2025-07-11,
315290,14,1628952,270,Baixa comissão especialidade,2025-07-11,
315290,18,1630929,320,Votação final global,2025-09-26,
315290,133,1642067,348,Envio à Comissão para fixação da Redação final,2025-12-02,
315290,57,1663018,360,Resolução (Publicação DAR),2026-01-06,
315290,26,1663019,400,Envio INCM,2026-01-06,
315290,44,1663190,600,Resolução da AR (Publicação DR),2026-01-08,
315035,1,1627200,10,Entrada,2025-06-03,
315035,51,1642056,50,Publicação,2025-06-03,
315035,2,1627255,20,Admissão,2025-06-06,
315035,3,1627354,21,Anúncio,2025-06-17,
315035,126,1628087,181,Baixa comissão para discussão,2025-07-02,
315035,35,1641736,648,Retirada da iniciativa,2025-10-29,
315310,1,1628330,10,Entrada,2025-07-04,
315310,51,1716754,50,Publicação,2025-07-04,
315310,2,1628612,20,Admissão,2025-07-09,
315310,3,1628613,21,Anúncio,2025-07-09,
315310,64,1628853,243,Apreciação,2025-07-11,
315310,13,1628969,250,Votação na generalidade,2025-07-11,
315310,14,1628970,270,Baixa comissão especialidade,2025-07-11,
315310,18,1630538,320,Votação final global,2025-09-19,
315310,133,1630718,348,Envio à Comissão para fixação da Redação final,2025-09-24,
315310,57,1631102,360,Resolução (Publicação DAR),2025-10-09,
315310,26,1631103,400,Envio INCM,2025-10-09,
315310,44,1631187,600,Resolução da AR (Publicação DR),2025-10-13,
315359,1,1628830,10,Entrada,2025-07-11,
315359,51,1630583,50,Publicação,2025-07-11,
315359,2,1629050,20,Admissão,2025-07-16,
315359,3,1629051,21,Anúncio,2025-07-16,
315359,126,1629052,181,Baixa comissão para discussão,2025-07-16,
315359,13,1630611,250,Votação na generalidade,2025-09-19,
315359,14,1630612,270,Baixa comissão especialidade,2025-09-19,
315359,18,1642881,320,Votação final global,2025-12-19,
315359,133,1663284,348,Envio à Comissão para fixação da Redação final,2026-01-08,
315359,57,1683444,360,Resolução (Publicação DAR),2026-01-15,
315359,26,1683446,400,Envio INCM,2026-01-15,
315359,44,1683470,600,Resolução da AR (Publicação DR),2026-01-16,
315056,1,1627237,10,Entrada,2025-06-05,
315056,51,1641640,50,Publicação,2025-06-05,
315056,2,1627305,20,Admissão,2025-06-12,
315056,3,1627368,21,Anúncio,2025-06-17,
315056,126,1628093,181,Baixa comissão para discussão,2025-07-02,
315056,64,1683686,243,Apreciação,2026-01-30,
315056,13,1694142,250,Votação na generalidade,2026-01-30,
315280,1,1628300,10,Entrada,2025-07-04,
315280,51,1716738,50,Publicação,2025-07-04,
315280,2,1628585,20,Admissão,2025-07-09,
315280,3,1628586,21,Anúncio,2025-07-09,
315280,126,1628587,181,Baixa comissão para discussão,2025-07-09,
315280,73,1630615,335,Votação Deliberação,2025-09-19,
315280,13,1641861,250,Votação na generalidade,2025-09-19,
315280,133,1630717,348,Envio à Comissão para fixação da Redação final,2025-09-24,
315280,57,1631090,360,Resolução (Publicação DAR),2025-10-09,
315280,26,1631091,400,Envio INCM,2025-10-09,
315280,44,1631186,600,Resolução da AR (Publicação DR),2025-10-13,
315324,1,1628346,10,Entrada,2025-07-04,
315324,51,1716761,50,Publicação,2025-07-04,
315324,2,1628521,20,Admissão,2025-07-09,
315324,2,1628522,20,Admissão,2025-07-09,
315324,64,1628472,243,Apreciação,2025-07-09,
315324,13,1628887,250,Votação na generalidade,2025-07-11,
315324,14,1628888,270,Baixa comissão especialidade,2025-07-11,
315324,18,1642260,320,Votação final global,2025-12-05,
315324,133,1642574,348,Envio à Comissão para fixação da Redação final,2025-12-15,
315324,57,1642673,360,Resolução (Publicação DAR),2025-12-17,
315324,26,1642674,400,Envio INCM,2025-12-17,
315324,44,1642729,600,Resolução da AR (Publicação DR),2025-12-19,
315075,1,1627281,10,Entrada,2025-06-11,
315075,51,1641808,50,Publicação,2025-06-11,
315075,2,1627312,20,Admissão,2025-06-12,
315075,3,1627375,21,Anúncio,2025-06-17,
315075,126,1627913,181,Baixa comissão para discussão,2025-06-30,
315075,64,1628226,243,Apreciação,2025-07-04,
315075,73,1628436,335,Votação Deliberação,2025-07-04,
315097,1,1627381,10,Entrada,2025-06-17,
315097,51,1641831,50,Publicação,2025-06-17,
315097,2,1627634,20,Admissão,2025-06-25,
315097,126,1641570,181,Baixa comissão para discussão,2025-06-25,
315097,3,1627697,21,Anúncio,2025-06-26,
315097,64,1642294,243,Apreciação,2025-12-04,
315097,13,1642317,250,Votação na generalidade,2025-12-05,
315328,1,1628350,10,Entrada,2025-07-04,
315328,51,1716763,50,Publicação,2025-07-04,
315328,2,1628625,20,Admissão,2025-07-09,
315328,3,1628626,21,Anúncio,2025-07-09,
315328,64,1628786,243,Apreciação,2025-07-10,
315328,13,1628935,250,Votação na generalidade,2025-07-11,
315328,14,1628936,270,Baixa comissão especialidade,2025-07-11,
315328,18,1641790,320,Votação final global,2025-10-28,"Texto Final, apresentado pela Comissão de Infraestruturas, Mobilidade e Habitação, relativo aos Projetos de Resolução n.º 133/XVII/1.ª (PSD) e n.º 166/XVII/1.ª (CDS-PP)"
315328,133,1641912,348,Envio à Comissão para fixação da Redação final,2025-11-11,
315328,57,1642418,360,Resolução (Publicação DAR),2025-12-10,
315328,26,1642419,400,Envio INCM,2025-12-10,
315328,44,1642552,600,Resolução da AR (Publicação DR),2025-12-15,
315336,1,1628383,10,Entrada,2025-07-07,
315336,51,1705808,50,Publicação,2025-07-07,
315336,2,1628747,20,Admissão,2025-07-09,
315336,126,1628748,181,Baixa comissão para discussão,2025-07-09,
315336,3,1628809,21,Anúncio,2025-07-10,
315336,126,1629998,181,Baixa comissão para discussão,2025-09-10,"Redistribuição à 7.ª Comissão. Despacho do PAR, de 2025-09-10: ""Manifestada concordância pela Comissão de Ambiente e Energia quanto à redistribuição requerida, por determinação de Sua Exa. o PAR, nos termos e para os efeitos do disposto no artigo 130.º do Regimento, ordena-se a redistribuição do Projeto de Resolução n.º 172/XVII/1.ª (CH) - «Recomenda ao Governo o reforço da luta fitossanitária e a criação de apoios específicos para os produtores afetados pela vespa-do-galho-do-castanheiro» à Comissão de Agricultura e Pescas, uma vez que o respetivo objeto se enquadra mais diretamente no âmbito de competências desta Comissão. Assim, em reapreciação da distribuição efetuada, remeta-se à Comissão de Agricultura e Pescas com conhecimento à Comissão de Ambiente e Energia e à DSAP."""
315336,73,1718256,335,Votação Deliberação,2026-04-30,
315336,133,1728735,348,Envio à Comissão para fixação da Redação final,2026-05-08,
315336,57,1729389,360,Resolução (Publicação DAR),2026-05-22,
315336,26,1729392,400,Envio INCM,2026-05-22,
315336,44,1729610,600,Resolução da AR (Publicação DR),2026-05-27,
315036,1,1627201,10,Entrada,2025-06-03,
315036,51,1642057,50,Publicação,2025-06-03,
315036,2,1627256,20,Admissão,2025-06-06,
315036,3,1627355,21,Anúncio,2025-06-17,
315036,126,1628088,181,Baixa comissão para discussão,2025-07-02,
356939,1,1730516,10,Entrada,2026-06-18,
356939,2,1730703,20,Admissão,2026-06-22,
356939,9,1730704,180,Baixa comissão distribuição inicial generalidade,2026-06-22,Com conexão à 5.ª Comissão e à 10.ª Comissão
356939,3,1730705,21,Anúncio,2026-06-24,
356938,1,1730515,10,Entrada,2026-06-18,
356938,2,1730572,20,Admissão,2026-06-19,
356938,9,1730573,180,Baixa comissão distribuição inicial generalidade,2026-06-19,Com conexão à 11.ª Comissão
356938,3,1730574,21,Anúncio,2026-06-19,
357056,1,1731564,10,Entrada,2026-07-13,
357056,2,1731614,20,Admissão,2026-07-15,
357056,3,1731615,21,Anúncio,2026-07-16,
357056,9,1731616,180,Baixa comissão distribuição inicial generalidade,2026-07-16,
315448,1,1629530,10,Entrada,2025-08-05,
315448,51,1729821,50,Publicação,2025-08-05,
315448,2,1629654,20,Admissão,2025-08-27,
315448,126,1629655,181,Baixa comissão para discussão,2025-08-27,
315448,3,1630081,21,Anúncio,2025-09-10,
315448,64,1642304,243,Apreciação,2025-12-04,
315448,13,1642253,250,Votação na generalidade,2025-12-05,
315448,14,1642254,270,Baixa comissão especialidade,2025-12-05,
315448,18,1642882,320,Votação final global,2025-12-19,
315448,133,1642904,348,Envio à Comissão para fixação da Redação final,2025-12-23,
315448,57,1663274,360,Resolução (Publicação DAR),2026-01-08,
315448,26,1663275,400,Envio INCM,2026-01-08,
315448,44,1663318,600,Resolução da AR (Publicação DR),2026-01-12,
315119,1,1627459,10,Entrada,2025-06-20,
315119,51,1705060,50,Publicação,2025-06-20,
315119,2,1627666,20,Admissão,2025-06-25,
315119,3,1627709,21,Anúncio,2025-06-26,
315119,64,1627611,243,Apreciação,2025-06-27,
315119,13,1627899,250,Votação na generalidade,2025-06-27,
315119,14,1627900,270,Baixa comissão especialidade,2025-06-27,
356843,1,1729794,10,Entrada,2026-06-01,
356843,2,1729943,20,Admissão,2026-06-03,
356843,9,1729944,180,Baixa comissão distribuição inicial generalidade,2026-06-03,
356843,3,1729945,21,Anúncio,2026-06-03,
356961,1,1730712,10,Entrada,2026-06-23,
356961,2,1730783,20,Admissão,2026-06-24,
356961,9,1730784,180,Baixa comissão distribuição inicial generalidade,2026-06-24,
356961,3,1730785,21,Anúncio,2026-06-24,
315126,1,1627466,10,Entrada,2025-06-20,
315126,51,1705071,50,Publicação,2025-06-20,
315126,2,1627659,20,Admissão,2025-06-25,
315126,3,1627716,21,Anúncio,2025-06-26,
315126,126,1628103,181,Baixa comissão para discussão,2025-07-02,
315126,64,1641351,243,Apreciação,2025-10-17,
315126,13,1641752,250,Votação na generalidade,2025-10-28,
315345,1,1628496,10,Entrada,2025-07-09,
315345,2,1628798,20,Admissão,2025-07-09,
315345,51,1717286,50,Publicação,2025-07-09,
315345,126,1628755,181,Baixa comissão para discussão,2025-07-09,
315345,3,1628813,21,Anúncio,2025-07-10,
315345,51,1716622,50,Publicação,2025-07-17,
315345,73,1630607,335,Votação Deliberação,2025-09-19,
315345,133,1630765,348,Envio à Comissão para fixação da Redação final,2025-09-24,
315345,57,1631104,360,Resolução (Publicação DAR),2025-10-09,
315345,26,1631105,400,Envio INCM,2025-10-09,
315345,44,1631188,600,Resolução da AR (Publicação DR),2025-10-13,
357068,1,1731584,10,Entrada,2026-07-14,
357068,2,1731666,20,Admissão,2026-07-16,
357068,3,1731667,21,Anúncio,2026-07-16,
357068,9,1731668,180,Baixa comissão distribuição inicial generalidade,2026-07-16,Com conexão à 1.ª
377107,1,1752185,10,Entrada,2026-07-29,
377107,2,1752279,20,Admissão,2026-08-03,
377107,9,1752280,180,Baixa comissão distribuição inicial generalidade,2026-08-03,
377107,3,1752374,21,Anúncio,2026-08-03,
315111,1,1627451,10,Entrada,2025-06-20,
315111,51,1705051,50,Publicação,2025-06-20,
315111,2,1627635,20,Admissão,2025-06-25,
315111,3,1627702,21,Anúncio,2025-06-26,
315111,126,1627825,181,Baixa comissão para discussão,2025-06-27,
315111,73,1628973,335,Votação Deliberação,2025-07-11,
315065,1,1627261,10,Entrada,2025-06-06,
315065,51,1641794,50,Publicação,2025-06-06,
315065,2,1627310,20,Admissão,2025-06-12,
315065,3,1627373,21,Anúncio,2025-06-17,
315065,126,1628096,181,Baixa comissão para discussão,2025-07-02,
315063,1,1627245,10,Entrada,2025-06-06,
315063,51,1641791,50,Publicação,2025-06-06,
315063,2,1627308,20,Admissão,2025-06-12,
315063,3,1627371,21,Anúncio,2025-06-17,
315063,126,1628094,181,Baixa comissão para discussão,2025-07-02,
315487,1,1629590,10,Entrada,2025-08-22,
315487,51,1752437,50,Publicação,2025-08-22,
315487,2,1629764,20,Admissão,2025-08-28,
315487,126,1629765,181,Baixa comissão para discussão,2025-08-28,
315487,3,1630110,21,Anúncio,2025-09-10,
315487,64,1630247,243,Apreciação,2025-09-18,
315487,13,1630566,250,Votação na generalidade,2025-09-19,
315487,14,1630567,270,Baixa comissão especialidade,2025-09-19,
315487,18,1641545,320,Votação final global,2025-10-17,"Texto Final, apresentado pela Comissão de Agricultura e Pescas, relativo ao Projeto de Resolução n.º 247/XVII/1.ª (L)"
315487,133,1641715,348,Envio à Comissão para fixação da Redação final,2025-10-28,
315487,57,1642172,360,Resolução (Publicação DAR),2025-12-04,
315487,26,1642173,400,Envio INCM,2025-12-04,
315487,44,1642395,600,Resolução da AR (Publicação DR),2025-12-10,
315088,1,1627324,10,Entrada,2025-06-13,
315088,51,1630628,50,Publicação,2025-06-14,
315088,2,1627417,20,Admissão,2025-06-17,
315088,3,1627418,21,Anúncio,2025-06-18,
315088,126,1628101,181,Baixa comissão para discussão,2025-07-02,
315390,1,1629204,10,Entrada,2025-07-22,
315390,51,1717999,50,Publicação,2025-07-22,
315390,2,1629284,20,Admissão,2025-07-23,
315390,126,1629285,181,Baixa comissão para discussão,2025-07-23,
315390,3,1630055,21,Anúncio,2025-09-10,
315390,73,1630916,335,Votação Deliberação,2025-09-26,
315390,13,1641872,250,Votação na generalidade,2025-09-26,
315390,133,1642068,348,Envio à Comissão para fixação da Redação final,2025-12-02,
315390,57,1663022,360,Resolução (Publicação DAR),2026-01-06,
315390,26,1663023,400,Envio INCM,2026-01-06,
315390,44,1663191,600,Resolução da AR (Publicação DR),2026-01-08,
315074,1,1627277,10,Entrada,2025-06-11,
315074,51,1641807,50,Publicação,2025-06-11,
315074,2,1627311,20,Admissão,2025-06-12,
315074,3,1627374,21,Anúncio,2025-06-17,
315074,126,1628109,181,Baixa comissão para discussão,2025-07-02,
315100,1,1627384,10,Entrada,2025-06-17,
315100,51,1641832,50,Publicação,2025-06-17,
315100,2,1627444,20,Admissão,2025-06-18,
315100,3,1627620,21,Anúncio,2025-06-25,
315100,126,1628102,181,Baixa comissão para discussão,2025-07-02,
315093,1,1627329,10,Entrada,2025-06-13,
315093,51,1630632,50,Publicação,2025-06-14,
315093,2,1627425,20,Admissão,2025-06-17,
315093,3,1627426,21,Anúncio,2025-06-18,
315093,126,1627822,181,Baixa comissão para discussão,2025-06-27,
315094,1,1627330,10,Entrada,2025-06-16,
315094,51,1630986,50,Publicação,2025-06-16,
315094,2,1627427,20,Admissão,2025-06-17,
315094,3,1627428,21,Anúncio,2025-06-18,
315094,126,1627823,181,Baixa comissão para discussão,2025-06-27,
315108,1,1627448,10,Entrada,2025-06-20,
315108,51,1705046,50,Publicação,2025-06-20,
315108,2,1627636,20,Admissão,2025-06-25,
315108,3,1627699,21,Anúncio,2025-06-26,
315108,64,1628483,243,Apreciação,2025-07-10,
315108,13,1628927,250,Votação na generalidade,2025-07-11,
315520,1,1629853,10,Entrada,2025-09-05,
315520,2,1629938,20,Admissão,2025-09-09,
315520,126,1629939,181,Baixa comissão para discussão,2025-09-09,
315520,3,1630124,21,Anúncio,2025-09-10,
315520,64,1630241,243,Apreciação,2025-09-18,
315520,13,1630558,250,Votação na generalidade,2025-09-19,
315520,14,1630559,270,Baixa comissão especialidade,2025-09-19,
315520,18,1641543,320,Votação final global,2025-10-17,"Texto Final, apresentado pela Comissão de Agricultura e Pescas, relativo ao Projeto de Resolução n.º 261/XVII/1.ª (L)"
315520,133,1641713,348,Envio à Comissão para fixação da Redação final,2025-10-27,
315520,57,1642166,360,Resolução (Publicação DAR),2025-12-04,
315520,26,1642167,400,Envio INCM,2025-12-04,
315520,44,1642392,600,Resolução da AR (Publicação DR),2025-12-10,
315112,1,1627452,10,Entrada,2025-06-20,
315112,51,1705052,50,Publicação,2025-06-20,
315112,2,1627672,20,Admissão,2025-06-25,
315112,3,1627703,21,Anúncio,2025-06-26,
315112,64,1627610,243,Apreciação,2025-06-27,
315112,13,1627898,250,Votação na generalidade,2025-06-27,
315346,1,1628666,10,Entrada,2025-07-09,
315346,51,1717287,50,Publicação,2025-07-09,
315346,2,1628792,20,Admissão,2025-07-10,
315346,126,1628793,181,Baixa comissão para discussão,2025-07-10,
315346,3,1628829,21,Anúncio,2025-07-11,
315346,73,1729536,335,Votação Deliberação,2026-05-22,
315346,133,1729547,348,Envio à Comissão para fixação da Redação final,2026-05-26,
315346,57,1729940,360,Resolução (Publicação DAR),2026-06-03,
315346,26,1729941,400,Envio INCM,2026-06-03,
315346,44,1730130,600,Resolução da AR (Publicação DR),2026-06-09,
315118,1,1627458,10,Entrada,2025-06-20,
315118,51,1705058,50,Publicação,2025-06-20,
315118,2,1627667,20,Admissão,2025-06-25,
315118,64,1627592,243,Apreciação,2025-06-26,
315118,3,1627708,21,Anúncio,2025-06-26,
315118,13,1627876,250,Votação na generalidade,2025-06-27,
315113,1,1627453,10,Entrada,2025-06-20,
315113,51,1705053,50,Publicação,2025-06-20,
315113,2,1627671,20,Admissão,2025-06-25,
315113,3,1627704,21,Anúncio,2025-06-26,
315113,64,1627601,243,Apreciação,2025-06-27,
315113,13,1627886,250,Votação na generalidade,2025-06-27,
315402,1,1629316,10,Entrada,2025-07-23,
315402,51,1728448,50,Publicação,2025-07-23,
315402,2,1629386,20,Admissão,2025-07-25,
315402,126,1629387,181,Baixa comissão para discussão,2025-07-25,
315402,3,1630061,21,Anúncio,2025-09-10,
315402,73,1729520,335,Votação Deliberação,2026-05-22,
315402,133,1729788,348,Envio à Comissão para fixação da Redação final,2026-06-01,
315402,57,1730075,360,Resolução (Publicação DAR),2026-06-08,
315402,26,1730076,400,Envio INCM,2026-06-08,
315402,44,1730295,600,Resolução da AR (Publicação DR),2026-06-15,
356723,1,1728576,10,Entrada,2026-05-07,
356723,51,1729784,50,Publicação,2026-05-07,
356723,41,1731233,150,Recurso da decisão do PAR,2026-06-11,Recurso do Despacho n.º 195/XVII/1.ª do PAR
356723,42,1731415,160,Votação do recurso da decisão do PAR,2026-06-11,Despacho n.º 195/XVII/1.ª do PAR
315122,1,1627462,10,Entrada,2025-06-20,
315122,51,1705065,50,Publicação,2025-06-20,
315122,2,1627637,20,Admissão,2025-06-25,
315122,3,1627713,21,Anúncio,2025-06-26,
315122,126,1627829,181,Baixa comissão para discussão,2025-06-27,
315123,1,1627463,10,Entrada,2025-06-20,
315123,51,1705066,50,Publicação,2025-06-20,
315123,2,1627660,20,Admissão,2025-06-25,
315123,3,1627714,21,Anúncio,2025-06-26,
315123,126,1627830,181,Baixa comissão para discussão,2025-06-27,
315130,1,1627470,10,Entrada,2025-06-20,
315130,51,1705075,50,Publicação,2025-06-20,
315130,2,1627651,20,Admissão,2025-06-25,
315130,3,1627720,21,Anúncio,2025-06-26,
315130,64,1627608,243,Apreciação,2025-06-27,
315130,13,1627895,250,Votação na generalidade,2025-06-27,
357085,1,1731859,10,Entrada,2026-07-20,
357085,3,1752371,21,Anúncio,2026-08-03,
315404,1,1629318,10,Entrada,2025-07-23,
315404,51,1728452,50,Publicação,2025-07-23,
315404,2,1629388,20,Admissão,2025-07-25,
315404,126,1629389,181,Baixa comissão para discussão,2025-07-25,
315404,3,1630062,21,Anúncio,2025-09-10,
315404,73,1631000,335,Votação Deliberação,2025-09-30,
315404,133,1631083,348,Envio à Comissão para fixação da Redação final,2025-10-06,
315404,57,1641502,360,Resolução (Publicação DAR),2025-10-20,
315404,26,1641503,400,Envio INCM,2025-10-20,
315404,44,1641580,600,Resolução da AR (Publicação DR),2025-10-22,
315154,1,1627513,10,Entrada,2025-06-24,
315154,51,1641846,50,Publicação,2025-06-24,
315154,2,1627681,20,Admissão,2025-06-25,
315154,3,1627736,21,Anúncio,2025-06-26,
315154,64,1628127,243,Apreciação,2025-07-03,
315154,13,1628378,250,Votação na generalidade,2025-07-04,
315266,1,1628255,10,Entrada,2025-07-04,
315266,51,1716730,50,Publicação,2025-07-04,
315266,2,1628563,20,Admissão,2025-07-09,
315266,3,1628564,21,Anúncio,2025-07-09,
315266,64,1628837,243,Apreciação,2025-07-11,
315266,13,1628948,250,Votação na generalidade,2025-07-11,
315266,14,1628949,270,Baixa comissão especialidade,2025-07-11,
315156,1,1627515,10,Entrada,2025-06-25,
315156,51,1641857,50,Publicação,2025-06-25,
315156,2,1627741,20,Admissão,2025-06-26,
315156,126,1627742,181,Baixa comissão para discussão,2025-06-26,
315156,3,1627762,21,Anúncio,2025-06-27,
315180,1,1627774,10,Entrada,2025-06-27,
315180,51,1683546,50,Publicação,2025-06-27,
315180,2,1628019,20,Admissão,2025-07-01,
315180,3,1628020,21,Anúncio,2025-07-02,
315180,64,1628148,243,Apreciação,2025-07-03,
315180,13,1628409,250,Votação na generalidade,2025-07-04,
315410,1,1629337,10,Entrada,2025-07-24,
315410,51,1717992,50,Publicação,2025-07-24,
315410,2,1629392,20,Admissão,2025-07-25,
315410,126,1629393,181,Baixa comissão para discussão,2025-07-25,
315410,3,1630064,21,Anúncio,2025-09-10,
315410,73,1642276,335,Votação Deliberação,2025-12-05,
315410,133,1642572,348,Envio à Comissão para fixação da Redação final,2025-12-15,
315410,57,1642712,360,Resolução (Publicação DAR),2025-12-18,
315410,26,1642713,400,Envio INCM,2025-12-18,
315410,44,1642893,600,Resolução da AR (Publicação DR),2025-12-23,
315439,1,1629473,10,Entrada,2025-07-31,
315439,51,1718137,50,Publicação,2025-07-31,
315439,2,1629646,20,Admissão,2025-08-27,
315439,126,1629647,181,Baixa comissão para discussão,2025-08-27,
315439,3,1630077,21,Anúncio,2025-09-10,
315439,73,1731949,335,Votação Deliberação,2026-07-17,
315439,133,1731809,348,Envio à Comissão para fixação da Redação final,2026-07-18,
315439,57,1732029,360,Resolução (Publicação DAR),2026-07-23,
315439,26,1732030,400,Envio INCM,2026-07-23,
315439,44,1742125,600,Resolução da AR (Publicação DR),2026-07-28,
315202,1,1627844,10,Entrada,2025-06-27,
315202,51,1683561,50,Publicação,2025-06-27,
315202,2,1628049,20,Admissão,2025-07-01,
315202,3,1628050,21,Anúncio,2025-07-02,
315202,64,1628151,243,Apreciação,2025-07-03,
315202,13,1628412,250,Votação na generalidade,2025-07-04,
315202,10,1629424,190,Discussão generalidade,2025-07-04,
315199,1,1627840,10,Entrada,2025-06-27,
315199,51,1683558,50,Publicação,2025-06-27,
315199,2,1628043,20,Admissão,2025-07-01,
315199,3,1628044,21,Anúncio,2025-07-02,
315199,64,1628150,243,Apreciação,2025-07-03,
315199,13,1628411,250,Votação na generalidade,2025-07-04,
315196,1,1627790,10,Entrada,2025-06-27,
315196,51,1683556,50,Publicação,2025-06-27,
315196,2,1628039,20,Admissão,2025-07-01,
315196,3,1628040,21,Anúncio,2025-07-02,
315196,64,1628149,243,Apreciação,2025-07-03,
315196,13,1628410,250,Votação na generalidade,2025-07-04,
315240,1,1627932,10,Entrada,2025-07-01,
315240,51,1683579,50,Publicação,2025-07-01,
315240,2,1628189,20,Admissão,2025-07-02,
315240,126,1628190,181,Baixa comissão para discussão,2025-07-02,
315240,3,1628278,21,Anúncio,2025-07-03,
315240,73,1642854,335,Votação Deliberação,2025-12-19,
315250,1,1628156,10,Entrada,2025-07-02,
315250,51,1683592,50,Publicação,2025-07-02,
315250,2,1628541,20,Admissão,2025-07-09,
315250,3,1628544,21,Anúncio,2025-07-09,
315250,126,1628545,181,Baixa comissão para discussão,2025-07-09,
315250,64,1717202,243,Apreciação,2026-04-16,
315250,13,1717673,250,Votação na generalidade,2026-04-17,
315591,1,1630201,10,Entrada,2025-09-16,
315591,2,1630488,20,Admissão,2025-09-18,
315591,126,1630490,181,Baixa comissão para discussão,2025-09-18,
315591,3,1630646,21,Anúncio,2025-09-19,
315591,64,1641243,243,Apreciação,2025-10-16,
315591,13,1641448,250,Votação na generalidade,2025-10-16,
315591,14,1641449,270,Baixa comissão especialidade,2025-10-16,
315591,18,1663398,320,Votação final global,2026-01-09,"Texto Final, apresentado pela Comissão de Educação e Ciência"
315591,133,1683440,348,Envio à Comissão para fixação da Redação final,2026-01-15,
315591,26,1704272,400,Envio INCM,2026-02-04,
315591,57,1704271,360,Resolução (Publicação DAR),2026-02-05,
315591,44,1704320,600,Resolução da AR (Publicação DR),2026-02-06,
357065,1,1731576,10,Entrada,2026-07-13,
357065,3,1752392,21,Anúncio,2026-07-16,
315201,1,1627842,10,Entrada,2025-06-27,
315201,51,1683560,50,Publicação,2025-06-27,
315201,2,1628045,20,Admissão,2025-07-01,
315201,3,1628046,21,Anúncio,2025-07-02,
315201,64,1628125,243,Apreciação,2025-07-03,
315201,13,1628376,250,Votação na generalidade,2025-07-04,
315193,1,1627787,10,Entrada,2025-06-27,
315193,51,1683555,50,Publicação,2025-06-27,
315193,2,1628037,20,Admissão,2025-07-01,
315193,3,1628038,21,Anúncio,2025-07-02,
315193,64,1628129,243,Apreciação,2025-07-03,
315193,13,1628380,250,Votação na generalidade,2025-07-04,
315200,1,1627841,10,Entrada,2025-06-27,
315200,51,1683559,50,Publicação,2025-06-27,
315200,2,1628047,20,Admissão,2025-07-01,
315200,3,1628048,21,Anúncio,2025-07-02,
315200,64,1628141,243,Apreciação,2025-07-03,
315200,13,1628400,250,Votação na generalidade,2025-07-04,
315191,1,1627785,10,Entrada,2025-06-27,
315191,51,1683553,50,Publicação,2025-06-27,
315191,2,1628033,20,Admissão,2025-07-01,
315191,3,1628034,21,Anúncio,2025-07-02,
315191,64,1628116,243,Apreciação,2025-07-03,
315191,13,1628358,250,Votação na generalidade,2025-07-04,
315473,1,1629574,10,Entrada,2025-08-20,
315473,51,1752252,50,Publicação,2025-08-20,
315473,2,1629689,20,Admissão,2025-08-27,
315473,126,1629690,181,Baixa comissão para discussão,2025-08-27,
315473,3,1630097,21,Anúncio,2025-09-10,
315473,73,1630613,335,Votação Deliberação,2025-09-19,
315473,133,1630786,348,Envio à Comissão para fixação da Redação final,2025-09-25,
315473,57,1642180,360,Resolução (Publicação DAR),2025-12-04,
315473,26,1642181,400,Envio INCM,2025-12-04,
315473,44,1642386,600,Resolução da AR (Publicação DR),2025-12-10,
315553,1,1630161,10,Entrada,2025-09-12,
315553,2,1630295,20,Admissão,2025-09-17,
315553,3,1630386,21,Anúncio,2025-09-17,
315553,64,1630251,243,Apreciação,2025-09-18,
315553,13,1630573,250,Votação na generalidade,2025-09-19,
315553,14,1630574,270,Baixa comissão especialidade,2025-09-19,
315553,18,1641547,320,Votação final global,2025-10-17,"Texto Final, apresentado pela Comissão de Agricultura e Pescas, relativo aos Projetos de Resolução n.os 277/XVII/1.ª (PAN) e 278/XVII/1.ª (PAN)"
315553,133,1641707,348,Envio à Comissão para fixação da Redação final,2025-10-23,
315553,57,1642170,360,Resolução (Publicação DAR),2025-12-04,
315553,26,1642171,400,Envio INCM,2025-12-04,
315553,44,1642393,600,Resolução da AR (Publicação DR),2025-12-10,
377133,1,1752400,10,Entrada,2026-08-10,
315304,1,1628324,10,Entrada,2025-07-04,
315304,51,1716751,50,Publicação,2025-07-04,
315304,2,1628606,20,Admissão,2025-07-09,
315304,3,1628607,21,Anúncio,2025-07-09,
315304,64,1629002,243,Apreciação,2025-07-16,
315304,13,1629106,250,Votação na generalidade,2025-07-16,
315304,14,1629107,270,Baixa comissão especialidade,2025-07-16,
315471,1,1629572,10,Entrada,2025-08-20,
315471,51,1752250,50,Publicação,2025-08-20,
315471,2,1629684,20,Admissão,2025-08-27,
315471,126,1629685,181,Baixa comissão para discussão,2025-08-27,
315471,3,1630095,21,Anúncio,2025-09-10,
315471,73,1630998,335,Votação Deliberação,2025-09-30,
315471,133,1631077,348,Envio à Comissão para fixação da Redação final,2025-10-08,
315471,57,1641612,360,Resolução (Publicação DAR),2025-10-23,
315471,26,1641614,400,Envio INCM,2025-10-23,
315471,44,1641632,600,Resolução da AR (Publicação DR),2025-10-24,
315569,1,1630178,10,Entrada,2025-09-12,
315569,2,1630302,20,Admissão,2025-09-17,
315569,3,1630392,21,Anúncio,2025-09-17,
315569,64,1630260,243,Apreciação,2025-09-19,
315569,13,1630595,250,Votação na generalidade,2025-09-19,
315569,14,1630596,270,Baixa comissão especialidade,2025-09-19,
315569,18,1642272,320,Votação final global,2025-12-05,
315569,133,1642476,348,Envio à Comissão para fixação da Redação final,2025-12-11,
315569,57,1642688,360,Resolução (Publicação DAR),2025-12-18,
315569,26,1642689,400,Envio INCM,2025-12-18,
315569,44,1642891,600,Resolução da AR (Publicação DR),2025-12-23,
377129,1,1752396,10,Entrada,2026-08-10,
377132,1,1752399,10,Entrada,2026-08-10,
315221,1,1627885,10,Entrada,2025-06-30,
315221,51,1705084,50,Publicação,2025-06-30,
315221,2,1628073,20,Admissão,2025-07-01,
315221,126,1628075,181,Baixa comissão para discussão,2025-07-01,
315221,3,1628074,21,Anúncio,2025-07-02,
315239,1,1627931,10,Entrada,2025-07-01,
315239,51,1683578,50,Publicação,2025-07-01,
315239,2,1628187,20,Admissão,2025-07-02,
315239,126,1628188,181,Baixa comissão para discussão,2025-07-02,
315239,3,1628277,21,Anúncio,2025-07-03,
315327,1,1628348,10,Entrada,2025-07-04,
315327,51,1716762,50,Publicação,2025-07-04,
315327,2,1628623,20,Admissão,2025-07-09,
315327,3,1628624,21,Anúncio,2025-07-09,
315327,64,1629003,243,Apreciação,2025-07-16,
315327,13,1629108,250,Votação na generalidade,2025-07-16,
315327,14,1629109,270,Baixa comissão especialidade,2025-07-16,
315624,1,1630516,10,Entrada,2025-09-19,
315624,2,1630700,20,Admissão,2025-09-23,
315624,3,1630762,21,Anúncio,2025-09-24,
315624,64,1630660,243,Apreciação,2025-09-25,
315624,13,1630817,250,Votação na generalidade,2025-09-25,
315624,14,1630818,270,Baixa comissão especialidade,2025-09-25,
315624,18,1642261,320,Votação final global,2025-12-05,
315624,133,1642477,348,Envio à Comissão para fixação da Redação final,2025-12-11,
315624,57,1642690,360,Resolução (Publicação DAR),2025-12-18,
315624,26,1642691,400,Envio INCM,2025-12-18,
315624,44,1642892,600,Resolução da AR (Publicação DR),2025-12-23,
315454,1,1629541,10,Entrada,2025-08-10,
315454,2,1629666,20,Admissão,2025-08-27,
315454,126,1629667,181,Baixa comissão para discussão,2025-08-27,
315454,3,1630085,21,Anúncio,2025-09-10,
315454,73,1630914,335,Votação Deliberação,2025-09-26,
315454,133,1631084,348,Envio à Comissão para fixação da Redação final,2025-10-06,
315454,57,1641433,360,Resolução (Publicação DAR),2025-10-16,
315454,26,1641434,400,Envio INCM,2025-10-16,
315454,44,1641559,600,Resolução da AR (Publicação DR),2025-10-20,
377135,1,1752469,10,Entrada,2026-08-12,
315284,1,1628304,10,Entrada,2025-07-04,
315284,51,1716741,50,Publicação,2025-07-04,
315284,2,1628590,20,Admissão,2025-07-09,
315284,3,1628591,21,Anúncio,2025-07-09,
315284,64,1628784,243,Apreciação,2025-07-10,
315284,13,1628933,250,Votação na generalidade,2025-07-11,
315332,1,1628360,10,Entrada,2025-07-04,
315332,51,1716765,50,Publicação,2025-07-04,
315332,2,1628629,20,Admissão,2025-07-09,
315332,3,1628630,21,Anúncio,2025-07-09,
315332,126,1628631,181,Baixa comissão para discussão,2025-07-09,
315332,13,1641539,250,Votação na generalidade,2025-10-17,
315308,1,1628327,10,Entrada,2025-07-04,
315308,51,1716753,50,Publicação,2025-07-04,
315308,2,1628610,20,Admissão,2025-07-09,
315308,3,1628611,21,Anúncio,2025-07-09,
315308,64,1629043,243,Apreciação,2025-07-16,
315308,73,1629114,335,Votação Deliberação,2025-07-16,
315681,1,1631135,10,Entrada,2025-10-10,
315681,2,1641293,20,Admissão,2025-10-14,
315681,3,1641392,21,Anúncio,2025-10-15,
315681,64,1642300,243,Apreciação,2025-12-04,
315681,13,1642248,250,Votação na generalidade,2025-12-05,
315681,14,1642249,270,Baixa comissão especialidade,2025-12-05,
315681,18,1642884,320,Votação final global,2025-12-19,
315681,133,1663292,348,Envio à Comissão para fixação da Redação final,2026-01-09,
315681,57,1683704,360,Resolução (Publicação DAR),2026-01-22,
315681,26,1683706,400,Envio INCM,2026-01-22,
315681,44,1683904,600,Resolução da AR (Publicação DR),2026-01-26,
315426,1,1629447,10,Entrada,2025-07-29,
315426,51,1718133,50,Publicação,2025-07-29,
315426,2,1629640,20,Admissão,2025-08-27,
315426,126,1629641,181,Baixa comissão para discussão,2025-08-27,
315426,3,1630074,21,Anúncio,2025-09-10,
315426,73,1731948,335,Votação Deliberação,2026-07-17,
315379,1,1629180,10,Entrada,2025-07-18,
315379,2,1629268,20,Admissão,2025-07-23,
315379,126,1629269,181,Baixa comissão para discussão,2025-07-23,
315379,3,1630049,21,Anúncio,2025-09-10,
315379,73,1630619,335,Votação Deliberação,2025-09-19,
315337,1,1628389,10,Entrada,2025-07-07,
315337,51,1705810,50,Publicação,2025-07-07,
315337,2,1628749,20,Admissão,2025-07-09,
315337,126,1628750,181,Baixa comissão para discussão,2025-07-09,
315337,3,1628810,21,Anúncio,2025-07-10,
315446,1,1629527,10,Entrada,2025-08-05,
315446,51,1729820,50,Publicação,2025-08-05,
315446,2,1629652,20,Admissão,2025-08-27,
315446,126,1629653,181,Baixa comissão para discussão,2025-08-27,
315446,3,1630080,21,Anúncio,2025-09-10,
315446,64,1729749,243,Apreciação,2026-06-02,
315446,13,1729999,250,Votação na generalidade,2026-06-03,
315365,1,1628979,10,Entrada,2025-07-14,
315365,51,1705815,50,Publicação,2025-07-14,
315365,2,1629085,20,Admissão,2025-07-16,
315365,126,1629086,181,Baixa comissão para discussão,2025-07-16,
315365,3,1629145,21,Anúncio,2025-07-17,
315831,1,1642227,10,Entrada,2025-12-05,
315831,2,1642355,20,Admissão,2025-12-09,
315831,3,1642472,21,Anúncio,2025-12-10,
315831,126,1704994,181,Baixa comissão para discussão,2026-02-23,
315831,13,1705448,250,Votação na generalidade,2026-02-27,
315831,14,1705449,270,Baixa comissão especialidade,2026-02-27,
315831,18,1716490,320,Votação final global,2026-03-20,"Texto Final relativo aos Projetos de Resolução n.ºs 494/XVII/1.ª (BE), 571/XVII/1.ª (PSD) e 399/XVII/1.ª (PAN), apresentado pela Comissão de Trabalho, Segurança Social e Inclusão"
315831,133,1716629,348,Envio à Comissão para fixação da Redação final,2026-03-26,
315831,57,1717559,360,Resolução (Publicação DAR),2026-04-16,
315831,26,1717560,400,Envio INCM,2026-04-16,
315831,44,1717696,600,Resolução da AR (Publicação DR),2026-04-20,
315464,1,1629562,10,Entrada,2025-08-14,
315464,51,1752242,50,Publicação,2025-08-14,
315464,2,1629674,20,Admissão,2025-08-27,
315464,126,1629675,181,Baixa comissão para discussão,2025-08-27,
315464,3,1630090,21,Anúncio,2025-09-10,
315464,73,1731950,335,Votação Deliberação,2026-07-17,
315663,1,1631031,10,Entrada,2025-10-03,
315663,2,1641528,20,Admissão,2025-10-08,
315663,126,1641529,181,Baixa comissão para discussão,2025-10-08,
315663,3,1641680,21,Anúncio,2025-10-27,
315663,73,1704626,335,Votação Deliberação,2026-02-13,
315663,133,1705173,348,Envio à Comissão para fixação da Redação final,2026-02-23,
315663,57,1705274,360,Resolução (Publicação DAR),2026-02-26,
315663,26,1705282,400,Envio INCM,2026-02-26,
315663,44,1705445,600,Resolução da AR (Publicação DR),2026-03-03,
315398,1,1629312,10,Entrada,2025-07-23,
315398,51,1728445,50,Publicação,2025-07-23,
315398,2,1629384,20,Admissão,2025-07-25,
315398,126,1629385,181,Baixa comissão para discussão,2025-07-25,
315398,3,1630060,21,Anúncio,2025-09-10,
315527,1,1629860,10,Entrada,2025-09-08,
315527,2,1629928,20,Admissão,2025-09-09,
315527,126,1629929,181,Baixa comissão para discussão,2025-09-09,
315527,3,1630129,21,Anúncio,2025-09-10,
315527,64,1729738,243,Apreciação,2026-06-02,
315527,13,1729979,250,Votação na generalidade,2026-06-03,
315527,14,1729980,270,Baixa comissão especialidade,2026-06-03,
315827,1,1642223,10,Entrada,2025-12-05,
315827,2,1642344,20,Admissão,2025-12-09,
315827,126,1642346,181,Baixa comissão para discussão,2025-12-09,
315827,3,1642458,21,Anúncio,2025-12-10,
315827,13,1642850,250,Votação na generalidade,2025-12-19,
315827,14,1642851,270,Baixa comissão especialidade,2025-12-19,
315827,18,1663393,320,Votação final global,2026-01-09,"Texto final relativo aos Projetos de Resolução n.º 368/XVII/1.ª (PSD), 373/XVII/1.ª (CH), 398/XVII/1.ª (PS) e 415/XVII/1.ª (PCP) , apresentado pela Comissão de Cultura, Comunicação, Juventude e Desporto "
315827,133,1683462,348,Envio à Comissão para fixação da Redação final,2026-01-15,
315827,57,1706174,360,Resolução (Publicação DAR),2026-03-19,
315827,26,1706183,400,Envio INCM,2026-03-19,
315827,44,1716499,600,Resolução da AR (Publicação DR),2026-03-24,
315620,1,1630512,10,Entrada,2025-09-19,
315620,2,1630696,20,Admissão,2025-09-23,
315620,3,1630759,21,Anúncio,2025-09-24,
315620,64,1630668,243,Apreciação,2025-09-26,
315620,73,1630854,335,Votação Deliberação,2025-09-26,
315620,133,1631075,348,Envio à Comissão para fixação da Redação final,2025-10-09,
315620,57,1641500,360,Resolução (Publicação DAR),2025-10-20,
315620,26,1641501,400,Envio INCM,2025-10-20,
315620,44,1641579,600,Resolução da AR (Publicação DR),2025-10-22,
315384,1,1629186,10,Entrada,2025-07-18,
315384,2,1629274,20,Admissão,2025-07-23,
315384,126,1629275,181,Baixa comissão para discussão,2025-07-23,
315384,3,1630051,21,Anúncio,2025-09-10,
315452,1,1629539,10,Entrada,2025-08-08,
315452,51,1730500,50,Publicação,2025-08-11,
315452,2,1629661,20,Admissão,2025-08-27,
315452,126,1629662,181,Baixa comissão para discussão,2025-08-27,
315452,3,1630083,21,Anúncio,2025-09-10,
315452,73,1630918,335,Votação Deliberação,2025-09-26,
315731,1,1641218,10,Entrada,2025-10-14,
315731,2,1641432,20,Admissão,2025-10-16,
315731,3,1641444,21,Anúncio,2025-10-17,
315731,64,1641271,243,Apreciação,2025-10-23,
315731,64,1642620,243,Apreciação,2025-12-17,
315731,73,1642815,335,Votação Deliberação,2025-12-19,
315731,133,1642896,348,Envio à Comissão para fixação da Redação final,2025-12-23,
315731,57,1663301,360,Resolução (Publicação DAR),2026-01-09,
315731,26,1663302,400,Envio INCM,2026-01-09,
315731,44,1683399,600,Resolução da AR (Publicação DR),2026-01-13,
315815,1,1642183,10,Entrada,2025-12-04,
315815,2,1642334,20,Admissão,2025-12-09,
315815,126,1642335,181,Baixa comissão para discussão,2025-12-09,
315815,3,1642455,21,Anúncio,2025-12-10,
315815,126,1642505,181,Baixa comissão para discussão,2025-12-12,
315815,73,1694072,335,Votação Deliberação,2026-01-30,
315815,133,1704337,348,Envio à Comissão para fixação da Redação final,2026-02-06,
315815,57,1706167,360,Resolução (Publicação DAR),2026-03-19,
315815,26,1706179,400,Envio INCM,2026-03-19,
315815,44,1716501,600,Resolução da AR (Publicação DR),2026-03-24,
315587,1,1630197,10,Entrada,2025-09-15,
315587,2,1630307,20,Admissão,2025-09-17,
315587,3,1630379,21,Anúncio,2025-09-17,
315587,126,1630669,181,Baixa comissão para discussão,2025-09-17,
315587,73,1630828,335,Votação Deliberação,2025-09-26,
315587,57,1630892,360,Resolução (Publicação DAR),2025-09-29,
315587,26,1630896,400,Envio INCM,2025-09-29,
315587,44,1631028,600,Resolução da AR (Publicação DR),2025-10-01,
315478,1,1629579,10,Entrada,2025-08-20,
315478,51,1752257,50,Publicação,2025-08-20,
315478,2,1629702,20,Admissão,2025-08-27,
315478,126,1629703,181,Baixa comissão para discussão,2025-08-27,
315478,3,1630102,21,Anúncio,2025-09-10,
315478,73,1718085,335,Votação Deliberação,2026-04-24,
315475,1,1629576,10,Entrada,2025-08-20,
315475,51,1752254,50,Publicação,2025-08-20,
315475,2,1629694,20,Admissão,2025-08-27,
315475,126,1629695,181,Baixa comissão para discussão,2025-08-27,
315475,3,1630099,21,Anúncio,2025-09-10,
315507,1,1629790,10,Entrada,2025-09-01,
315507,2,1629906,20,Admissão,2025-09-09,
315507,126,1629907,181,Baixa comissão para discussão,2025-09-09,
315507,3,1630118,21,Anúncio,2025-09-10,
315507,64,1630253,243,Apreciação,2025-09-19,
315507,13,1630575,250,Votação na generalidade,2025-09-19,
315483,1,1629586,10,Entrada,2025-08-22,
315483,51,1752433,50,Publicação,2025-08-22,
315483,2,1629756,20,Admissão,2025-08-28,
315483,126,1629757,181,Baixa comissão para discussão,2025-08-28,
315483,3,1630106,21,Anúncio,2025-09-10,
315522,1,1629855,10,Entrada,2025-09-08,
315522,2,1629920,20,Admissão,2025-09-09,
315522,126,1629921,181,Baixa comissão para discussão,2025-09-09,
315522,3,1630125,21,Anúncio,2025-09-10,
315522,73,1630917,335,Votação Deliberação,2025-09-26,
315790,1,1642026,10,Entrada,2025-11-28,
315790,2,1642127,20,Admissão,2025-12-03,
315790,3,1642128,21,Anúncio,2025-12-04,
315790,64,1642436,243,Apreciação,2025-12-12,
315790,73,1642538,335,Votação Deliberação,2025-12-12,
315790,133,1642571,348,Envio à Comissão para fixação da Redação final,2025-12-15,
315790,57,1663020,360,Resolução (Publicação DAR),2026-01-06,
315790,26,1663021,400,Envio INCM,2026-01-06,
315790,44,1663192,600,Resolução da AR (Publicação DR),2026-01-08,
315676,1,1631130,10,Entrada,2025-10-10,
315676,2,1641282,20,Admissão,2025-10-14,
315676,126,1641283,181,Baixa comissão para discussão,2025-10-14,
315676,3,1641391,21,Anúncio,2025-10-15,
315676,64,1663124,243,Apreciação,2026-01-07,
315676,13,1663335,250,Votação na generalidade,2026-01-09,
346037,1,1683749,10,Entrada,2026-01-23,
346037,2,1684022,20,Admissão,2026-01-27,
346037,126,1684023,181,Baixa comissão para discussão,2026-01-27,
346037,3,1683902,21,Anúncio,2026-01-28,
346037,64,1717223,243,Apreciação,2026-04-16,
346037,13,1717676,250,Votação na generalidade,2026-04-17,
346037,14,1717677,270,Baixa comissão especialidade,2026-04-17,
346037,18,1730679,320,Votação final global,2026-06-19,"Texto final, apresentado pela Comissão de Orçamento, Finanças e Administração Pública, relativo ao Projeto de Resolução n.º 515/XVII/1.ª (CH)"
346037,133,1730960,348,Envio à Comissão para fixação da Redação final,2026-06-29,
346037,57,1731303,360,Resolução (Publicação DAR),2026-07-03,
346037,26,1731304,400,Envio INCM,2026-07-03,
346037,44,1731405,600,Resolução da AR (Publicação DR),2026-07-07,
315571,1,1630180,10,Entrada,2025-09-12,
315571,2,1630304,20,Admissão,2025-09-17,
315571,3,1630395,21,Anúncio,2025-09-17,
315571,64,1630256,243,Apreciação,2025-09-19,
315571,13,1630578,250,Votação na generalidade,2025-09-19,
315814,1,1642079,10,Entrada,2025-12-03,
315814,2,1642195,20,Admissão,2025-12-04,
315814,126,1642196,181,Baixa comissão para discussão,2025-12-04,
315814,3,1642219,21,Anúncio,2025-12-05,
315814,126,1642479,181,Baixa comissão para discussão,2025-12-11,
315814,73,1642865,335,Votação Deliberação,2025-12-19,
315814,13,1705535,250,Votação na generalidade,2025-12-19,
315636,1,1630782,10,Entrada,2025-09-24,
315636,2,1630862,20,Admissão,2025-09-26,
315636,126,1630863,181,Baixa comissão para discussão,2025-09-26,
315636,3,1630872,21,Anúncio,2025-09-29,
315636,73,1663389,335,Votação Deliberação,2026-01-09,
315630,1,1630620,10,Entrada,2025-09-22,
315630,2,1630702,20,Admissão,2025-09-23,
315630,126,1630703,181,Baixa comissão para discussão,2025-09-23,
315630,3,1630764,21,Anúncio,2025-09-24,
315630,73,1642864,335,Votação Deliberação,2025-12-19,
315695,1,1631149,10,Entrada,2025-10-10,
315695,2,1641277,20,Admissão,2025-10-14,
315695,3,1641397,21,Anúncio,2025-10-15,
315695,64,1641359,243,Apreciação,2025-10-17,
315695,13,1641771,250,Votação na generalidade,2025-10-28,
315695,14,1641772,270,Baixa comissão especialidade,2025-10-28,
315564,1,1630173,10,Entrada,2025-09-12,
315564,2,1630300,20,Admissão,2025-09-17,
315564,3,1630390,21,Anúncio,2025-09-17,
315564,64,1630272,243,Apreciação,2025-09-19,
315564,13,1630865,250,Votação na generalidade,2025-09-26,
315589,1,1630199,10,Entrada,2025-09-16,
315589,2,1630412,20,Admissão,2025-09-17,
315589,126,1630413,181,Baixa comissão para discussão,2025-09-17,
315589,3,1630454,21,Anúncio,2025-09-18,
315645,1,1630821,10,Entrada,2025-09-26,
315645,2,1630887,20,Admissão,2025-09-29,
315645,10,1641905,190,Discussão generalidade,2025-09-29,
315645,126,1630961,181,Baixa comissão para discussão,2025-09-30,
315645,3,1630974,21,Anúncio,2025-09-30,
315691,1,1631145,10,Entrada,2025-10-10,
315691,2,1641288,20,Admissão,2025-10-14,
315691,126,1641289,181,Baixa comissão para discussão,2025-10-14,
315691,3,1641396,21,Anúncio,2025-10-15,
315691,73,1663390,335,Votação Deliberação,2026-01-09,
315605,1,1630217,10,Entrada,2025-09-16,
315605,2,1630692,20,Admissão,2025-09-23,
315605,126,1630693,181,Baixa comissão para discussão,2025-09-23,
315605,3,1630758,21,Anúncio,2025-09-24,
315614,1,1630397,10,Entrada,2025-09-17,
315614,2,1630467,20,Admissão,2025-09-18,
315614,64,1630406,243,Apreciação,2025-09-19,
315614,73,1630606,335,Votação Deliberação,2025-09-19,
315614,3,1630650,21,Anúncio,2025-09-19,
315600,1,1630210,10,Entrada,2025-09-16,
315600,2,1630414,20,Admissão,2025-09-17,
315600,126,1630415,181,Baixa comissão para discussão,2025-09-17,
315600,3,1630455,21,Anúncio,2025-09-18,
315880,1,1642677,10,Entrada,2025-12-17,
315880,2,1642708,20,Admissão,2025-12-18,
315880,3,1642736,21,Anúncio,2025-12-19,
315880,64,1662984,243,Apreciação,2025-12-19,
315880,73,1642824,335,Votação Deliberação,2025-12-19,
315880,133,1642897,348,Envio à Comissão para fixação da Redação final,2025-12-23,
315880,57,1663303,360,Resolução (Publicação DAR),2026-01-09,
315880,26,1663304,400,Envio INCM,2026-01-09,
315880,44,1683400,600,Resolução da AR (Publicação DR),2026-01-13,
315739,1,1641439,10,Entrada,2025-10-16,
315739,2,1641558,20,Admissão,2025-10-16,
315739,3,1641688,21,Anúncio,2025-10-27,
315739,73,1641744,335,Votação Deliberação,2025-10-28,
315739,57,1642345,360,Resolução (Publicação DAR),2025-12-09,
315739,26,1642347,400,Envio INCM,2025-12-09,
315739,44,1642547,600,Resolução da AR (Publicação DR),2025-12-15,
315631,1,1630635,10,Entrada,2025-09-22,
315631,2,1630790,20,Admissão,2025-09-25,
315631,126,1630791,181,Baixa comissão para discussão,2025-09-25,
315631,3,1630792,21,Anúncio,2025-09-26,
315784,1,1642015,10,Entrada,2025-11-27,
315784,2,1642121,20,Admissão,2025-12-03,
315784,3,1642122,21,Anúncio,2025-12-04,
315784,64,1642320,243,Apreciação,2025-12-10,
315784,13,1642517,250,Votação na generalidade,2025-12-12,
315802,1,1642041,10,Entrada,2025-11-28,
315802,2,1642143,20,Admissão,2025-12-03,
315802,3,1642144,21,Anúncio,2025-12-04,
315802,126,1728273,181,Baixa comissão para discussão,2026-04-30,
315802,73,1728833,335,Votação Deliberação,2026-05-08,
315878,1,1642628,10,Entrada,2025-12-17,
315878,2,1642666,20,Admissão,2025-12-17,
315878,3,1642735,21,Anúncio,2025-12-19,
315878,73,1642814,335,Votação Deliberação,2025-12-19,
315878,57,1642772,360,Resolução (Publicação DAR),2025-12-19,
315878,26,1642773,400,Envio INCM,2025-12-19,
315878,44,1642930,600,Resolução da AR (Publicação DR),2025-12-24,
356063,1,1694105,10,Entrada,2026-02-02,
356063,2,1704250,20,Admissão,2026-02-04,
356063,126,1704252,181,Baixa comissão para discussão,2026-02-04,
356063,3,1704251,21,Anúncio,2026-02-11,
356063,73,1705607,335,Votação Deliberação,2026-03-06,
356063,13,1752519,250,Votação na generalidade,2026-03-06,
356063,133,1716954,348,Envio à Comissão para fixação da Redação final,2026-04-03,
356063,57,1717575,360,Resolução (Publicação DAR),2026-04-16,
356063,26,1717576,400,Envio INCM,2026-04-16,
356063,44,1717683,600,Resolução da AR (Publicação DR),2026-04-20,
315704,1,1631158,10,Entrada,2025-10-10,
315704,2,1641589,20,Admissão,2025-10-17,
315704,64,1641347,243,Apreciação,2025-10-17,
315704,13,1641535,250,Votação na generalidade,2025-10-17,
315876,1,1642619,10,Entrada,2025-12-16,
315876,2,1642626,20,Admissão,2025-12-17,
315876,3,1642630,21,Anúncio,2025-12-17,
315876,73,1642813,335,Votação Deliberação,2025-12-19,
315876,57,1642770,360,Resolução (Publicação DAR),2025-12-19,
315876,26,1642771,400,Envio INCM,2025-12-19,
315876,44,1642895,600,Resolução da AR (Publicação DR),2025-12-23,
315793,1,1642029,10,Entrada,2025-11-28,
315793,2,1642133,20,Admissão,2025-12-03,
315793,3,1642134,21,Anúncio,2025-12-04,
315793,64,1642325,243,Apreciação,2025-12-10,
315793,13,1642524,250,Votação na generalidade,2025-12-12,
315805,1,1642044,10,Entrada,2025-12-02,
315805,2,1642149,20,Admissão,2025-12-03,
315805,126,1642150,181,Baixa comissão para discussão,2025-12-03,
315805,3,1642151,21,Anúncio,2025-12-04,
315884,1,1642715,10,Entrada,2025-12-18,
315884,2,1642796,20,Admissão,2025-12-19,
315884,126,1642797,181,Baixa comissão para discussão,2025-12-19,
315884,3,1663233,21,Anúncio,2026-01-08,
315884,73,1718084,335,Votação Deliberação,2026-04-24,
356168,1,1704604,10,Entrada,2026-02-13,
356168,2,1704796,20,Admissão,2026-02-18,
356168,3,1704797,21,Anúncio,2026-02-19,
356168,64,1704660,243,Apreciação,2026-02-20,
356168,13,1704968,250,Votação na generalidade,2026-02-20,
356168,14,1704969,270,Baixa comissão especialidade,2026-02-20,
356168,18,1731905,320,Votação final global,2026-07-17,
356168,133,1731997,348,Envio à Comissão para fixação da Redação final,2026-07-21,
356168,57,1742069,360,Resolução (Publicação DAR),2026-07-23,
356168,26,1742070,400,Envio INCM,2026-07-23,
356168,44,1752148,600,Resolução da AR (Publicação DR),2026-07-29,
315909,1,1642934,10,Entrada,2026-01-02,
315909,2,1663086,20,Admissão,2026-01-06,
315909,126,1663087,181,Baixa comissão para discussão,2026-01-06,
315909,3,1663255,21,Anúncio,2026-01-08,
315909,64,1729085,243,Apreciação,2026-05-21,
315909,13,1729498,250,Votação na generalidade,2026-05-22,
345963,1,1683402,10,Entrada,2026-01-13,
345963,2,1683457,20,Admissão,2026-01-14,
345963,126,1683458,181,Baixa comissão para discussão,2026-01-14,
345963,3,1683891,21,Anúncio,2026-01-21,
345963,13,1718140,250,Votação na generalidade,2026-02-25,
345963,73,1705437,335,Votação Deliberação,2026-02-27,"*votação do PS corrigida no dia 03/03/2026, a pedido do GPPS, validado pela Mesa"
345963,13,1718142,250,Votação na generalidade,2026-02-27,
315842,1,1642244,10,Entrada,2025-12-05,
315842,2,1642409,20,Admissão,2025-12-10,
315842,3,1642460,21,Anúncio,2025-12-10,
315842,64,1663006,243,Apreciação,2025-12-19,
315842,13,1642821,250,Votação na generalidade,2025-12-19,
335937,1,1662977,10,Entrada,2026-01-05,
335937,2,1663179,20,Admissão,2026-01-07,
335937,126,1663180,181,Baixa comissão para discussão,2026-01-07,
335937,3,1663270,21,Anúncio,2026-01-08,
335937,73,1694067,335,Votação Deliberação,2026-01-30,
335937,13,1717061,250,Votação na generalidade,2026-01-30,
346019,1,1683573,10,Entrada,2026-01-19,
346019,2,1683660,20,Admissão,2026-01-19,
346019,126,1683661,181,Baixa comissão para discussão,2026-01-19,
346019,3,1683729,21,Anúncio,2026-01-21,
346019,73,1683751,335,Votação Deliberação,2026-01-23,
346019,57,1683924,360,Resolução (Publicação DAR),2026-01-28,
346019,26,1683930,400,Envio INCM,2026-01-28,
346019,44,1694129,600,Resolução da AR (Publicação DR),2026-02-03,
315911,1,1642936,10,Entrada,2026-01-02,
315911,2,1663094,20,Admissão,2026-01-06,
315911,126,1663095,181,Baixa comissão para discussão,2026-01-06,
315911,3,1663257,21,Anúncio,2026-01-08,
315911,73,1705069,335,Votação Deliberação,2026-02-20,
315848,1,1642266,10,Entrada,2025-12-05,
315848,2,1642407,20,Admissão,2025-12-10,
315848,3,1642465,21,Anúncio,2025-12-10,
315848,64,1663002,243,Apreciação,2025-12-19,
315848,73,1642809,335,Votação Deliberação,2025-12-19,
346027,1,1683631,10,Entrada,2026-01-21,
346027,2,1683664,20,Admissão,2026-01-21,
346027,3,1683897,21,Anúncio,2026-01-22,
346027,73,1683753,335,Votação Deliberação,2026-01-23,
346027,57,1683927,360,Resolução (Publicação DAR),2026-01-28,
346027,26,1683932,400,Envio INCM,2026-01-28,
346027,44,1694131,600,Resolução da AR (Publicação DR),2026-02-03,
356176,1,1704669,10,Entrada,2026-02-16,
356176,2,1704914,20,Admissão,2026-02-20,
356176,126,1704915,181,Baixa comissão para discussão,2026-02-20,
356176,3,1704916,21,Anúncio,2026-02-25,
356176,73,1718088,335,Votação Deliberação,2026-04-24,
356176,133,1728492,348,Envio à Comissão para fixação da Redação final,2026-05-06,
356176,57,1729174,360,Resolução (Publicação DAR),2026-05-15,
356176,26,1729175,400,Envio INCM,2026-05-15,
356176,44,1729271,600,Resolução da AR (Publicação DR),2026-05-20,
356381,1,1706086,10,Entrada,2026-03-17,
356381,3,1706335,21,Anúncio,2026-03-18,
356381,2,1706336,20,Admissão,2026-03-18,
356381,126,1706337,181,Baixa comissão para discussão,2026-03-18,
356381,64,1729049,243,Apreciação,2026-05-20,
356381,13,1729432,250,Votação na generalidade,2026-05-22,
356381,14,1729433,270,Baixa comissão especialidade,2026-05-22,
356381,18,1731875,320,Votação final global,2026-07-17,
356381,133,1731829,348,Envio à Comissão para fixação da Redação final,2026-07-20,
356381,57,1732035,360,Resolução (Publicação DAR),2026-07-23,
356381,26,1732036,400,Envio INCM,2026-07-23,
356381,44,1742126,600,Resolução da AR (Publicação DR),2026-07-28,
356175,1,1704662,10,Entrada,2026-02-16,
356175,2,1704911,20,Admissão,2026-02-20,
356175,126,1704912,181,Baixa comissão para discussão,2026-02-20,
356175,3,1704913,21,Anúncio,2026-02-25,
356175,73,1718087,335,Votação Deliberação,2026-04-24,
356175,133,1728274,348,Envio à Comissão para fixação da Redação final,2026-05-04,
356175,57,1729215,360,Resolução (Publicação DAR),2026-05-18,
356175,26,1729216,400,Envio INCM,2026-05-18,
356175,44,1729273,600,Resolução da AR (Publicação DR),2026-05-20,
356151,1,1704587,10,Entrada,2026-02-13,
356151,2,1704766,20,Admissão,2026-02-18,
356151,3,1704767,21,Anúncio,2026-02-19,
356151,64,1704668,243,Apreciação,2026-02-20,
356151,73,1705092,335,Votação Deliberação,2026-02-20,
356151,133,1705310,348,Envio à Comissão para fixação da Redação final,2026-03-02,
356151,57,1705680,360,Resolução (Publicação DAR),2026-03-10,
356151,26,1705695,400,Envio INCM,2026-03-10,
356151,44,1705848,600,Resolução da AR (Publicação DR),2026-03-13,
356191,1,1704832,10,Entrada,2026-02-19,
356191,64,1704868,243,Apreciação,2026-02-20,
356191,13,1704992,250,Votação na generalidade,2026-02-20,
356191,14,1704993,270,Baixa comissão especialidade,2026-02-20,
356191,18,1716488,320,Votação final global,2026-03-20,"Texto Final, apresentado pela Comissão de Agricultura e Pescas, relativo ao Projeto de Resolução n.º 620/XVII/1.ª (IL)"
356191,133,1717150,348,Envio à Comissão para fixação da Redação final,2026-04-10,
356191,57,1717573,360,Resolução (Publicação DAR),2026-04-16,
356191,26,1717574,400,Envio INCM,2026-04-16,
356191,44,1717692,600,Resolução da AR (Publicação DR),2026-04-20,
356286,1,1705532,10,Entrada,2026-03-06,
356286,3,1705928,21,Anúncio,2026-03-12,
356286,2,1705929,20,Admissão,2026-03-13,
356286,64,1706066,243,Apreciação,2026-03-20,
356286,13,1716451,250,Votação na generalidade,2026-03-20,
356286,14,1716452,270,Baixa comissão especialidade,2026-03-20,
356286,18,1730421,320,Votação final global,2026-06-12,
356286,133,1730639,348,Envio à Comissão para fixação da Redação final,2026-06-22,
356286,57,1731173,360,Resolução (Publicação DAR),2026-07-02,
356286,26,1731174,400,Envio INCM,2026-07-02,
356286,44,1731360,600,Resolução da AR (Publicação DR),2026-07-06,
346016,1,1683523,10,Entrada,2026-01-16,
346016,3,1683822,21,Anúncio,2026-01-21,
346016,2,1683824,20,Admissão,2026-01-23,
346016,64,1683699,243,Apreciação,2026-01-30,
346016,13,1694155,250,Votação na generalidade,2026-01-30,
356108,1,1704381,10,Entrada,2026-02-11,
356108,2,1704484,20,Admissão,2026-02-11,
356108,3,1704485,21,Anúncio,2026-02-12,
356108,64,1705208,243,Apreciação,2026-02-26,
356108,13,1705410,250,Votação na generalidade,2026-02-27,
356108,14,1705411,270,Baixa comissão especialidade,2026-02-27,
346033,1,1683733,10,Entrada,2026-01-23,
346033,3,1683900,21,Anúncio,2026-01-23,
346033,2,1684018,20,Admissão,2026-01-27,
346033,126,1684019,181,Baixa comissão para discussão,2026-01-27,
315901,1,1642919,10,Entrada,2025-12-29,
315901,2,1663065,20,Admissão,2026-01-06,
315901,3,1663245,21,Anúncio,2026-01-08,
356126,1,1704505,10,Entrada,2026-02-12,
356126,2,1704560,20,Admissão,2026-02-12,
356126,3,1704561,21,Anúncio,2026-02-13,
356126,73,1704608,335,Votação Deliberação,2026-02-13,
356126,57,1704704,360,Resolução (Publicação DAR),2026-02-19,
356126,26,1704707,400,Envio INCM,2026-02-19,
356126,44,1705007,600,Resolução da AR (Publicação DR),2026-02-24,
346044,1,1684045,10,Entrada,2026-01-28,
346044,2,1704193,20,Admissão,2026-02-03,
346044,126,1704195,181,Baixa comissão para discussão,2026-02-03,
346044,3,1704194,21,Anúncio,2026-02-11,
335926,1,1662966,10,Entrada,2026-01-02,
335926,2,1663085,20,Admissão,2026-01-06,
335926,3,1663269,21,Anúncio,2026-01-08,
356380,1,1706085,10,Entrada,2026-03-17,
356380,3,1706332,21,Anúncio,2026-03-18,
356380,2,1706333,20,Admissão,2026-03-18,
356380,126,1706334,181,Baixa comissão para discussão,2026-03-18,
356380,73,1717253,335,Votação Deliberação,2026-04-10,
356380,13,1730715,250,Votação na generalidade,2026-04-10,
356380,133,1717762,348,Envio à Comissão para fixação da Redação final,2026-04-22,
356380,57,1717937,360,Resolução (Publicação DAR),2026-04-22,
356380,26,1717943,400,Envio INCM,2026-04-23,
356380,44,1718123,600,Resolução da AR (Publicação DR),2026-04-27,
356154,1,1704590,10,Entrada,2026-02-13,
356154,2,1704772,20,Admissão,2026-02-18,
356154,3,1704773,21,Anúncio,2026-02-19,
356154,64,1705210,243,Apreciação,2026-02-26,
356154,13,1705414,250,Votação na generalidade,2026-02-27,
356154,14,1705415,270,Baixa comissão especialidade,2026-02-27,
356111,1,1704384,10,Entrada,2026-02-11,
356111,2,1704557,20,Admissão,2026-02-13,
356111,126,1704558,181,Baixa comissão para discussão,2026-02-13,
356111,3,1704559,21,Anúncio,2026-02-18,
356111,73,1730859,335,Votação Deliberação,2026-06-25,
356059,1,1694099,10,Entrada,2026-02-02,
356059,2,1704218,20,Admissão,2026-02-03,
356059,126,1704220,181,Baixa comissão para discussão,2026-02-03,
356059,3,1704219,21,Anúncio,2026-02-11,
346043,1,1684036,10,Entrada,2026-01-28,
346043,73,1694084,335,Votação Deliberação,2026-01-30,
346043,2,1704191,20,Admissão,2026-01-30,
346043,3,1704192,21,Anúncio,2026-01-30,
356334,1,1705787,10,Entrada,2026-03-11,
356334,3,1706257,21,Anúncio,2026-03-18,
356334,2,1706258,20,Admissão,2026-03-18,
356334,126,1706259,181,Baixa comissão para discussão,2026-03-18,
356334,73,1717252,335,Votação Deliberação,2026-04-10,
356334,133,1717756,348,Envio à Comissão para fixação da Redação final,2026-04-21,
356334,57,1717936,360,Resolução (Publicação DAR),2026-04-22,
356334,26,1717944,400,Envio INCM,2026-04-23,
356334,44,1718122,600,Resolução da AR (Publicação DR),2026-04-27,
356160,1,1704596,10,Entrada,2026-02-13,
356160,2,1704784,20,Admissão,2026-02-18,
356160,3,1704785,21,Anúncio,2026-02-19,
356160,64,1705211,243,Apreciação,2026-02-26,
356160,13,1705417,250,Votação na generalidade,2026-02-27,
356160,14,1705418,270,Baixa comissão especialidade,2026-02-27,
356353,1,1705849,10,Entrada,2026-03-12,
356353,3,1706289,21,Anúncio,2026-03-18,
356353,2,1706290,20,Admissão,2026-03-18,
356353,126,1706291,181,Baixa comissão para discussão,2026-03-18,
356353,73,1718089,335,Votação Deliberação,2026-04-24,
356353,133,1728282,348,Envio à Comissão para fixação da Redação final,2026-05-04,
356353,57,1729213,360,Resolução (Publicação DAR),2026-05-18,
356353,26,1729214,400,Envio INCM,2026-05-18,
356353,44,1729304,600,Resolução da AR (Publicação DR),2026-05-21,
356161,1,1704597,10,Entrada,2026-02-13,
356161,2,1704786,20,Admissão,2026-02-18,
356161,3,1704787,21,Anúncio,2026-02-19,
356161,64,1705212,243,Apreciação,2026-02-26,
356161,13,1705419,250,Votação na generalidade,2026-02-27,
356161,14,1705420,270,Baixa comissão especialidade,2026-02-27,
356078,1,1704184,10,Entrada,2026-02-04,
356078,2,1704431,20,Admissão,2026-02-11,
356078,126,1704433,181,Baixa comissão para discussão,2026-02-11,
356078,3,1704432,21,Anúncio,2026-02-12,
356171,1,1704611,10,Entrada,2026-02-16,
356171,2,1704800,20,Admissão,2026-02-18,
356171,126,1704801,181,Baixa comissão para discussão,2026-02-18,
356171,3,1704802,21,Anúncio,2026-02-19,
356171,64,1705017,243,Apreciação,2026-02-25,
356171,13,1705262,250,Votação na generalidade,2026-02-25,
356097,1,1704364,10,Entrada,2026-02-09,
356097,2,1704466,20,Admissão,2026-02-11,
356097,126,1704467,181,Baixa comissão para discussão,2026-02-11,
356097,3,1704468,21,Anúncio,2026-02-12,
356094,1,1704354,10,Entrada,2026-02-09,
356094,2,1704457,20,Admissão,2026-02-11,
356094,126,1704458,181,Baixa comissão para discussão,2026-02-11,
356094,3,1704459,21,Anúncio,2026-02-12,
356141,1,1704577,10,Entrada,2026-02-13,
356141,2,1704751,20,Admissão,2026-02-18,
356141,3,1704752,21,Anúncio,2026-02-19,
356141,64,1705057,243,Apreciação,2026-02-20,
356141,13,1705059,250,Votação na generalidade,2026-02-20,
356360,1,1705865,10,Entrada,2026-03-13,
356360,3,1706295,21,Anúncio,2026-03-18,
356360,2,1706296,20,Admissão,2026-03-18,
356360,126,1706297,181,Baixa comissão para discussão,2026-03-18,
356360,73,1718095,335,Votação Deliberação,2026-04-24,
356360,133,1728472,348,Envio à Comissão para fixação da Redação final,2026-05-06,
356360,57,1729274,360,Resolução (Publicação DAR),2026-05-20,
356360,26,1729276,400,Envio INCM,2026-05-20,
356360,44,1729397,600,Resolução da AR (Publicação DR),2026-05-25,
356129,1,1704518,10,Entrada,2026-02-13,
356129,2,1704749,20,Admissão,2026-02-18,
356129,3,1704750,21,Anúncio,2026-02-19,
356129,64,1705180,243,Apreciação,2026-02-26,
356129,13,1705373,250,Votação na generalidade,2026-02-27,
356279,1,1705518,10,Entrada,2026-03-05,
356279,2,1705577,20,Admissão,2026-03-05,
356279,3,1705576,21,Anúncio,2026-03-06,
356279,73,1705578,335,Votação Deliberação,2026-03-06,
356279,57,1705925,360,Resolução (Publicação DAR),2026-03-13,
356279,26,1705924,400,Envio INCM,2026-03-13,
356279,44,1706024,600,Resolução da AR (Publicação DR),2026-03-17,
356392,1,1706338,10,Entrada,2026-03-19,
356392,3,1706380,21,Anúncio,2026-03-20,
356392,2,1706381,20,Admissão,2026-03-20,
356392,126,1706382,181,Baixa comissão para discussão,2026-03-20,
356392,64,1731119,243,Apreciação,2026-07-02,
356392,13,1731273,250,Votação na generalidade,2026-07-02,
356392,14,1731274,270,Baixa comissão especialidade,2026-07-02,
356221,1,1705009,10,Entrada,2026-02-23,
356221,2,1705319,20,Admissão,2026-02-25,
356221,3,1705320,21,Anúncio,2026-02-25,
356221,64,1705023,243,Apreciação,2026-02-25,
356221,13,1705292,250,Votação na generalidade,2026-02-25,
356544,1,1716991,10,Entrada,2026-04-07,
356544,2,1717337,20,Admissão,2026-04-15,
356544,3,1717338,21,Anúncio,2026-04-16,
356544,64,1717819,243,Apreciação,2026-04-23,
356544,13,1718082,250,Votação na generalidade,2026-04-24,
356544,14,1718083,270,Baixa comissão especialidade,2026-04-24,
356544,18,1731916,320,Votação final global,2026-07-17,
356544,133,1732001,348,Envio à Comissão para fixação da Redação final,2026-07-21,
356544,57,1752211,360,Resolução (Publicação DAR),2026-07-30,
356544,26,1752212,400,Envio INCM,2026-07-30,
356544,44,1752237,600,Resolução da AR (Publicação DR),2026-08-03,
356311,1,1705557,10,Entrada,2026-03-06,
356311,3,1706232,21,Anúncio,2026-03-18,
356311,2,1706233,20,Admissão,2026-03-18,
356311,64,1706079,243,Apreciação,2026-03-20,
356311,13,1716475,250,Votação na generalidade,2026-03-20,
356311,14,1716476,270,Baixa comissão especialidade,2026-03-20,
356235,1,1705328,10,Entrada,2026-02-27,
356235,3,1705731,21,Anúncio,2026-03-04,
356235,64,1705480,243,Apreciação,2026-03-06,
356235,13,1705595,250,Votação na generalidade,2026-03-06,
356235,2,1705732,20,Admissão,2026-03-06,
356233,1,1705326,10,Entrada,2026-02-27,
356233,3,1705727,21,Anúncio,2026-03-04,
356233,2,1705729,20,Admissão,2026-03-09,
356233,64,1705667,243,Apreciação,2026-03-13,
356233,13,1706017,250,Votação na generalidade,2026-03-13,
356266,1,1705432,10,Entrada,2026-03-02,
356266,3,1705613,21,Anúncio,2026-03-04,
356266,2,1705765,20,Admissão,2026-03-09,
356266,126,1705614,181,Baixa comissão para discussão,2026-03-09,
356260,1,1705368,10,Entrada,2026-02-27,
356260,3,1705708,21,Anúncio,2026-03-04,
356260,2,1705709,20,Admissão,2026-03-09,
356260,64,1705660,243,Apreciação,2026-03-13,
356260,13,1706010,250,Votação na generalidade,2026-03-13,
356262,1,1705371,10,Entrada,2026-02-27,
356262,3,1705795,21,Anúncio,2026-03-04,
356262,2,1705796,20,Admissão,2026-03-09,
356262,64,1705669,243,Apreciação,2026-03-13,
356262,13,1706019,250,Votação na generalidade,2026-03-13,
356333,1,1705786,10,Entrada,2026-03-10,
356333,3,1706254,21,Anúncio,2026-03-18,
356333,2,1706255,20,Admissão,2026-03-18,
356333,126,1706256,181,Baixa comissão para discussão,2026-03-18,
356333,13,1716691,250,Votação na generalidade,2026-03-26,
356263,1,1705374,10,Entrada,2026-02-27,
356263,3,1705615,21,Anúncio,2026-03-04,
356263,2,1705766,20,Admissão,2026-03-06,
356263,64,1705482,243,Apreciação,2026-03-06,
356263,13,1705600,250,Votação na generalidade,2026-03-06,
356264,1,1705376,10,Entrada,2026-02-27,
356264,3,1705612,21,Anúncio,2026-03-04,
356264,2,1705764,20,Admissão,2026-03-09,
356264,64,1705636,243,Apreciação,2026-03-12,
356264,13,1705977,250,Votação na generalidade,2026-03-13,
356370,1,1705960,10,Entrada,2026-03-16,
356370,3,1706313,21,Anúncio,2026-03-18,
356370,2,1706314,20,Admissão,2026-03-18,
356370,126,1706315,181,Baixa comissão para discussão,2026-03-18,
356370,73,1730401,335,Votação Deliberação,2026-06-12,
356418,1,1716408,10,Entrada,2026-03-23,
356418,2,1716564,20,Admissão,2026-03-24,
356418,126,1716565,181,Baixa comissão para discussão,2026-03-24,
356418,3,1716595,21,Anúncio,2026-03-25,
356418,13,1731928,250,Votação na generalidade,2026-07-17,
356418,14,1731929,270,Baixa comissão especialidade,2026-07-17,
356339,1,1705792,10,Entrada,2026-03-11,
356339,3,1706263,21,Anúncio,2026-03-18,
356339,2,1706264,20,Admissão,2026-03-18,
356339,126,1706265,181,Baixa comissão para discussão,2026-03-18,
356339,13,1716692,250,Votação na generalidade,2026-03-26,
356362,1,1705927,10,Entrada,2026-03-13,
356362,3,1706301,21,Anúncio,2026-03-18,
356362,2,1706302,20,Admissão,2026-03-18,
356362,126,1706303,181,Baixa comissão para discussão,2026-03-18,
356362,73,1717725,335,Votação Deliberação,2026-04-17,
356319,1,1705567,10,Entrada,2026-03-06,
356319,3,1706236,21,Anúncio,2026-03-18,
356319,2,1706237,20,Admissão,2026-03-18,
356319,126,1716529,181,Baixa comissão para discussão,2026-03-24,
356282,1,1705528,10,Entrada,2026-03-06,
356282,3,1706214,21,Anúncio,2026-03-18,
356282,2,1706215,20,Admissão,2026-03-18,
356282,126,1706216,181,Baixa comissão para discussão,2026-03-18,
315247,1,1627966,10,Entrada,2025-07-02,
315247,51,1683584,50,Publicação,2025-07-02,
315247,2,1628536,20,Admissão,2025-07-09,
315247,3,1628538,21,Anúncio,2025-07-09,
315247,9,1628539,180,Baixa comissão distribuição inicial generalidade,2025-07-09,
315247,144,1628655,22,Audição promovida pelo PAR para a ALRAA,2025-07-09,
315247,145,1628656,23,Audição promovida pelo PAR para a ALRAM,2025-07-09,
315247,146,1628657,24,Audição promovida pelo PAR para o Governo da RAA,2025-07-09,
315247,147,1628658,25,Audição promovida pelo PAR para o Governo da RAM,2025-07-09,
315247,9,1629149,180,Baixa comissão distribuição inicial generalidade,2025-07-17,"Redistribuição da iniciativa à 14.ª Comissão, com despacho de 17-07-2025"
315247,149,1629173,173,Parecer da ALRAM,2025-07-17,
315247,150,1629217,174,Parecer do Governo da RAA,2025-07-22,
315247,148,1629450,172,Parecer da ALRAA,2025-07-28,
315247,10,1704665,190,Discussão generalidade,2026-02-20,
315247,13,1704974,250,Votação na generalidade,2026-02-20,
315247,14,1704975,270,Baixa comissão especialidade,2026-02-20,
315247,18,1716683,320,Votação final global,2026-03-26,"Texto Final, apresentado pela Comissão de Infraestruturas, Mobilidade e Habitação, relativo aos Projetos de Lei n.º 81/XVII/1.ª (PSD), n.º 215/XVII/1.ª (CH) e n.º 426/XVII/1.ª (PAN)"
315247,133,1717534,348,Envio à Comissão para fixação da Redação final,2026-04-13,
315247,31,1718036,350,Decreto (Publicação),2026-04-24,
315247,23,1728372,370,Envio para promulgação,2026-04-30,
315247,24,1729351,380,Promulgação,2026-05-13,
315247,25,1729352,390,Referenda,2026-05-18,
315247,26,1729353,400,Envio INCM,2026-05-21,
315247,32,1729607,580,Lei (Publicação DR),2026-05-27,
356554,1,1717273,10,Entrada,2026-04-14,
356554,2,1717404,20,Admissão,2026-04-16,
356554,126,1717405,181,Baixa comissão para discussão,2026-04-16,
356554,3,1717406,21,Anúncio,2026-04-16,
356554,64,1730312,243,Apreciação,2026-06-11,
356554,73,1730348,335,Votação Deliberação,2026-06-12,
356554,57,1752213,360,Resolução (Publicação DAR),2026-07-30,
356554,26,1752214,400,Envio INCM,2026-07-30,
356554,44,1752234,600,Resolução da AR (Publicação DR),2026-08-03,
356395,1,1706347,10,Entrada,2026-03-20,
356395,3,1706392,21,Anúncio,2026-03-20,
356395,2,1706393,20,Admissão,2026-03-20,
356395,126,1706394,181,Baixa comissão para discussão,2026-03-20,
356393,1,1706339,10,Entrada,2026-03-19,
356393,3,1706398,21,Anúncio,2026-03-20,
356393,2,1706399,20,Admissão,2026-03-20,
356393,126,1706400,181,Baixa comissão para discussão,2026-03-20,
356393,73,1717254,335,Votação Deliberação,2026-04-10,
356511,1,1716891,10,Entrada,2026-04-01,
356511,2,1716909,20,Admissão,2026-04-01,
356511,126,1716910,181,Baixa comissão para discussão,2026-04-01,
356511,3,1716911,21,Anúncio,2026-04-01,
356511,73,1717141,335,Votação Deliberação,2026-04-10,
356511,57,1717599,360,Resolução (Publicação DAR),2026-04-15,
356511,26,1717600,400,Envio INCM,2026-04-15,
356511,44,1717554,600,Resolução da AR (Publicação DR),2026-04-17,
356343,1,1705823,10,Entrada,2026-03-12,
356343,3,1706269,21,Anúncio,2026-03-13,
356343,2,1706270,20,Admissão,2026-03-13,
356343,73,1705980,335,Votação Deliberação,2026-03-13,
356435,1,1716698,10,Entrada,2026-03-27,
356435,2,1716826,20,Admissão,2026-03-31,
356435,3,1716828,21,Anúncio,2026-04-01,
356435,64,1717785,243,Apreciação,2026-04-23,
356435,13,1718044,250,Votação na generalidade,2026-04-24,
356435,14,1718045,270,Baixa comissão especialidade,2026-04-24,
356496,1,1716873,10,Entrada,2026-03-31,
356496,2,1717081,20,Admissão,2026-04-09,
356496,3,1717082,21,Anúncio,2026-04-10,
356496,64,1717115,243,Apreciação,2026-04-10,
356496,13,1717212,250,Votação na generalidade,2026-04-10,
356566,1,1717550,10,Entrada,2026-04-16,
356566,2,1717860,20,Admissão,2026-04-21,
356566,126,1717861,181,Baixa comissão para discussão,2026-04-21,
356566,3,1717862,21,Anúncio,2026-04-22,
356566,64,1730737,243,Apreciação,2026-06-24,
356566,13,1730804,250,Votação na generalidade,2026-06-24,
356649,1,1718230,10,Entrada,2026-04-29,
356649,2,1728358,20,Admissão,2026-05-05,
356649,126,1728359,181,Baixa comissão para discussão,2026-05-05,
356649,3,1728361,21,Anúncio,2026-05-06,
356649,13,1729201,250,Votação na generalidade,2026-05-15,
356649,14,1729202,270,Baixa comissão especialidade,2026-05-15,
356686,1,1728394,10,Entrada,2026-05-05,
356686,2,1728915,20,Admissão,2026-05-12,
356686,126,1728916,181,Baixa comissão para discussão,2026-05-12,
356686,3,1728917,21,Anúncio,2026-05-13,
356686,64,1729088,243,Apreciação,2026-05-21,
356686,13,1729503,250,Votação na generalidade,2026-05-22,
356686,14,1729504,270,Baixa comissão especialidade,2026-05-22,
356689,1,1728419,10,Entrada,2026-05-05,
356689,2,1728920,20,Admissão,2026-05-12,
356689,126,1728921,181,Baixa comissão para discussão,2026-05-12,
356689,3,1728922,21,Anúncio,2026-05-13,
356689,64,1729059,243,Apreciação,2026-05-20,
356689,13,1729455,250,Votação na generalidade,2026-05-22,
356689,14,1729456,270,Baixa comissão especialidade,2026-05-22,
356754,1,1728988,10,Entrada,2026-05-13,
356754,3,1729148,21,Anúncio,2026-05-13,
356754,2,1729149,20,Admissão,2026-05-15,
356754,126,1729150,181,Baixa comissão para discussão,2026-05-15,
356754,73,1730402,335,Votação Deliberação,2026-06-12,
356754,133,1730925,348,Envio à Comissão para fixação da Redação final,2026-06-26,
356754,57,1731225,360,Resolução (Publicação DAR),2026-07-02,
356754,26,1731226,400,Envio INCM,2026-07-02,
356754,44,1731402,600,Resolução da AR (Publicação DR),2026-07-07,
356671,1,1728302,10,Entrada,2026-05-05,
356671,2,1728901,20,Admissão,2026-05-12,
356671,126,1728902,181,Baixa comissão para discussão,2026-05-12,
356671,3,1728903,21,Anúncio,2026-05-13,
356671,64,1729046,243,Apreciação,2026-05-20,
356671,122,1729372,237,Requerimento Baixa Comissão sem Votação (Generalidade),2026-05-22,
356671,127,1729422,245,Nova Baixa Comissão para Discussão,2026-05-22,
315145,1,1627488,10,Entrada,2025-06-23,
315145,51,1641837,50,Publicação,2025-06-24,
315145,2,1627644,20,Admissão,2025-06-25,"Despacho do PAR: "" Com a ressalva dos limites da norma travão"""
315145,3,1627695,21,Anúncio,2025-06-26,
315145,9,1628086,180,Baixa comissão distribuição inicial generalidade,2025-07-02,
315145,10,1642288,190,Discussão generalidade,2025-12-04,
315145,13,1642239,250,Votação na generalidade,2025-12-05,
315145,14,1642240,270,Baixa comissão especialidade,2025-12-05,
315145,15,1728841,280,Requerimento avocação plenário,2026-05-08,
315145,34,1728842,310,Votação na especialidade,2026-05-08,
315145,18,1728843,320,Votação final global,2026-05-08,
315145,133,1729523,348,Envio à Comissão para fixação da Redação final,2026-05-22,
315145,31,1730258,350,Decreto (Publicação),2026-06-12,
315145,23,1730524,370,Envio para promulgação,2026-06-18,
315145,24,1731537,380,Promulgação,2026-07-07,
315145,25,1731538,390,Referenda,2026-07-09,
315145,26,1731539,400,Envio INCM,2026-07-10,
315145,32,1731796,580,Lei (Publicação DR),2026-07-20,
356532,1,1716977,10,Entrada,2026-04-07,
356532,2,1717382,20,Admissão,2026-04-16,
356532,126,1717383,181,Baixa comissão para discussão,2026-04-16,
356532,3,1717384,21,Anúncio,2026-04-16,
356532,73,1731952,335,Votação Deliberação,2026-07-17,
356555,1,1717274,10,Entrada,2026-04-14,
356555,2,1717407,20,Admissão,2026-04-16,
356555,126,1717408,181,Baixa comissão para discussão,2026-04-16,
356555,3,1717409,21,Anúncio,2026-04-16,
356555,73,1729791,335,Votação Deliberação,2026-05-29,
356684,1,1728392,10,Entrada,2026-05-05,
356684,2,1728909,20,Admissão,2026-05-12,
356684,126,1728910,181,Baixa comissão para discussão,2026-05-12,
356684,3,1728911,21,Anúncio,2026-05-13,
356684,64,1729057,243,Apreciação,2026-05-20,
356684,13,1729451,250,Votação na generalidade,2026-05-22,
356684,14,1729452,270,Baixa comissão especialidade,2026-05-22,
356537,1,1716984,10,Entrada,2026-04-07,
356537,2,1717343,20,Admissão,2026-04-15,
356537,3,1717344,21,Anúncio,2026-04-16,
356537,64,1717818,243,Apreciação,2026-04-23,
356537,13,1718081,250,Votação na generalidade,2026-04-24,
356514,1,1716915,10,Entrada,2026-04-01,
356514,2,1717334,20,Admissão,2026-04-15,
356514,126,1717335,181,Baixa comissão para discussão,2026-04-15,
356514,3,1717336,21,Anúncio,2026-04-16,
356527,1,1716972,10,Entrada,2026-04-07,
356527,2,1717439,20,Admissão,2026-04-15,
356527,3,1717440,21,Anúncio,2026-04-16,
356527,64,1717811,243,Apreciação,2026-04-23,
356527,13,1718075,250,Votação na generalidade,2026-04-24,
356460,1,1716803,10,Entrada,2026-03-31,
356460,2,1717602,20,Admissão,2026-04-15,
356460,3,1717603,21,Anúncio,2026-04-16,
356525,1,1716961,10,Entrada,2026-04-07,
356525,2,1717395,20,Admissão,2026-04-16,
356525,126,1717396,181,Baixa comissão para discussão,2026-04-16,
356525,3,1717397,21,Anúncio,2026-04-16,
356909,1,1730275,10,Entrada,2026-06-12,
356909,2,1730483,20,Admissão,2026-06-17,
356909,3,1730484,21,Anúncio,2026-06-17,
356909,64,1731143,243,Apreciação,2026-06-18,
356909,13,1730649,250,Votação na generalidade,2026-06-19,
356909,14,1730650,270,Baixa comissão especialidade,2026-06-19,
356909,18,1731943,320,Votação final global,2026-07-17,
356909,133,1731813,348,Envio à Comissão para fixação da Redação final,2026-07-18,
356909,57,1742073,360,Resolução (Publicação DAR),2026-07-23,
356909,26,1742074,400,Envio INCM,2026-07-23,
356909,44,1752149,600,Resolução da AR (Publicação DR),2026-07-29,
356646,1,1718193,10,Entrada,2026-04-29,
356646,2,1718194,20,Admissão,2026-04-29,
356646,3,1718195,21,Anúncio,2026-04-29,
356646,73,1718236,335,Votação Deliberação,2026-04-30,
356646,57,1728404,360,Resolução (Publicação DAR),2026-05-05,
356646,26,1728405,400,Envio INCM,2026-05-05,
356646,44,1728527,600,Resolução da AR (Publicação DR),2026-05-07,
356653,1,1728264,10,Entrada,2026-04-30,
356653,2,1728370,20,Admissão,2026-05-05,
356653,126,1728371,181,Baixa comissão para discussão,2026-05-05,
356653,3,1728373,21,Anúncio,2026-05-06,
356653,126,1729016,181,Baixa comissão para discussão,2026-05-14,Redistribuição
315378,1,1629170,10,Entrada,2025-07-18,
315378,2,1629286,20,Admissão,2025-07-23,
315378,9,1629288,180,Baixa comissão distribuição inicial generalidade,2025-07-23,
315378,3,1630006,21,Anúncio,2025-09-10,
315378,144,1694087,22,Audição promovida pelo PAR para a ALRAA,2026-01-19,
315378,145,1694088,23,Audição promovida pelo PAR para a ALRAM,2026-01-19,
315378,146,1694090,24,Audição promovida pelo PAR para o Governo da RAA,2026-01-19,
315378,147,1694091,25,Audição promovida pelo PAR para o Governo da RAM,2026-01-19,
315378,10,1683665,190,Discussão generalidade,2026-01-28,
315378,13,1694077,250,Votação na generalidade,2026-01-30,
315378,14,1694078,270,Baixa comissão especialidade,2026-01-30,
315378,151,1694093,175,Parecer do Governo da RAM,2026-02-02,
315378,150,1694103,174,Parecer do Governo da RAA,2026-02-02,
315378,149,1704361,173,Parecer da ALRAM,2026-02-09,
315378,18,1704645,320,Votação final global,2026-02-13,
315378,133,1704995,348,Envio à Comissão para fixação da Redação final,2026-02-23,
315378,31,1705251,350,Decreto (Publicação),2026-02-26,
315378,23,1705471,370,Envio para promulgação,2026-03-04,
315378,24,1705832,380,Promulgação,2026-03-04,
315378,25,1705833,390,Referenda,2026-03-11,
315378,26,1705834,400,Envio INCM,2026-03-12,
315378,32,1705955,580,Lei (Publicação DR),2026-03-16,
356567,1,1717551,10,Entrada,2026-04-16,
356567,2,1717745,20,Admissão,2026-04-21,
356567,126,1717746,181,Baixa comissão para discussão,2026-04-21,
356567,3,1717824,21,Anúncio,2026-04-22,
356567,13,1728834,250,Votação na generalidade,2026-05-08,
356734,1,1728643,10,Entrada,2026-05-08,
356734,2,1728973,20,Admissão,2026-05-12,
356734,3,1728974,21,Anúncio,2026-05-13,
356734,64,1728888,243,Apreciação,2026-05-14,
356734,13,1729105,250,Votação na generalidade,2026-05-14,
356734,14,1729106,270,Baixa comissão especialidade,2026-05-14,
356734,14,1729543,270,Baixa comissão especialidade,2026-05-26,
356613,1,1717757,10,Entrada,2026-04-21,
356613,2,1717968,20,Admissão,2026-04-23,
356613,126,1717969,181,Baixa comissão para discussão,2026-04-23,
356613,3,1717970,21,Anúncio,2026-04-23,
356613,73,1729792,335,Votação Deliberação,2026-05-29,
356825,1,1729678,10,Entrada,2026-05-27,
356825,2,1729852,20,Admissão,2026-06-02,
356825,126,1729854,181,Baixa comissão para discussão,2026-06-02,
356825,3,1729853,21,Anúncio,2026-06-02,
356825,73,1731954,335,Votação Deliberação,2026-07-17,
356825,133,1731811,348,Envio à Comissão para fixação da Redação final,2026-07-18,
356825,57,1742065,360,Resolução (Publicação DAR),2026-07-23,
356825,26,1742066,400,Envio INCM,2026-07-23,
356825,44,1742136,600,Resolução da AR (Publicação DR),2026-07-28,
356705,1,1728438,10,Entrada,2026-05-05,
356705,2,1728934,20,Admissão,2026-05-12,
356705,126,1728935,181,Baixa comissão para discussão,2026-05-12,
356705,3,1728936,21,Anúncio,2026-05-13,
315208,1,1627858,10,Entrada,2025-06-27,
315208,51,1683536,50,Publicação,2025-06-27,
315208,2,1627984,20,Admissão,2025-07-01,
315208,9,1627985,180,Baixa comissão distribuição inicial generalidade,2025-07-01,
315208,3,1627986,21,Anúncio,2025-07-02,
315208,10,1628220,190,Discussão generalidade,2025-07-04,
315208,13,1628423,250,Votação na generalidade,2025-07-04,
315208,14,1628424,270,Baixa comissão especialidade,2025-07-04,
315208,18,1629129,320,Votação final global,2025-07-16,
315208,152,1629130,225,Requerimento,2025-07-16,
315208,31,1629075,350,Decreto (Publicação),2025-07-17,
315208,23,1629076,370,Envio para promulgação,2025-07-17,
315208,24,1629214,380,Promulgação,2025-07-17,
315208,25,1629215,390,Referenda,2025-07-21,
315208,26,1629216,400,Envio INCM,2025-07-22,
315208,32,1629243,580,Lei (Publicação DR),2025-07-22,
356999,1,1730971,10,Entrada,2026-06-30,
356999,2,1731217,20,Admissão,2026-07-02,
356999,126,1731218,181,Baixa comissão para discussão,2026-07-02,
356999,3,1731219,21,Anúncio,2026-07-03,
356999,73,1731959,335,Votação Deliberação,2026-07-17,
356999,133,1731917,348,Envio à Comissão para fixação da Redação final,2026-07-21,
356999,57,1732045,360,Resolução (Publicação DAR),2026-07-23,
356999,26,1732046,400,Envio INCM,2026-07-23,
356999,44,1742131,600,Resolução da AR (Publicação DR),2026-07-28,
357020,1,1731029,10,Entrada,2026-07-01,
357020,2,1731291,20,Admissão,2026-07-02,
357020,126,1731292,181,Baixa comissão para discussão,2026-07-03,
357020,3,1731293,21,Anúncio,2026-07-03,
357020,73,1731953,335,Votação Deliberação,2026-07-17,
357020,133,1731814,348,Envio à Comissão para fixação da Redação final,2026-07-18,
357020,57,1742079,360,Resolução (Publicação DAR),2026-07-23,
357020,26,1742080,400,Envio INCM,2026-07-23,
357020,44,1752151,600,Resolução da AR (Publicação DR),2026-07-29,
356707,1,1728461,10,Entrada,2026-05-05,
356707,2,1728937,20,Admissão,2026-05-12,
356707,3,1728938,21,Anúncio,2026-05-13,
356707,64,1729066,243,Apreciação,2026-05-21,
356707,13,1729466,250,Votação na generalidade,2026-05-22,
356760,1,1729019,10,Entrada,2026-05-15,
356760,3,1729163,21,Anúncio,2026-05-15,
356760,73,1729171,335,Votação Deliberação,2026-05-15,
356760,57,1729268,360,Resolução (Publicação DAR),2026-05-20,
356760,26,1729269,400,Envio INCM,2026-05-20,
356760,44,1729398,600,Resolução da AR (Publicação DR),2026-05-25,
315251,1,1628195,10,Entrada,2025-07-02,
315251,51,1683586,50,Publicação,2025-07-02,
315251,2,1628546,20,Admissão,2025-07-09,
315251,3,1628547,21,Anúncio,2025-07-09,
315251,9,1628548,180,Baixa comissão distribuição inicial generalidade,2025-07-09,
315251,10,1642289,190,Discussão generalidade,2025-12-04,
315251,13,1642241,250,Votação na generalidade,2025-12-05,
315251,14,1642242,270,Baixa comissão especialidade,2025-12-05,
315251,18,1694075,320,Votação final global,2026-01-30,
315251,133,1694143,348,Envio à Comissão para fixação da Redação final,2026-02-03,
315251,31,1704871,350,Decreto (Publicação),2026-02-20,
315251,23,1705019,370,Envio para promulgação,2026-02-26,
315251,24,1705826,380,Promulgação,2026-03-03,
315251,25,1705827,390,Referenda,2026-03-11,
315251,26,1705828,400,Envio INCM,2026-03-12,
315251,32,1705953,580,Lei (Publicação DR),2026-03-16,
356717,1,1728482,10,Entrada,2026-05-05,
356717,2,1728946,20,Admissão,2026-05-12,
356717,3,1728947,21,Anúncio,2026-05-13,
356717,64,1729068,243,Apreciação,2026-05-21,
356717,13,1729469,250,Votação na generalidade,2026-05-22,
356725,1,1728633,10,Entrada,2026-05-07,
356725,2,1728954,20,Admissão,2026-05-12,
356725,126,1728955,181,Baixa comissão para discussão,2026-05-12,
356725,3,1728956,21,Anúncio,2026-05-13,
315680,1,1631134,10,Entrada,2025-10-10,
315680,2,1641296,20,Admissão,2025-10-15,
315680,9,1641297,180,Baixa comissão distribuição inicial generalidade,2025-10-15,
315680,145,1641311,23,Audição promovida pelo PAR para a ALRAM,2025-10-15,
315680,144,1641312,22,Audição promovida pelo PAR para a ALRAA,2025-10-15,
315680,147,1641313,25,Audição promovida pelo PAR para o Governo da RAM,2025-10-15,
315680,146,1641314,24,Audição promovida pelo PAR para o Governo da RAA,2025-10-15,
315680,3,1641372,21,Anúncio,2025-10-15,
315680,150,1641812,174,Parecer do Governo da RAA,2025-10-30,
315680,148,1641867,172,Parecer da ALRAA,2025-11-03,
315680,149,1641938,173,Parecer da ALRAM,2025-11-19,
315680,151,1705855,175,Parecer do Governo da RAM,2026-03-13,
315680,10,1705670,190,Discussão generalidade,2026-03-13,
315680,122,1705866,237,Requerimento Baixa Comissão sem Votação (Generalidade),2026-03-13,
315680,12,1716598,240,Nova apreciação comissão generalidade,2026-03-13,
315680,13,1717730,250,Votação na generalidade,2026-04-17,Texto de substituição relativo ao Projeto de Lei n.º 255/XVII/1.ª (CDS-PP) – Estabelece as regras de Utilização de Bandeiras em Edifícios de caráter público
315680,34,1717731,310,Votação na especialidade,2026-04-17,Texto de substituição relativo ao Projeto de Lei n.º 255/XVII/1.ª (CDS-PP) – Estabelece as regras de Utilização de Bandeiras em Edifícios de caráter público
315680,18,1717732,320,Votação final global,2026-04-17,Texto de substituição relativo ao Projeto de Lei n.º 255/XVII/1.ª (CDS-PP) – Estabelece as regras de Utilização de Bandeiras em Edifícios de caráter público
315680,133,1718035,348,Envio à Comissão para fixação da Redação final,2026-04-24,
315680,31,1729192,350,Decreto (Publicação),2026-05-15,
315680,23,1729302,370,Envio para promulgação,2026-05-21,
315680,120,1730150,409,Veto (Receção),2026-06-11,Decreto 70/XVII
315680,30,1730151,410,Veto (Leitura),2026-06-11,Decreto 70/XVII
315680,47,1730302,415,Veto (Publicação),2026-06-15,
356806,1,1729424,10,Entrada,2026-05-22,
356806,3,1729599,21,Anúncio,2026-05-22,
356806,2,1729600,20,Admissão,2026-05-26,
356806,64,1729754,243,Apreciação,2026-06-02,
356806,13,1730007,250,Votação na generalidade,2026-06-03,
315362,1,1628856,10,Entrada,2025-07-11,
315362,51,1630580,50,Publicação,2025-07-11,
315362,2,1629039,20,Admissão,2025-07-16,
315362,3,1629041,21,Anúncio,2025-07-16,
315362,9,1629042,180,Baixa comissão distribuição inicial generalidade,2025-07-16,
315362,10,1642318,190,Discussão generalidade,2025-12-10,
315362,13,1642513,250,Votação na generalidade,2025-12-12,
315362,14,1642514,270,Baixa comissão especialidade,2025-12-12,
315362,18,1704883,320,Votação final global,2026-02-20,
315362,133,1705294,348,Envio à Comissão para fixação da Redação final,2026-02-26,
315362,31,1705658,350,Decreto (Publicação),2026-03-10,
315362,23,1706353,370,Envio para promulgação,2026-03-16,
315362,24,1716514,380,Promulgação,2026-03-20,
315362,25,1716515,390,Referenda,2026-03-23,
315362,26,1716516,400,Envio INCM,2026-03-24,
315362,32,1716597,580,Lei (Publicação DR),2026-03-24,
356827,1,1729703,10,Entrada,2026-05-28,
356827,2,1729860,20,Admissão,2026-06-02,
356827,126,1729862,181,Baixa comissão para discussão,2026-06-02,
356827,3,1729861,21,Anúncio,2026-06-02,
356874,1,1730099,10,Entrada,2026-06-08,
356874,2,1730187,20,Admissão,2026-06-11,
356874,3,1730188,21,Anúncio,2026-06-11,
356874,126,1730189,181,Baixa comissão para discussão,2026-06-11,
356936,1,1730504,10,Entrada,2026-06-17,
356936,2,1730560,20,Admissão,2026-06-19,
356936,126,1730561,181,Baixa comissão para discussão,2026-06-19,
356936,3,1730562,21,Anúncio,2026-06-19,
356905,1,1730267,10,Entrada,2026-06-12,
356905,2,1730465,20,Admissão,2026-06-17,
356905,3,1730466,21,Anúncio,2026-06-17,
356905,64,1731138,243,Apreciação,2026-06-18,
356905,13,1730636,250,Votação na generalidade,2026-06-19,
356889,1,1730119,10,Entrada,2026-06-08,
356889,2,1730809,20,Admissão,2026-06-25,
356889,3,1730810,21,Anúncio,2026-06-25,
356889,64,1730745,243,Apreciação,2026-06-25,
356889,13,1730846,250,Votação na generalidade,2026-06-25,
356953,1,1730601,10,Entrada,2026-06-19,
356953,2,1730730,20,Admissão,2026-06-24,
356953,3,1730731,21,Anúncio,2026-06-24,
356953,64,1730796,243,Apreciação,2026-06-24,
356953,13,1730807,250,Votação na generalidade,2026-06-24,
356956,1,1730617,10,Entrada,2026-06-22,
356956,2,1730762,20,Admissão,2026-06-24,
356956,126,1730763,181,Baixa comissão para discussão,2026-06-24,
356956,3,1730764,21,Anúncio,2026-06-24,
315047,1,1627221,10,Entrada,2025-06-03,
315047,51,1642050,50,Publicação,2025-06-03,
315047,2,1627253,20,Admissão,2025-06-06,
315047,3,1627338,21,Anúncio,2025-06-17,
315047,9,1627793,180,Baixa comissão distribuição inicial generalidade,2025-06-27,
315047,10,1628776,190,Discussão generalidade,2025-07-10,
315047,13,1628920,250,Votação na generalidade,2025-07-11,
315047,14,1628921,270,Baixa comissão especialidade,2025-07-11,
356959,1,1730694,10,Entrada,2026-06-22,
356959,2,1730792,20,Admissão,2026-06-24,
356959,3,1730793,21,Anúncio,2026-06-24,
356959,64,1730938,243,Apreciação,2026-07-02,
356959,13,1731260,250,Votação na generalidade,2026-07-02,
356986,1,1730945,10,Entrada,2026-06-26,
356986,2,1731083,20,Admissão,2026-07-01,
356986,3,1731084,21,Anúncio,2026-07-02,
356986,64,1731025,243,Apreciação,2026-07-03,
356986,13,1731388,250,Votação na generalidade,2026-07-03,
356977,1,1730920,10,Entrada,2026-06-26,
356977,2,1731096,20,Admissão,2026-07-01,
356977,126,1731097,181,Baixa comissão para discussão,2026-07-01,
356977,3,1731098,21,Anúncio,2026-07-02,
315040,1,1627208,10,Entrada,2025-06-03,
315040,51,1642048,50,Publicação,2025-06-03,
315040,2,1627251,20,Admissão,2025-06-06,
315040,3,1627336,21,Anúncio,2025-06-17,
315040,9,1627836,180,Baixa comissão distribuição inicial generalidade,2025-06-27,
315040,10,1628487,190,Discussão generalidade,2025-07-11,
315040,122,1628858,237,Requerimento Baixa Comissão sem Votação (Generalidade),2025-07-11,"Requerimento, apresentado pelo PAN, solicitando a baixa à Comissão de Assuntos Constitucionais, Direitos, Liberdades e Garantias, sem votação, por 60 dias, do Projeto de Lei n.º 4/XVII/1.ª (PAN)"
315040,12,1628967,240,Nova apreciação comissão generalidade,2025-07-11,
315090,1,1627326,10,Entrada,2025-06-13,
315090,51,1630626,50,Publicação,2025-06-14,
315090,2,1627399,20,Admissão,2025-06-17,"Despacho do PAR: ""Ressalvando os limites da norma travão."""
315090,3,1627400,21,Anúncio,2025-06-18,
315090,9,1627838,180,Baixa comissão distribuição inicial generalidade,2025-06-27,
315090,49,1629887,55,Publicação em Separata,2025-09-10,
315090,10,1630275,190,Discussão generalidade,2025-09-19,
315090,13,1630882,250,Votação na generalidade,2025-09-19,
315090,14,1630883,270,Baixa comissão especialidade,2025-09-26,
356979,1,1730923,10,Entrada,2026-06-26,
356979,2,1731087,20,Admissão,2026-07-01,
356979,3,1731088,21,Anúncio,2026-07-02,
356979,64,1731024,243,Apreciação,2026-07-03,
356979,13,1731387,250,Votação na generalidade,2026-07-03,
357002,1,1730974,10,Entrada,2026-06-30,
357002,2,1731211,20,Admissão,2026-07-02,
357002,126,1731212,181,Baixa comissão para discussão,2026-07-02,
357002,3,1731213,21,Anúncio,2026-07-03,
357016,1,1731004,10,Entrada,2026-06-30,
357016,2,1731205,20,Admissão,2026-07-02,
357016,126,1731206,181,Baixa comissão para discussão,2026-07-02,
357016,3,1731207,21,Anúncio,2026-07-03,
357012,1,1731000,10,Entrada,2026-06-30,
357012,2,1731250,20,Admissão,2026-07-02,
357012,126,1731251,181,Baixa comissão para discussão,2026-07-02,
357012,3,1731252,21,Anúncio,2026-07-03,
357007,1,1730979,10,Entrada,2026-06-30,
357007,2,1731241,20,Admissão,2026-07-02,
357007,126,1731242,181,Baixa comissão para discussão,2026-07-02,
357007,3,1731243,21,Anúncio,2026-07-03,
357017,1,1731005,10,Entrada,2026-06-30,
357017,2,1731200,20,Admissão,2026-07-02,
357017,126,1731201,181,Baixa comissão para discussão,2026-07-02,
357017,3,1731266,21,Anúncio,2026-07-03,
357009,1,1730996,10,Entrada,2026-06-30,
357009,2,1731244,20,Admissão,2026-07-02,
357009,126,1731245,181,Baixa comissão para discussão,2026-07-02,
357009,3,1731246,21,Anúncio,2026-07-03,
357019,1,1731028,10,Entrada,2026-07-01,
357019,2,1731294,20,Admissão,2026-07-03,
357019,126,1731295,181,Baixa comissão para discussão,2026-07-03,
357019,3,1731296,21,Anúncio,2026-07-03,
356902,1,1730263,10,Entrada,2026-06-12,
356902,2,1730457,20,Admissão,2026-06-17,
356902,3,1730458,21,Anúncio,2026-06-17,
357080,1,1731763,10,Entrada,2026-07-16,
357080,2,1752264,20,Admissão,2026-08-03,
357080,126,1752265,181,Baixa comissão para discussão,2026-08-03,
357080,3,1752394,21,Anúncio,2026-08-03,
357080,126,1752361,181,Baixa comissão para discussão,2026-08-04,
357040,1,1731400,10,Entrada,2026-07-06,
357040,2,1731467,20,Admissão,2026-07-08,
357040,126,1731468,181,Baixa comissão para discussão,2026-07-08,
357040,3,1731469,21,Anúncio,2026-07-16,
357030,1,1731286,10,Entrada,2026-07-03,
357030,2,1731449,20,Admissão,2026-07-08,
357030,126,1731450,181,Baixa comissão para discussão,2026-07-08,
357030,3,1731451,21,Anúncio,2026-07-08,
357027,1,1731256,10,Entrada,2026-07-02,
357027,2,1731443,20,Admissão,2026-07-08,
357027,126,1731444,181,Baixa comissão para discussão,2026-07-08,
357027,3,1731445,21,Anúncio,2026-07-16,
315407,1,1629323,10,Entrada,2025-07-24,
315407,51,1717985,50,Publicação,2025-07-24,
315407,2,1629362,20,Admissão,2025-07-25,"Despacho PAR ""Proceder à audição dos órgãos de governo próprio das regiões autónomas"""
315407,144,1629368,22,Audição promovida pelo PAR para a ALRAA,2025-07-25,
315407,145,1629369,23,Audição promovida pelo PAR para a ALRAM,2025-07-25,
315407,146,1629370,24,Audição promovida pelo PAR para o Governo da RAA,2025-07-25,
315407,147,1629371,25,Audição promovida pelo PAR para o Governo da RAM,2025-07-25,
315407,9,1629363,180,Baixa comissão distribuição inicial generalidade,2025-07-25,
315407,49,1629468,55,Publicação em Separata,2025-07-31,
315407,150,1629532,174,Parecer do Governo da RAA,2025-08-05,
315407,151,1629547,175,Parecer do Governo da RAM,2025-08-11,
315407,148,1629557,172,Parecer da ALRAA,2025-08-14,
315407,149,1629563,173,Parecer da ALRAM,2025-08-18,
315407,3,1630018,21,Anúncio,2025-09-10,
357049,1,1731513,10,Entrada,2026-07-09,
357049,2,1731638,20,Admissão,2026-07-15,
357049,126,1731640,181,Baixa comissão para discussão,2026-07-15,
357049,3,1731639,21,Anúncio,2026-07-16,
357038,1,1731398,10,Entrada,2026-07-06,
357038,2,1731461,20,Admissão,2026-07-08,
357038,126,1731462,181,Baixa comissão para discussão,2026-07-08,
357038,3,1731463,21,Anúncio,2026-07-16,
315039,1,1627204,10,Entrada,2025-06-03,
315039,51,1642047,50,Publicação,2025-06-03,
315039,2,1627250,20,Admissão,2025-06-06,
315039,3,1627335,21,Anúncio,2025-06-17,
315039,9,1628078,180,Baixa comissão distribuição inicial generalidade,2025-07-02,
315039,10,1705662,190,Discussão generalidade,2026-03-13,
315039,13,1706012,250,Votação na generalidade,2026-03-13,
357054,1,1731549,10,Entrada,2026-07-10,
357054,2,1731647,20,Admissão,2026-07-15,
357054,126,1731649,181,Baixa comissão para discussão,2026-07-15,
357054,3,1731648,21,Anúncio,2026-07-16,
357043,1,1731416,10,Entrada,2026-07-08,
357043,2,1731501,20,Admissão,2026-07-08,
357043,126,1731502,181,Baixa comissão para discussão,2026-07-08,
357043,3,1731503,21,Anúncio,2026-07-16,
357042,1,1731414,10,Entrada,2026-07-08,
357042,2,1731504,20,Admissão,2026-07-08,
357042,126,1731505,181,Baixa comissão para discussão,2026-07-08,
357042,3,1731506,21,Anúncio,2026-07-16,
357046,1,1731496,10,Entrada,2026-07-08,
357046,2,1731632,20,Admissão,2026-07-15,
357046,126,1731634,181,Baixa comissão para discussão,2026-07-15,
357046,3,1731633,21,Anúncio,2026-07-16,
315048,1,1627222,10,Entrada,2025-06-03,
315048,51,1642051,50,Publicação,2025-06-03,
315048,2,1627254,20,Admissão,2025-06-06,
315048,3,1627339,21,Anúncio,2025-06-17,
315048,9,1627794,180,Baixa comissão distribuição inicial generalidade,2025-06-27,
315048,10,1705673,190,Discussão generalidade,2026-03-13,
315048,13,1706028,250,Votação na generalidade,2026-03-13,
377104,1,1752155,10,Entrada,2026-07-29,
377104,2,1752302,20,Admissão,2026-08-03,
377104,126,1752303,181,Baixa comissão para discussão,2026-08-03,
377104,3,1752417,21,Anúncio,2026-08-03,
357060,1,1731570,10,Entrada,2026-07-13,
357060,2,1731669,20,Admissão,2026-07-16,
357060,3,1731670,21,Anúncio,2026-07-16,
357060,126,1731671,181,Baixa comissão para discussão,2026-07-16,
377116,1,1752221,10,Entrada,2026-07-31,
377116,2,1752317,20,Admissão,2026-08-03,
377116,126,1752319,181,Baixa comissão para discussão,2026-08-03,Com conexão à 1.ª
377116,3,1752426,21,Anúncio,2026-08-03,
357067,1,1731583,10,Entrada,2026-07-14,
357067,2,1731678,20,Admissão,2026-07-16,
357067,3,1731679,21,Anúncio,2026-07-16,
357067,126,1731680,181,Baixa comissão para discussão,2026-07-16,
315223,1,1627915,10,Entrada,2025-06-30,
315223,51,1705035,50,Publicação,2025-06-30,
315223,2,1628169,20,Admissão,2025-07-02,
315223,9,1628170,180,Baixa comissão distribuição inicial generalidade,2025-07-02,
315223,3,1628265,21,Anúncio,2025-07-03,
315223,10,1628218,190,Discussão generalidade,2025-07-04,
315223,122,1628254,237,Requerimento Baixa Comissão sem Votação (Generalidade),2025-07-04,
315223,13,1628420,250,Votação na generalidade,2025-07-04,
315223,148,1704353,172,Parecer da ALRAA,2026-02-09,
357071,1,1731587,10,Entrada,2026-07-15,
357071,2,1731687,20,Admissão,2026-07-16,
357071,3,1731688,21,Anúncio,2026-07-16,
357071,126,1731689,181,Baixa comissão para discussão,2026-07-16,
357089,1,1731986,10,Entrada,2026-07-21,
357089,2,1752270,20,Admissão,2026-08-03,
357089,126,1752271,181,Baixa comissão para discussão,2026-08-03,
357089,3,1752403,21,Anúncio,2026-08-03,
357079,1,1731762,10,Entrada,2026-07-16,
357079,2,1752262,20,Admissão,2026-08-03,
357079,126,1752263,181,Baixa comissão para discussão,2026-08-03,
357079,3,1752395,21,Anúncio,2026-08-03,
357075,1,1731610,10,Entrada,2026-07-15,
357075,2,1731780,20,Admissão,2026-07-17,
357075,3,1731781,21,Anúncio,2026-07-17,
357075,126,1731782,181,Baixa comissão para discussão,2026-07-17,
357087,1,1731970,10,Entrada,2026-07-21,
357087,2,1752266,20,Admissão,2026-08-03,
357087,126,1752267,181,Baixa comissão para discussão,2026-08-03,
357087,3,1752393,21,Anúncio,2026-08-03,
357090,1,1731987,10,Entrada,2026-07-21,
357090,2,1752273,20,Admissão,2026-08-03,
357090,126,1752274,181,Baixa comissão para discussão,2026-08-03,
357090,3,1752404,21,Anúncio,2026-08-03,
315655,1,1630843,10,Entrada,2025-09-29,
315655,2,1630962,20,Admissão,2025-09-30,
315655,9,1630963,180,Baixa comissão distribuição inicial generalidade,2025-09-30,
315655,3,1641327,21,Anúncio,2025-10-15,
315655,10,1716510,190,Discussão generalidade,2026-03-26,Consta da agenda sem tempos.
315655,13,1716654,250,Votação na generalidade,2026-03-26,"Texto de substituição relativo ao Projeto de Lei n.º 245/XVII/1 (PS) e ao Projeto de Lei n.º 278/XVII/1 (PSD e CDS-PP), apresentado pela Comissão da Reforma do Estado e Poder Local"
315655,34,1716655,310,Votação na especialidade,2026-03-26,"Texto de substituição relativo ao Projeto de Lei n.º 245/XVII/1 (PS) e ao Projeto de Lei n.º 278/XVII/1 (PSD e CDS-PP), apresentado pela Comissão da Reforma do Estado e Poder Local
(Votação da assunção pelo Plenário das votações indiciárias realizadas na especialidade em sede de Comissão)"
315655,18,1716656,320,Votação final global,2026-03-26,
315655,133,1717006,348,Envio à Comissão para fixação da Redação final,2026-04-08,
315655,31,1717845,350,Decreto (Publicação),2026-04-22,
315655,23,1728336,370,Envio para promulgação,2026-04-28,
315655,24,1728608,380,Promulgação,2026-05-04,
315655,25,1728609,390,Referenda,2026-05-06,
315655,26,1728610,400,Envio INCM,2026-05-07,
315655,32,1728624,580,Lei (Publicação DR),2026-05-08,
357091,1,1731988,10,Entrada,2026-07-21,
357091,2,1752275,20,Admissão,2026-08-03,
357091,126,1752276,181,Baixa comissão para discussão,2026-08-03,
357091,3,1752405,21,Anúncio,2026-08-03,
357094,1,1732049,10,Entrada,2026-07-23,
357094,2,1752283,20,Admissão,2026-08-03,
357094,126,1752284,181,Baixa comissão para discussão,2026-08-03,
357094,3,1752408,21,Anúncio,2026-08-03,
315654,1,1630841,10,Entrada,2025-09-29,
315654,2,1630966,20,Admissão,2025-09-30,
315654,9,1630967,180,Baixa comissão distribuição inicial generalidade,2025-09-30,
315654,3,1641326,21,Anúncio,2025-10-15,
315654,10,1716913,190,Discussão generalidade,2026-04-01,
315654,13,1716919,250,Votação na generalidade,2026-04-01,
315654,34,1716920,310,Votação na especialidade,2026-04-01,
315654,18,1716921,320,Votação final global,2026-04-01,
315654,133,1717005,348,Envio à Comissão para fixação da Redação final,2026-04-08,
315654,31,1717851,350,Decreto (Publicação),2026-04-22,
315654,23,1728346,370,Envio para promulgação,2026-04-28,
315654,24,1728605,380,Promulgação,2026-05-04,
315654,25,1728606,390,Referenda,2026-05-06,
315654,26,1728607,400,Envio INCM,2026-05-07,
315654,32,1728629,580,Lei (Publicação DR),2026-05-08,
357092,1,1731994,10,Entrada,2026-07-22,
357092,2,1752277,20,Admissão,2026-08-03,
357092,126,1752278,181,Baixa comissão para discussão,2026-08-03,
357092,3,1752406,21,Anúncio,2026-08-03,
367098,1,1742112,10,Entrada,2026-07-27,
367098,2,1752289,20,Admissão,2026-08-03,
367098,126,1752290,181,Baixa comissão para discussão,2026-08-03,
367098,3,1752411,21,Anúncio,2026-08-03,
315038,1,1627203,10,Entrada,2025-06-03,
315038,51,1642046,50,Publicação,2025-06-03,
315038,2,1627288,20,Admissão,2025-06-12,
315038,3,1627334,21,Anúncio,2025-06-17,
315038,9,1627791,180,Baixa comissão distribuição inicial generalidade,2025-06-27,
315038,49,1629457,55,Publicação em Separata,2025-07-29,
315061,1,1627243,10,Entrada,2025-06-06,
315061,51,1641788,50,Publicação,2025-06-06,
315061,2,1627292,20,Admissão,2025-06-12,
315061,3,1627343,21,Anúncio,2025-06-17,
315061,9,1627796,180,Baixa comissão distribuição inicial generalidade,2025-06-27,
315061,49,1628453,55,Publicação em Separata,2025-07-08,
315163,1,1627616,10,Entrada,2025-06-25,
315163,51,1641851,50,Publicação,2025-06-25,
315163,2,1627751,20,Admissão,2025-06-27,
315163,9,1627752,180,Baixa comissão distribuição inicial generalidade,2025-06-27,
315163,3,1629525,21,Anúncio,2025-07-02,
315163,10,1705186,190,Discussão generalidade,2026-02-26,
315163,13,1705382,250,Votação na generalidade,2026-02-27,
315173,1,1627765,10,Entrada,2025-06-27,
315173,51,1683527,50,Publicação,2025-06-27,
315173,2,1627957,20,Admissão,2025-07-01,
315173,9,1627958,180,Baixa comissão distribuição inicial generalidade,2025-07-01,
315173,3,1627959,21,Anúncio,2025-07-02,
315173,10,1628112,190,Discussão generalidade,2025-07-03,
315173,13,1628353,250,Votação na generalidade,2025-07-04,
315195,1,1627789,10,Entrada,2025-06-27,
315195,51,1683534,50,Publicação,2025-06-27,
315195,2,1627978,20,Admissão,2025-07-01,"Despacho PAR ""Com a ressalva da norma travão"""
315195,9,1627979,180,Baixa comissão distribuição inicial generalidade,2025-07-01,
315195,3,1627980,21,Anúncio,2025-07-02,
315195,10,1628113,190,Discussão generalidade,2025-07-03,
315195,13,1628355,250,Votação na generalidade,2025-07-04,
315188,1,1627782,10,Entrada,2025-06-27,
315188,51,1683531,50,Publicação,2025-06-27,
315188,2,1627968,20,Admissão,2025-07-01,"Despacho PAR ""Ressalvando os limites da norma travão"""
315188,9,1627969,180,Baixa comissão distribuição inicial generalidade,2025-07-01,Com conexão à 8.ª comissão
315188,3,1627970,21,Anúncio,2025-07-02,
315188,10,1628144,190,Discussão generalidade,2025-07-03,
315188,13,1628404,250,Votação na generalidade,2025-07-04,
315205,1,1627851,10,Entrada,2025-06-27,
315205,51,1683535,50,Publicação,2025-06-27,
315205,2,1627981,20,Admissão,2025-07-01,
315205,9,1627982,180,Baixa comissão distribuição inicial generalidade,2025-07-01,
315205,3,1627983,21,Anúncio,2025-07-02,
315205,10,1628110,190,Discussão generalidade,2025-07-03,
315205,13,1628342,250,Votação na generalidade,2025-07-04,
315187,1,1627781,10,Entrada,2025-06-27,
315187,51,1683530,50,Publicação,2025-06-27,
315187,2,1627963,20,Admissão,2025-07-01,
315187,9,1627964,180,Baixa comissão distribuição inicial generalidade,2025-07-01,
315187,3,1627967,21,Anúncio,2025-07-02,
315187,10,1628143,190,Discussão generalidade,2025-07-03,
315187,13,1628403,250,Votação na generalidade,2025-07-04,
315434,1,1629465,10,Entrada,2025-07-30,
315434,51,1728285,50,Publicação,2025-07-30,
315434,2,1629686,20,Admissão,2025-08-27,
315434,9,1629693,180,Baixa comissão distribuição inicial generalidade,2025-08-27,Com conexão à 9.ª Comissão.
315434,3,1630027,21,Anúncio,2025-09-10,
315434,9,1630919,180,Baixa comissão distribuição inicial generalidade,2025-09-19,Com conexão à 7.ª Comissão
315434,10,1730313,190,Discussão generalidade,2026-06-11,
315434,13,1730351,250,Votação na generalidade,2026-06-12,
315434,14,1730352,270,Baixa comissão especialidade,2026-06-12,
315300,1,1628320,10,Entrada,2025-07-04,
315300,51,1716717,50,Publicação,2025-07-04,
315300,2,1628708,20,Admissão,2025-07-09,
315300,3,1628709,21,Anúncio,2025-07-09,
315300,9,1628710,180,Baixa comissão distribuição inicial generalidade,2025-07-09,
315300,10,1628831,190,Discussão generalidade,2025-07-11,
315300,13,1628939,250,Votação na generalidade,2025-07-11,
315300,14,1628940,270,Baixa comissão especialidade,2025-07-11,
377112,1,1752206,10,Entrada,2026-07-30,
377112,2,1752311,20,Admissão,2026-08-03,
377112,126,1752312,181,Baixa comissão para discussão,2026-08-03,
377112,3,1752422,21,Anúncio,2026-08-03,
315134,1,1627474,10,Entrada,2025-06-20,
315134,51,1705030,50,Publicação,2025-06-20,
315134,2,1627747,20,Admissão,2025-06-26,
315134,3,1627759,21,Anúncio,2025-06-27,
315134,10,1627604,190,Discussão generalidade,2025-06-27,
315134,13,1627891,250,Votação na generalidade,2025-06-27,
315189,1,1627783,10,Entrada,2025-06-27,
315189,51,1683532,50,Publicação,2025-06-27,
315189,2,1627971,20,Admissão,2025-07-01,
315189,9,1627972,180,Baixa comissão distribuição inicial generalidade,2025-07-01,
315189,3,1627973,21,Anúncio,2025-07-02,
315189,10,1628135,190,Discussão generalidade,2025-07-03,
315189,13,1628391,250,Votação na generalidade,2025-07-04,
377118,1,1752224,10,Entrada,2026-07-31,
377118,2,1752321,20,Admissão,2026-08-03,
377118,126,1752322,181,Baixa comissão para discussão,2026-08-03,
377118,3,1752427,21,Anúncio,2026-08-03,
315194,1,1627788,10,Entrada,2025-06-27,
315194,51,1683533,50,Publicação,2025-06-27,
315194,2,1627974,20,Admissão,2025-07-01,
315194,9,1627976,180,Baixa comissão distribuição inicial generalidade,2025-07-01,
315194,3,1627977,21,Anúncio,2025-07-02,
315194,10,1628136,190,Discussão generalidade,2025-07-03,
315194,13,1628393,250,Votação na generalidade,2025-07-04,
315217,1,1627869,10,Entrada,2025-06-27,
315217,51,1683540,50,Publicação,2025-06-27,
315217,2,1627996,20,Admissão,2025-07-01,
315217,9,1627997,180,Baixa comissão distribuição inicial generalidade,2025-07-01,
315217,3,1627998,21,Anúncio,2025-07-02,
315217,35,1628290,648,Retirada da iniciativa,2025-07-04,
315217,10,1628230,190,Discussão generalidade,2025-07-04,
335932,1,1662972,10,Entrada,2026-01-02,
335932,2,1663103,20,Admissão,2026-01-06,"Despacho do PAR: ""Ressalvando os limites da norma Travão."""
335932,9,1663104,180,Baixa comissão distribuição inicial generalidade,2026-01-06,
335932,10,1663119,190,Discussão generalidade,2026-01-07,
335932,3,1663220,21,Anúncio,2026-01-08,
335932,13,1663330,250,Votação na generalidade,2026-01-09,
335932,14,1663331,270,Baixa comissão especialidade,2026-01-09,
335932,15,1731231,280,Requerimento avocação plenário,2026-07-02,
335932,34,1731342,310,Votação na especialidade,2026-07-03,
335932,18,1731343,320,Votação final global,2026-07-03,
335932,133,1731519,348,Envio à Comissão para fixação da Redação final,2026-07-09,
335932,31,1752357,350,Decreto (Publicação),2026-07-23,
335932,23,1742104,370,Envio para promulgação,2026-07-27,
335932,24,1752451,380,Promulgação,2026-08-07,
335932,25,1752452,390,Referenda,2026-08-10,
335932,26,1752453,400,Envio INCM,2026-08-11,
335932,32,1752499,580,Lei (Publicação DR),2026-08-17,
315071,1,1627279,10,Entrada,2025-06-10,
315071,51,1641797,50,Publicação,2025-06-11,
315071,2,1627299,20,Admissão,2025-06-12,
315071,3,1627350,21,Anúncio,2025-06-17,
315071,9,1627837,180,Baixa comissão distribuição inicial generalidade,2025-06-27,
315232,1,1627924,10,Entrada,2025-06-30,
315232,51,1705043,50,Publicação,2025-06-30,
315232,2,1628175,20,Admissão,2025-07-02,"Despacho PAR ""Ressalvando os limites da norma travão"""
315232,9,1628176,180,Baixa comissão distribuição inicial generalidade,2025-07-02,
315232,3,1628269,21,Anúncio,2025-07-03,
315232,10,1628235,190,Discussão generalidade,2025-07-04,
315232,13,1628444,250,Votação na generalidade,2025-07-04,
315234,1,1627926,10,Entrada,2025-06-30,
315234,51,1705045,50,Publicação,2025-06-30,
315234,2,1628204,20,Admissão,2025-07-03,
315234,3,1628270,21,Anúncio,2025-07-03,
315234,9,1628205,180,Baixa comissão distribuição inicial generalidade,2025-07-03,
315234,10,1628225,190,Discussão generalidade,2025-07-04,
315234,13,1628435,250,Votação na generalidade,2025-07-04,
315080,1,1627286,10,Entrada,2025-06-11,
315080,51,1641804,50,Publicação,2025-06-11,
315080,2,1627380,20,Admissão,2025-06-17,
315080,3,1627394,21,Anúncio,2025-06-17,
315080,9,1627805,180,Baixa comissão distribuição inicial generalidade,2025-06-27,Conexão com a 14.ª comissão
315124,1,1627464,10,Entrada,2025-06-20,
315124,51,1705027,50,Publicação,2025-06-20,
315124,2,1627640,20,Admissão,2025-06-25,"Despacho do PAR: ""Ressalvando os limites da norma travão"""
315124,3,1627689,21,Anúncio,2025-06-26,
315124,9,1628085,180,Baixa comissão distribuição inicial generalidade,2025-07-02,
315264,1,1628249,10,Entrada,2025-07-04,
315264,51,1716702,50,Publicação,2025-07-04,
315264,2,1628579,20,Admissão,2025-07-09,
315264,3,1628580,21,Anúncio,2025-07-09,
315264,9,1628581,180,Baixa comissão distribuição inicial generalidade,2025-07-09,
315264,10,1628844,190,Discussão generalidade,2025-07-11,
315264,13,1628958,250,Votação na generalidade,2025-07-11,
315135,1,1627475,10,Entrada,2025-06-20,
315135,51,1705031,50,Publicação,2025-06-20,
315135,2,1627638,20,Admissão,2025-06-25,
315135,10,1627584,190,Discussão generalidade,2025-06-26,
315135,3,1627692,21,Anúncio,2025-06-26,
315135,13,1627847,250,Votação na generalidade,2025-06-27,
315603,1,1630215,10,Entrada,2025-09-16,
315603,2,1630485,20,Admissão,2025-09-18,
315603,144,1630459,22,Audição promovida pelo PAR para a ALRAA,2025-09-18,
315603,145,1630460,23,Audição promovida pelo PAR para a ALRAM,2025-09-18,
315603,146,1630461,24,Audição promovida pelo PAR para o Governo da RAA,2025-09-18,
315603,147,1630462,25,Audição promovida pelo PAR para o Governo da RAM,2025-09-18,
315603,9,1630486,180,Baixa comissão distribuição inicial generalidade,2025-09-18,
315603,3,1630644,21,Anúncio,2025-09-19,
315603,150,1630893,174,Parecer do Governo da RAA,2025-09-29,
315603,148,1631045,172,Parecer da ALRAA,2025-10-08,
315603,149,1631062,173,Parecer da ALRAM,2025-10-08,
315603,10,1683670,190,Discussão generalidade,2026-01-30,
315603,13,1694085,250,Votação na generalidade,2026-01-30,
315822,1,1642190,10,Entrada,2025-12-04,
315822,2,1642384,20,Admissão,2025-12-09,
315822,9,1642385,180,Baixa comissão distribuição inicial generalidade,2025-12-09,Conexão à 10.ª Comissão
315822,3,1642446,21,Anúncio,2025-12-10,
315822,10,1642685,190,Discussão generalidade,2025-12-18,
315822,13,1642749,250,Votação na generalidade,2025-12-18,
315822,14,1642750,270,Baixa comissão especialidade,2025-12-18,
315822,18,1730886,320,Votação final global,2026-06-25,
315822,133,1731376,348,Envio à Comissão para fixação da Redação final,2026-07-06,
315822,31,1731760,350,Decreto (Publicação),2026-07-16,
315822,23,1732004,370,Envio para promulgação,2026-07-22,
315822,24,1752345,380,Promulgação,2026-08-03,
315822,25,1752346,390,Referenda,2026-08-04,
315822,26,1752347,400,Envio INCM,2026-08-05,
315822,32,1752389,580,Lei (Publicação DR),2026-08-10,
315325,1,1628347,10,Entrada,2025-07-04,
315325,51,1716728,50,Publicação,2025-07-04,
315325,2,1628742,20,Admissão,2025-07-09,
315325,3,1628743,21,Anúncio,2025-07-09,
315325,9,1628744,180,Baixa comissão distribuição inicial generalidade,2025-07-09,
315325,10,1628833,190,Discussão generalidade,2025-07-11,
315325,13,1628943,250,Votação na generalidade,2025-07-11,
315294,1,1628314,10,Entrada,2025-07-04,
315294,51,1716713,50,Publicação,2025-07-04,
315294,2,1628696,20,Admissão,2025-07-09,
315294,3,1628697,21,Anúncio,2025-07-09,
315294,9,1628698,180,Baixa comissão distribuição inicial generalidade,2025-07-09,
315294,10,1628846,190,Discussão generalidade,2025-07-11,
315294,13,1628960,250,Votação na generalidade,2025-07-11,
377119,1,1752225,10,Entrada,2026-08-03,
346045,1,1684046,10,Entrada,2026-01-28,
346045,3,1704169,21,Anúncio,2026-01-28,
346045,2,1704170,20,Admissão,2026-02-03,
346045,9,1704171,180,Baixa comissão distribuição inicial generalidade,2026-02-03,
346045,9,1704453,180,Baixa comissão distribuição inicial generalidade,2026-02-12,
346045,10,1705629,190,Discussão generalidade,2026-03-12,
346045,13,1705964,250,Votação na generalidade,2026-03-13,
346045,14,1705965,270,Baixa comissão especialidade,2026-03-13,
346045,18,1731873,320,Votação final global,2026-07-17,
346045,133,1731862,348,Envio à Comissão para fixação da Redação final,2026-07-20,
346045,31,1742087,350,Decreto (Publicação),2026-07-24,
346045,23,1752359,370,Envio para promulgação,2026-07-30,
346045,24,1752526,380,Promulgação,2026-08-18,
346045,25,1752527,390,Referenda,2026-08-19,
346045,26,1752528,400,Envio INCM,2026-08-20,
346045,32,1752540,580,Lei (Publicação DR),2026-08-25,
315888,1,1642791,10,Entrada,2025-12-19,
315888,2,1663024,20,Admissão,2026-01-06,
315888,9,1663025,180,Baixa comissão distribuição inicial generalidade,2026-01-06,
315888,3,1663215,21,Anúncio,2026-01-08,
315888,10,1717200,190,Discussão generalidade,2026-04-16,
315888,13,1717663,250,Votação na generalidade,2026-04-17,
315888,14,1717664,270,Baixa comissão especialidade,2026-04-17,
315888,18,1730678,320,Votação final global,2026-06-19,"Texto final, apresentado pela Comissão de Orçamento, Finanças e Administração Pública, relativo ao Projeto de Lei n.º 334/XVII/1.ª (PS)"
315888,133,1730963,348,Envio à Comissão para fixação da Redação final,2026-06-29,
315888,31,1731765,350,Decreto (Publicação),2026-07-17,
315888,23,1732007,370,Envio para promulgação,2026-07-23,
315888,24,1752466,380,Promulgação,2026-08-05,
315888,25,1752467,390,Referenda,2026-08-10,
315888,26,1752468,400,Envio INCM,2026-08-11,
315888,32,1752495,580,Lei (Publicação DR),2026-08-17,
315229,1,1627921,10,Entrada,2025-06-30,
315229,51,1705040,50,Publicação,2025-06-30,
315229,2,1628242,20,Admissão,2025-07-03,
315229,3,1628285,21,Anúncio,2025-07-03,
315229,10,1628233,190,Discussão generalidade,2025-07-04,
315229,13,1628440,250,Votação na generalidade,2025-07-04,
315468,1,1629567,10,Entrada,2025-08-18,
315468,51,1752244,50,Publicação,2025-08-18,
315468,2,1629726,20,Admissão,2025-08-27,
315468,9,1629727,180,Baixa comissão distribuição inicial generalidade,2025-08-27,
315468,3,1630039,21,Anúncio,2025-09-10,
315468,10,1630656,190,Discussão generalidade,2025-09-25,
315468,13,1630811,250,Votação na generalidade,2025-09-25,
377142,1,1752515,10,Entrada,2026-08-20,
315376,1,1629099,10,Entrada,2025-07-17,
315376,2,1629160,20,Admissão,2025-07-17,"Despacho do PAR: ""Ressalvando os limites na Norma Travão."""
315376,9,1629161,180,Baixa comissão distribuição inicial generalidade,2025-07-17,Com conexão à 1.ª Comissão
315376,3,1629165,21,Anúncio,2025-07-17,
315376,51,1716621,50,Publicação,2025-07-17,
315376,49,1630939,55,Publicação em Separata,2025-09-30,
315309,1,1628329,10,Entrada,2025-07-04,
315309,51,1716721,50,Publicação,2025-07-04,
315309,2,1628724,20,Admissão,2025-07-09,
315309,3,1628725,21,Anúncio,2025-07-09,
315309,9,1628726,180,Baixa comissão distribuição inicial generalidade,2025-07-09,
315443,1,1629477,10,Entrada,2025-08-01,
315443,51,1718260,50,Publicação,2025-08-01,
315443,2,1629708,20,Admissão,2025-08-27,
315443,9,1629709,180,Baixa comissão distribuição inicial generalidade,2025-08-27,
315443,3,1630030,21,Anúncio,2025-09-10,
315443,10,1704663,190,Discussão generalidade,2026-02-20,
315443,13,1705061,250,Votação na generalidade,2026-02-20,
377152,1,1752549,10,Entrada,2026-08-26,
315607,1,1630219,10,Entrada,2025-09-16,
315607,2,1630708,20,Admissão,2025-09-23,
315607,9,1630709,180,Baixa comissão distribuição inicial generalidade,2025-09-23,
315607,3,1630744,21,Anúncio,2025-09-24,
315607,10,1630433,190,Discussão generalidade,2025-09-26,
315607,122,1630795,237,Requerimento Baixa Comissão sem Votação (Generalidade),2025-09-26,
315607,12,1630842,240,Nova apreciação comissão generalidade,2025-09-26,
315607,15,1717981,280,Requerimento avocação plenário,2026-04-23,
315607,13,1718252,250,Votação na generalidade,2026-04-30,
315609,1,1630221,10,Entrada,2025-09-16,
315609,2,1630712,20,Admissão,2025-09-23,
315609,9,1630713,180,Baixa comissão distribuição inicial generalidade,2025-09-23,
315609,3,1630746,21,Anúncio,2025-09-24,
315609,10,1630435,190,Discussão generalidade,2025-09-26,
315609,122,1630797,237,Requerimento Baixa Comissão sem Votação (Generalidade),2025-09-26,
315609,12,1630845,240,Nova apreciação comissão generalidade,2025-09-26,
315609,15,1717983,280,Requerimento avocação plenário,2026-04-23,
315609,13,1718253,250,Votação na generalidade,2026-04-30,
315608,1,1630220,10,Entrada,2025-09-16,
315608,2,1630710,20,Admissão,2025-09-23,
315608,9,1630711,180,Baixa comissão distribuição inicial generalidade,2025-09-23,
315608,3,1630745,21,Anúncio,2025-09-24,
315608,10,1630434,190,Discussão generalidade,2025-09-26,
315608,122,1630796,237,Requerimento Baixa Comissão sem Votação (Generalidade),2025-09-26,
315608,12,1630844,240,Nova apreciação comissão generalidade,2025-09-26,
315608,15,1717984,280,Requerimento avocação plenário,2026-04-23,
315608,13,1718254,250,Votação na generalidade,2026-04-30,
315427,1,1629456,10,Entrada,2025-07-29,
315427,51,1718127,50,Publicação,2025-07-29,
315427,2,1629656,20,Admissão,2025-08-27,
315427,9,1629659,180,Baixa comissão distribuição inicial generalidade,2025-08-28,
315427,49,1629802,55,Publicação em Separata,2025-09-01,
315427,3,1630024,21,Anúncio,2025-09-10,
315428,1,1629458,10,Entrada,2025-07-29,
315428,51,1718130,50,Publicação,2025-07-29,
315428,2,1629660,20,Admissão,2025-08-27,
315428,9,1629663,180,Baixa comissão distribuição inicial generalidade,2025-08-27,
315428,49,1629803,55,Publicação em Separata,2025-09-01,
315428,3,1630025,21,Anúncio,2025-09-10,
315450,1,1629537,10,Entrada,2025-08-07,
315450,51,1730498,50,Publicação,2025-08-07,
315450,2,1629714,20,Admissão,2025-08-27,
315450,9,1629715,180,Baixa comissão distribuição inicial generalidade,2025-08-27,
315450,49,1629804,55,Publicação em Separata,2025-09-01,
315450,3,1630033,21,Anúncio,2025-09-10,
315524,1,1629857,10,Entrada,2025-09-08,
315524,2,1629974,20,Admissão,2025-09-10,
315524,9,1629975,180,Baixa comissão distribuição inicial generalidade,2025-09-10,
315524,3,1630378,21,Anúncio,2025-09-17,
315524,10,1663139,190,Discussão generalidade,2026-01-09,
315524,13,1663354,250,Votação na generalidade,2026-01-09,
315598,1,1630208,10,Entrada,2025-09-16,
315598,2,1630508,20,Admissão,2025-09-19,
315598,9,1630509,180,Baixa comissão distribuição inicial generalidade,2025-09-19,
315598,3,1630741,21,Anúncio,2025-09-24,
315598,10,1641239,190,Discussão generalidade,2025-10-16,
315598,122,1641424,237,Requerimento Baixa Comissão sem Votação (Generalidade),2025-10-16,
315598,12,1641445,240,Nova apreciação comissão generalidade,2025-10-16,
315598,13,1731390,250,Votação na generalidade,2026-07-03,
315503,1,1629781,10,Entrada,2025-08-29,
315503,2,1629968,20,Admissão,2025-09-10,
315503,9,1629969,180,Baixa comissão distribuição inicial generalidade,2025-09-10,
315503,3,1630376,21,Anúncio,2025-09-17,
315503,10,1630428,190,Discussão generalidade,2025-09-25,
315503,13,1630805,250,Votação na generalidade,2025-09-25,
356345,1,1705825,10,Entrada,2026-03-12,
356345,3,1706204,21,Anúncio,2026-03-18,
356345,2,1706205,20,Admissão,2026-03-18,
356345,9,1706206,180,Baixa comissão distribuição inicial generalidade,2026-03-18,
356345,10,1717239,190,Discussão generalidade,2026-04-17,
356345,13,1717716,250,Votação na generalidade,2026-04-17,
356345,14,1717717,270,Baixa comissão especialidade,2026-04-17,
356345,15,1731665,280,Requerimento avocação plenário,2026-07-16,
356345,34,1731846,310,Votação na especialidade,2026-07-17,
356345,18,1731847,320,Votação final global,2026-07-17,
356345,133,1731803,348,Envio à Comissão para fixação da Redação final,2026-07-18,
356345,31,1742055,350,Decreto (Publicação),2026-07-23,
356345,23,1752182,370,Envio para promulgação,2026-07-29,
356345,24,1752463,380,Promulgação,2026-08-07,
356345,25,1752464,390,Referenda,2026-08-10,
356345,26,1752465,400,Envio INCM,2026-08-11,
356345,32,1752504,580,Lei (Publicação DR),2026-08-17,
315549,1,1630157,10,Entrada,2025-09-12,
315549,2,1630331,20,Admissão,2025-09-17,
315549,3,1630332,21,Anúncio,2025-09-17,
315549,9,1630333,180,Baixa comissão distribuição inicial generalidade,2025-09-17,
315549,10,1630268,190,Discussão generalidade,2025-09-19,
315549,13,1630856,250,Votação na generalidade,2025-09-26,
315638,1,1630793,10,Entrada,2025-09-26,
315638,2,1631052,20,Admissão,2025-10-08,
315638,9,1631053,180,Baixa comissão distribuição inicial generalidade,2025-10-08,
315638,3,1641318,21,Anúncio,2025-10-15,
315638,10,1683700,190,Discussão generalidade,2026-01-30,
315638,13,1694097,250,Votação na generalidade,2026-01-30,
315638,14,1694098,270,Baixa comissão especialidade,2026-01-30,
315585,1,1630195,10,Entrada,2025-09-15,
315585,2,1630478,20,Admissão,2025-09-18,Despacho PAR: Ressalvando os limites da norma Travão
315585,9,1630479,180,Baixa comissão distribuição inicial generalidade,2025-09-18,
315585,3,1630641,21,Anúncio,2025-09-19,
315585,9,1630652,180,Baixa comissão distribuição inicial generalidade,2025-09-23,
315585,10,1630430,190,Discussão generalidade,2025-09-25,
315585,13,1630807,250,Votação na generalidade,2025-09-25,
356137,1,1704573,10,Entrada,2026-02-13,
356137,2,1704706,20,Admissão,2026-02-18,
356137,9,1704708,180,Baixa comissão distribuição inicial generalidade,2026-02-18,
356137,3,1704709,21,Anúncio,2026-02-19,
356137,10,1704667,190,Discussão generalidade,2026-02-20,
356137,13,1704978,250,Votação na generalidade,2026-02-20,
356137,14,1704979,270,Baixa comissão especialidade,2026-02-20,
356137,18,1716685,320,Votação final global,2026-03-26,"Texto Final, apresentado pela Comissão de Infraestruturas, Mobilidade e Habitação, relativo aos Projetos de Lei n.º 81/XVII/1.ª (PSD), n.º 215/XVII/1.ª (CH) e n.º 426/XVII/1.ª (PAN)"
356137,133,1717536,348,Envio à Comissão para fixação da Redação final,2026-04-13,
356137,31,1718038,350,Decreto (Publicação),2026-04-24,
356137,23,1728375,370,Envio para promulgação,2026-04-30,
356137,24,1729357,380,Promulgação,2026-05-13,
356137,25,1729358,390,Referenda,2026-05-18,
356137,26,1729359,400,Envio INCM,2026-05-21,
356137,32,1729609,580,Lei (Publicação DR),2026-05-27,
315463,1,1629561,10,Entrada,2025-08-14,
315463,51,1752240,50,Publicação,2025-08-14,
315463,2,1629722,20,Admissão,2025-08-27,"Despacho do PAR: ""Ressalvando os limites da norma Travão."""
315463,9,1629723,180,Baixa comissão distribuição inicial generalidade,2025-08-27,Com conexão à 11.ª Comissão.
315463,3,1630037,21,Anúncio,2025-09-10,
315580,1,1630189,10,Entrada,2025-09-12,
315580,2,1630371,20,Admissão,2025-09-17,
315580,3,1630372,21,Anúncio,2025-09-17,
315580,9,1630373,180,Baixa comissão distribuição inicial generalidade,2025-09-17,
315580,10,1630283,190,Discussão generalidade,2025-09-19,
315580,13,1630904,250,Votação na generalidade,2025-09-26,
315580,14,1630905,270,Baixa comissão especialidade,2025-09-26,
315462,1,1629560,10,Entrada,2025-08-14,
315462,51,1752239,50,Publicação,2025-08-14,
315462,2,1629720,20,Admissão,2025-08-27,
315462,9,1629721,180,Baixa comissão distribuição inicial generalidade,2025-08-27,
315462,3,1630036,21,Anúncio,2025-09-10,
315543,1,1630151,10,Entrada,2025-09-12,
315543,2,1630312,20,Admissão,2025-09-17,
315543,9,1630313,180,Baixa comissão distribuição inicial generalidade,2025-09-17,Com conexão à 9.ª Comissão
315543,3,1630445,21,Anúncio,2025-09-18,
315543,10,1705674,190,Discussão generalidade,2026-03-13,
315543,13,1706032,250,Votação na generalidade,2026-03-13,
315583,1,1630193,10,Entrada,2025-09-15,
315583,2,1630474,20,Admissão,2025-09-18,
315583,9,1630475,180,Baixa comissão distribuição inicial generalidade,2025-09-18,
315583,3,1630639,21,Anúncio,2025-09-19,
315583,10,1683693,190,Discussão generalidade,2026-01-30,
315583,13,1694149,250,Votação na generalidade,2026-01-30,
315574,1,1630183,10,Entrada,2025-09-12,
315574,2,1630362,20,Admissão,2025-09-17,
315574,3,1630363,21,Anúncio,2025-09-17,
315574,9,1630364,180,Baixa comissão distribuição inicial generalidade,2025-09-17,
315574,10,1630281,190,Discussão generalidade,2025-09-19,
315574,13,1630901,250,Votação na generalidade,2025-09-26,
315467,1,1629566,10,Entrada,2025-08-18,
315467,51,1752243,50,Publicação,2025-08-18,
315467,2,1629724,20,Admissão,2025-08-27,
315467,9,1629725,180,Baixa comissão distribuição inicial generalidade,2025-08-27,
315467,3,1630038,21,Anúncio,2025-09-10,
315447,1,1629528,10,Entrada,2025-08-05,
315447,51,1729819,50,Publicação,2025-08-05,
315447,2,1629710,20,Admissão,2025-08-27,
315447,9,1629711,180,Baixa comissão distribuição inicial generalidade,2025-08-27,
315447,3,1630031,21,Anúncio,2025-09-10,
346026,1,1683630,10,Entrada,2026-01-21,
346026,3,1683868,21,Anúncio,2026-01-21,
346026,2,1683995,20,Admissão,2026-01-27,Despacho do PAR: Proceder à Audição dos órgãos de governo próprio das RRAA.
346026,9,1683996,180,Baixa comissão distribuição inicial generalidade,2026-01-27,
346026,144,1684032,22,Audição promovida pelo PAR para a ALRAA,2026-01-28,
346026,145,1684033,23,Audição promovida pelo PAR para a ALRAM,2026-01-28,
346026,146,1684034,24,Audição promovida pelo PAR para o Governo da RAA,2026-01-28,
346026,147,1684035,25,Audição promovida pelo PAR para o Governo da RAM,2026-01-28,
346026,9,1704178,180,Baixa comissão distribuição inicial generalidade,2026-02-04,
346026,151,1704357,175,Parecer do Governo da RAM,2026-02-09,
346026,150,1704519,174,Parecer do Governo da RAA,2026-02-12,
346026,148,1704640,172,Parecer da ALRAA,2026-02-16,
346026,149,1704650,173,Parecer da ALRAM,2026-02-16,
315669,1,1631044,10,Entrada,2025-10-08,
315669,2,1641198,20,Admissão,2025-10-14,"Despacho do PAR: ""Ressalvando o respeito pelos princípios constitucionais""."
315669,9,1641199,180,Baixa comissão distribuição inicial generalidade,2025-10-14,
315669,3,1641361,21,Anúncio,2025-10-15,
315669,10,1728590,190,Discussão generalidade,2026-05-15,
315669,122,1729024,237,Requerimento Baixa Comissão sem Votação (Generalidade),2026-05-15,
315669,12,1729183,240,Nova apreciação comissão generalidade,2026-05-15,
315669,35,1731601,648,Retirada da iniciativa,2026-07-15,
315627,1,1630587,10,Entrada,2025-09-19,
315627,2,1630735,20,Admissão,2025-09-23,
315627,9,1630736,180,Baixa comissão distribuição inicial generalidade,2025-09-23,
315627,3,1630756,21,Anúncio,2025-09-24,
315627,10,1630666,190,Discussão generalidade,2025-09-26,
315627,13,1630852,250,Votação na generalidade,2025-09-26,
315535,1,1629869,10,Entrada,2025-09-08,
315535,2,1629972,20,Admissão,2025-09-10,
315535,9,1629973,180,Baixa comissão distribuição inicial generalidade,2025-09-10,
315535,10,1630238,190,Discussão generalidade,2025-09-18,
315535,13,1630542,250,Votação na generalidade,2025-09-19,
315628,1,1630588,10,Entrada,2025-09-19,
315628,2,1630777,20,Admissão,2025-09-24,
315628,9,1630778,180,Baixa comissão distribuição inicial generalidade,2025-09-24,
315628,3,1630787,21,Anúncio,2025-09-25,
315628,10,1630667,190,Discussão generalidade,2025-09-26,
315628,13,1630853,250,Votação na generalidade,2025-09-26,
315557,1,1630165,10,Entrada,2025-09-12,
315557,2,1630400,20,Admissão,2025-09-17,
315557,9,1630401,180,Baixa comissão distribuição inicial generalidade,2025-09-17,
315557,3,1630448,21,Anúncio,2025-09-18,
315557,10,1630420,190,Discussão generalidade,2025-09-24,
315557,13,1630833,250,Votação na generalidade,2025-09-26,
315561,1,1630170,10,Entrada,2025-09-12,
315561,2,1630344,20,Admissão,2025-09-17,
315561,3,1630345,21,Anúncio,2025-09-17,
315561,9,1630346,180,Baixa comissão distribuição inicial generalidade,2025-09-17,
315561,10,1630270,190,Discussão generalidade,2025-09-19,
315561,13,1630858,250,Votação na generalidade,2025-09-26,
315565,1,1630174,10,Entrada,2025-09-12,
315565,2,1630350,20,Admissão,2025-09-17,
315565,3,1630351,21,Anúncio,2025-09-17,
315565,9,1630352,180,Baixa comissão distribuição inicial generalidade,2025-09-17,
315565,10,1630278,190,Discussão generalidade,2025-09-19,
315565,13,1630891,250,Votação na generalidade,2025-09-26,
315504,1,1629786,10,Entrada,2025-08-29,
315504,2,1629892,20,Admissão,2025-09-09,
315504,9,1629893,180,Baixa comissão distribuição inicial generalidade,2025-09-09,
315504,3,1630045,21,Anúncio,2025-09-10,
315743,1,1641566,10,Entrada,2025-10-20,
315743,2,1704163,20,Admissão,2026-02-03,"Despacho PAR ""Ressalvando os limites constitucionais da separação de poderes"""
315743,9,1704164,180,Baixa comissão distribuição inicial generalidade,2026-02-03,Com conexão à 10.ª comissão
315743,3,1704165,21,Anúncio,2026-02-11,
315743,49,1704652,55,Publicação em Separata,2026-02-18,
315743,10,1730040,190,Discussão generalidade,2026-06-12,
315743,13,1730361,250,Votação na generalidade,2026-06-12,
315743,14,1730362,270,Baixa comissão especialidade,2026-06-12,
315573,1,1630182,10,Entrada,2025-09-12,
315573,2,1630359,20,Admissão,2025-09-17,
315573,3,1630360,21,Anúncio,2025-09-17,
315573,9,1630361,180,Baixa comissão distribuição inicial generalidade,2025-09-17,Com conexão à 6.ª Comissão
315573,9,1641848,180,Baixa comissão distribuição inicial generalidade,2025-10-30,"Redistribuição à 7.ª Comissão, com conexão à 6.ª Comissão, por despacho de 2025-10-30."
315694,1,1631148,10,Entrada,2025-10-10,
315694,2,1641214,20,Admissão,2025-10-14,
315694,9,1641215,180,Baixa comissão distribuição inicial generalidade,2025-10-14,
315694,3,1641369,21,Anúncio,2025-10-15,
315694,10,1641356,190,Discussão generalidade,2025-10-17,
315694,49,1641567,55,Publicação em Separata,2025-10-21,
315694,13,1641766,250,Votação na generalidade,2025-10-28,
356114,1,1704445,10,Entrada,2026-02-11,
356114,2,1704536,20,Admissão,2026-02-13,
356114,9,1704537,180,Baixa comissão distribuição inicial generalidade,2026-02-13,
356114,3,1704538,21,Anúncio,2026-02-18,
356114,13,1731919,250,Votação na generalidade,2026-07-17,
356114,34,1731920,310,Votação na especialidade,2026-07-17,
356114,18,1731921,320,Votação final global,2026-07-17,
356114,133,1731860,348,Envio à Comissão para fixação da Redação final,2026-07-20,
356114,31,1732025,350,Decreto (Publicação),2026-07-23,
356114,23,1752179,370,Envio para promulgação,2026-07-29,
356114,24,1752486,380,Promulgação,2026-08-12,
356114,25,1752487,390,Referenda,2026-08-12,
356114,26,1752488,400,Envio INCM,2026-08-14,
356114,32,1752534,580,Lei (Publicação DR),2026-08-20,
315562,1,1630171,10,Entrada,2025-09-12,
315562,2,1630347,20,Admissão,2025-09-17,
315562,3,1630348,21,Anúncio,2025-09-17,
315562,9,1630349,180,Baixa comissão distribuição inicial generalidade,2025-09-17,
356200,1,1704849,10,Entrada,2026-02-20,
356200,2,1705095,20,Admissão,2026-02-24,Despacho PAR: Proceder à Audição dos órgãos de governo próprios das RRAA
356200,9,1705113,180,Baixa comissão distribuição inicial generalidade,2026-02-24,
356200,3,1705114,21,Anúncio,2026-02-25,
356200,144,1705118,22,Audição promovida pelo PAR para a ALRAA,2026-02-25,
356200,145,1705119,23,Audição promovida pelo PAR para a ALRAM,2026-02-25,
356200,146,1705120,24,Audição promovida pelo PAR para o Governo da RAA,2026-02-25,
356200,147,1705121,25,Audição promovida pelo PAR para o Governo da RAM,2026-02-25,
356200,151,1705588,175,Parecer do Governo da RAM,2026-03-09,
356200,49,1705650,55,Publicação em Separata,2026-03-10,
356200,149,1705859,173,Parecer da ALRAM,2026-03-13,
356200,148,1706094,172,Parecer da ALRAA,2026-03-18,
356200,10,1728584,190,Discussão generalidade,2026-05-14,
356200,13,1729028,250,Votação na generalidade,2026-05-14,
315688,1,1631142,10,Entrada,2025-10-10,
315688,2,1641298,20,Admissão,2025-10-15,
315688,9,1641299,180,Baixa comissão distribuição inicial generalidade,2025-10-15,
315688,3,1641373,21,Anúncio,2025-10-15,
315688,10,1641249,190,Discussão generalidade,2025-10-16,
315688,13,1641458,250,Votação na generalidade,2025-10-16,
315619,1,1630511,10,Entrada,2025-09-19,
315619,2,1630731,20,Admissão,2025-09-23,
315619,9,1630732,180,Baixa comissão distribuição inicial generalidade,2025-09-23,
315619,3,1630754,21,Anúncio,2025-09-24,
315619,10,1630665,190,Discussão generalidade,2025-09-26,
315619,13,1630851,250,Votação na generalidade,2025-09-26,
315706,1,1631160,10,Entrada,2025-10-10,
315706,2,1641219,20,Admissão,2025-10-14,
315706,9,1641220,180,Baixa comissão distribuição inicial generalidade,2025-10-14,
315706,3,1641377,21,Anúncio,2025-10-15,
315706,10,1641350,190,Discussão generalidade,2025-10-17,
315706,13,1641751,250,Votação na generalidade,2025-10-28,
356128,1,1704516,10,Entrada,2026-02-13,
356128,2,1704684,20,Admissão,2026-02-18,
356128,9,1704685,180,Baixa comissão distribuição inicial generalidade,2026-02-18,
356128,3,1704686,21,Anúncio,2026-02-19,
356128,144,1705256,22,Audição promovida pelo PAR para a ALRAA,2026-02-26,
356128,145,1705258,23,Audição promovida pelo PAR para a ALRAM,2026-02-26,
356128,146,1705259,24,Audição promovida pelo PAR para o Governo da RAA,2026-02-26,
356128,147,1705260,25,Audição promovida pelo PAR para o Governo da RAM,2026-02-26,
356128,149,1705858,173,Parecer da ALRAM,2026-03-13,
356128,151,1705856,175,Parecer do Governo da RAM,2026-03-13,
356128,10,1705671,190,Discussão generalidade,2026-03-13,
356128,13,1706021,250,Votação na generalidade,2026-03-13,
356128,148,1706093,172,Parecer da ALRAA,2026-03-18,
315700,1,1631154,10,Entrada,2025-10-10,
315700,2,1641210,20,Admissão,2025-10-14,
315700,9,1641211,180,Baixa comissão distribuição inicial generalidade,2025-10-14,
315700,3,1641371,21,Anúncio,2025-10-15,
315700,10,1642291,190,Discussão generalidade,2025-12-04,
315700,13,1642301,250,Votação na generalidade,2025-12-05,
315712,1,1631166,10,Entrada,2025-10-10,
315712,2,1641225,20,Admissão,2025-10-14,
315712,9,1641226,180,Baixa comissão distribuição inicial generalidade,2025-10-14,
315712,3,1641362,21,Anúncio,2025-10-15,
315712,10,1641344,190,Discussão generalidade,2025-10-17,
315712,13,1641489,250,Votação na generalidade,2025-10-17,
315615,1,1630463,10,Entrada,2025-09-18,
315615,2,1630723,20,Admissão,2025-09-23,
315615,9,1630724,180,Baixa comissão distribuição inicial generalidade,2025-09-23,
315615,3,1630750,21,Anúncio,2025-09-24,
315615,49,1630936,55,Publicação em Separata,2025-09-30,
315617,1,1630465,10,Entrada,2025-09-18,
315617,2,1630727,20,Admissão,2025-09-23,Despacho PAR: Ressalvando os limites da norma Travão
315617,9,1630728,180,Baixa comissão distribuição inicial generalidade,2025-09-23,
315617,3,1630752,21,Anúncio,2025-09-24,
315617,49,1630938,55,Publicação em Separata,2025-09-30,
315677,1,1631131,10,Entrada,2025-10-10,
315677,2,1641204,20,Admissão,2025-10-14,
315677,9,1641205,180,Baixa comissão distribuição inicial generalidade,2025-10-14,
315677,3,1641365,21,Anúncio,2025-10-15,
315677,10,1642290,190,Discussão generalidade,2025-12-04,
315677,13,1642322,250,Votação na generalidade,2025-12-05,
315714,1,1631168,10,Entrada,2025-10-10,
315714,2,1641227,20,Admissão,2025-10-14,
315714,9,1641228,180,Baixa comissão distribuição inicial generalidade,2025-10-14,
315714,3,1641381,21,Anúncio,2025-10-15,
315714,10,1641253,190,Discussão generalidade,2025-10-16,
315714,13,1641462,250,Votação na generalidade,2025-10-16,
315678,1,1631132,10,Entrada,2025-10-10,
315678,2,1641294,20,Admissão,2025-10-15,
315678,9,1641295,180,Baixa comissão distribuição inicial generalidade,2025-10-15,
315678,3,1641366,21,Anúncio,2025-10-15,
315678,10,1641247,190,Discussão generalidade,2025-10-16,
315678,13,1641456,250,Votação na generalidade,2025-10-16,
315651,1,1630832,10,Entrada,2025-09-29,
315651,2,1630952,20,Admissão,2025-09-30,
315651,9,1630953,180,Baixa comissão distribuição inicial generalidade,2025-09-30,
315651,3,1641323,21,Anúncio,2025-10-15,
315597,1,1630207,10,Entrada,2025-09-16,
315597,2,1630506,20,Admissão,2025-09-19,
315597,9,1630507,180,Baixa comissão distribuição inicial generalidade,2025-09-19,
315597,3,1630740,21,Anúncio,2025-09-24,
315670,1,1631070,10,Entrada,2025-10-09,
315670,2,1641200,20,Admissão,2025-10-14,
315670,9,1641201,180,Baixa comissão distribuição inicial generalidade,2025-10-14,
315670,3,1641363,21,Anúncio,2025-10-15,
315690,1,1631144,10,Entrada,2025-10-10,
315690,2,1641208,20,Admissão,2025-10-14,
315690,9,1641209,180,Baixa comissão distribuição inicial generalidade,2025-10-14,
315690,3,1641368,21,Anúncio,2025-10-15,
315690,10,1641343,190,Discussão generalidade,2025-10-17,
315690,13,1641488,250,Votação na generalidade,2025-10-17,
315703,1,1631157,10,Entrada,2025-10-10,
315703,2,1641302,20,Admissão,2025-10-15,"Despacho do PAR: ""Atentas as observações da Nota de Admissibilidade quanto ao respeito pelos princípios constitucionais""."
315703,9,1641303,180,Baixa comissão distribuição inicial generalidade,2025-10-15,
315703,3,1641375,21,Anúncio,2025-10-15,
315703,10,1641251,190,Discussão generalidade,2025-10-16,
315703,13,1641460,250,Votação na generalidade,2025-10-16,
315746,1,1641618,10,Entrada,2025-10-23,
315746,2,1641662,20,Admissão,2025-10-27,
315746,9,1641663,180,Baixa comissão distribuição inicial generalidade,2025-10-27,
315746,3,1641674,21,Anúncio,2025-10-27,
315746,10,1705200,190,Discussão generalidade,2026-02-26,
315746,13,1705399,250,Votação na generalidade,2026-02-27,
315750,1,1641631,10,Entrada,2025-10-23,
315750,2,1641660,20,Admissão,2025-10-27,
315750,9,1641661,180,Baixa comissão distribuição inicial generalidade,2025-10-27,
315750,3,1641678,21,Anúncio,2025-10-27,
315750,10,1642695,190,Discussão generalidade,2025-12-18,
315750,13,1642756,250,Votação na generalidade,2025-12-18,
315705,1,1631159,10,Entrada,2025-10-10,
315705,2,1641212,20,Admissão,2025-10-14,
315705,9,1641213,180,Baixa comissão distribuição inicial generalidade,2025-10-14,
315705,3,1641376,21,Anúncio,2025-10-15,
315635,1,1630766,10,Entrada,2025-09-24,
315635,2,1630877,20,Admissão,2025-09-29,
315635,9,1630878,180,Baixa comissão distribuição inicial generalidade,2025-09-29,Com conexão à 14.ª Comissão
315635,3,1630978,21,Anúncio,2025-09-30,
315637,1,1630789,10,Entrada,2025-09-25,
315637,2,1630879,20,Admissão,2025-09-29,
315637,9,1630880,180,Baixa comissão distribuição inicial generalidade,2025-09-29,
315637,3,1630979,21,Anúncio,2025-09-30,
356468,1,1716846,10,Entrada,2026-03-31,
356468,2,1717466,20,Admissão,2026-04-15,
356468,3,1717467,21,Anúncio,2026-04-16,
356468,144,1717538,22,Audição promovida pelo PAR para a ALRAA,2026-04-16,
356468,145,1717539,23,Audição promovida pelo PAR para a ALRAM,2026-04-16,
356468,146,1717540,24,Audição promovida pelo PAR para o Governo da RAA,2026-04-16,
356468,147,1717541,25,Audição promovida pelo PAR para o Governo da RAM,2026-04-16,
356468,10,1717247,190,Discussão generalidade,2026-04-17,
356468,122,1717601,237,Requerimento Baixa Comissão sem Votação (Generalidade),2026-04-17,
356468,12,1717748,240,Nova apreciação comissão generalidade,2026-04-17,
356468,151,1718263,175,Parecer do Governo da RAM,2026-04-30,
356468,150,1728277,174,Parecer do Governo da RAA,2026-05-04,
356468,149,1728514,173,Parecer da ALRAM,2026-05-06,
356468,148,1728577,172,Parecer da ALRAA,2026-05-07,
315808,1,1642070,10,Entrada,2025-12-02,
315808,2,1642199,20,Admissão,2025-12-04,
315808,9,1642200,180,Baixa comissão distribuição inicial generalidade,2025-12-04,Com conexão à 10.ª Comissão
315808,3,1642202,21,Anúncio,2025-12-05,
315808,10,1642427,190,Discussão generalidade,2025-12-11,
315808,13,1642495,250,Votação na generalidade,2025-12-11,
315817,1,1642185,10,Entrada,2025-12-04,
315817,2,1642376,20,Admissão,2025-12-09,
315817,9,1642377,180,Baixa comissão distribuição inicial generalidade,2025-12-09,
315817,3,1642441,21,Anúncio,2025-12-10,
315817,10,1642680,190,Discussão generalidade,2025-12-18,
315817,13,1642743,250,Votação na generalidade,2025-12-18,
315809,1,1642071,10,Entrada,2025-12-02,
315809,2,1642203,20,Admissão,2025-12-04,
315809,9,1642204,180,Baixa comissão distribuição inicial generalidade,2025-12-04,Com conexão à 6.ª Comissão
315809,3,1642205,21,Anúncio,2025-12-05,
315809,10,1642428,190,Discussão generalidade,2025-12-11,
315809,13,1642499,250,Votação na generalidade,2025-12-11,
315818,1,1642186,10,Entrada,2025-12-04,
315818,2,1642374,20,Admissão,2025-12-09,
315818,9,1642375,180,Baixa comissão distribuição inicial generalidade,2025-12-09,
315818,3,1642442,21,Anúncio,2025-12-10,
315818,10,1642681,190,Discussão generalidade,2025-12-18,
315818,13,1642744,250,Votação na generalidade,2025-12-18,
346059,1,1684068,10,Entrada,2026-02-01,
346059,2,1704247,20,Admissão,2026-02-04,
346059,9,1704249,180,Baixa comissão distribuição inicial generalidade,2026-02-04,
346059,3,1704248,21,Anúncio,2026-02-11,
346059,10,1706068,190,Discussão generalidade,2026-03-20,
346059,122,1706373,237,Requerimento Baixa Comissão sem Votação (Generalidade),2026-03-20,
346059,12,1716455,240,Nova apreciação comissão generalidade,2026-03-20,
346059,13,1729782,250,Votação na generalidade,2026-05-29,
315748,1,1641620,10,Entrada,2025-10-23,
315748,2,1641664,20,Admissão,2025-10-27,
315748,9,1641665,180,Baixa comissão distribuição inicial generalidade,2025-10-27,
315748,3,1641676,21,Anúncio,2025-10-27,
315748,49,1641972,55,Publicação em Separata,2025-11-24,
315811,1,1642073,10,Entrada,2025-12-02,
315811,2,1642214,20,Admissão,2025-12-04,
315811,9,1642215,180,Baixa comissão distribuição inicial generalidade,2025-12-04,
315811,3,1642216,21,Anúncio,2025-12-05,
315811,10,1642430,190,Discussão generalidade,2025-12-11,
315811,13,1642501,250,Votação na generalidade,2025-12-11,
315845,1,1642255,10,Entrada,2025-12-05,
315845,2,1642400,20,Admissão,2025-12-10,
315845,9,1642401,180,Baixa comissão distribuição inicial generalidade,2025-12-10,"Conexão à 5.ª Comissão.
Despacho do PAR: ""Com ressalva dos limites da norma travão"""
315845,3,1642448,21,Anúncio,2025-12-10,
315845,10,1663001,190,Discussão generalidade,2025-12-19,
315845,13,1642808,250,Votação na generalidade,2025-12-19,
315921,1,1642961,10,Entrada,2026-01-02,
315921,2,1663042,20,Admissão,2026-01-06,
315921,9,1663043,180,Baixa comissão distribuição inicial generalidade,2026-01-06,
315921,3,1663210,21,Anúncio,2026-01-08,
315921,10,1663170,190,Discussão generalidade,2026-01-09,
315921,13,1663386,250,Votação na generalidade,2026-01-09,
315916,1,1642941,10,Entrada,2026-01-02,
315916,2,1663034,20,Admissão,2026-01-06,"Despacho do PAR: ""Ressalvando os limites da norma Travão."""
315916,9,1663035,180,Baixa comissão distribuição inicial generalidade,2026-01-06,
315916,3,1663216,21,Anúncio,2026-01-08,
315916,10,1663168,190,Discussão generalidade,2026-01-09,
315916,13,1663384,250,Votação na generalidade,2026-01-09,
315922,1,1642962,10,Entrada,2026-01-02,
315922,2,1663096,20,Admissão,2026-01-06,
315922,9,1663097,180,Baixa comissão distribuição inicial generalidade,2026-01-06,
315922,3,1663211,21,Anúncio,2026-01-08,
315922,10,1663141,190,Discussão generalidade,2026-01-09,
315922,13,1663356,250,Votação na generalidade,2026-01-09,
345975,1,1683477,10,Entrada,2026-01-16,
345975,3,1683846,21,Anúncio,2026-01-21,
345975,2,1683938,20,Admissão,2026-01-27,Despacho PAR: Ressalvando os limites da norma Travão
345975,9,1683939,180,Baixa comissão distribuição inicial generalidade,2026-01-27,
345975,10,1717123,190,Discussão generalidade,2026-04-10,
345975,13,1717219,250,Votação na generalidade,2026-04-10,
356292,1,1705539,10,Entrada,2026-03-06,
356292,3,1706119,21,Anúncio,2026-03-18,
356292,2,1706120,20,Admissão,2026-03-18,
356292,9,1716392,180,Baixa comissão distribuição inicial generalidade,2026-03-18,
356292,10,1706069,190,Discussão generalidade,2026-03-20,
356292,122,1706358,237,Requerimento Baixa Comissão sem Votação (Generalidade),2026-03-20,
356292,12,1716456,240,Nova apreciação comissão generalidade,2026-03-20,
356292,12,1716944,240,Nova apreciação comissão generalidade,2026-04-01,"Redistribuição à 7.ª Comissão, por despacho de 2026-04-01."
356292,13,1730021,250,Votação na generalidade,2026-06-03,
356891,1,1730121,10,Entrada,2026-06-08,
356891,2,1730220,20,Admissão,2026-06-11,
356891,3,1730221,21,Anúncio,2026-06-11,
356891,9,1730222,180,Baixa comissão distribuição inicial generalidade,2026-06-11,Com conexão à 1.ª
356891,10,1730311,190,Discussão generalidade,2026-06-11,
356891,13,1730346,250,Votação na generalidade,2026-06-12,
356891,14,1730347,270,Baixa comissão especialidade,2026-06-12,
356891,18,1731352,320,Votação final global,2026-07-03,
356891,81,1731353,341,Requerimento dispensa redação final,2026-07-03,
356891,31,1731599,350,Decreto (Publicação),2026-07-08,
356891,23,1731600,370,Envio para promulgação,2026-07-14,
356891,24,1752166,380,Promulgação,2026-07-27,
356891,25,1752167,390,Referenda,2026-07-28,
356891,26,1752168,400,Envio INCM,2026-07-29,
356891,32,1752232,580,Lei (Publicação DR),2026-08-03,
356134,1,1704570,10,Entrada,2026-02-13,
356134,2,1704696,20,Admissão,2026-02-18,
356134,9,1704697,180,Baixa comissão distribuição inicial generalidade,2026-02-18,
356134,3,1704698,21,Anúncio,2026-02-19,
356134,10,1704654,190,Discussão generalidade,2026-02-20,
356134,13,1704960,250,Votação na generalidade,2026-02-20,
356134,14,1704961,270,Baixa comissão especialidade,2026-02-20,
315908,1,1642926,10,Entrada,2025-12-29,
315908,2,1663032,20,Admissão,2026-01-06,
315908,9,1663033,180,Baixa comissão distribuição inicial generalidade,2026-01-06,
315908,3,1663225,21,Anúncio,2026-01-08,
356135,1,1704571,10,Entrada,2026-02-13,
356135,2,1704699,20,Admissão,2026-02-18,
356135,9,1704700,180,Baixa comissão distribuição inicial generalidade,2026-02-18,
356135,3,1704701,21,Anúncio,2026-02-19,
356135,10,1704655,190,Discussão generalidade,2026-02-20,
356135,13,1704962,250,Votação na generalidade,2026-02-20,
356135,14,1704963,270,Baixa comissão especialidade,2026-02-20,
315879,1,1642653,10,Entrada,2025-12-17,
315879,2,1642739,20,Admissão,2025-12-18,
315879,9,1642740,180,Baixa comissão distribuição inicial generalidade,2025-12-18,
315879,3,1642741,21,Anúncio,2025-12-19,
345974,1,1683476,10,Entrada,2026-01-16,
345974,3,1683845,21,Anúncio,2026-01-21,
345974,2,1683936,20,Admissão,2026-01-27,Despacho PAR: Com a ressalva dos limites da norma Travão
345974,9,1683937,180,Baixa comissão distribuição inicial generalidade,2026-01-27,
356545,1,1716992,10,Entrada,2026-04-08,
356545,2,1717449,20,Admissão,2026-04-16,
356545,9,1717450,180,Baixa comissão distribuição inicial generalidade,2026-04-16,
356545,3,1717451,21,Anúncio,2026-04-16,
356545,144,1717545,22,Audição promovida pelo PAR para a ALRAA,2026-04-16,
356545,145,1717546,23,Audição promovida pelo PAR para a ALRAM,2026-04-16,
356545,146,1717547,24,Audição promovida pelo PAR para o Governo da RAA,2026-04-16,
356545,147,1717548,25,Audição promovida pelo PAR para o Governo da RAM,2026-04-16,
356545,150,1728278,174,Parecer do Governo da RAA,2026-05-04,
356545,151,1728295,175,Parecer do Governo da RAM,2026-05-04,
356545,148,1728490,172,Parecer da ALRAA,2026-05-06,
356545,149,1728632,173,Parecer da ALRAM,2026-05-07,
356163,1,1704599,10,Entrada,2026-02-13,
356163,2,1704731,20,Admissão,2026-02-18,
356163,9,1704732,180,Baixa comissão distribuição inicial generalidade,2026-02-18,
356163,3,1704733,21,Anúncio,2026-02-19,
356163,10,1704664,190,Discussão generalidade,2026-02-20,
356163,122,1704972,237,Requerimento Baixa Comissão sem Votação (Generalidade),2026-02-20,
356163,12,1704973,240,Nova apreciação comissão generalidade,2026-02-20,
345979,1,1683481,10,Entrada,2026-01-16,
345979,3,1683849,21,Anúncio,2026-01-21,
345979,2,1683944,20,Admissão,2026-01-27,
345979,9,1683945,180,Baixa comissão distribuição inicial generalidade,2026-01-27,Com conexão à 1.ª e à 6.ª
345999,1,1683505,10,Entrada,2026-01-16,
345999,3,1683796,21,Anúncio,2026-01-21,
345999,2,1683797,20,Admissão,2026-01-23,
345999,9,1683798,180,Baixa comissão distribuição inicial generalidade,2026-01-23,
345999,10,1683696,190,Discussão generalidade,2026-01-30,
345999,13,1694152,250,Votação na generalidade,2026-01-30,
345995,1,1683501,10,Entrada,2026-01-16,
345995,3,1683784,21,Anúncio,2026-01-21,
345995,2,1683785,20,Admissão,2026-01-23,
345995,9,1683786,180,Baixa comissão distribuição inicial generalidade,2026-01-23,
345995,10,1683695,190,Discussão generalidade,2026-01-30,
345995,13,1694151,250,Votação na generalidade,2026-01-30,
356082,1,1704330,10,Entrada,2026-02-06,
356082,2,1704400,20,Admissão,2026-02-11,
356082,9,1704401,180,Baixa comissão distribuição inicial generalidade,2026-02-11,
356082,3,1704402,21,Anúncio,2026-02-12,
356082,10,1705672,190,Discussão generalidade,2026-03-13,
356082,13,1706022,250,Votação na generalidade,2026-03-13,
356184,1,1704677,10,Entrada,2026-02-18,
356184,2,1704906,20,Admissão,2026-02-20,
356184,65,1704880,220,Apreciação de Decreto-Lei,2026-02-25,
356184,3,1704907,21,Anúncio,2026-02-25,
356184,46,1705172,260,Admissão Proposta de Alteração,2026-02-25,
356184,14,1705250,270,Baixa comissão especialidade,2026-02-25,
356184,18,1705609,320,Votação final global,2026-03-06,"Texto final, apresentado pela Comissão de Trabalho, Segurança Social e Inclusão, relativo à da Apreciação Parlamentar n.º 9/XVII/1.ª (L, PCP e BE)"
356184,152,1705623,225,Requerimento,2026-03-06,"Requerimento, apresentado pelo BE, solicitando a dispensa de redação final e do prazo para apresentação de reclamações contra inexatidões relativo à Apreciação Parlamentar n.º 9/XVII/1.ª (L, PCP e BE)"
356184,133,1706008,348,Envio à Comissão para fixação da Redação final,2026-03-16,
356184,31,1706360,350,Decreto (Publicação),2026-03-20,
356184,23,1716638,370,Envio para promulgação,2026-03-26,
356184,24,1717138,380,Promulgação,2026-04-01,
356184,25,1717139,390,Referenda,2026-04-07,
356184,26,1717140,400,Envio INCM,2026-04-10,
356184,32,1717267,580,Lei (Publicação DR),2026-04-14,
345986,1,1683492,10,Entrada,2026-01-16,
345986,3,1683853,21,Anúncio,2026-01-21,
345986,2,1683970,20,Admissão,2026-01-27,Despacho PAR: Ressalvando os limites da norma Travão
345986,9,1683971,180,Baixa comissão distribuição inicial generalidade,2026-01-27,
345986,49,1694124,55,Publicação em Separata,2026-02-03,
345989,1,1683495,10,Entrada,2026-01-16,
345989,3,1683855,21,Anúncio,2026-01-21,
345989,2,1683974,20,Admissão,2026-01-27,
345989,9,1683975,180,Baixa comissão distribuição inicial generalidade,2026-01-27,
345989,49,1694126,55,Publicação em Separata,2026-02-03,
356131,1,1704525,10,Entrada,2026-02-13,
356131,2,1704692,20,Admissão,2026-02-18,
356131,9,1704694,180,Baixa comissão distribuição inicial generalidade,2026-02-18,Com conexão à 1.ª Comissão
356131,3,1704695,21,Anúncio,2026-02-19,
356131,10,1705203,190,Discussão generalidade,2026-02-26,
356131,13,1705402,250,Votação na generalidade,2026-02-27,
356201,1,1704850,10,Entrada,2026-02-20,
356201,2,1705102,20,Admissão,2026-02-24,Despacho PAR: Ressalvando os limites da norma Travão
356201,9,1705104,180,Baixa comissão distribuição inicial generalidade,2026-02-24,
356201,3,1705106,21,Anúncio,2026-02-25,
356201,10,1705012,190,Discussão generalidade,2026-02-25,
356201,13,1705247,250,Votação na generalidade,2026-02-25,
356252,1,1705357,10,Entrada,2026-02-27,
356252,3,1705498,21,Anúncio,2026-03-04,
356252,2,1705728,20,Admissão,2026-03-09,
356252,9,1705730,180,Baixa comissão distribuição inicial generalidade,2026-03-09,
356252,10,1705666,190,Discussão generalidade,2026-03-13,
356252,13,1706016,250,Votação na generalidade,2026-03-13,
356453,1,1716793,10,Entrada,2026-03-31,
356453,2,1717067,20,Admissão,2026-04-10,"Despacho do PAR: ""Ressalvando os princípios constitucionais e os limites da norma travão."""
356453,3,1717068,21,Anúncio,2026-04-10,
356453,10,1717111,190,Discussão generalidade,2026-04-10,
356453,13,1717208,250,Votação na generalidade,2026-04-10,
356454,1,1716794,10,Entrada,2026-03-31,
356454,2,1717069,20,Admissão,2026-04-10,"Despacho do PAR: ""Ressalvando os limites da norma travão."""
356454,3,1717070,21,Anúncio,2026-04-10,
356454,10,1717112,190,Discussão generalidade,2026-04-10,
356454,13,1717209,250,Votação na generalidade,2026-04-10,
356469,1,1716889,10,Entrada,2026-03-31,
356469,2,1717501,20,Admissão,2026-04-16,
356469,3,1717502,21,Anúncio,2026-04-16,
356469,10,1717201,190,Discussão generalidade,2026-04-16,
356469,13,1717666,250,Votação na generalidade,2026-04-17,
356464,1,1716808,10,Entrada,2026-03-31,
356464,2,1717036,20,Admissão,2026-04-09,
356464,3,1717037,21,Anúncio,2026-04-09,
356464,10,1717019,190,Discussão generalidade,2026-04-09,
356464,13,1717170,250,Votação na generalidade,2026-04-10,
356455,1,1716797,10,Entrada,2026-03-31,
356455,2,1717460,20,Admissão,2026-04-15,
356455,9,1717461,180,Baixa comissão distribuição inicial generalidade,2026-04-15,
356455,3,1717462,21,Anúncio,2026-04-16,
356475,1,1716852,10,Entrada,2026-03-31,
356475,2,1717471,20,Admissão,2026-04-15,"Despacho do PAR: ""Ressalvando os limites da lei travão."""
356475,3,1717473,21,Anúncio,2026-04-16,
356475,10,1717179,190,Discussão generalidade,2026-04-16,
356475,13,1717631,250,Votação na generalidade,2026-04-17,
356565,1,1717549,10,Entrada,2026-04-16,
356565,2,1717776,20,Admissão,2026-04-21,
356565,9,1717777,180,Baixa comissão distribuição inicial generalidade,2026-04-21,
356565,3,1717828,21,Anúncio,2026-04-22,
356565,10,1730736,190,Discussão generalidade,2026-06-24,
356565,13,1730803,250,Votação na generalidade,2026-06-24,
356586,1,1717645,10,Entrada,2026-04-17,
356586,2,1717780,20,Admissão,2026-04-21,"Despacho do PAR: ""Ressalvando os limites da norma Travão"""
356586,9,1717781,180,Baixa comissão distribuição inicial generalidade,2026-04-21,
356586,3,1717830,21,Anúncio,2026-04-22,
356586,10,1728495,190,Discussão generalidade,2026-05-07,
356586,13,1728752,250,Votação na generalidade,2026-05-08,
356326,1,1705574,10,Entrada,2026-03-09,
356326,3,1705914,21,Anúncio,2026-03-12,
356326,2,1705915,20,Admissão,2026-03-13,
356326,9,1705916,180,Baixa comissão distribuição inicial generalidade,2026-03-13,
356695,1,1728425,10,Entrada,2026-05-05,
356695,3,1728705,21,Anúncio,2026-05-06,
356695,2,1728706,20,Admissão,2026-05-08,
356695,9,1728707,180,Baixa comissão distribuição inicial generalidade,2026-05-08,
356695,10,1729045,190,Discussão generalidade,2026-05-20,
356695,122,1729420,237,Requerimento Baixa Comissão sem Votação (Generalidade),2026-05-22,
356695,12,1729421,240,Nova apreciação comissão generalidade,2026-05-22,
356590,1,1717657,10,Entrada,2026-04-17,
356590,2,1717792,20,Admissão,2026-04-21,
356590,9,1717794,180,Baixa comissão distribuição inicial generalidade,2026-04-21,
356590,3,1717832,21,Anúncio,2026-04-22,
356590,10,1718225,190,Discussão generalidade,2026-04-30,
356590,13,1718249,250,Votação na generalidade,2026-04-30,
356341,1,1705809,10,Entrada,2026-03-12,
356341,3,1706142,21,Anúncio,2026-03-18,
356341,2,1706143,20,Admissão,2026-03-18,"Despacho do PAR:  ""Ressalvando os limites da norma Travão"""
356341,9,1706144,180,Baixa comissão distribuição inicial generalidade,2026-03-18,
356479,1,1716856,10,Entrada,2026-03-31,
356479,2,1717478,20,Admissão,2026-04-15,
356479,3,1717479,21,Anúncio,2026-04-16,
356479,10,1717236,190,Discussão generalidade,2026-04-17,
356479,13,1717706,250,Votação na generalidade,2026-04-17,
356358,1,1705861,10,Entrada,2026-03-13,
356358,3,1706163,21,Anúncio,2026-03-18,
356358,2,1706165,20,Admissão,2026-03-18,
356358,9,1706166,180,Baixa comissão distribuição inicial generalidade,2026-03-18,
356483,1,1716861,10,Entrada,2026-03-31,
356483,2,1717071,20,Admissão,2026-04-10,"Despacho do PAR: ""Ressalvando os limites da norma travão."""
356483,3,1717072,21,Anúncio,2026-04-10,
356483,10,1717113,190,Discussão generalidade,2026-04-10,
356483,13,1717210,250,Votação na generalidade,2026-04-10,
356494,1,1716871,10,Entrada,2026-03-31,
356494,2,1717075,20,Admissão,2026-04-10,
356494,3,1717076,21,Anúncio,2026-04-10,
356494,10,1717124,190,Discussão generalidade,2026-04-10,
356494,13,1717220,250,Votação na generalidade,2026-04-10,
356513,1,1716908,10,Entrada,2026-04-01,
356513,2,1717455,20,Admissão,2026-04-15,
356513,9,1717456,180,Baixa comissão distribuição inicial generalidade,2026-04-15,
356513,3,1717457,21,Anúncio,2026-04-16,
356700,1,1728430,10,Entrada,2026-05-05,
356700,3,1728712,21,Anúncio,2026-05-06,
356700,2,1728711,20,Admissão,2026-05-08,"Despacho PAR ""Ressalvando os limites da norma travão"""
356700,9,1728713,180,Baixa comissão distribuição inicial generalidade,2026-05-08,
356700,10,1728585,190,Discussão generalidade,2026-05-14,
356700,13,1729029,250,Votação na generalidade,2026-05-14,
356700,49,1729208,55,Publicação em Separata,2026-05-18,
356958,1,1730687,10,Entrada,2026-06-22,
356958,2,1730908,20,Admissão,2026-06-26,"Despacho do PAR: ""Ressalvando os limites da norma Travão."""
356958,9,1730910,180,Baixa comissão distribuição inicial generalidade,2026-06-26,Com conexão à 8.ª Comissão
356958,3,1730911,21,Anúncio,2026-07-01,
356958,10,1730937,190,Discussão generalidade,2026-07-02,
356958,13,1731258,250,Votação na generalidade,2026-07-02,
356958,14,1731259,270,Baixa comissão especialidade,2026-07-02,
356591,1,1717658,10,Entrada,2026-04-17,
356591,2,1717805,20,Admissão,2026-04-21,
356591,9,1717807,180,Baixa comissão distribuição inicial generalidade,2026-04-21,
356591,3,1717833,21,Anúncio,2026-04-22,
356591,10,1728538,190,Discussão generalidade,2026-05-08,
356591,13,1728787,250,Votação na generalidade,2026-05-08,
356696,1,1728426,10,Entrada,2026-05-05,
356696,3,1728708,21,Anúncio,2026-05-06,
356696,2,1728709,20,Admissão,2026-05-08,
356696,9,1728710,180,Baixa comissão distribuição inicial generalidade,2026-05-08,
356696,10,1729070,190,Discussão generalidade,2026-05-21,
356696,49,1729360,55,Publicação em Separata,2026-05-22,
356696,13,1729471,250,Votação na generalidade,2026-05-22,
356808,1,1729426,10,Entrada,2026-05-22,
356808,3,1729674,21,Anúncio,2026-05-22,
356808,2,1729675,20,Admissão,2026-05-27,
356808,9,1729676,180,Baixa comissão distribuição inicial generalidade,2026-05-27,
356808,10,1730050,190,Discussão generalidade,2026-06-12,
356808,122,1730270,237,Requerimento Baixa Comissão sem Votação (Generalidade),2026-06-12,
356808,12,1730363,240,Nova apreciação comissão generalidade,2026-06-12,
356814,1,1729439,10,Entrada,2026-05-22,
356814,2,1729902,20,Admissão,2026-06-02,"Despacho do PAR: ""Nos termos do meu despacho n.º 198/XVII"""
356814,9,1729903,180,Baixa comissão distribuição inicial generalidade,2026-06-02,
356814,3,1729904,21,Anúncio,2026-06-02,
356814,4,1730528,70,Despacho admissibilidade PAR,2026-06-03,
356814,10,1730051,190,Discussão generalidade,2026-06-12,
356814,13,1730397,250,Votação na generalidade,2026-06-12,
356929,1,1730439,10,Entrada,2026-06-16,
356929,2,1730582,20,Admissão,2026-06-19,
356929,9,1730588,180,Baixa comissão distribuição inicial generalidade,2026-06-19,
356929,3,1730584,21,Anúncio,2026-06-19,
356929,10,1730739,190,Discussão generalidade,2026-06-25,
356929,13,1730838,250,Votação na generalidade,2026-06-25,
356929,14,1730839,270,Baixa comissão especialidade,2026-06-25,
356947,1,1730531,10,Entrada,2026-06-19,
356947,2,1730769,20,Admissão,2026-06-24,
356947,9,1730772,180,Baixa comissão distribuição inicial generalidade,2026-06-24,
356947,3,1730773,21,Anúncio,2026-06-24,
356947,10,1730742,190,Discussão generalidade,2026-06-25,
356947,13,1730843,250,Votação na generalidade,2026-06-25,
356947,14,1730844,270,Baixa comissão especialidade,2026-06-25,
356965,1,1730734,10,Entrada,2026-06-23,
356965,2,1730897,20,Admissão,2026-06-26,
356965,9,1730898,180,Baixa comissão distribuição inicial generalidade,2026-06-26,
356965,3,1730899,21,Anúncio,2026-07-01,
356965,10,1730933,190,Discussão generalidade,2026-07-03,
356965,122,1731287,237,Requerimento Baixa Comissão sem Votação (Generalidade),2026-07-03,
356965,12,1731312,240,Nova apreciação comissão generalidade,2026-07-03,
356561,1,1717308,10,Entrada,2026-04-15,
356561,2,1717765,20,Admissão,2026-04-21,
356561,9,1717766,180,Baixa comissão distribuição inicial generalidade,2026-04-21,Com conexão à 5.ª Comissão
356561,3,1717825,21,Anúncio,2026-04-22,
356660,1,1728271,10,Entrada,2026-05-03,
356660,2,1728332,20,Admissão,2026-05-05,
356660,9,1728335,180,Baixa comissão distribuição inicial generalidade,2026-05-05,
356660,3,1728334,21,Anúncio,2026-05-06,
356660,10,1730033,190,Discussão generalidade,2026-06-11,
356660,13,1730372,250,Votação na generalidade,2026-06-12,
356805,1,1729423,10,Entrada,2026-05-22,
356805,3,1729628,21,Anúncio,2026-05-22,
356805,2,1729629,20,Admissão,2026-05-26,
356805,9,1729630,180,Baixa comissão distribuição inicial generalidade,2026-05-26,
356805,10,1730043,190,Discussão generalidade,2026-06-12,
356805,13,1730391,250,Votação na generalidade,2026-06-12,
356964,1,1730733,10,Entrada,2026-06-23,
356964,2,1730900,20,Admissão,2026-06-26,
356964,9,1730901,180,Baixa comissão distribuição inicial generalidade,2026-06-26,
356964,3,1730902,21,Anúncio,2026-07-01,
356964,10,1730932,190,Discussão generalidade,2026-07-03,
356964,13,1731378,250,Votação na generalidade,2026-07-03,
356720,1,1728488,10,Entrada,2026-05-06,
356720,2,1728855,20,Admissão,2026-05-12,
356720,9,1728856,180,Baixa comissão distribuição inicial generalidade,2026-05-12,
356720,3,1728857,21,Anúncio,2026-05-13,
356720,10,1728587,190,Discussão generalidade,2026-05-14,
356720,13,1729031,250,Votação na generalidade,2026-05-14,
356752,1,1728985,10,Entrada,2026-05-12,
356752,3,1729114,21,Anúncio,2026-05-13,
356752,2,1729113,20,Admissão,2026-05-15,
356752,9,1729115,180,Baixa comissão distribuição inicial generalidade,2026-05-15,
356752,10,1730059,190,Discussão generalidade,2026-06-18,
356752,13,1730631,250,Votação na generalidade,2026-06-19,
356813,1,1729438,10,Entrada,2026-05-22,
356813,3,1729688,21,Anúncio,2026-05-22,
356813,2,1729689,20,Admissão,2026-05-28,
356813,9,1729690,180,Baixa comissão distribuição inicial generalidade,2026-05-28,Com conexão à 10.ª comissão
356813,10,1730332,190,Discussão generalidade,2026-06-12,
356813,13,1730392,250,Votação na generalidade,2026-06-12,
356985,1,1730944,10,Entrada,2026-06-26,
356985,2,1731047,20,Admissão,2026-07-01,
356985,9,1731048,180,Baixa comissão distribuição inicial generalidade,2026-07-01,
356985,3,1731049,21,Anúncio,2026-07-02,
356985,10,1731116,190,Discussão generalidade,2026-07-02,
356985,13,1731265,250,Votação na generalidade,2026-07-02,
356595,1,1717667,10,Entrada,2026-04-17,
356595,2,1717809,20,Admissão,2026-04-21,
356595,9,1717812,180,Baixa comissão distribuição inicial generalidade,2026-04-21,
356595,3,1717834,21,Anúncio,2026-04-22,
356892,1,1730122,10,Entrada,2026-06-08,
356892,2,1730214,20,Admissão,2026-06-11,
356892,3,1730215,21,Anúncio,2026-06-11,
356892,9,1730216,180,Baixa comissão distribuição inicial generalidade,2026-06-11,
356892,10,1730741,190,Discussão generalidade,2026-06-25,
356892,13,1730842,250,Votação na generalidade,2026-06-25,
357033,1,1731371,10,Entrada,2026-07-03,
357033,2,1731431,20,Admissão,2026-07-08,
357033,9,1731432,180,Baixa comissão distribuição inicial generalidade,2026-07-08,Com conexão à 6.ª 
357033,9,1731548,180,Baixa comissão distribuição inicial generalidade,2026-07-10,
357033,3,1731433,21,Anúncio,2026-07-16,
356664,1,1728288,10,Entrada,2026-05-04,
356664,3,1728696,21,Anúncio,2026-05-06,
356664,2,1728697,20,Admissão,2026-05-08,
356664,9,1728698,180,Baixa comissão distribuição inicial generalidade,2026-05-08,
315596,1,1630206,10,Entrada,2025-09-16,
315596,2,1630690,20,Admissão,2025-09-23,Despacho PAR: Atentas as observações constantes da Nota de Admissibilidade
315596,126,1630691,181,Baixa comissão para discussão,2025-09-23,
315596,3,1630739,21,Anúncio,2025-09-24,
315596,64,1641240,243,Apreciação,2025-10-16,
315596,73,1641446,335,Votação Deliberação,2025-10-16,
315596,74,1641741,365,Deliberação (Publicação DAR),2025-10-20,
356633,1,1718124,10,Entrada,2026-04-27,
356633,2,1728316,20,Admissão,2026-05-05,
356633,9,1728318,180,Baixa comissão distribuição inicial generalidade,2026-05-05,Com conexão à 5.ª comissão
356633,3,1728317,21,Anúncio,2026-05-06,
357057,1,1731565,10,Entrada,2026-07-13,
357057,2,1731620,20,Admissão,2026-07-15,
357057,3,1731621,21,Anúncio,2026-07-16,
357057,9,1731622,180,Baixa comissão distribuição inicial generalidade,2026-07-16,Com conexão à 7.ª
357058,1,1731566,10,Entrada,2026-07-13,
357058,2,1731623,20,Admissão,2026-07-15,
357058,3,1731624,21,Anúncio,2026-07-16,
357058,9,1731625,180,Baixa comissão distribuição inicial generalidade,2026-07-16,
357058,49,1742114,55,Publicação em Separata,2026-07-28,
356913,1,1730285,10,Entrada,2026-06-12,
356913,2,1730447,20,Admissão,2026-06-16,
356913,3,1730448,21,Anúncio,2026-06-17,
356913,10,1731129,190,Discussão generalidade,2026-06-18,
356913,13,1730623,250,Votação na generalidade,2026-06-19,
377108,1,1752186,10,Entrada,2026-07-29,
377108,2,1752336,20,Admissão,2026-08-03,
377108,9,1752337,180,Baixa comissão distribuição inicial generalidade,2026-08-03,
377108,3,1752386,21,Anúncio,2026-08-03,
315647,1,1630823,10,Entrada,2025-09-26,
315647,51,1631037,50,Publicação,2025-09-27,
315647,2,1630859,20,Admissão,2025-09-29,
315647,64,1630826,243,Apreciação,2025-09-29,
315647,3,1630870,21,Anúncio,2025-09-29,
315647,73,1630990,335,Votação Deliberação,2025-09-30,
315737,1,1641340,10,Entrada,2025-10-15,
315737,2,1641526,20,Admissão,2025-10-15,
315737,3,1641441,21,Anúncio,2025-10-17,
315737,73,1641483,335,Votação Deliberação,2025-10-17,
315737,74,1641743,365,Deliberação (Publicação DAR),2025-10-20,
356949,1,1730589,10,Entrada,2026-06-19,
356949,2,1730786,20,Admissão,2026-06-24,
356949,9,1730787,180,Baixa comissão distribuição inicial generalidade,2026-06-24,
356949,3,1730788,21,Anúncio,2026-06-24,
356847,1,1729824,10,Entrada,2026-06-01,
356847,2,1729846,20,Admissão,2026-06-02,
356847,3,1729847,21,Anúncio,2026-06-02,
356847,73,1729828,335,Votação Deliberação,2026-06-02,
356847,74,1729931,365,Deliberação (Publicação DAR),2026-06-03,
356387,1,1706092,10,Entrada,2026-03-17,
356387,3,1706209,21,Anúncio,2026-03-18,
356387,2,1706210,20,Admissão,2026-03-18,
356387,73,1717154,335,Votação Deliberação,2026-03-19,
356387,74,1717282,365,Deliberação (Publicação DAR),2026-04-14,
356935,1,1730503,10,Entrada,2026-06-17,
356935,2,1730585,20,Admissão,2026-06-19,
356935,9,1730586,180,Baixa comissão distribuição inicial generalidade,2026-06-19,
356993,1,1730957,10,Entrada,2026-06-29,
356993,2,1731480,20,Admissão,2026-07-08,
356993,9,1731481,180,Baixa comissão distribuição inicial generalidade,2026-07-08,
356993,3,1731482,21,Anúncio,2026-07-16,
357011,1,1730999,10,Entrada,2026-06-30,
357011,2,1752295,20,Admissão,2026-08-03,
357011,9,1752306,180,Baixa comissão distribuição inicial generalidade,2026-08-03,
357015,1,1731003,10,Entrada,2026-06-30,
357015,2,1731247,20,Admissão,2026-07-02,
357015,9,1731248,180,Baixa comissão distribuição inicial generalidade,2026-07-02,
357015,3,1731249,21,Anúncio,2026-07-03,
357066,1,1731580,10,Entrada,2026-07-14,
357066,2,1731626,20,Admissão,2026-07-15,
357066,3,1731627,21,Anúncio,2026-07-16,
357066,9,1731628,180,Baixa comissão distribuição inicial generalidade,2026-07-16,
357081,1,1731764,10,Entrada,2026-07-16,
357081,2,1752325,20,Admissão,2026-08-03,
357081,9,1752326,180,Baixa comissão distribuição inicial generalidade,2026-08-03,
357081,3,1752380,21,Anúncio,2026-08-03,
367101,1,1742137,10,Entrada,2026-07-28,
367101,2,1752334,20,Admissão,2026-08-03,
367101,9,1752335,180,Baixa comissão distribuição inicial generalidade,2026-08-03,
367101,3,1752385,21,Anúncio,2026-08-03,
315766,1,1641930,10,Entrada,2025-11-17,
315766,2,1641935,20,Admissão,2025-11-17,
315766,3,1641947,21,Anúncio,2025-11-20,
315766,73,1641964,335,Votação Deliberação,2025-11-21,
315766,74,1641983,365,Deliberação (Publicação DAR),2025-11-21,
356848,1,1729825,10,Entrada,2026-06-01,
356848,2,1729848,20,Admissão,2026-06-02,
356848,3,1729849,21,Anúncio,2026-06-02,
356848,73,1729829,335,Votação Deliberação,2026-06-02,
356848,74,1729932,365,Deliberação (Publicação DAR),2026-06-03,
356547,1,1717030,10,Entrada,2026-04-09,
356547,2,1717052,20,Admissão,2026-04-09,
356547,3,1717053,21,Anúncio,2026-04-09,
356547,73,1717149,335,Votação Deliberação,2026-04-09,
356547,74,1717311,365,Deliberação (Publicação DAR),2026-04-16,
357034,1,1731372,10,Entrada,2026-07-04,
357034,2,1731423,20,Admissão,2026-07-08,
357034,3,1731424,21,Anúncio,2026-07-16,
356267,1,1705452,10,Entrada,2026-03-03,
356267,3,1705735,21,Anúncio,2026-03-05,
356267,2,1705736,20,Admissão,2026-03-09,
315370,1,1628993,10,Entrada,2025-07-16,
315370,35,1629056,648,Retirada da iniciativa,2025-07-16,
315370,51,1731525,50,Publicação,2025-07-16,
377117,1,1752223,10,Entrada,2026-07-31,
377117,3,1752387,21,Anúncio,2026-08-03,
335935,1,1662975,10,Entrada,2026-01-04,
335935,2,1663187,20,Admissão,2026-01-07,
335935,3,1663272,21,Anúncio,2026-01-08,
356271,1,1705456,10,Entrada,2026-03-03,
356271,3,1705746,21,Anúncio,2026-03-05,
356271,2,1705748,20,Admissão,2026-03-09,
356269,1,1705454,10,Entrada,2026-03-03,
356269,3,1705743,21,Anúncio,2026-03-05,
356269,2,1705744,20,Admissão,2026-03-09,
367095,1,1742062,10,Entrada,2026-07-23,
367095,3,1752377,21,Anúncio,2026-08-03,
377126,1,1752369,10,Entrada,2026-08-06,
377146,1,1752532,10,Entrada,2026-08-21,
315259,1,1628244,10,Entrada,2025-07-03,
315259,51,1683741,50,Publicação,2025-07-03,
315259,2,1628429,20,Admissão,2025-07-07,
315259,9,1628430,180,Baixa comissão distribuição inicial generalidade,2025-07-07,
315259,3,1628503,21,Anúncio,2025-07-09,
315259,10,1628460,190,Discussão generalidade,2025-07-09,
315259,54,1628764,110,Processo de urgência,2025-07-09,Processo de urgência concedido (Deliberação  n.º 8-PL/2025)
315259,13,1628867,250,Votação na generalidade,2025-07-11,
315259,34,1628868,310,Votação na especialidade,2025-07-11,
315259,18,1628869,320,Votação final global,2025-07-11,
315259,152,1628870,225,Requerimento,2025-07-11,"Requerimento oral, apresentado pelo PSD, solicitando a dispensa de redação final e do prazo para apresentação de reclamações contra inexatidões relativamente à Proposta de Lei n.º 5/XVII/1.ª (GOV)"
315259,31,1628908,350,Decreto (Publicação),2025-07-14,
315259,23,1628909,370,Envio para promulgação,2025-07-14,
315259,24,1629193,380,Promulgação,2025-07-15,
315259,25,1629194,390,Referenda,2025-07-18,
315259,26,1629195,400,Envio INCM,2025-07-21,
315259,32,1629320,580,Lei (Publicação DR),2025-07-24,
356841,1,1729767,10,Entrada,2026-06-01,
356841,2,1729833,20,Admissão,2026-06-02,
356841,9,1729834,180,Baixa comissão distribuição inicial generalidade,2026-06-02,
356841,54,1729916,110,Processo de urgência,2026-06-02,Processo de urgência concedido (Deliberação n.º 8-PL/2026)
356841,3,1729835,21,Anúncio,2026-06-02,
356841,122,1730203,237,Requerimento Baixa Comissão sem Votação (Generalidade),2026-06-11,
356841,10,1730038,190,Discussão generalidade,2026-06-12,
356841,12,1730357,240,Nova apreciação comissão generalidade,2026-06-12,
356841,13,1731835,250,Votação na generalidade,2026-07-17,Retirada da iniciativa pelo autor a favor do texto de substituição.
356841,34,1731836,310,Votação na especialidade,2026-07-17,Votação da assunção pelo Plenário das votações indiciárias realizadas na especialidade em sede de Comissão
356841,18,1731837,320,Votação final global,2026-07-17,
356841,81,1731838,341,Requerimento dispensa redação final,2026-07-17,
356841,31,1731794,350,Decreto (Publicação),2026-07-17,
356841,23,1742051,370,Envio para promulgação,2026-07-23,
356841,24,1752477,380,Promulgação,2026-08-12,
356841,25,1752478,390,Referenda,2026-08-12,
356841,26,1752479,400,Envio INCM,2026-08-14,
356841,32,1752512,580,Lei (Publicação DR),2026-08-19,
315422,1,1629443,10,Entrada,2025-07-28,
315422,51,1718027,50,Publicação,2025-07-28,
315422,2,1629734,20,Admissão,2025-08-27,"Despacho do PAR: ""Proceder à audição dos órgão de governo próprio das regiões autónomas."""
315422,9,1629735,180,Baixa comissão distribuição inicial generalidade,2025-08-27,
315422,144,1629606,22,Audição promovida pelo PAR para a ALRAA,2025-08-27,
315422,147,1629607,25,Audição promovida pelo PAR para o Governo da RAM,2025-08-27,
315422,146,1629608,24,Audição promovida pelo PAR para o Governo da RAA,2025-08-27,
315422,150,1629873,174,Parecer do Governo da RAA,2025-09-09,
315422,3,1630139,21,Anúncio,2025-09-10,
315422,151,1629997,175,Parecer do Governo da RAM,2025-09-11,
315422,148,1630439,172,Parecer da ALRAA,2025-09-18,
315422,10,1717246,190,Discussão generalidade,2026-04-17,
315422,122,1717558,237,Requerimento Baixa Comissão sem Votação (Generalidade),2026-04-17,
315422,12,1717747,240,Nova apreciação comissão generalidade,2026-04-17,
315422,13,1730655,250,Votação na generalidade,2026-06-19,
315756,1,1641721,10,Entrada,2025-10-28,
315756,2,1641763,20,Admissão,2025-10-29,
315756,9,1641765,180,Baixa comissão distribuição inicial generalidade,2025-10-29,
315756,3,1641939,21,Anúncio,2025-11-20,
315756,10,1642437,190,Discussão generalidade,2025-12-12,
315756,13,1642522,250,Votação na generalidade,2025-12-12,
315756,14,1642523,270,Baixa comissão especialidade,2025-12-12,
315756,18,1694073,320,Votação final global,2026-01-30,
315756,133,1704318,348,Envio à Comissão para fixação da Redação final,2026-02-06,
315756,31,1704442,350,Decreto (Publicação),2026-02-12,
315756,23,1705507,370,Envio para promulgação,2026-02-19,
315756,24,1705508,380,Promulgação,2026-02-25,
315756,25,1705509,390,Referenda,2026-03-02,
315756,26,1705510,400,Envio INCM,2026-03-04,
315756,32,1705524,580,Lei (Publicação DR),2026-03-06,
335944,1,1663111,10,Entrada,2026-01-07,
335944,2,1663285,20,Admissão,2026-01-08,
335944,9,1663287,180,Baixa comissão distribuição inicial generalidade,2026-01-08,
335944,3,1663307,21,Anúncio,2026-01-09,
335944,10,1704376,190,Discussão generalidade,2026-02-13,
335944,13,1704618,250,Votação na generalidade,2026-02-13,
335944,14,1704619,270,Baixa comissão especialidade,2026-02-13,
335944,18,1730423,320,Votação final global,2026-06-12,
335944,133,1730808,348,Envio à Comissão para fixação da Redação final,2026-06-25,
335944,31,1731318,350,Decreto (Publicação),2026-07-03,
335944,23,1731591,370,Envio para promulgação,2026-07-09,
335944,24,1731980,380,Promulgação,2026-07-17,
335944,25,1731981,390,Referenda,2026-07-20,
335944,26,1731982,400,Envio INCM,2026-07-21,
335944,32,1742115,580,Lei (Publicação DR),2026-07-28,
356119,1,1704489,10,Entrada,2026-02-12,
356119,2,1704542,20,Admissão,2026-02-13,
356119,9,1704543,180,Baixa comissão distribuição inicial generalidade,2026-02-13,Com conexão à 1.ª e 6.ª Comissões
356119,3,1704544,21,Anúncio,2026-02-18,
356119,10,1704689,190,Discussão generalidade,2026-02-20,
356119,13,1704897,250,Votação na generalidade,2026-02-20,
356119,14,1704898,270,Baixa comissão especialidade,2026-02-20,
356119,15,1705228,280,Requerimento avocação plenário,2026-02-25,"Requerimento, apresentado pela IL, de avocação pelo Plenário da votação na especialidade do artigo 3.º da proposta de alteração da IL;  Requerimento, apresentado pelo L, de avocação pelo Plenário da votação na especialidade dos artigos 5.º e 15.º da proposta de alteração do L e Requerimento, apresentado pelo PS, de avocação pelo Plenário da votação na especialidade do artigo 2.º da proposta de alteração do PS à Proposta de Lei n.º 59/XVII/1.ª (GOV) - Aprova um regime excecional e temporário destinado à reconstrução e reabilitação do património e das infraestruturas nos concelhos afetados pela tempestade «Kristin»"
356119,34,1705235,310,Votação na especialidade,2026-02-25,
356119,18,1705236,320,Votação final global,2026-02-25,
356119,81,1705237,341,Requerimento dispensa redação final,2026-02-25,
356119,31,1705297,350,Decreto (Publicação),2026-02-26,
356119,23,1705298,370,Envio para promulgação,2026-02-26,
356119,24,1705814,380,Promulgação,2026-03-08,
356119,26,1705816,400,Envio INCM,2026-03-12,
356119,32,1705864,580,Lei (Publicação DR),2026-03-12,
315506,1,1629788,10,Entrada,2025-08-29,
315506,2,1630285,20,Admissão,2025-09-17,
315506,9,1630286,180,Baixa comissão distribuição inicial generalidade,2025-09-17,
315506,3,1630374,21,Anúncio,2025-09-17,
315506,10,1630231,190,Discussão generalidade,2025-09-18,
315506,13,1630529,250,Votação na generalidade,2025-09-19,
315506,14,1630530,270,Baixa comissão especialidade,2025-09-19,
315506,18,1641556,320,Votação final global,2025-10-17,"Texto Final, apresentado pela Comissão de Orçamento, Finanças e Administração Pública, relativo à Proposta de Lei n.º 28/XVII/1ª (GOV)"
315506,152,1641557,225,Requerimento,2025-10-17,"Requerimento oral, apresentado pelo PSD, solicitando a dispensa de redação final e do prazo para apresentação de reclamações contra inexatidões relativamente ao Texto Final, apresentado pela Comissão de Orçamento, Finanças e Administração Pública, relativo à Proposta de Lei n.º 28/XVII/1ª (GOV)"
315506,23,1641492,370,Envio para promulgação,2025-10-17,
315506,24,1641615,380,Promulgação,2025-10-17,
315506,31,1641491,350,Decreto (Publicação),2025-10-20,
315506,25,1641616,390,Referenda,2025-10-22,
315506,26,1641617,400,Envio INCM,2025-10-23,
315506,32,1641647,580,Lei (Publicação DR),2025-10-27,
315594,1,1630204,10,Entrada,2025-09-15,
315594,2,1630468,20,Admissão,2025-09-18,
315594,9,1630469,180,Baixa comissão distribuição inicial generalidade,2025-09-18,
315594,3,1630636,21,Anúncio,2025-09-19,
315594,10,1641262,190,Discussão generalidade,2025-10-17,
315594,13,1641518,250,Votação na generalidade,2025-10-17,
315594,14,1641519,270,Baixa comissão especialidade,2025-10-17,
315594,18,1642265,320,Votação final global,2025-12-05,
315594,135,1642267,345,Requerimento dispensa do prazo previsto Artº 157 RAR,2025-12-05,
315594,31,1642362,350,Decreto (Publicação),2025-12-09,
315594,23,1642363,370,Envio para promulgação,2025-12-09,
315594,24,1642657,380,Promulgação,2025-12-13,
315594,25,1642658,390,Referenda,2025-12-15,
315594,26,1642659,400,Envio INCM,2025-12-17,
315594,32,1642801,580,Lei (Publicação DR),2025-12-22,
315595,1,1630205,10,Entrada,2025-09-16,
315595,2,1630470,20,Admissão,2025-09-18,
315595,9,1630471,180,Baixa comissão distribuição inicial generalidade,2025-09-18,
315595,3,1630637,21,Anúncio,2025-09-19,
315595,10,1641263,190,Discussão generalidade,2025-10-17,
315595,13,1641520,250,Votação na generalidade,2025-10-17,
315595,14,1641521,270,Baixa comissão especialidade,2025-10-17,
315595,18,1642268,320,Votação final global,2025-12-05,
315595,135,1642269,345,Requerimento dispensa do prazo previsto Artº 157 RAR,2025-12-05,
315595,31,1642364,350,Decreto (Publicação),2025-12-09,
315595,23,1642365,370,Envio para promulgação,2025-12-09,
315595,24,1642660,380,Promulgação,2025-12-13,
315595,25,1642661,390,Referenda,2025-12-15,
315595,26,1642662,400,Envio INCM,2025-12-17,
315595,32,1642800,580,Lei (Publicação DR),2025-12-22,
356382,1,1706087,10,Entrada,2026-03-17,
356382,3,1706099,21,Anúncio,2026-03-18,
356382,2,1706100,20,Admissão,2026-03-18,
356382,9,1706101,180,Baixa comissão distribuição inicial generalidade,2026-03-18,
356382,10,1717010,190,Discussão generalidade,2026-04-09,
356382,13,1717143,250,Votação na generalidade,2026-04-10,
356382,46,1717553,260,Admissão Proposta de Alteração,2026-04-16,
356382,34,1717627,310,Votação na especialidade,2026-04-17,
356382,18,1717628,320,Votação final global,2026-04-17,
356382,133,1717771,348,Envio à Comissão para fixação da Redação final,2026-04-22,
356382,31,1728387,350,Decreto (Publicação),2026-05-05,
356382,23,1729098,370,Envio para promulgação,2026-05-11,
356382,24,1729649,380,Promulgação,2026-05-22,
356382,25,1729650,390,Referenda,2026-05-26,
356382,26,1729651,400,Envio INCM,2026-05-27,
356382,32,1729776,580,Lei (Publicação DR),2026-06-01,
315360,1,1628842,10,Entrada,2025-07-11,
315360,51,1683743,50,Publicação,2025-07-11,
315360,2,1629008,20,Admissão,2025-07-16,"Despacho PAR ""Proceder à audição dos órgãos de governo próprios das RRAA"""
315360,3,1629009,21,Anúncio,2025-07-16,
315360,9,1629010,180,Baixa comissão distribuição inicial generalidade,2025-07-16,
315360,144,1629139,22,Audição promovida pelo PAR para a ALRAA,2025-07-17,
315360,147,1629140,25,Audição promovida pelo PAR para o Governo da RAM,2025-07-17,
315360,146,1629141,24,Audição promovida pelo PAR para o Governo da RAA,2025-07-17,
315360,150,1629452,174,Parecer do Governo da RAA,2025-07-28,
315360,151,1629524,175,Parecer do Governo da RAM,2025-08-04,
315360,148,1629536,172,Parecer da ALRAA,2025-08-08,
315360,10,1718220,190,Discussão generalidade,2026-04-30,
315360,13,1718240,250,Votação na generalidade,2026-04-30,
315360,14,1718241,270,Baixa comissão especialidade,2026-04-30,
356515,1,1716935,10,Entrada,2026-04-02,
356515,2,1717531,20,Admissão,2026-04-15,
356515,9,1717532,180,Baixa comissão distribuição inicial generalidade,2026-04-15,
356515,3,1717533,21,Anúncio,2026-04-16,
356515,10,1728493,190,Discussão generalidade,2026-05-07,
356515,13,1728748,250,Votação na generalidade,2026-05-08,
356515,14,1728749,270,Baixa comissão especialidade,2026-05-08,
356515,18,1730888,320,Votação final global,2026-06-25,
356515,133,1731394,348,Envio à Comissão para fixação da Redação final,2026-07-06,
356515,31,1731767,350,Decreto (Publicação),2026-07-17,
356515,23,1732006,370,Envio para promulgação,2026-07-23,
356515,24,1752351,380,Promulgação,2026-07-31,
356515,25,1752352,390,Referenda,2026-07-31,
356515,26,1752353,400,Envio INCM,2026-08-05,
356515,32,1752368,580,Lei (Publicação DR),2026-08-07,
356639,1,1718146,10,Entrada,2026-04-28,
356639,2,1728310,20,Admissão,2026-05-05,"Despacho PAR ""Proceder à audição dos órgãos próprios das RA"""
356639,9,1728312,180,Baixa comissão distribuição inicial generalidade,2026-05-05,Com conexão à 5.ª comissão
356639,144,1728303,22,Audição promovida pelo PAR para a ALRAA,2026-05-05,
356639,145,1728304,23,Audição promovida pelo PAR para a ALRAM,2026-05-05,
356639,146,1728305,24,Audição promovida pelo PAR para o Governo da RAA,2026-05-05,
356639,147,1728306,25,Audição promovida pelo PAR para o Governo da RAM,2026-05-05,
356639,3,1728311,21,Anúncio,2026-05-06,
356639,9,1729018,180,Baixa comissão distribuição inicial generalidade,2026-05-14,Com conexão às 1.ª e 5 .ª comissões
356639,10,1729035,190,Discussão generalidade,2026-05-20,
356639,150,1729308,174,Parecer do Governo da RAA,2026-05-21,
356639,13,1729401,250,Votação na generalidade,2026-05-22,
356639,14,1729402,270,Baixa comissão especialidade,2026-05-22,
356639,148,1729614,172,Parecer da ALRAA,2026-05-26,
356639,149,1729721,173,Parecer da ALRAM,2026-05-28,
315625,1,1630585,10,Entrada,2025-09-19,
315625,2,1630688,20,Admissão,2025-09-23,
315625,9,1630689,180,Baixa comissão distribuição inicial generalidade,2025-09-23,
315625,3,1630738,21,Anúncio,2025-09-24,
315625,54,1641991,110,Processo de urgência,2025-11-25,
315625,10,1642433,190,Discussão generalidade,2025-12-12,
315625,13,1642528,250,Votação na generalidade,2025-12-12,
315625,34,1642529,310,Votação na especialidade,2025-12-12,
315625,18,1642531,320,Votação final global,2025-12-12,
315625,31,1642539,350,Decreto (Publicação),2025-12-12,
315625,23,1642540,370,Envio para promulgação,2025-12-12,
315625,24,1642663,380,Promulgação,2025-12-13,
315625,25,1642664,390,Referenda,2025-12-15,
315625,26,1642665,400,Envio INCM,2025-12-17,
315625,32,1642889,580,Lei (Publicação DR),2025-12-23,
356749,1,1728981,10,Entrada,2026-05-12,
356749,3,1729256,21,Anúncio,2026-05-13,
356749,2,1729255,20,Admissão,2026-05-19,
356749,9,1729257,180,Baixa comissão distribuição inicial generalidade,2026-05-19,Com conexão à 1.ª comissão
356749,10,1730030,190,Discussão generalidade,2026-06-11,
356749,13,1730340,250,Votação na generalidade,2026-06-12,
356749,14,1730341,270,Baixa comissão especialidade,2026-06-12,
356749,18,1731346,320,Votação final global,2026-07-03,
356749,81,1731347,341,Requerimento dispensa redação final,2026-07-03,
356749,31,1731594,350,Decreto (Publicação),2026-07-08,
356749,23,1731593,370,Envio para promulgação,2026-07-14,
356749,24,1752157,380,Promulgação,2026-07-27,
356749,25,1752158,390,Referenda,2026-07-28,
356749,26,1752159,400,Envio INCM,2026-07-29,
356749,32,1752233,580,Lei (Publicação DR),2026-08-03,
315143,1,1627484,10,Entrada,2025-06-20,
315143,51,1705082,50,Publicação,2025-06-20,
315143,2,1627647,20,Admissão,2025-06-25,
315143,3,1627727,21,Anúncio,2025-06-26,
315143,64,1627596,243,Apreciação,2025-06-26,
315143,13,1627883,250,Votação na generalidade,2025-06-27,
315143,14,1627884,270,Baixa comissão especialidade,2025-06-27,
315143,18,1642879,320,Votação final global,2025-12-19,
315143,133,1663206,348,Envio à Comissão para fixação da Redação final,2026-01-08,
315143,57,1683710,360,Resolução (Publicação DAR),2026-01-22,
315143,26,1683713,400,Envio INCM,2026-01-22,
315143,44,1683912,600,Resolução da AR (Publicação DR),2026-01-27,
315181,1,1627775,10,Entrada,2025-06-27,
315181,51,1683547,50,Publicação,2025-06-27,
315181,2,1628021,20,Admissão,2025-07-01,
315181,3,1628022,21,Anúncio,2025-07-02,
315181,64,1628132,243,Apreciação,2025-07-03,
315181,13,1628384,250,Votação na generalidade,2025-07-04,
315181,14,1628385,270,Baixa comissão especialidade,2025-07-04,
315181,18,1704643,320,Votação final global,2026-02-13,
315181,133,1705174,348,Envio à Comissão para fixação da Redação final,2026-02-20,
315181,57,1705299,360,Resolução (Publicação DAR),2026-02-26,
315181,26,1705300,400,Envio INCM,2026-02-26,
315181,44,1705350,600,Resolução da AR (Publicação DR),2026-03-02,
315184,1,1627778,10,Entrada,2025-06-27,
315184,51,1683550,50,Publicação,2025-06-27,
315184,2,1628027,20,Admissão,2025-07-01,
315184,3,1628028,21,Anúncio,2025-07-02,
315184,64,1628123,243,Apreciação,2025-07-03,
315184,13,1628373,250,Votação na generalidade,2025-07-04,
315184,14,1628374,270,Baixa comissão especialidade,2025-07-04,
315184,18,1630536,320,Votação final global,2025-09-19,
315184,133,1630783,348,Envio à Comissão para fixação da Redação final,2025-09-25,
315184,57,1631092,360,Resolução (Publicação DAR),2025-10-09,
315184,26,1631093,400,Envio INCM,2025-10-09,
315184,44,1631182,600,Resolução da AR (Publicação DR),2025-10-13,
315207,1,1627855,10,Entrada,2025-06-27,
315207,51,1683565,50,Publicação,2025-06-27,
315207,2,1628057,20,Admissão,2025-07-01,
315207,3,1628058,21,Anúncio,2025-07-02,
315207,64,1628119,243,Apreciação,2025-07-03,
315207,13,1628366,250,Votação na generalidade,2025-07-04,
315207,14,1628367,270,Baixa comissão especialidade,2025-07-04,
315207,18,1630532,320,Votação final global,2025-09-19,
315207,133,1631008,348,Envio à Comissão para fixação da Redação final,2025-09-25,
315207,57,1631086,360,Resolução (Publicação DAR),2025-10-09,
315207,26,1631087,400,Envio INCM,2025-10-09,
315207,44,1631183,600,Resolução da AR (Publicação DR),2025-10-13,
315288,1,1628308,10,Entrada,2025-07-04,
315288,51,1716744,50,Publicação,2025-07-04,
315288,2,1628530,20,Admissão,2025-07-09,
315288,3,1628531,21,Anúncio,2025-07-09,
315288,64,1628479,243,Apreciação,2025-07-09,
315288,13,1628899,250,Votação na generalidade,2025-07-11,
315288,14,1628900,270,Baixa comissão especialidade,2025-07-11,
315288,14,1705517,270,Baixa comissão especialidade,2026-03-04,
315288,18,1716688,320,Votação final global,2026-03-26,"Texto Final, apresentado pela Comissão de Orçamento, Finanças e Administração Pública, relativo ao Projeto de Resolução n.º 147/XVII/1.ª (PAN)"
315288,133,1716956,348,Envio à Comissão para fixação da Redação final,2026-04-07,
315288,57,1717581,360,Resolução (Publicação DAR),2026-04-16,
315288,26,1717582,400,Envio INCM,2026-04-16,
315288,44,1717707,600,Resolução da AR (Publicação DR),2026-04-20,
356766,1,1729243,10,Entrada,2026-05-18,
356766,3,1729561,21,Anúncio,2026-05-20,
356766,2,1729548,20,Admissão,2026-05-26,
356766,9,1729562,180,Baixa comissão distribuição inicial generalidade,2026-05-26,
356766,49,1729823,55,Publicação em Separata,2026-06-02,
356766,10,1730056,190,Discussão generalidade,2026-06-18,
356766,13,1730619,250,Votação na generalidade,2026-06-19,
315192,1,1627786,10,Entrada,2025-06-27,
315192,51,1683554,50,Publicação,2025-06-27,
315192,2,1628035,20,Admissão,2025-07-01,
315192,3,1628036,21,Anúncio,2025-07-02,
315192,64,1628133,243,Apreciação,2025-07-03,
315192,13,1628386,250,Votação na generalidade,2025-07-04,
315192,14,1628387,270,Baixa comissão especialidade,2025-07-04,
315192,18,1704644,320,Votação final global,2026-02-13,
315192,133,1705187,348,Envio à Comissão para fixação da Redação final,2026-02-20,
315192,57,1705301,360,Resolução (Publicação DAR),2026-02-26,
315192,26,1705302,400,Envio INCM,2026-02-26,
315192,44,1705351,600,Resolução da AR (Publicação DR),2026-03-02,
315159,1,1627583,10,Entrada,2025-06-25,
315159,51,1641858,50,Publicação,2025-06-25,
315159,2,1627739,20,Admissão,2025-06-26,
315159,126,1627740,181,Baixa comissão para discussão,2025-06-26,
315159,3,1627763,21,Anúncio,2025-06-27,
315159,73,1704628,335,Votação Deliberação,2026-02-13,
315159,13,1717059,250,Votação na generalidade,2026-02-13,
315159,133,1704997,348,Envio à Comissão para fixação da Redação final,2026-02-23,
315159,57,1705273,360,Resolução (Publicação DAR),2026-02-26,
315159,26,1705281,400,Envio INCM,2026-02-26,
315159,44,1705343,600,Resolução da AR (Publicação DR),2026-03-02,
315085,1,1627321,10,Entrada,2025-06-12,
315085,51,1641814,50,Publicação,2025-06-12,
315085,2,1627413,20,Admissão,2025-06-17,
315085,3,1627414,21,Anúncio,2025-06-18,
315085,126,1627818,181,Baixa comissão para discussão,2025-06-27,
315085,64,1717784,243,Apreciação,2026-04-23,
315085,13,1718042,250,Votação na generalidade,2026-04-24,
315085,14,1718043,270,Baixa comissão especialidade,2026-04-24,
315274,1,1628293,10,Entrada,2025-07-04,
315274,51,1716734,50,Publicação,2025-07-04,
315274,2,1628574,20,Admissão,2025-07-09,
315274,3,1628575,21,Anúncio,2025-07-09,
315274,126,1628578,181,Baixa comissão para discussão,2025-07-09,
315274,9,1630908,180,Baixa comissão distribuição inicial generalidade,2025-09-26,
315274,14,1630909,270,Baixa comissão especialidade,2025-09-26,
315274,18,1641792,320,Votação final global,2025-10-28,"Texto Final, apresentado pela Comissão de Cultura, Comunicação, Juventude e Desporto, relativo ao Projeto de Resolução n.º 136/XVII/1.ª (CH)"
315274,133,1641875,348,Envio à Comissão para fixação da Redação final,2025-11-04,
315274,57,1642164,360,Resolução (Publicação DAR),2025-12-04,
315274,26,1642165,400,Envio INCM,2025-12-04,
315274,44,1642213,600,Resolução da AR (Publicação DR),2025-12-04,
315293,1,1628313,10,Entrada,2025-07-04,
315293,51,1716747,50,Publicação,2025-07-04,
315293,2,1628519,20,Admissão,2025-07-09,
315293,3,1628520,21,Anúncio,2025-07-09,
315293,64,1628471,243,Apreciação,2025-07-09,
315293,13,1628885,250,Votação na generalidade,2025-07-11,
315293,14,1628886,270,Baixa comissão especialidade,2025-07-11,
315293,18,1641542,320,Votação final global,2025-10-17,"Texto Final, apresentado pela Comissão de Agricultura e Pescas, relativo ao Projeto de Resolução n.º 150/XVII/1.ª (IL)"
315293,133,1641712,348,Envio à Comissão para fixação da Redação final,2025-10-28,
315293,57,1642337,360,Resolução (Publicação DAR),2025-12-09,
315293,26,1642338,400,Envio INCM,2025-12-09,
315293,44,1642545,600,Resolução da AR (Publicação DR),2025-12-15,
315289,1,1628309,10,Entrada,2025-07-04,
315289,51,1716745,50,Publicação,2025-07-04,
315289,2,1628516,20,Admissão,2025-07-09,
315289,3,1628517,21,Anúncio,2025-07-09,
315289,64,1628470,243,Apreciação,2025-07-09,
315289,13,1628883,250,Votação na generalidade,2025-07-11,
315289,14,1628884,270,Baixa comissão especialidade,2025-07-11,
315289,18,1642258,320,Votação final global,2025-12-05,
315289,133,1642573,348,Envio à Comissão para fixação da Redação final,2025-12-15,
315289,57,1642675,360,Resolução (Publicação DAR),2025-12-17,
315289,26,1642676,400,Envio INCM,2025-12-17,
315289,44,1642730,600,Resolução da AR (Publicação DR),2025-12-19,
315115,1,1627455,10,Entrada,2025-06-20,
315115,51,1705055,50,Publicação,2025-06-20,
315115,2,1627669,20,Admissão,2025-06-25,
315115,3,1627706,21,Anúncio,2025-06-26,
315115,126,1627826,181,Baixa comissão para discussão,2025-06-27,
315115,64,1705641,243,Apreciação,2026-03-12,
315115,13,1705982,250,Votação na generalidade,2026-03-13,
315115,14,1705983,270,Baixa comissão especialidade,2026-03-13,
315151,1,1627507,10,Entrada,2025-06-24,
315151,51,1641843,50,Publicação,2025-06-24,
315151,2,1627676,20,Admissão,2025-06-25,
315151,3,1627733,21,Anúncio,2025-06-26,
315151,126,1628107,181,Baixa comissão para discussão,2025-07-02,
315151,64,1628782,243,Apreciação,2025-07-10,
315151,13,1628930,250,Votação na generalidade,2025-07-11,
315486,1,1629589,10,Entrada,2025-08-22,
315486,51,1752436,50,Publicação,2025-08-22,
315486,2,1629762,20,Admissão,2025-08-28,
315486,126,1629763,181,Baixa comissão para discussão,2025-08-28,
315486,3,1630109,21,Anúncio,2025-09-10,
315486,64,1630246,243,Apreciação,2025-09-18,
315486,13,1630564,250,Votação na generalidade,2025-09-19,
315486,14,1630565,270,Baixa comissão especialidade,2025-09-19,
315486,18,1641544,320,Votação final global,2025-10-17,
315486,133,1641714,348,Envio à Comissão para fixação da Redação final,2025-10-28,
315486,57,1642174,360,Resolução (Publicação DAR),2025-12-04,
315486,26,1642175,400,Envio INCM,2025-12-04,
315486,44,1642396,600,Resolução da AR (Publicação DR),2025-12-10,
367097,1,1742109,10,Entrada,2026-07-27,
367097,2,1752261,20,Admissão,2026-08-03,"Despacho do PAR: Com a ressalva dos limites da norma Travão
"
367097,9,1752272,180,Baixa comissão distribuição inicial generalidade,2026-08-03,
367097,3,1752373,21,Anúncio,2026-08-03,
315299,1,1628319,10,Entrada,2025-07-04,
315299,51,1716749,50,Publicação,2025-07-04,
315299,2,1628602,20,Admissão,2025-07-09,
315299,3,1628603,21,Anúncio,2025-07-09,
315299,64,1628834,243,Apreciação,2025-07-11,
315299,73,1628944,335,Votação Deliberação,2025-07-11,
315299,133,1628983,348,Envio à Comissão para fixação da Redação final,2025-07-14,
315299,57,1629078,360,Resolução (Publicação DAR),2025-07-17,
315299,26,1629080,400,Envio INCM,2025-07-17,
315299,44,1629238,600,Resolução da AR (Publicação DR),2025-07-22,
315064,1,1627249,10,Entrada,2025-06-06,
315064,51,1641793,50,Publicação,2025-06-06,
315064,2,1627309,20,Admissão,2025-06-12,
315064,3,1627372,21,Anúncio,2025-06-17,
315064,126,1628095,181,Baixa comissão para discussão,2025-07-02,
315374,1,1629093,10,Entrada,2025-07-17,
315374,2,1629156,20,Admissão,2025-07-17,
315374,126,1629157,181,Baixa comissão para discussão,2025-07-17,
315374,3,1629168,21,Anúncio,2025-07-17,
315374,51,1716624,50,Publicação,2025-07-17,
315374,51,1717991,50,Publicação,2025-07-24,
315374,73,1630618,335,Votação Deliberação,2025-09-19,
315374,133,1630819,348,Envio à Comissão para fixação da Redação final,2025-09-26,
315374,57,1631088,360,Resolução (Publicação DAR),2025-10-09,
315374,26,1631089,400,Envio INCM,2025-10-09,
315374,44,1631189,600,Resolução da AR (Publicação DR),2025-10-13,
315167,1,1627683,10,Entrada,2025-06-26,
315167,51,1642089,50,Publicação,2025-06-26,
315167,2,1628008,20,Admissão,2025-07-01,
315167,126,1628009,181,Baixa comissão para discussão,2025-07-01,
315167,3,1628010,21,Anúncio,2025-07-02,
315167,64,1628146,243,Apreciação,2025-07-03,
315167,13,1628407,250,Votação na generalidade,2025-07-04,
315488,1,1629591,10,Entrada,2025-08-22,
315488,51,1752438,50,Publicação,2025-08-22,
315488,2,1629766,20,Admissão,2025-08-28,
315488,126,1629767,181,Baixa comissão para discussão,2025-08-28,
315488,3,1630111,21,Anúncio,2025-09-10,
315488,64,1630248,243,Apreciação,2025-09-18,
315488,13,1630568,250,Votação na generalidade,2025-09-19,
315488,14,1630569,270,Baixa comissão especialidade,2025-09-19,
315488,18,1641777,320,Votação final global,2025-10-28,"Texto Final, apresentado pela Comissão de Agricultura e Pescas, relativo ao Projeto de Resolução n.º 248/XVII/1.ª (L)"
315488,133,1642034,348,Envio à Comissão para fixação da Redação final,2025-11-05,
315488,57,1642176,360,Resolução (Publicação DAR),2025-12-04,
315488,26,1642177,400,Envio INCM,2025-12-04,
315488,44,1642397,600,Resolução da AR (Publicação DR),2025-12-10,
315141,1,1627482,10,Entrada,2025-06-20,
315141,51,1705080,50,Publicação,2025-06-20,
315141,2,1627664,20,Admissão,2025-06-25,
315141,3,1627725,21,Anúncio,2025-06-26,
315141,64,1627614,243,Apreciação,2025-06-27,
315141,13,1627904,250,Votação na generalidade,2025-06-27,
315141,14,1627905,270,Baixa comissão especialidade,2025-06-27,
315087,1,1627323,10,Entrada,2025-06-13,
315087,51,1630627,50,Publicação,2025-06-14,
315087,2,1627415,20,Admissão,2025-06-17,
315087,3,1627416,21,Anúncio,2025-06-18,
315087,126,1628100,181,Baixa comissão para discussão,2025-07-02,
315092,1,1627328,10,Entrada,2025-06-13,
315092,51,1630631,50,Publicação,2025-06-14,
315092,2,1627423,20,Admissão,2025-06-17,
315092,3,1627424,21,Anúncio,2025-06-18,
315092,126,1627821,181,Baixa comissão para discussão,2025-06-27,
315101,1,1627385,10,Entrada,2025-06-17,
315101,51,1641833,50,Publicação,2025-06-17,
315101,2,1627633,20,Admissão,2025-06-25,
315101,126,1641571,181,Baixa comissão para discussão,2025-06-25,
315101,3,1627698,21,Anúncio,2025-06-26,
315256,1,1628200,10,Entrada,2025-07-03,
315256,2,1628281,20,Admissão,2025-07-03,
315256,3,1628282,21,Anúncio,2025-07-03,
315256,51,1683745,50,Publicação,2025-07-03,
315256,64,1628488,243,Apreciação,2025-07-11,Consta da Agenda S/Tempos
315256,73,1628971,335,Votação Deliberação,2025-07-11,
315256,57,1629059,360,Resolução (Publicação DAR),2025-07-16,
315256,26,1629060,400,Envio INCM,2025-07-16,
315256,44,1629190,600,Resolução da AR (Publicação DR),2025-07-21,
315149,1,1627505,10,Entrada,2025-06-24,
315149,2,1627682,20,Admissão,2025-06-24,
315149,51,1641841,50,Publicação,2025-06-24,
315149,3,1627731,21,Anúncio,2025-06-26,
315149,73,1627771,335,Votação Deliberação,2025-06-27,
315149,57,1627938,360,Resolução (Publicação DAR),2025-07-02,
315149,44,1628251,600,Resolução da AR (Publicação DR),2025-07-04,
315510,1,1629796,10,Entrada,2025-09-02,
315510,2,1629910,20,Admissão,2025-09-09,
315510,126,1629911,181,Baixa comissão para discussão,2025-09-09,
315510,3,1630119,21,Anúncio,2025-09-10,
315510,64,1630240,243,Apreciação,2025-09-18,
315510,13,1630547,250,Votação na generalidade,2025-09-19,
315510,14,1630556,270,Baixa comissão especialidade,2025-09-19,
315510,18,1641549,320,Votação final global,2025-10-17,"Texto Final, apresentado pela Comissão de Assuntos Constitucionais, Direitos, Liberdades e Garantias, relativo ao Projeto de Resolução n.º 256/XVII/1.ª (PCP)"
315510,133,1641645,348,Envio à Comissão para fixação da Redação final,2025-10-23,
315510,57,1641694,360,Resolução (Publicação DAR),2025-10-27,
315510,26,1641695,400,Envio INCM,2025-10-27,
315510,44,1641727,600,Resolução da AR (Publicação DR),2025-10-29,
315323,1,1628345,10,Entrada,2025-07-04,
315323,51,1716760,50,Publicação,2025-07-04,
315323,2,1628507,20,Admissão,2025-07-09,
315323,3,1628508,21,Anúncio,2025-07-09,
315323,64,1628467,243,Apreciação,2025-07-09,
315323,73,1628877,335,Votação Deliberação,2025-07-11,
315323,133,1628982,348,Envio à Comissão para fixação da Redação final,2025-07-14,
315323,57,1629081,360,Resolução (Publicação DAR),2025-07-17,
315323,26,1629082,400,Envio INCM,2025-07-17,
315323,44,1629239,600,Resolução da AR (Publicação DR),2025-07-22,
315514,1,1629800,10,Entrada,2025-09-03,
315514,2,1629914,20,Admissão,2025-09-09,
315514,126,1629915,181,Baixa comissão para discussão,2025-09-09,
315514,3,1630121,21,Anúncio,2025-09-10,
315514,64,1728500,243,Apreciação,2026-05-07,
315514,13,1728757,250,Votação na generalidade,2026-05-08,
315514,14,1728758,270,Baixa comissão especialidade,2026-05-08,
315514,18,1730672,320,Votação final global,2026-06-19,
315514,133,1731009,348,Envio à Comissão para fixação da Redação final,2026-07-01,
315514,57,1731772,360,Resolução (Publicação DAR),2026-07-17,
315514,26,1731773,400,Envio INCM,2026-07-17,
315514,44,1731989,600,Resolução da AR (Publicação DR),2026-07-22,
315539,1,1629874,10,Entrada,2025-09-09,
315539,2,1630289,20,Admissão,2025-09-17,
315539,126,1630290,181,Baixa comissão para discussão,2025-09-17,
315539,3,1630381,21,Anúncio,2025-09-17,
315539,64,1663007,243,Apreciação,2025-12-19,
315539,13,1642822,250,Votação na generalidade,2025-12-19,
315539,14,1642825,270,Baixa comissão especialidade,2025-12-19,
315429,1,1629460,10,Entrada,2025-07-29,
315429,51,1718134,50,Publicação,2025-07-29,
315429,2,1629642,20,Admissão,2025-08-27,
315429,126,1629643,181,Baixa comissão para discussão,2025-08-27,
315429,3,1630075,21,Anúncio,2025-09-10,
315429,73,1704625,335,Votação Deliberação,2026-02-13,
315501,1,1629751,10,Entrada,2025-08-28,
315501,2,1629902,20,Admissão,2025-09-09,
315501,126,1629903,181,Baixa comissão para discussão,2025-09-09,
315501,3,1630115,21,Anúncio,2025-09-10,
315501,64,1630431,243,Apreciação,2025-09-25,
315501,13,1630808,250,Votação na generalidade,2025-09-25,
335947,1,1663115,10,Entrada,2026-01-07,
335947,3,1683881,21,Anúncio,2026-01-21,
335947,2,1728805,20,Admissão,2026-05-11,
335947,126,1728806,181,Baixa comissão para discussão,2026-05-11,
335947,13,1729193,250,Votação na generalidade,2026-05-15,
335947,14,1729195,270,Baixa comissão especialidade,2026-05-15,
335947,18,1730877,320,Votação final global,2026-06-25,
335947,133,1731604,348,Envio à Comissão para fixação da Redação final,2026-07-01,
335947,57,1731741,360,Resolução (Publicação DAR),2026-07-16,
335947,26,1731742,400,Envio INCM,2026-07-16,
335947,44,1731904,600,Resolução da AR (Publicação DR),2026-07-21,
346047,1,1684054,10,Entrada,2026-01-29,
346047,2,1704196,20,Admissão,2026-02-03,
346047,126,1704198,181,Baixa comissão para discussão,2026-02-03,
346047,3,1704197,21,Anúncio,2026-02-11,
346047,64,1705015,243,Apreciação,2026-02-25,
346047,13,1705253,250,Votação na generalidade,2026-02-25,
346047,14,1705254,270,Baixa comissão especialidade,2026-02-25,
346047,18,1716486,320,Votação final global,2026-03-20,"Texto Final, apresentado pela Comissão de Economia e Coesão Territorial, relativo ao Projeto de Resolução n.º 522/XVII/1.ª (PSD)"
346047,133,1716628,348,Envio à Comissão para fixação da Redação final,2026-03-26,
346047,57,1716962,360,Resolução (Publicação DAR),2026-04-07,
346047,26,1716963,400,Envio INCM,2026-04-07,
346047,44,1717033,600,Resolução da AR (Publicação DR),2026-04-09,
315859,1,1642485,10,Entrada,2025-12-11,
315859,2,1642606,20,Admissão,2025-12-16,
315859,126,1642607,181,Baixa comissão para discussão,2025-12-16,
315859,3,1642635,21,Anúncio,2025-12-17,
315859,73,1683833,335,Votação Deliberação,2026-01-23,
315859,133,1684039,348,Envio à Comissão para fixação da Redação final,2026-01-28,
315859,57,1704316,360,Resolução (Publicação DAR),2026-02-05,
315859,26,1704317,400,Envio INCM,2026-02-05,
315859,44,1704343,600,Resolução da AR (Publicação DR),2026-02-09,
315675,1,1631129,10,Entrada,2025-10-10,
315675,2,1641280,20,Admissão,2025-10-14,
315675,126,1641281,181,Baixa comissão para discussão,2025-10-14,
315675,3,1641390,21,Anúncio,2025-10-15,
315675,64,1663123,243,Apreciação,2026-01-07,
315675,13,1663334,250,Votação na generalidade,2026-01-09,
315861,1,1642487,10,Entrada,2025-12-11,
315861,2,1642610,20,Admissão,2025-12-16,
315861,126,1642611,181,Baixa comissão para discussão,2025-12-16,
315861,3,1642650,21,Anúncio,2025-12-17,
315861,73,1694066,335,Votação Deliberação,2026-01-30,
315861,133,1694148,348,Envio à Comissão para fixação da Redação final,2026-02-03,
315861,57,1704494,360,Resolução (Publicação DAR),2026-02-12,
315861,26,1704495,400,Envio INCM,2026-02-12,
315861,44,1705443,600,Resolução da AR (Publicação DR),2026-03-03,
315533,1,1629866,10,Entrada,2025-09-08,
315533,2,1629936,20,Admissão,2025-09-09,
315533,126,1629937,181,Baixa comissão para discussão,2025-09-09,
315533,3,1630133,21,Anúncio,2025-09-10,
315555,1,1630163,10,Entrada,2025-09-12,
315555,2,1630297,20,Admissão,2025-09-17,
315555,3,1630388,21,Anúncio,2025-09-17,
315555,64,1630271,243,Apreciação,2025-09-19,
315555,13,1630864,250,Votação na generalidade,2025-09-26,
345969,1,1683471,10,Entrada,2026-01-16,
345969,3,1683809,21,Anúncio,2026-01-21,
345969,2,1683810,20,Admissão,2026-01-23,
345969,126,1683811,181,Baixa comissão para discussão,2026-01-23,
345969,13,1705439,250,Votação na generalidade,2026-02-27,
345969,14,1705440,270,Baixa comissão especialidade,2026-02-27,
345969,18,1716491,320,Votação final global,2026-03-20,"Texto Final relativo aos Projetos de Resolução n.ºs 494/XVII/1.ª (BE), 571/XVII/1.ª (PSD) e 399/XVII/1.ª (PAN), apresentado pela Comissão de Trabalho, Segurança Social e Inclusão"
345969,133,1716630,348,Envio à Comissão para fixação da Redação final,2026-03-26,
345969,57,1717561,360,Resolução (Publicação DAR),2026-04-16,
345969,26,1717562,400,Envio INCM,2026-04-16,
345969,44,1717698,600,Resolução da AR (Publicação DR),2026-04-20,
335963,1,1663399,10,Entrada,2026-01-12,
335963,2,1683418,20,Admissão,2026-01-13,
335963,3,1683890,21,Anúncio,2026-01-21,
335963,64,1683681,243,Apreciação,2026-01-30,
335963,13,1694112,250,Votação na generalidade,2026-01-30,
335963,14,1694113,270,Baixa comissão especialidade,2026-01-30,
335963,18,1705462,320,Votação final global,2026-02-27,"Texto final, apresentado pela Comissão de Orçamento, Finanças e Administração Pública, relativo ao Projeto de Resolução n.º 488/XVII/1.ª (CH)"
335963,133,1705520,348,Envio à Comissão para fixação da Redação final,2026-03-05,
335963,57,1706363,360,Resolução (Publicação DAR),2026-03-20,
335963,26,1706369,400,Envio INCM,2026-03-20,
335963,44,1716506,600,Resolução da AR (Publicação DR),2026-03-24,
315570,1,1630179,10,Entrada,2025-09-12,
315570,2,1630303,20,Admissão,2025-09-17,
315570,3,1630393,21,Anúncio,2025-09-17,
315570,64,1630316,243,Apreciação,2025-09-18,
315570,73,1630525,335,Votação Deliberação,2025-09-19,
346004,1,1683510,10,Entrada,2026-01-16,
346004,3,1683813,21,Anúncio,2026-01-21,
346004,2,1683814,20,Admissão,2026-01-23,
346004,64,1683682,243,Apreciação,2026-01-30,
346004,13,1694114,250,Votação na generalidade,2026-01-30,
346004,14,1694115,270,Baixa comissão especialidade,2026-01-30,
346004,18,1705464,320,Votação final global,2026-02-27,"Texto final, apresentado pela Comissão de Orçamento, Finanças e Administração Pública, relativo ao Projeto de Resolução n.º 496/XVII/1.ª (PAN)"
346004,133,1705521,348,Envio à Comissão para fixação da Redação final,2026-03-05,
346004,57,1706364,360,Resolução (Publicação DAR),2026-03-20,
346004,26,1706370,400,Envio INCM,2026-03-20,
346004,44,1716507,600,Resolução da AR (Publicação DR),2026-03-24,
346013,1,1683520,10,Entrada,2026-01-16,
346013,3,1683727,21,Anúncio,2026-01-21,
346013,2,1683658,20,Admissão,2026-01-22,
346013,64,1683677,243,Apreciação,2026-01-30,
346013,13,1694095,250,Votação na generalidade,2026-01-30,
346013,14,1694096,270,Baixa comissão especialidade,2026-01-30,
346013,18,1730420,320,Votação final global,2026-06-12,
346013,133,1730615,348,Envio à Comissão para fixação da Redação final,2026-06-22,
346013,57,1731165,360,Resolução (Publicação DAR),2026-07-02,
346013,26,1731166,400,Envio INCM,2026-07-02,
346013,44,1731359,600,Resolução da AR (Publicação DR),2026-07-06,
315646,1,1630822,10,Entrada,2025-09-26,
315646,2,1630888,20,Admissão,2025-09-29,
315646,126,1630960,181,Baixa comissão para discussão,2025-09-30,
315646,3,1630975,21,Anúncio,2025-09-30,
315668,1,1631043,10,Entrada,2025-10-08,
315668,2,1631128,20,Admissão,2025-10-09,
315668,3,1641338,21,Anúncio,2025-10-15,
315668,64,1641353,243,Apreciação,2025-10-17,
315668,13,1641756,250,Votação na generalidade,2025-10-28,
315852,1,1642391,10,Entrada,2025-12-10,
315852,2,1642492,20,Admissão,2025-12-11,
315852,126,1642493,181,Baixa comissão para discussão,2025-12-11,
315852,3,1642497,21,Anúncio,2025-12-12,
315852,9,1683933,180,Baixa comissão distribuição inicial generalidade,2026-01-27,
315852,126,1704957,181,Baixa comissão para discussão,2026-02-23,
356103,1,1704374,10,Entrada,2026-02-10,
356103,2,1704551,20,Admissão,2026-02-13,
356103,126,1704552,181,Baixa comissão para discussão,2026-02-13,
356103,3,1704553,21,Anúncio,2026-02-18,
356103,64,1704811,243,Apreciação,2026-02-20,
356103,122,1704984,237,Requerimento Baixa Comissão sem Votação (Generalidade),2026-02-20,
356103,127,1704985,245,Nova Baixa Comissão para Discussão,2026-02-20,
356103,73,1716485,335,Votação Deliberação,2026-03-20,"Texto de substituição, apresentado pela Comissão de Economia e Coesão Territorial, relativo ao do Projeto de Resolução n.º 566/XVII/1.ª (PSD)"
356103,133,1716694,348,Envio à Comissão para fixação da Redação final,2026-03-27,
356103,57,1716964,360,Resolução (Publicação DAR),2026-04-07,
356103,26,1716965,400,Envio INCM,2026-04-07,
356103,44,1717034,600,Resolução da AR (Publicação DR),2026-04-09,
315667,1,1631042,10,Entrada,2025-10-08,
315667,2,1631107,20,Admissão,2025-10-09,
315667,3,1641337,21,Anúncio,2025-10-15,
315667,64,1641256,243,Apreciação,2025-10-16,
315667,13,1641465,250,Votação na generalidade,2025-10-16,
315686,1,1631140,10,Entrada,2025-10-10,
315686,2,1641291,20,Admissão,2025-10-15,
315686,3,1641394,21,Anúncio,2025-10-15,
315686,64,1642312,243,Apreciação,2025-12-04,
315686,13,1642280,250,Votação na generalidade,2025-12-05,
315698,1,1631152,10,Entrada,2025-10-10,
315698,2,1641309,20,Admissão,2025-10-15,
315698,3,1641399,21,Anúncio,2025-10-15,
315698,64,1642314,243,Apreciação,2025-12-04,
315698,13,1642274,250,Votação na generalidade,2025-12-05,
335955,1,1663297,10,Entrada,2026-01-09,
335955,2,1683453,20,Admissão,2026-01-14,
335955,126,1683454,181,Baixa comissão para discussão,2026-01-14,
335955,3,1683884,21,Anúncio,2026-01-21,
335955,73,1704621,335,Votação Deliberação,2026-02-13,Votação por pontos requerida pela IL
335955,133,1705103,348,Envio à Comissão para fixação da Redação final,2026-02-19,
335955,57,1705305,360,Resolução (Publicação DAR),2026-02-26,
335955,26,1705306,400,Envio INCM,2026-02-26,
335955,44,1705353,600,Resolução da AR (Publicação DR),2026-03-02,
315775,1,1641987,10,Entrada,2025-11-25,
315775,2,1642010,20,Admissão,2025-11-26,
315775,126,1642011,181,Baixa comissão para discussão,2025-11-26,
315775,3,1642012,21,Anúncio,2025-11-27,
315762,1,1641913,10,Entrada,2025-11-12,
315762,2,1641922,20,Admissão,2025-11-13,
315762,126,1641923,181,Baixa comissão para discussão,2025-11-13,
315762,3,1641945,21,Anúncio,2025-11-20,
315794,1,1642030,10,Entrada,2025-11-28,
315794,2,1642135,20,Admissão,2025-12-03,
315794,3,1642136,21,Anúncio,2025-12-04,
315783,1,1642013,10,Entrada,2025-11-27,
315783,2,1642118,20,Admissão,2025-12-03,
315783,126,1642119,181,Baixa comissão para discussão,2025-12-03,
315783,3,1642120,21,Anúncio,2025-12-04,
315801,1,1642040,10,Entrada,2025-11-28,
315801,2,1642141,20,Admissão,2025-12-03,
315801,3,1642142,21,Anúncio,2025-12-04,
315801,64,1642326,243,Apreciação,2025-12-10,
315801,13,1642525,250,Votação na generalidade,2025-12-12,
356153,1,1704589,10,Entrada,2026-02-13,
356153,2,1704770,20,Admissão,2026-02-18,
356153,3,1704771,21,Anúncio,2026-02-19,
356153,64,1705183,243,Apreciação,2026-02-26,
356153,13,1705378,250,Votação na generalidade,2026-02-27,
356153,14,1705379,270,Baixa comissão especialidade,2026-02-27,
356153,18,1716493,320,Votação final global,2026-03-20,"Texto Final, apresentado pela Comissão de Trabalho, Segurança Social e Inclusão, relativo ao Projeto de Resolução n.º Projeto de Resolução n.º 590/XVII/1.ª (L)"
356153,133,1716777,348,Envio à Comissão para fixação da Redação final,2026-03-30,
356153,57,1716966,360,Resolução (Publicação DAR),2026-04-07,
356153,26,1716967,400,Envio INCM,2026-04-07,
356153,44,1717035,600,Resolução da AR (Publicação DR),2026-04-09,
335941,1,1663017,10,Entrada,2026-01-06,
335941,2,1663060,20,Admissão,2026-01-06,
335941,126,1663061,181,Baixa comissão para discussão,2026-01-06,
335941,3,1663263,21,Anúncio,2026-01-08,
335941,73,1663323,335,Votação Deliberação,2026-01-09,
335941,57,1683403,360,Resolução (Publicação DAR),2026-01-13,
335941,26,1683404,400,Envio INCM,2026-01-13,
335941,44,1683436,600,Resolução da AR (Publicação DR),2026-01-15,
356067,1,1694133,10,Entrada,2026-02-03,
356067,2,1704230,20,Admissão,2026-02-03,
356067,126,1704231,181,Baixa comissão para discussão,2026-02-03,
356067,3,1704232,21,Anúncio,2026-02-11,
356067,73,1704634,335,Votação Deliberação,2026-02-13,Votação por pontos requerida pelo PAN
356067,133,1705000,348,Envio à Comissão para fixação da Redação final,2026-02-23,
356067,57,1705684,360,Resolução (Publicação DAR),2026-03-10,
356067,26,1705694,400,Envio INCM,2026-03-11,
356067,44,1705847,600,Resolução da AR (Publicação DR),2026-03-13,
356219,1,1705006,10,Entrada,2026-02-23,
356219,2,1705315,20,Admissão,2026-02-25,
356219,3,1705316,21,Anúncio,2026-02-25,
356219,64,1705021,243,Apreciação,2026-02-25,
356219,13,1705266,250,Votação na generalidade,2026-02-25,
356219,14,1705289,270,Baixa comissão especialidade,2026-02-25,
356219,10,1717931,190,Discussão generalidade,2026-02-25,
356219,18,1716489,320,Votação final global,2026-03-20,
356219,133,1716778,348,Envio à Comissão para fixação da Redação final,2026-03-30,
356219,57,1717589,360,Resolução (Publicação DAR),2026-04-16,
356219,26,1717590,400,Envio INCM,2026-04-16,
356219,51,1717685,50,Publicação,2026-04-20,
356219,44,1717686,600,Resolução da AR (Publicação DR),2026-04-20,
315832,1,1642228,10,Entrada,2025-12-05,
315832,2,1642351,20,Admissão,2025-12-09,
315832,3,1642471,21,Anúncio,2025-12-10,
315832,64,1663015,243,Apreciação,2025-12-19,
315832,13,1642843,250,Votação na generalidade,2025-12-19,
315900,1,1642918,10,Entrada,2025-12-29,
315900,2,1663064,20,Admissão,2026-01-06,
315900,3,1663244,21,Anúncio,2026-01-08,
315900,64,1663155,243,Apreciação,2026-01-09,
315900,13,1663367,250,Votação na generalidade,2026-01-09,
315900,14,1663368,270,Baixa comissão especialidade,2026-01-09,
315875,1,1642618,10,Entrada,2025-12-16,
315875,2,1642625,20,Admissão,2025-12-17,
315875,3,1642629,21,Anúncio,2025-12-17,
315875,73,1642812,335,Votação Deliberação,2025-12-19,
315875,57,1642768,360,Resolução (Publicação DAR),2025-12-19,
315875,26,1642769,400,Envio INCM,2025-12-19,
315875,44,1642894,600,Resolução da AR (Publicação DR),2025-12-23,
345966,1,1683434,10,Entrada,2026-01-14,
345966,2,1683467,20,Admissão,2026-01-15,
345966,126,1683468,181,Baixa comissão para discussão,2026-01-15,
345966,3,1683894,21,Anúncio,2026-01-21,
345966,73,1704623,335,Votação Deliberação,2026-02-13,"Texto Final, apresentado pela Comissão de Negócios Estrangeiros e Comunidades Portuguesas, relativo ao Projeto de Resolução n.º 492/XVII/1.ª (BE)"
345966,57,1705687,360,Resolução (Publicação DAR),2026-03-10,
345966,26,1705698,400,Envio INCM,2026-03-10,
345966,44,1705798,600,Resolução da AR (Publicação DR),2026-03-12,
356167,1,1704603,10,Entrada,2026-02-13,
356167,2,1704794,20,Admissão,2026-02-18,
356167,3,1704795,21,Anúncio,2026-02-19,
356167,64,1704659,243,Apreciação,2026-02-20,
356167,13,1704966,250,Votação na generalidade,2026-02-20,
356167,14,1704967,270,Baixa comissão especialidade,2026-02-20,
356167,18,1731901,320,Votação final global,2026-07-17,
356167,133,1731996,348,Envio à Comissão para fixação da Redação final,2026-07-21,
356167,57,1742067,360,Resolução (Publicação DAR),2026-07-23,
356167,26,1742068,400,Envio INCM,2026-07-23,
356167,44,1752147,600,Resolução da AR (Publicação DR),2026-07-29,
356099,1,1704366,10,Entrada,2026-02-10,
356099,2,1704472,20,Admissão,2026-02-11,
356099,126,1704473,181,Baixa comissão para discussão,2026-02-11,
356099,3,1704474,21,Anúncio,2026-02-12,
356099,73,1730855,335,Votação Deliberação,2026-06-25,
356099,133,1731520,348,Envio à Comissão para fixação da Redação final,2026-07-09,
356099,57,1742089,360,Resolução (Publicação DAR),2026-07-24,
356099,26,1742090,400,Envio INCM,2026-07-24,
356099,44,1752194,600,Resolução da AR (Publicação DR),2026-07-30,
315914,1,1642939,10,Entrada,2026-01-02,
315914,2,1663076,20,Admissão,2026-01-06,
315914,3,1663236,21,Anúncio,2026-01-08,
315914,64,1663157,243,Apreciação,2026-01-09,
315914,13,1663369,250,Votação na generalidade,2026-01-09,
315914,14,1663370,270,Baixa comissão especialidade,2026-01-09,
315855,1,1642481,10,Entrada,2025-12-11,
315855,2,1642598,20,Admissão,2025-12-16,
315855,126,1642599,181,Baixa comissão para discussão,2025-12-16,
315855,3,1642639,21,Anúncio,2025-12-17,
315838,1,1642234,10,Entrada,2025-12-05,
315838,2,1642410,20,Admissão,2025-12-10,
315838,3,1642467,21,Anúncio,2025-12-10,
315838,64,1663009,243,Apreciação,2025-12-19,
315838,13,1642828,250,Votação na generalidade,2025-12-19,
356091,1,1704345,10,Entrada,2026-02-08,
356091,2,1704436,20,Admissão,2026-02-11,
356091,126,1704437,181,Baixa comissão para discussão,2026-02-11,
356091,3,1704438,21,Anúncio,2026-02-12,
356091,73,1705438,335,Votação Deliberação,2026-02-27,
356091,133,1705523,348,Envio à Comissão para fixação da Redação final,2026-03-05,
356091,57,1716615,360,Resolução (Publicação DAR),2026-03-25,
356091,26,1716616,400,Envio INCM,2026-03-25,
356091,44,1716643,600,Resolução da AR (Publicação DR),2026-03-27,
356182,1,1704675,10,Entrada,2026-02-18,
356182,2,1704926,20,Admissão,2026-02-20,
356182,3,1704927,21,Anúncio,2026-02-20,
356182,64,1704813,243,Apreciação,2026-02-20,
356182,13,1704988,250,Votação na generalidade,2026-02-20,
356182,14,1704989,270,Baixa comissão especialidade,2026-02-20,
356182,18,1716680,320,Votação final global,2026-03-26,"Texto Final, apresentado pela Comissão de Infraestruturas, Mobilidade e Habitação, relativo ao Projeto de Resolução n.º 613/XVII/1.ª (PS)"
356182,133,1717301,348,Envio à Comissão para fixação da Redação final,2026-04-15,
356182,57,1717945,360,Resolução (Publicação DAR),2026-04-23,
356182,26,1717946,400,Envio INCM,2026-04-23,
356182,44,1718121,600,Resolução da AR (Publicação DR),2026-04-27,
356095,1,1704355,10,Entrada,2026-02-09,
356095,2,1704460,20,Admissão,2026-02-11,
356095,126,1704461,181,Baixa comissão para discussão,2026-02-11,
356095,3,1704462,21,Anúncio,2026-02-12,
356095,73,1705604,335,Votação Deliberação,2026-03-06,
356095,133,1716952,348,Envio à Comissão para fixação da Redação final,2026-04-03,
356095,57,1717591,360,Resolução (Publicação DAR),2026-04-16,
356095,26,1717592,400,Envio INCM,2026-04-16,
356095,44,1717678,600,Resolução da AR (Publicação DR),2026-04-20,
315925,1,1642966,10,Entrada,2026-01-02,
315925,2,1663079,20,Admissão,2026-01-06,
315925,3,1663232,21,Anúncio,2026-01-08,
315925,64,1663160,243,Apreciação,2026-01-09,
315925,13,1663372,250,Votação na generalidade,2026-01-09,
315925,14,1663373,270,Baixa comissão especialidade,2026-01-09,
335925,1,1662965,10,Entrada,2026-01-02,
335925,2,1663084,20,Admissão,2026-01-06,
335925,3,1663268,21,Anúncio,2026-01-08,
335925,64,1663161,243,Apreciação,2026-01-09,
335925,13,1663374,250,Votação na generalidade,2026-01-09,
335925,14,1663376,270,Baixa comissão especialidade,2026-01-09,
315847,1,1642262,10,Entrada,2025-12-05,
315847,2,1642415,20,Admissão,2025-12-10,
315847,3,1642464,21,Anúncio,2025-12-10,
315847,64,1662997,243,Apreciação,2025-12-19,
315847,13,1642863,250,Votação na generalidade,2025-12-19,
356100,1,1704367,10,Entrada,2026-02-10,
356100,2,1704475,20,Admissão,2026-02-11,
356100,126,1704476,181,Baixa comissão para discussão,2026-02-11,
356100,3,1704477,21,Anúncio,2026-02-12,
356100,73,1730856,335,Votação Deliberação,2026-06-25,
356100,133,1731521,348,Envio à Comissão para fixação da Redação final,2026-07-09,
356100,57,1742095,360,Resolução (Publicação DAR),2026-07-24,
356100,26,1742096,400,Envio INCM,2026-07-24,
356100,44,1752190,600,Resolução da AR (Publicação DR),2026-07-30,
315895,1,1642913,10,Entrada,2025-12-29,
315895,2,1663056,20,Admissão,2026-01-06,
315895,64,1663125,243,Apreciação,2026-01-07,
315895,3,1663239,21,Anúncio,2026-01-08,
315895,13,1663336,250,Votação na generalidade,2026-01-09,
346048,1,1684055,10,Entrada,2026-01-29,
346048,2,1704199,20,Admissão,2026-02-03,
346048,126,1704201,181,Baixa comissão para discussão,2026-02-03,
346048,3,1704200,21,Anúncio,2026-02-11,
346048,126,1704387,181,Baixa comissão para discussão,2026-02-11,
356185,1,1704806,10,Entrada,2026-02-18,
356185,2,1704934,20,Admissão,2026-02-20,
356185,126,1704935,181,Baixa comissão para discussão,2026-02-20,
356185,3,1704936,21,Anúncio,2026-02-25,
356185,73,1705602,335,Votação Deliberação,2026-03-06,
356185,133,1716951,348,Envio à Comissão para fixação da Redação final,2026-04-03,
356185,57,1717595,360,Resolução (Publicação DAR),2026-04-16,
356185,26,1717596,400,Envio INCM,2026-04-16,
356185,44,1717675,600,Resolução da AR (Publicação DR),2026-04-20,
335928,1,1662968,10,Entrada,2026-01-02,
335928,2,1663088,20,Admissão,2026-01-06,
335928,3,1663238,21,Anúncio,2026-01-08,
335928,64,1663149,243,Apreciação,2026-01-09,
335928,13,1663363,250,Votação na generalidade,2026-01-09,
356062,1,1694104,10,Entrada,2026-02-02,
356062,2,1704221,20,Admissão,2026-02-03,
356062,126,1704223,181,Baixa comissão para discussão,2026-02-03,
356062,3,1704222,21,Anúncio,2026-02-11,
356062,64,1705222,243,Apreciação,2026-02-26,
356062,13,1705431,250,Votação na generalidade,2026-02-27,
356329,1,1705773,10,Entrada,2026-03-10,
356329,3,1706245,21,Anúncio,2026-03-18,
356329,2,1706246,20,Admissão,2026-03-18,
356329,126,1706247,181,Baixa comissão para discussão,2026-03-18,
356329,13,1717250,250,Votação na generalidade,2026-04-10,
356329,14,1717251,270,Baixa comissão especialidade,2026-04-10,
356329,18,1729381,320,Votação final global,2026-05-15,
356329,133,1729382,348,Envio à Comissão para fixação da Redação final,2026-05-22,
356329,57,1729934,360,Resolução (Publicação DAR),2026-06-03,
356329,26,1729937,400,Envio INCM,2026-06-03,
356329,44,1730129,600,Resolução da AR (Publicação DR),2026-06-09,
335949,1,1663208,10,Entrada,2026-01-08,
335949,2,1663312,20,Admissão,2026-01-09,
335949,126,1663313,181,Baixa comissão para discussão,2026-01-09,
335949,3,1683878,21,Anúncio,2026-01-21,
356310,1,1705570,10,Entrada,2026-03-06,
356310,3,1705943,21,Anúncio,2026-03-12,
356310,2,1705944,20,Admissão,2026-03-13,
356310,64,1706052,243,Apreciação,2026-03-19,
356310,13,1716428,250,Votação na generalidade,2026-03-20,
356310,14,1716429,270,Baixa comissão especialidade,2026-03-20,
356310,18,1716934,320,Votação final global,2026-04-01,"Texto Final, apresentado pela Comissão de Negócios Estrangeiros e Comunidades Portuguesas, relativo ao Projeto de Resolução n.º 474/XVII/1. ª (IL), ao Projeto de Resolução n.º 573/XVII/1. ª (PS), ao Projeto de Resolução n.º 674/XVII/1. ª (CH) e ao Projeto de Resolução n.º 681/XVII/1. ª (L)"
356310,133,1717160,348,Envio à Comissão para fixação da Redação final,2026-04-10,
356310,57,1717571,360,Resolução (Publicação DAR),2026-04-16,
356310,26,1717572,400,Envio INCM,2026-04-16,
356310,44,1717715,600,Resolução da AR (Publicação DR),2026-04-20,
356071,1,1694159,10,Entrada,2026-02-03,
356071,2,1704291,20,Admissão,2026-02-05,
356071,3,1704292,21,Anúncio,2026-02-11,
356071,64,1705205,243,Apreciação,2026-02-26,
356071,13,1705405,250,Votação na generalidade,2026-02-27,
356071,14,1705406,270,Baixa comissão especialidade,2026-02-27,
335950,1,1663209,10,Entrada,2026-01-08,
335950,2,1683405,20,Admissão,2026-01-13,
335950,126,1683406,181,Baixa comissão para discussão,2026-01-13,
335950,3,1683879,21,Anúncio,2026-01-21,
346010,1,1683516,10,Entrada,2026-01-16,
346010,3,1683818,21,Anúncio,2026-01-21,
346010,2,1683819,20,Admissão,2026-01-23,
346010,64,1683683,243,Apreciação,2026-01-30,
346010,13,1694139,250,Votação na generalidade,2026-01-30,
356093,1,1704347,10,Entrada,2026-02-09,
356093,2,1704454,20,Admissão,2026-02-11,
356093,126,1704455,181,Baixa comissão para discussão,2026-02-11,
356093,3,1704456,21,Anúncio,2026-02-12,
356093,126,1704522,181,Baixa comissão para discussão,2026-02-13,
335958,1,1663300,10,Entrada,2026-01-09,
335958,2,1683412,20,Admissão,2026-01-13,
335958,126,1683413,181,Baixa comissão para discussão,2026-01-13,
335958,3,1683886,21,Anúncio,2026-01-21,
345997,1,1683503,10,Entrada,2026-01-16,
345997,3,1683722,21,Anúncio,2026-01-21,
345997,2,1683652,20,Admissão,2026-01-22,
345997,64,1683702,243,Apreciação,2026-01-30,
345997,13,1694157,250,Votação na generalidade,2026-01-30,
356105,1,1704378,10,Entrada,2026-02-10,
356105,2,1704429,20,Admissão,2026-02-11,
356105,3,1704430,21,Anúncio,2026-02-12,
356105,73,1704607,335,Votação Deliberação,2026-02-13,
356105,57,1704687,360,Resolução (Publicação DAR),2026-02-19,
356105,26,1704693,400,Envio INCM,2026-02-19,
356105,44,1705005,600,Resolução da AR (Publicação DR),2026-02-24,
356122,1,1704501,10,Entrada,2026-02-12,
356122,2,1704738,20,Admissão,2026-02-18,
356122,3,1704739,21,Anúncio,2026-02-19,
356122,64,1705196,243,Apreciação,2026-02-26,
356122,13,1705392,250,Votação na generalidade,2026-02-27,
356122,14,1705393,270,Baixa comissão especialidade,2026-02-27,
315904,1,1642922,10,Entrada,2025-12-29,
315904,2,1663068,20,Admissão,2026-01-06,
315904,3,1663248,21,Anúncio,2026-01-08,
346005,1,1683511,10,Entrada,2026-01-16,
346005,3,1683723,21,Anúncio,2026-01-21,
346005,2,1683654,20,Admissão,2026-01-22,
346005,64,1705643,243,Apreciação,2026-03-12,
346005,13,1705986,250,Votação na generalidade,2026-03-13,
346035,1,1683737,10,Entrada,2026-01-23,
346035,3,1683901,21,Anúncio,2026-01-23,
346035,2,1684020,20,Admissão,2026-01-27,
346035,126,1684021,181,Baixa comissão para discussão,2026-01-27,
335924,1,1662964,10,Entrada,2026-01-02,
335924,2,1663083,20,Admissão,2026-01-06,
335924,3,1663267,21,Anúncio,2026-01-08,
346042,1,1683920,10,Entrada,2026-01-27,
346042,2,1704188,20,Admissão,2026-02-03,
346042,126,1704190,181,Baixa comissão para discussão,2026-02-03,
346042,3,1704189,21,Anúncio,2026-02-11,
346052,1,1684060,10,Entrada,2026-01-30,
346052,2,1704262,20,Admissão,2026-02-04,
346052,126,1704264,181,Baixa comissão para discussão,2026-02-04,
346052,3,1704263,21,Anúncio,2026-02-11,
356440,1,1716772,10,Entrada,2026-03-30,
356440,2,1716899,20,Admissão,2026-04-01,
356440,126,1716900,181,Baixa comissão para discussão,2026-04-01,
356440,3,1716901,21,Anúncio,2026-04-01,
356440,64,1729082,243,Apreciação,2026-05-21,
356440,13,1729493,250,Votação na generalidade,2026-05-22,
356440,14,1729494,270,Baixa comissão especialidade,2026-05-22,
356440,18,1730019,320,Votação final global,2026-06-03,"Texto final, apresentado pela Comissão de Agricultura e Pescas, relativo ao Projeto de Resolução n.º 764/XVII/1.ª (CH)"
356440,133,1730433,348,Envio à Comissão para fixação da Redação final,2026-06-16,
356440,57,1730825,360,Resolução (Publicação DAR),2026-06-25,
356440,26,1730826,400,Envio INCM,2026-06-25,
356440,44,1730928,600,Resolução da AR (Publicação DR),2026-06-29,
356308,1,1705555,10,Entrada,2026-03-06,
356308,3,1705940,21,Anúncio,2026-03-12,
356308,2,1705941,20,Admissão,2026-03-13,
356308,126,1705942,181,Baixa comissão para discussão,2026-03-13,
356308,73,1716690,335,Votação Deliberação,2026-03-26,
356308,133,1716959,348,Envio à Comissão para fixação da Redação final,2026-04-07,
356308,57,1717593,360,Resolução (Publicação DAR),2026-04-16,
356308,26,1717594,400,Envio INCM,2026-04-16,
356308,44,1717704,600,Resolução da AR (Publicação DR),2026-04-20,
356077,1,1704183,10,Entrada,2026-02-04,
356077,2,1704293,20,Admissão,2026-02-05,
356077,126,1704295,181,Baixa comissão para discussão,2026-02-05,
356077,3,1704294,21,Anúncio,2026-02-11,
356077,73,1705450,335,Votação Deliberação,2026-02-27,
356157,1,1704593,10,Entrada,2026-02-13,
356157,2,1704778,20,Admissão,2026-02-18,
356157,3,1704779,21,Anúncio,2026-02-19,
356157,64,1705199,243,Apreciação,2026-02-26,
356157,13,1705397,250,Votação na generalidade,2026-02-27,
356157,14,1705398,270,Baixa comissão especialidade,2026-02-27,
356124,1,1704503,10,Entrada,2026-02-12,
356124,2,1704743,20,Admissão,2026-02-18,
356124,126,1704744,181,Baixa comissão para discussão,2026-02-18,
356124,3,1704745,21,Anúncio,2026-02-19,
356124,73,1731392,335,Votação Deliberação,2026-07-03,
356092,1,1704346,10,Entrada,2026-02-09,
356092,2,1704439,20,Admissão,2026-02-11,
356092,126,1704441,181,Baixa comissão para discussão,2026-02-11,
356092,3,1704440,21,Anúncio,2026-02-12,
356146,1,1704582,10,Entrada,2026-02-13,
356146,2,1704761,20,Admissão,2026-02-18,
356146,126,1704762,181,Baixa comissão para discussão,2026-02-18,
356146,3,1704763,21,Anúncio,2026-02-19,
356146,73,1705626,335,Votação Deliberação,2026-03-06,Votação por pontos requerida pelo PAN
356165,1,1704601,10,Entrada,2026-02-13,
356165,2,1704790,20,Admissão,2026-02-18,
356165,3,1704791,21,Anúncio,2026-02-19,
356165,64,1705213,243,Apreciação,2026-02-26,
356165,13,1705421,250,Votação na generalidade,2026-02-27,
356165,14,1705422,270,Baixa comissão especialidade,2026-02-27,
356075,1,1704181,10,Entrada,2026-02-04,
356075,2,1704305,20,Admissão,2026-02-05,
356075,126,1704307,181,Baixa comissão para discussão,2026-02-05,
356075,3,1704306,21,Anúncio,2026-02-11,
356142,1,1704578,10,Entrada,2026-02-13,
356142,2,1704753,20,Admissão,2026-02-18,
356142,3,1704754,21,Anúncio,2026-02-19,
356142,64,1705181,243,Apreciação,2026-02-26,
356142,13,1705375,250,Votação na generalidade,2026-02-27,
346056,1,1684064,10,Entrada,2026-01-30,
346056,2,1704210,20,Admissão,2026-02-03,
346056,3,1704211,21,Anúncio,2026-02-11,
356193,1,1704840,10,Entrada,2026-02-19,
356193,2,1704939,20,Admissão,2026-02-20,
356193,3,1704940,21,Anúncio,2026-02-20,
356193,64,1704869,243,Apreciação,2026-02-20,
356193,13,1705064,250,Votação na generalidade,2026-02-20,
356202,1,1704851,10,Entrada,2026-02-20,
356202,2,1705153,20,Admissão,2026-02-24,
356202,126,1705154,181,Baixa comissão para discussão,2026-02-24,
356202,3,1705155,21,Anúncio,2026-02-25,
356218,1,1705002,10,Entrada,2026-02-23,
356218,2,1705169,20,Admissão,2026-02-24,
356218,3,1705170,21,Anúncio,2026-02-25,
356218,64,1705020,243,Apreciação,2026-02-25,
356218,13,1705265,250,Votação na generalidade,2026-02-25,
356307,1,1705554,10,Entrada,2026-03-06,
356307,3,1706240,21,Anúncio,2026-03-18,
356307,2,1706241,20,Admissão,2026-03-18,
356307,41,1728562,150,Recurso da decisão do PAR,2026-03-19,"Recurso para Plenário do despacho emitido pelo Presidente da Assembleia da República, no sentido de não admitir a debate os Projetos de Resolução n.º 678/XVII/1.ª e 679/XVII/1.ª, na sequência da não aceitação do arrastamento, por parte do PSD, por falta de conexão material com a Proposta de Lei n.º 60/XVII/1.ª (GOV)"
356307,42,1728563,160,Votação do recurso da decisão do PAR,2026-03-19,
356307,126,1716528,181,Baixa comissão para discussão,2026-03-24,
356227,1,1705314,10,Entrada,2026-02-27,
356227,3,1705621,21,Anúncio,2026-03-04,
356227,2,1705770,20,Admissão,2026-03-09,
356227,126,1705622,181,Baixa comissão para discussão,2026-03-09,
356275,1,1705467,10,Entrada,2026-03-03,
356275,3,1705757,21,Anúncio,2026-03-04,
356275,2,1705758,20,Admissão,2026-03-09,
356275,126,1705759,181,Baixa comissão para discussão,2026-03-09,
356275,73,1731393,335,Votação Deliberação,2026-07-03,
356224,1,1705295,10,Entrada,2026-02-26,
356224,3,1705717,21,Anúncio,2026-03-04,
356224,2,1705718,20,Admissão,2026-03-09,
356224,64,1705644,243,Apreciação,2026-03-12,
356224,13,1705987,250,Votação na generalidade,2026-03-13,
315165,1,1627626,10,Entrada,2025-06-25,
315165,51,1641852,50,Publicação,2025-06-25,
315165,2,1627943,20,Admissão,2025-07-01,"Despacho PAR ""Ressalvando os limites da norma travão. Proceder à audição dos órgãos de governo próprio das Regiões Autónomas."""
315165,9,1627944,180,Baixa comissão distribuição inicial generalidade,2025-07-01,Com conexão à 1.ª comissão
315165,3,1627945,21,Anúncio,2025-07-02,
315165,144,1628161,22,Audição promovida pelo PAR para a ALRAA,2025-07-02,
315165,145,1628162,23,Audição promovida pelo PAR para a ALRAM,2025-07-02,
315165,146,1628163,24,Audição promovida pelo PAR para o Governo da RAA,2025-07-02,
315165,147,1628164,25,Audição promovida pelo PAR para o Governo da RAM,2025-07-02,
315165,10,1628481,190,Discussão generalidade,2025-07-10,
315165,13,1628902,250,Votação na generalidade,2025-07-11,
315165,14,1628903,270,Baixa comissão especialidade,2025-07-11,
315165,151,1628988,175,Parecer do Governo da RAM,2025-07-15,
315165,150,1629150,174,Parecer do Governo da RAA,2025-07-17,
315165,149,1629171,173,Parecer da ALRAM,2025-07-17,
315165,148,1629201,172,Parecer da ALRAA,2025-07-21,
315165,14,1630941,270,Baixa comissão especialidade,2025-09-30,
315165,18,1642563,320,Votação final global,2025-12-12,
315165,133,1642722,348,Envio à Comissão para fixação da Redação final,2025-12-18,
315165,31,1663195,350,Decreto (Publicação),2026-01-08,
315165,23,1683419,370,Envio para promulgação,2026-01-14,
315165,24,1683951,380,Promulgação,2026-01-26,
315165,25,1683952,390,Referenda,2026-01-27,
315165,26,1683953,400,Envio INCM,2026-01-28,
315165,32,1684047,580,Lei (Publicação DR),2026-01-28,
356237,1,1705330,10,Entrada,2026-02-27,
356237,3,1705611,21,Anúncio,2026-03-04,
356237,2,1705763,20,Admissão,2026-03-09,
356237,64,1705635,243,Apreciação,2026-03-12,
356237,13,1705976,250,Votação na generalidade,2026-03-13,
356350,1,1705844,10,Entrada,2026-03-12,
356350,3,1706283,21,Anúncio,2026-03-18,
356350,2,1706284,20,Admissão,2026-03-18,
356350,126,1706285,181,Baixa comissão para discussão,2026-03-18,
356350,64,1728539,243,Apreciação,2026-05-08,
356350,13,1728788,250,Votação na generalidade,2026-05-08,
356244,1,1705337,10,Entrada,2026-02-27,
356244,3,1705793,21,Anúncio,2026-03-04,
356244,2,1705794,20,Admissão,2026-03-09,
356244,64,1705668,243,Apreciação,2026-03-13,
356244,13,1706018,250,Votação na generalidade,2026-03-13,
356238,1,1705331,10,Entrada,2026-02-27,
356238,3,1705617,21,Anúncio,2026-03-04,
356238,2,1705768,20,Admissão,2026-03-09,
356238,126,1705618,181,Baixa comissão para discussão,2026-03-09,
356245,1,1705338,10,Entrada,2026-02-27,
356245,3,1705704,21,Anúncio,2026-03-04,
356245,2,1705705,20,Admissão,2026-03-09,
356245,64,1705657,243,Apreciação,2026-03-13,
356245,13,1706006,250,Votação na generalidade,2026-03-13,
356276,1,1705468,10,Entrada,2026-03-03,
356276,3,1705760,21,Anúncio,2026-03-04,
356276,2,1705761,20,Admissão,2026-03-09,
356276,126,1705762,181,Baixa comissão para discussão,2026-03-09,
356276,73,1717299,335,Votação Deliberação,2026-04-10,
356330,1,1705774,10,Entrada,2026-03-10,
356330,3,1706248,21,Anúncio,2026-03-18,
356330,2,1706249,20,Admissão,2026-03-18,
356330,126,1706250,181,Baixa comissão para discussão,2026-03-18,
356330,64,1717181,243,Apreciação,2026-04-16,
356330,73,1717632,335,Votação Deliberação,2026-04-17,
356255,1,1705361,10,Entrada,2026-02-27,
356255,3,1705738,21,Anúncio,2026-03-04,
356255,2,1705740,20,Admissão,2026-03-09,
356255,64,1705646,243,Apreciação,2026-03-12,
356255,13,1705990,250,Votação na generalidade,2026-03-13,
356594,1,1717665,10,Entrada,2026-04-17,
356594,2,1717902,20,Admissão,2026-04-21,
356594,3,1717903,21,Anúncio,2026-04-22,
356594,64,1728550,243,Apreciação,2026-05-08,
356594,13,1728809,250,Votação na generalidade,2026-05-08,
356594,14,1728810,270,Baixa comissão especialidade,2026-05-08,
356594,18,1730416,320,Votação final global,2026-06-12,
356594,133,1730663,348,Envio à Comissão para fixação da Redação final,2026-06-22,
356594,57,1732018,360,Resolução (Publicação DAR),2026-07-23,
356594,26,1732020,400,Envio INCM,2026-07-23,
356594,44,1742121,600,Resolução da AR (Publicação DR),2026-07-28,
356560,1,1717303,10,Entrada,2026-04-15,
356560,2,1717858,20,Admissão,2026-04-21,
356560,3,1717859,21,Anúncio,2026-04-22,
356560,64,1728546,243,Apreciação,2026-05-08,
356560,13,1728799,250,Votação na generalidade,2026-05-08,
356560,14,1728800,270,Baixa comissão especialidade,2026-05-08,
356560,18,1730413,320,Votação final global,2026-06-12,
356560,133,1730658,348,Envio à Comissão para fixação da Redação final,2026-06-22,
356560,57,1732012,360,Resolução (Publicação DAR),2026-07-23,
356560,26,1732013,400,Envio INCM,2026-07-23,
356560,44,1742118,600,Resolução da AR (Publicação DR),2026-07-28,
356568,1,1717552,10,Entrada,2026-04-16,
356568,2,1717863,20,Admissão,2026-04-21,
356568,3,1717864,21,Anúncio,2026-04-22,
356568,64,1728547,243,Apreciação,2026-05-08,
356568,13,1728801,250,Votação na generalidade,2026-05-08,
356568,14,1728802,270,Baixa comissão especialidade,2026-05-08,
356568,18,1730414,320,Votação final global,2026-06-12,
356568,133,1730660,348,Envio à Comissão para fixação da Redação final,2026-06-22,
356568,57,1732014,360,Resolução (Publicação DAR),2026-07-23,
356568,26,1732015,400,Envio INCM,2026-07-23,
356568,44,1742119,600,Resolução da AR (Publicação DR),2026-07-28,
356261,1,1705369,10,Entrada,2026-02-27,
356261,3,1705745,21,Anúncio,2026-03-04,
356261,2,1705747,20,Admissão,2026-03-09,
356261,64,1705640,243,Apreciação,2026-03-12,
356261,73,1705979,335,Votação Deliberação,2026-03-13,
356406,1,1716379,10,Entrada,2026-03-20,
356406,2,1716544,20,Admissão,2026-03-24,
356406,126,1716545,181,Baixa comissão para discussão,2026-03-24,
356406,3,1716585,21,Anúncio,2026-03-25,
356406,64,1717106,243,Apreciação,2026-04-10,
356406,13,1717204,250,Votação na generalidade,2026-04-10,
356581,1,1717640,10,Entrada,2026-04-17,
356581,2,1717892,20,Admissão,2026-04-21,
356581,3,1717893,21,Anúncio,2026-04-22,
356581,64,1728548,243,Apreciação,2026-05-08,
356581,13,1728803,250,Votação na generalidade,2026-05-08,
356581,14,1728804,270,Baixa comissão especialidade,2026-05-08,
356581,18,1730415,320,Votação final global,2026-06-12,
356581,133,1730662,348,Envio à Comissão para fixação da Redação final,2026-06-22,
356581,57,1732016,360,Resolução (Publicação DAR),2026-07-23,
356581,26,1732017,400,Envio INCM,2026-07-23,
356581,44,1742120,600,Resolução da AR (Publicação DR),2026-07-28,
356316,1,1705563,10,Entrada,2026-03-06,
356316,3,1705945,21,Anúncio,2026-03-12,
356316,2,1705946,20,Admissão,2026-03-13,
356316,64,1706053,243,Apreciação,2026-03-19,
356316,13,1716430,250,Votação na generalidade,2026-03-20,
356572,1,1717604,10,Entrada,2026-04-17,
356572,2,1717877,20,Admissão,2026-04-21,
356572,126,1717878,181,Baixa comissão para discussão,2026-04-21,
356572,3,1717879,21,Anúncio,2026-04-22,
356572,126,1728517,181,Baixa comissão para discussão,2026-05-06,
356572,73,1730860,335,Votação Deliberação,2026-06-25,
356572,133,1731550,348,Envio à Comissão para fixação da Redação final,2026-07-10,
356572,57,1731768,360,Resolução (Publicação DAR),2026-07-17,
356572,26,1731769,400,Envio INCM,2026-07-17,
356572,44,1731991,600,Resolução da AR (Publicação DR),2026-07-22,
356578,1,1717625,10,Entrada,2026-04-17,
356578,2,1717920,20,Admissão,2026-04-22,
356578,3,1717921,21,Anúncio,2026-04-22,
356578,64,1728556,243,Apreciação,2026-05-08,
356578,13,1728820,250,Votação na generalidade,2026-05-08,
356578,14,1728821,270,Baixa comissão especialidade,2026-05-08,
356578,18,1730676,320,Votação final global,2026-06-19,"Texto final, apresentado pela Comissão de Trabalho, Segurança Social e Inclusão, relativo ao Projeto de Resolução n.º 853/XVII/1.ª (PCP)"
356578,133,1731148,348,Envio à Comissão para fixação da Redação final,2026-07-02,
356578,57,1731700,360,Resolução (Publicação DAR),2026-07-16,
356578,26,1731701,400,Envio INCM,2026-07-16,
356578,44,1731880,600,Resolução da AR (Publicação DR),2026-07-21,
356558,1,1717297,10,Entrada,2026-04-15,
356558,2,1717846,20,Admissão,2026-04-21,
356558,3,1717849,21,Anúncio,2026-04-22,
356558,64,1728551,243,Apreciação,2026-05-08,
356558,13,1728811,250,Votação na generalidade,2026-05-08,
356558,14,1728812,270,Baixa comissão especialidade,2026-05-08,
356558,18,1730674,320,Votação final global,2026-06-19,"Texto final, apresentado pela Comissão de Trabalho, Segurança Social e Inclusão, relativo ao Projeto de Resolução n.º 839/XVII/1.ª (CDS-PP)"
356558,133,1730918,348,Envio à Comissão para fixação da Redação final,2026-06-26,
356558,57,1731529,360,Resolução (Publicação DAR),2026-07-09,
356558,44,1731560,600,Resolução da AR (Publicação DR),2026-07-13,
356584,1,1717643,10,Entrada,2026-04-17,
356584,2,1717894,20,Admissão,2026-04-21,
356584,3,1717895,21,Anúncio,2026-04-22,
356584,64,1728507,243,Apreciação,2026-05-07,
356584,13,1728774,250,Votação na generalidade,2026-05-08,
356584,14,1728776,270,Baixa comissão especialidade,2026-05-08,
356584,18,1729810,320,Votação final global,2026-05-29,"Texto Final, apresentado pela Comissão de Defesa Nacional, relativo ao Projeto de Resolução n.º 858/XVII/1.ª (IL)"
356584,133,1730045,348,Envio à Comissão para fixação da Redação final,2026-06-08,
356584,57,1730223,360,Resolução (Publicação DAR),2026-06-11,
356584,26,1730224,400,Envio INCM,2026-06-11,
356584,44,1730299,600,Resolução da AR (Publicação DR),2026-06-15,
356546,1,1717022,10,Entrada,2026-04-08,
356546,2,1717441,20,Admissão,2026-04-15,
356546,126,1717442,181,Baixa comissão para discussão,2026-04-15,
356546,3,1717443,21,Anúncio,2026-04-16,
356546,73,1728827,335,Votação Deliberação,2026-05-08,
356546,133,1729246,348,Envio à Comissão para fixação da Redação final,2026-05-19,
356546,57,1729340,360,Resolução (Publicação DAR),2026-05-21,
356546,26,1729341,400,Envio INCM,2026-05-21,
356546,44,1729485,600,Resolução da AR (Publicação DR),2026-05-26,
356529,1,1716974,10,Entrada,2026-04-07,
356529,2,1717392,20,Admissão,2026-04-16,
356529,126,1717393,181,Baixa comissão para discussão,2026-04-16,
356529,3,1717394,21,Anúncio,2026-04-16,
356529,73,1730016,335,Votação Deliberação,2026-06-03,
356529,133,1730277,348,Envio à Comissão para fixação da Redação final,2026-06-12,
356529,57,1730605,360,Resolução (Publicação DAR),2026-06-19,
356529,26,1730695,400,Envio INCM,2026-06-19,
356529,44,1730725,600,Resolução da AR (Publicação DR),2026-06-24,
356642,1,1718151,10,Entrada,2026-04-28,
356642,2,1728344,20,Admissão,2026-05-05,
356642,126,1728345,181,Baixa comissão para discussão,2026-05-05,
356642,3,1728347,21,Anúncio,2026-05-06,
356642,126,1728999,181,Baixa comissão para discussão,2026-05-13,
356642,73,1730861,335,Votação Deliberação,2026-06-25,
356642,133,1731551,348,Envio à Comissão para fixação da Redação final,2026-07-10,
356642,57,1731770,360,Resolução (Publicação DAR),2026-07-17,
356642,26,1731771,400,Envio INCM,2026-07-17,
356642,44,1731992,600,Resolução da AR (Publicação DR),2026-07-22,
356506,1,1716884,10,Entrada,2026-03-31,
356506,2,1717326,20,Admissão,2026-04-15,
356506,3,1717327,21,Anúncio,2026-04-16,
356506,64,1717244,243,Apreciação,2026-04-17,
356506,73,1717723,335,Votação Deliberação,2026-04-17,
356506,133,1718143,348,Envio à Comissão para fixação da Redação final,2026-04-28,
356506,57,1728574,360,Resolução (Publicação DAR),2026-05-07,
356506,26,1728575,400,Envio INCM,2026-05-07,
356506,44,1728737,600,Resolução da AR (Publicação DR),2026-05-11,
356361,1,1705926,10,Entrada,2026-03-13,
356361,3,1706298,21,Anúncio,2026-03-18,
356361,2,1706299,20,Admissão,2026-03-18,
356361,126,1706300,181,Baixa comissão para discussão,2026-03-18,
356361,73,1717726,335,Votação Deliberação,2026-04-17,
356668,1,1728299,10,Entrada,2026-05-05,
356668,2,1728653,20,Admissão,2026-05-08,
356668,3,1728654,21,Anúncio,2026-05-13,
356668,64,1729050,243,Apreciação,2026-05-20,
356668,13,1729435,250,Votação na generalidade,2026-05-22,
356668,14,1729436,270,Baixa comissão especialidade,2026-05-22,
356668,18,1731876,320,Votação final global,2026-07-17,
356668,133,1731832,348,Envio à Comissão para fixação da Redação final,2026-07-20,
356668,57,1732037,360,Resolução (Publicação DAR),2026-07-23,
356668,26,1732038,400,Envio INCM,2026-07-23,
356668,44,1742127,600,Resolução da AR (Publicação DR),2026-07-28,
356719,1,1728487,10,Entrada,2026-05-06,
356719,3,1728691,21,Anúncio,2026-05-06,
356719,2,1728690,20,Admissão,2026-05-08,
356719,126,1728692,181,Baixa comissão para discussão,2026-05-08,
356719,13,1729528,250,Votação na generalidade,2026-05-22,
356719,14,1729529,270,Baixa comissão especialidade,2026-05-22,
356719,18,1730879,320,Votação final global,2026-06-25,
356719,133,1731477,348,Envio à Comissão para fixação da Redação final,2026-07-08,
356719,57,1731732,360,Resolução (Publicação DAR),2026-07-16,
356719,26,1731733,400,Envio INCM,2026-07-16,
356719,44,1731899,600,Resolução da AR (Publicação DR),2026-07-21,
356726,1,1728634,10,Entrada,2026-05-07,
356726,2,1728957,20,Admissão,2026-05-12,
356726,126,1728958,181,Baixa comissão para discussão,2026-05-12,
356726,3,1728959,21,Anúncio,2026-05-13,
356726,13,1729530,250,Votação na generalidade,2026-05-22,
356726,14,1729531,270,Baixa comissão especialidade,2026-05-22,
356726,18,1730880,320,Votação final global,2026-06-25,
356726,133,1731478,348,Envio à Comissão para fixação da Redação final,2026-07-08,
356726,57,1731734,360,Resolução (Publicação DAR),2026-07-16,
356726,26,1731736,400,Envio INCM,2026-07-16,
356726,44,1731900,600,Resolução da AR (Publicação DR),2026-07-21,
356429,1,1716614,10,Entrada,2026-03-25,
356429,2,1716668,20,Admissão,2026-03-26,
356429,3,1716669,21,Anúncio,2026-03-26,
356429,126,1716670,181,Baixa comissão para discussão,2026-03-26,
356429,64,1728544,243,Apreciação,2026-05-08,
356429,13,1728796,250,Votação na generalidade,2026-05-08,
356735,1,1728738,10,Entrada,2026-05-08,
356735,2,1728975,20,Admissão,2026-05-12,
356735,3,1728976,21,Anúncio,2026-05-13,
356735,64,1728889,243,Apreciação,2026-05-14,
356735,13,1729107,250,Votação na generalidade,2026-05-14,
356735,14,1729108,270,Baixa comissão especialidade,2026-05-14,
356735,18,1730870,320,Votação final global,2026-06-25,
356735,133,1731396,348,Envio à Comissão para fixação da Redação final,2026-07-06,
356735,57,1731722,360,Resolução (Publicação DAR),2026-07-16,
356735,26,1731723,400,Envio INCM,2026-07-16,
356735,44,1731896,600,Resolução da AR (Publicação DR),2026-07-21,
356781,1,1729365,10,Entrada,2026-05-21,
356781,3,1729566,21,Anúncio,2026-05-21,
356781,2,1729567,20,Admissão,2026-05-26,
356781,126,1729568,181,Baixa comissão para discussão,2026-05-26,
356781,13,1729807,250,Votação na generalidade,2026-05-29,
356781,14,1729808,270,Baixa comissão especialidade,2026-05-29,
356781,18,1730885,320,Votação final global,2026-06-25,
356781,133,1731310,348,Envio à Comissão para fixação da Redação final,2026-07-03,
356781,57,1731710,360,Resolução (Publicação DAR),2026-07-16,
356781,26,1731711,400,Envio INCM,2026-07-16,
356781,44,1731889,600,Resolução da AR (Publicação DR),2026-07-21,
356777,1,1729306,10,Entrada,2026-05-20,
356777,3,1729555,21,Anúncio,2026-05-20,
356777,2,1729556,20,Admissão,2026-05-26,
356777,126,1729557,181,Baixa comissão para discussão,2026-05-26,
356777,13,1729805,250,Votação na generalidade,2026-05-29,
356777,14,1729806,270,Baixa comissão especialidade,2026-05-29,
356777,18,1730884,320,Votação final global,2026-06-25,
356777,133,1731309,348,Envio à Comissão para fixação da Redação final,2026-07-03,
356777,57,1731708,360,Resolução (Publicação DAR),2026-07-16,
356777,26,1731709,400,Envio INCM,2026-07-16,
356777,44,1731888,600,Resolução da AR (Publicação DR),2026-07-21,
356763,1,1729178,10,Entrada,2026-05-16,
356763,2,1729264,20,Admissão,2026-05-19,
356763,3,1729265,21,Anúncio,2026-05-20,
356763,64,1729309,243,Apreciação,2026-05-20,
356763,13,1729446,250,Votação na generalidade,2026-05-22,
356763,14,1729447,270,Baixa comissão especialidade,2026-05-22,
356763,18,1731882,320,Votação final global,2026-07-17,
356763,133,1731839,348,Envio à Comissão para fixação da Redação final,2026-07-20,
356763,57,1732041,360,Resolução (Publicação DAR),2026-07-23,
356763,26,1732042,400,Envio INCM,2026-07-23,
356763,44,1742129,600,Resolução da AR (Publicação DR),2026-07-28,
356463,1,1716807,10,Entrada,2026-03-31,
356463,2,1717357,20,Admissão,2026-04-15,
356463,126,1717358,181,Baixa comissão para discussão,2026-04-15,
356463,3,1717359,21,Anúncio,2026-04-16,
356463,73,1718086,335,Votação Deliberação,2026-04-24,
356424,1,1716570,10,Entrada,2026-03-24,
356424,2,1716659,20,Admissão,2026-03-26,
356424,3,1716660,21,Anúncio,2026-03-26,
356424,126,1716661,181,Baixa comissão para discussão,2026-03-26,
356443,1,1716779,10,Entrada,2026-03-30,
356443,2,1716905,20,Admissão,2026-04-01,
356443,3,1716907,21,Anúncio,2026-04-01,
356443,64,1717808,243,Apreciação,2026-04-23,
356443,13,1718073,250,Votação na generalidade,2026-04-24,
356433,1,1716682,10,Entrada,2026-03-27,
356433,2,1716823,20,Admissão,2026-03-31,
356433,126,1716824,181,Baixa comissão para discussão,2026-03-31,
356433,3,1716825,21,Anúncio,2026-04-01,
356441,1,1716773,10,Entrada,2026-03-30,
356441,2,1716902,20,Admissão,2026-04-01,
356441,126,1716903,181,Baixa comissão para discussão,2026-04-01,
356441,3,1716904,21,Anúncio,2026-04-01,
356509,1,1716888,10,Entrada,2026-04-01,
356509,2,1717345,20,Admissão,2026-04-15,
356509,3,1717346,21,Anúncio,2026-04-16,
356509,64,1717788,243,Apreciação,2026-04-23,
356509,13,1718050,250,Votação na generalidade,2026-04-24,
356509,14,1718051,270,Baixa comissão especialidade,2026-04-24,
356439,1,1716771,10,Entrada,2026-03-30,
356439,2,1716896,20,Admissão,2026-04-01,
356439,126,1716897,181,Baixa comissão para discussão,2026-04-01,
356439,3,1716898,21,Anúncio,2026-04-01,
356641,1,1718149,10,Entrada,2026-04-28,
356641,2,1728341,20,Admissão,2026-05-05,
356641,126,1728342,181,Baixa comissão para discussão,2026-05-05,
356641,3,1728343,21,Anúncio,2026-05-06,
356641,126,1728991,181,Baixa comissão para discussão,2026-05-13,Redistribuição
356641,64,1730044,243,Apreciação,2026-06-12,
356641,13,1730393,250,Votação na generalidade,2026-06-12,
356480,1,1716857,10,Entrada,2026-03-31,
356480,2,1717324,20,Admissão,2026-04-15,
356480,3,1717325,21,Anúncio,2026-04-16,
356480,64,1717798,243,Apreciação,2026-04-23,
356480,13,1718065,250,Votação na generalidade,2026-04-24,
356487,1,1716864,10,Entrada,2026-03-31,
356487,2,1717094,20,Admissão,2026-04-10,
356487,3,1717095,21,Anúncio,2026-04-10,
356487,64,1717127,243,Apreciação,2026-04-10,
356487,13,1717233,250,Votação na generalidade,2026-04-10,
356502,1,1716879,10,Entrada,2026-03-31,
356502,2,1717425,20,Admissão,2026-04-15,
356502,3,1717426,21,Anúncio,2026-04-16,
356502,64,1717188,243,Apreciação,2026-04-16,
356502,13,1717633,250,Votação na generalidade,2026-04-17,
356505,1,1716882,10,Entrada,2026-03-31,
356505,2,1717447,20,Admissão,2026-04-15,
356505,3,1717448,21,Anúncio,2026-04-16,
356505,64,1717232,243,Apreciação,2026-04-16,
356505,13,1717700,250,Votação na generalidade,2026-04-17,
356500,1,1716877,10,Entrada,2026-03-31,
356500,2,1717374,20,Admissão,2026-04-15,
356500,3,1717375,21,Anúncio,2026-04-16,
356500,64,1717231,243,Apreciação,2026-04-16,
356500,13,1717697,250,Votação na generalidade,2026-04-17,
356501,1,1716878,10,Entrada,2026-03-31,
356501,2,1717040,20,Admissão,2026-04-09,
356501,3,1717041,21,Anúncio,2026-04-09,
356501,64,1717013,243,Apreciação,2026-04-09,
356501,73,1717148,335,Votação Deliberação,2026-04-10,
356542,1,1716989,10,Entrada,2026-04-07,
356542,2,1717339,20,Admissão,2026-04-15,
356542,3,1717340,21,Anúncio,2026-04-16,
356542,64,1717804,243,Apreciação,2026-04-23,
356542,13,1718071,250,Votação na generalidade,2026-04-24,
356536,1,1716983,10,Entrada,2026-04-07,
356536,2,1717437,20,Admissão,2026-04-15,
356536,3,1717438,21,Anúncio,2026-04-16,
356536,64,1717813,243,Apreciação,2026-04-23,
356536,13,1718076,250,Votação na generalidade,2026-04-24,
356828,1,1729705,10,Entrada,2026-05-28,
356828,2,1729864,20,Admissão,2026-06-02,
356828,3,1729866,21,Anúncio,2026-06-02,
356828,126,1729865,181,Baixa comissão para discussão,2026-06-02,
356828,73,1731955,335,Votação Deliberação,2026-07-17,
356828,133,1731812,348,Envio à Comissão para fixação da Redação final,2026-07-18,
356828,57,1742063,360,Resolução (Publicação DAR),2026-07-23,
356828,26,1742064,400,Envio INCM,2026-07-23,
356828,44,1742135,600,Resolução da AR (Publicação DR),2026-07-28,
356588,1,1717647,10,Entrada,2026-04-17,
356588,2,1717924,20,Admissão,2026-04-22,
356588,3,1717925,21,Anúncio,2026-04-22,
356588,64,1728558,243,Apreciação,2026-05-08,
356588,13,1728824,250,Votação na generalidade,2026-05-08,
356675,1,1728382,10,Entrada,2026-05-05,
356675,2,1728662,20,Admissão,2026-05-08,
356675,126,1728663,181,Baixa comissão para discussão,2026-05-08,
356675,3,1728664,21,Anúncio,2026-05-13,
356675,64,1730034,243,Apreciação,2026-06-11,
356675,13,1730378,250,Votação na generalidade,2026-06-12,
356589,1,1717656,10,Entrada,2026-04-17,
356589,2,1717898,20,Admissão,2026-04-21,
356589,3,1717899,21,Anúncio,2026-04-22,
356589,64,1718227,243,Apreciação,2026-04-30,
356589,13,1718251,250,Votação na generalidade,2026-04-30,
356835,1,1729720,10,Entrada,2026-05-28,
356835,2,1729885,20,Admissão,2026-06-02,
356835,126,1729886,181,Baixa comissão para discussão,2026-06-02,
356835,3,1729887,21,Anúncio,2026-06-02,
356835,73,1730661,335,Votação Deliberação,2026-06-19,
356835,133,1731008,348,Envio à Comissão para fixação da Redação final,2026-07-01,
356835,57,1731753,360,Resolução (Publicação DAR),2026-07-16,
356835,26,1731754,400,Envio INCM,2026-07-16,
356835,44,1731884,600,Resolução da AR (Publicação DR),2026-07-21,
356559,1,1717302,10,Entrada,2026-04-15,
356559,2,1717853,20,Admissão,2026-04-21,
356559,126,1717855,181,Baixa comissão para discussão,2026-04-21,
356559,3,1717856,21,Anúncio,2026-04-22,
315219,1,1627875,10,Entrada,2025-06-27,
315219,51,1683541,50,Publicação,2025-06-27,
315219,2,1627999,20,Admissão,2025-07-01,
315219,9,1628000,180,Baixa comissão distribuição inicial generalidade,2025-07-01,
315219,3,1628001,21,Anúncio,2025-07-02,
315219,10,1628137,190,Discussão generalidade,2025-07-03,
315219,122,1628286,237,Requerimento Baixa Comissão sem Votação (Generalidade),2025-07-04,
315219,12,1628394,240,Nova apreciação comissão generalidade,2025-07-04,
315219,13,1716494,250,Votação na generalidade,2026-03-20,"Texto de substituição, apresentado pela Comissão de Agricultura e Pescas, relativo ao Projeto de Lei n.º 65/XVII/1.ª (PS)"
315219,34,1716495,310,Votação na especialidade,2026-03-20,"Texto de substituição, apresentado pela Comissão de Agricultura e Pescas, relativo ao Projeto de Lei n.º 65/XVII/1.ª (PS)"
315219,18,1716496,320,Votação final global,2026-03-20,"Texto de substituição, apresentado pela Comissão de Agricultura e Pescas, relativo ao Projeto de Lei n.º 65/XVII/1.ª (PS)"
315219,133,1716782,348,Envio à Comissão para fixação da Redação final,2026-03-30,
315219,31,1717025,350,Decreto (Publicação),2026-04-08,
315219,23,1717270,370,Envio para promulgação,2026-04-14,
315219,24,1718214,380,Promulgação,2026-04-24,
315219,25,1718215,390,Referenda,2026-04-27,
315219,26,1718216,400,Envio INCM,2026-04-29,
315219,32,1728292,580,Lei (Publicação DR),2026-05-05,
356860,1,1729964,10,Entrada,2026-06-05,
356860,2,1730087,20,Admissão,2026-06-08,
356860,126,1730088,181,Baixa comissão para discussão,2026-06-08,
356860,3,1730139,21,Anúncio,2026-06-11,
356860,73,1731965,335,Votação Deliberação,2026-07-17,
356860,133,1731817,348,Envio à Comissão para fixação da Redação final,2026-07-20,
356860,57,1752215,360,Resolução (Publicação DAR),2026-07-30,
356860,26,1752216,400,Envio INCM,2026-07-30,
356860,44,1752238,600,Resolução da AR (Publicação DR),2026-08-03,
315307,1,1628328,10,Entrada,2025-07-04,
315307,51,1716720,50,Publicação,2025-07-04,
315307,2,1628721,20,Admissão,2025-07-09,
315307,3,1628722,21,Anúncio,2025-07-09,
315307,9,1628723,180,Baixa comissão distribuição inicial generalidade,2025-07-09,
315307,10,1628848,190,Discussão generalidade,2025-07-11,
315307,122,1628857,237,Requerimento Baixa Comissão sem Votação (Generalidade),2025-07-11,"Requerimento, apresentado pelo L, solicitando a baixa à Comissão de Saúde, sem votação, por 60 dias, do Projeto de Lei n.º 106/XVII/1.ª (L)"
315307,12,1628962,240,Nova apreciação comissão generalidade,2025-07-11,
315307,123,1694071,195,Requerimento de adiamento de Votação (Generalidade),2026-01-30,"Requerimento, apresentado pela Comissão de Saúde, a solicitar a prorrogação do prazo para reapreciação na generalidade, por mais 60 dias"
315307,152,1729817,225,Requerimento,2026-04-30,"Votação do requerimento, apresentado pela Comissão de Saúde, para prorrogação do prazo para reapreciação na generalidade, por mais 60 dias, do Projeto de Lei n.º 28/XVII/1.ª (CDS-PP) — Revoga a Lei n.º 33/2025 e do Projeto de Lei n.º 106/XVII/1.ª (L) — Lei de prevenção e proteção contra a violência obstétrica"
315307,13,1731843,250,Votação na generalidade,2026-07-17,Retirada da iniciativa pelo autor a favor do texto de substituição.
315307,34,1731844,310,Votação na especialidade,2026-07-17,Votação da assunção pelo Plenário das votações indiciárias realizadas na especialidade em sede de Comissão
315307,18,1731845,320,Votação final global,2026-07-17,
315307,133,1731816,348,Envio à Comissão para fixação da Redação final,2026-07-20,
315307,31,1742054,350,Decreto (Publicação),2026-07-23,
315307,23,1752181,370,Envio para promulgação,2026-07-29,
315307,24,1752508,380,Promulgação,2026-08-13,
315307,25,1752509,390,Referenda,2026-08-14,
315307,26,1752510,400,Envio INCM,2026-08-19,
315307,32,1752535,580,Lei (Publicação DR),2026-08-24,
356677,1,1728384,10,Entrada,2026-05-05,
356677,2,1728665,20,Admissão,2026-05-08,
356677,3,1728666,21,Anúncio,2026-05-13,
356677,64,1729086,243,Apreciação,2026-05-21,
356677,13,1729499,250,Votação na generalidade,2026-05-22,
356677,14,1729500,270,Baixa comissão especialidade,2026-05-22,
356682,1,1728390,10,Entrada,2026-05-05,
356682,2,1728670,20,Admissão,2026-05-08,
356682,3,1728671,21,Anúncio,2026-05-13,
356682,64,1729087,243,Apreciação,2026-05-21,
356682,13,1729501,250,Votação na generalidade,2026-05-22,
356682,14,1729502,270,Baixa comissão especialidade,2026-05-22,
356603,1,1717714,10,Entrada,2026-04-17,
356603,2,1717926,20,Admissão,2026-04-22,
356603,3,1717927,21,Anúncio,2026-04-22,
356603,64,1728559,243,Apreciação,2026-05-08,
356603,13,1728825,250,Votação na generalidade,2026-05-08,
356593,1,1717660,10,Entrada,2026-04-17,
356593,2,1717916,20,Admissão,2026-04-21,
356593,3,1717917,21,Anúncio,2026-04-22,
356593,64,1728543,243,Apreciação,2026-05-08,
356593,13,1728795,250,Votação na generalidade,2026-05-08,
356688,1,1728418,10,Entrada,2026-05-05,
356688,2,1728674,20,Admissão,2026-05-08,
356688,3,1728675,21,Anúncio,2026-05-13,
356688,64,1729089,243,Apreciação,2026-05-21,
356688,13,1729505,250,Votação na generalidade,2026-05-22,
356688,14,1729506,270,Baixa comissão especialidade,2026-05-22,
356701,1,1728431,10,Entrada,2026-05-05,
356701,2,1728684,20,Admissão,2026-05-08,
356701,3,1728685,21,Anúncio,2026-05-13,
356701,64,1729091,243,Apreciação,2026-05-21,
356701,13,1729515,250,Votação na generalidade,2026-05-22,
356701,14,1729516,270,Baixa comissão especialidade,2026-05-22,
356706,1,1728460,10,Entrada,2026-05-05,
356706,2,1728686,20,Admissão,2026-05-08,
356706,3,1728687,21,Anúncio,2026-05-13,
356706,64,1729092,243,Apreciação,2026-05-21,
356706,13,1729517,250,Votação na generalidade,2026-05-22,
356706,14,1729518,270,Baixa comissão especialidade,2026-05-22,
356626,1,1718020,10,Entrada,2026-04-24,
356626,2,1718166,20,Admissão,2026-04-29,
356626,126,1718167,181,Baixa comissão para discussão,2026-04-29,
356626,3,1718168,21,Anúncio,2026-04-29,
315166,1,1627631,10,Entrada,2025-06-26,
315166,51,1642086,50,Publicação,2025-06-26,
315166,2,1627947,20,Admissão,2025-07-01,"Despacho PAR ""Ressalvando o respeito pelos princípios constitucionais"""
315166,9,1627948,180,Baixa comissão distribuição inicial generalidade,2025-07-01,
315166,3,1627949,21,Anúncio,2025-07-02,
315166,10,1641264,190,Discussão generalidade,2025-10-17,
315166,13,1641522,250,Votação na generalidade,2025-10-17,
315166,14,1641523,270,Baixa comissão especialidade,2025-10-17,
315166,18,1731825,320,Votação final global,2026-07-17,
315166,133,1731802,348,Envio à Comissão para fixação da Redação final,2026-07-18,
315166,31,1742084,350,Decreto (Publicação),2026-07-24,
315166,23,1752202,370,Envio para promulgação,2026-07-30,
315166,24,1752520,380,Promulgação,2026-08-18,
315166,25,1752521,390,Referenda,2026-08-19,
315166,26,1752522,400,Envio INCM,2026-08-20,
315166,32,1752536,580,Lei (Publicação DR),2026-08-24,
356656,1,1728267,10,Entrada,2026-05-03,
356656,2,1728379,20,Admissão,2026-05-05,
356656,126,1728380,181,Baixa comissão para discussão,2026-05-05,
356656,3,1728381,21,Anúncio,2026-05-05,
356728,1,1728636,10,Entrada,2026-05-08,
356728,2,1728960,20,Admissão,2026-05-12,
356728,126,1728961,181,Baixa comissão para discussão,2026-05-12,
356728,3,1728962,21,Anúncio,2026-05-13,
356728,35,1730106,648,Retirada da iniciativa,2026-06-08,
356728,35,1730105,648,Retirada da iniciativa,2026-06-08,
356950,1,1730590,10,Entrada,2026-06-19,
356950,2,1730753,20,Admissão,2026-06-24,
356950,126,1730754,181,Baixa comissão para discussão,2026-06-24,
356950,3,1730755,21,Anúncio,2026-06-24,
356950,73,1730865,335,Votação Deliberação,2026-06-25,
356950,133,1731531,348,Envio à Comissão para fixação da Redação final,2026-07-09,
356950,57,1731755,360,Resolução (Publicação DAR),2026-07-16,
356950,26,1731756,400,Envio INCM,2026-07-16,
356950,44,1731909,600,Resolução da AR (Publicação DR),2026-07-21,
356673,1,1728308,10,Entrada,2026-05-05,
356673,2,1728657,20,Admissão,2026-05-08,
356673,126,1728658,181,Baixa comissão para discussão,2026-05-08,
356673,3,1728659,21,Anúncio,2026-05-13,
356683,1,1728391,10,Entrada,2026-05-05,
356683,2,1728672,20,Admissão,2026-05-08,
356683,3,1728673,21,Anúncio,2026-05-13,
356683,64,1729052,243,Apreciação,2026-05-20,
356683,13,1729442,250,Votação na generalidade,2026-05-22,
356669,1,1728300,10,Entrada,2026-05-05,
356669,2,1728655,20,Admissão,2026-05-08,
356669,3,1728656,21,Anúncio,2026-05-13,
356669,64,1729072,243,Apreciação,2026-05-21,
356669,13,1729473,250,Votação na generalidade,2026-05-22,
356785,1,1729369,10,Entrada,2026-05-22,
356785,3,1729579,21,Anúncio,2026-05-22,
356785,2,1729580,20,Admissão,2026-05-26,
356785,64,1729750,243,Apreciação,2026-06-02,
356785,13,1730000,250,Votação na generalidade,2026-06-03,
356785,14,1730001,270,Baixa comissão especialidade,2026-06-03,
356789,1,1729385,10,Entrada,2026-05-22,
356789,3,1729585,21,Anúncio,2026-05-22,
356789,2,1729586,20,Admissão,2026-05-26,
356789,64,1729752,243,Apreciação,2026-06-02,
356789,13,1730004,250,Votação na generalidade,2026-06-03,
356789,14,1730005,270,Baixa comissão especialidade,2026-06-03,
356787,1,1729379,10,Entrada,2026-05-22,
356787,3,1729581,21,Anúncio,2026-05-22,
356787,2,1729582,20,Admissão,2026-05-26,
356787,64,1729751,243,Apreciação,2026-06-02,
356787,13,1730002,250,Votação na generalidade,2026-06-03,
356787,14,1730003,270,Baixa comissão especialidade,2026-06-03,
356691,1,1728421,10,Entrada,2026-05-05,
356691,2,1728678,20,Admissão,2026-05-08,
356691,3,1728679,21,Anúncio,2026-05-13,
356691,64,1729073,243,Apreciação,2026-05-21,
356691,13,1729474,250,Votação na generalidade,2026-05-22,
356692,1,1728422,10,Entrada,2026-05-05,
356692,2,1728923,20,Admissão,2026-05-12,
356692,3,1728924,21,Anúncio,2026-05-13,
356692,64,1729546,243,Apreciação,2026-05-21,
356692,13,1729464,250,Votação na generalidade,2026-05-22,
356739,1,1728770,10,Entrada,2026-05-11,
356739,3,1729125,21,Anúncio,2026-05-13,
356739,2,1729126,20,Admissão,2026-05-15,
356739,126,1729127,181,Baixa comissão para discussão,2026-05-15,
356739,73,1731963,335,Votação Deliberação,2026-07-17,
356972,1,1730820,10,Entrada,2026-06-25,
356972,2,1731078,20,Admissão,2026-07-01,
356972,126,1731079,181,Baixa comissão para discussão,2026-07-01,
356972,3,1731080,21,Anúncio,2026-07-02,
356972,73,1731945,335,Votação Deliberação,2026-07-17,
356972,133,1731867,348,Envio à Comissão para fixação da Redação final,2026-07-21,
356972,57,1742075,360,Resolução (Publicação DAR),2026-07-23,
356972,26,1742076,400,Envio INCM,2026-07-23,
356972,44,1752150,600,Resolução da AR (Publicação DR),2026-07-29,
356704,1,1728436,10,Entrada,2026-05-05,
356704,2,1728931,20,Admissão,2026-05-12,
356704,126,1728932,181,Baixa comissão para discussão,2026-05-12,
356704,3,1728933,21,Anúncio,2026-05-13,
356783,1,1729367,10,Entrada,2026-05-22,
356783,3,1729571,21,Anúncio,2026-05-22,
356783,2,1729572,20,Admissão,2026-05-26,
356783,64,1729740,243,Apreciação,2026-06-02,
356783,13,1729983,250,Votação na generalidade,2026-06-03,
356783,14,1729984,270,Baixa comissão especialidade,2026-06-03,
357000,1,1730972,10,Entrada,2026-06-30,
357000,2,1731208,20,Admissão,2026-07-02,
357000,126,1731209,181,Baixa comissão para discussão,2026-07-02,
357000,3,1731210,21,Anúncio,2026-07-03,
357000,73,1731960,335,Votação Deliberação,2026-07-17,
357000,133,1731815,348,Envio à Comissão para fixação da Redação final,2026-07-18,
357000,57,1732047,360,Resolução (Publicação DAR),2026-07-23,
357000,26,1732048,400,Envio INCM,2026-07-23,
357000,44,1742132,600,Resolução da AR (Publicação DR),2026-07-28,
356694,1,1728424,10,Entrada,2026-05-05,
356694,2,1728927,20,Admissão,2026-05-12,
356694,3,1728928,21,Anúncio,2026-05-13,
356694,64,1729041,243,Apreciação,2026-05-20,
356694,13,1729410,250,Votação na generalidade,2026-05-22,
356807,1,1729425,10,Entrada,2026-05-22,
356807,3,1729601,21,Anúncio,2026-05-22,
356807,2,1729602,20,Admissão,2026-05-26,
356807,64,1729744,243,Apreciação,2026-06-02,
356807,13,1729991,250,Votação na generalidade,2026-06-03,
356807,14,1729992,270,Baixa comissão especialidade,2026-06-03,
356863,1,1730024,10,Entrada,2026-06-05,
356863,2,1730184,20,Admissão,2026-06-11,
356863,3,1730185,21,Anúncio,2026-06-11,
356863,126,1730186,181,Baixa comissão para discussão,2026-06-11,
356863,13,1731930,250,Votação na generalidade,2026-07-17,
356863,14,1731931,270,Baixa comissão especialidade,2026-07-17,
356811,1,1729430,10,Entrada,2026-05-22,
356811,3,1729603,21,Anúncio,2026-05-22,
356811,2,1729604,20,Admissão,2026-05-26,
356811,64,1729745,243,Apreciação,2026-06-02,
356811,13,1729993,250,Votação na generalidade,2026-06-03,
356811,14,1729994,270,Baixa comissão especialidade,2026-06-03,
356765,1,1729209,10,Entrada,2026-05-18,
356765,3,1729296,21,Anúncio,2026-05-20,
356765,2,1729297,20,Admissão,2026-05-20,
356765,126,1729298,181,Baixa comissão para discussão,2026-05-20,
356765,13,1730404,250,Votação na generalidade,2026-06-12,
356715,1,1728480,10,Entrada,2026-05-05,
356715,2,1728688,20,Admissão,2026-05-08,
356715,3,1728689,21,Anúncio,2026-05-13,
356715,64,1729093,243,Apreciação,2026-05-21,
356715,13,1729519,250,Votação na generalidade,2026-05-22,
356710,1,1728475,10,Entrada,2026-05-05,
356710,2,1728941,20,Admissão,2026-05-12,
356710,3,1728942,21,Anúncio,2026-05-13,
356710,64,1729047,243,Apreciação,2026-05-20,
356710,13,1729429,250,Votação na generalidade,2026-05-22,
315269,1,1628260,10,Entrada,2025-07-04,
315269,51,1716704,50,Publicação,2025-07-04,
315269,2,1628639,20,Admissão,2025-07-09,
315269,3,1628640,21,Anúncio,2025-07-09,
315269,9,1628641,180,Baixa comissão distribuição inicial generalidade,2025-07-09,
315269,10,1628466,190,Discussão generalidade,2025-07-09,
315269,13,1628875,250,Votação na generalidade,2025-07-11,
315269,14,1628876,270,Baixa comissão especialidade,2025-07-11,
315269,18,1641778,320,Votação final global,2025-10-28,"Texto Final, apresentado pela Comissão de Assuntos Constitucionais, Direitos, Liberdades e Garantias, relativo ao Projeto de Lei n.º 90/XVII/1.ª (PSD)"
315269,133,1641862,348,Envio à Comissão para fixação da Redação final,2025-11-03,
315269,31,1641899,350,Decreto (Publicação),2025-11-06,
315269,23,1641914,370,Envio para promulgação,2025-11-12,
315269,24,1641956,380,Promulgação,2025-11-17,
315269,25,1641957,390,Referenda,2025-11-17,
315269,26,1641958,400,Envio INCM,2025-11-20,
315269,32,1641970,580,Lei (Publicação DR),2025-11-24,
356724,1,1728631,10,Entrada,2026-05-07,
356724,2,1728951,20,Admissão,2026-05-12,
356724,126,1728952,181,Baixa comissão para discussão,2026-05-12,
356724,3,1728953,21,Anúncio,2026-05-13,
356722,1,1728513,10,Entrada,2026-05-06,
356722,2,1728948,20,Admissão,2026-05-12,
356722,126,1728949,181,Baixa comissão para discussão,2026-05-12,
356722,3,1728950,21,Anúncio,2026-05-13,
356741,1,1728775,10,Entrada,2026-05-11,
356741,3,1729131,21,Anúncio,2026-05-13,
356741,2,1729132,20,Admissão,2026-05-15,
356741,126,1729133,181,Baixa comissão para discussão,2026-05-15,
356840,1,1729764,10,Entrada,2026-05-29,
356840,2,1729897,20,Admissão,2026-06-02,
356840,126,1729898,181,Baixa comissão para discussão,2026-06-02,
356840,3,1729899,21,Anúncio,2026-06-02,
356840,64,1730329,243,Apreciação,2026-06-12,
356840,13,1730387,250,Votação na generalidade,2026-06-12,
356729,1,1728638,10,Entrada,2026-05-08,
356729,2,1728963,20,Admissão,2026-05-12,
356729,126,1728964,181,Baixa comissão para discussão,2026-05-12,
356729,3,1728965,21,Anúncio,2026-05-13,
356862,1,1729973,10,Entrada,2026-06-05,
356862,2,1730083,20,Admissão,2026-06-08,
356862,126,1730084,181,Baixa comissão para discussão,2026-06-08,
356862,3,1730141,21,Anúncio,2026-06-11,
356862,73,1730659,335,Votação Deliberação,2026-06-19,
356862,13,1752537,250,Votação na generalidade,2026-06-19,
356755,1,1728990,10,Entrada,2026-05-13,
356755,3,1729152,21,Anúncio,2026-05-13,
356755,2,1729151,20,Admissão,2026-05-15,
356755,126,1729153,181,Baixa comissão para discussão,2026-05-15,
356740,1,1728773,10,Entrada,2026-05-11,
356740,3,1729128,21,Anúncio,2026-05-13,
356740,2,1729129,20,Admissão,2026-05-15,
356740,126,1729130,181,Baixa comissão para discussão,2026-05-15,
356759,1,1729015,10,Entrada,2026-05-14,
356759,3,1729161,21,Anúncio,2026-05-14,
356759,2,1729160,20,Admissão,2026-05-15,
356759,126,1729162,181,Baixa comissão para discussão,2026-05-15,
356821,1,1729545,10,Entrada,2026-05-26,
356821,3,1729694,21,Anúncio,2026-05-27,
356821,2,1729695,20,Admissão,2026-05-28,
356821,126,1729696,181,Baixa comissão para discussão,2026-05-28,
356821,73,1730863,335,Votação Deliberação,2026-06-25,
356856,1,1729924,10,Entrada,2026-06-02,
356856,2,1730091,20,Admissão,2026-06-08,
356856,126,1730092,181,Baixa comissão para discussão,2026-06-08,
356856,3,1730135,21,Anúncio,2026-06-11,
356856,126,1731150,181,Baixa comissão para discussão,2026-07-02,"Redistribuição da iniciativa à 14.ª Comissão, com despacho de 01-07-2026"
356771,1,1729289,10,Entrada,2026-05-20,
356771,3,1729324,21,Anúncio,2026-05-20,
356771,2,1729323,20,Admissão,2026-05-21,
356771,126,1729325,181,Baixa comissão para discussão,2026-05-21,
356775,1,1729299,10,Entrada,2026-05-20,
356775,3,1729549,21,Anúncio,2026-05-20,
356775,2,1729552,20,Admissão,2026-05-26,
356775,126,1729550,181,Baixa comissão para discussão,2026-05-26,
356795,1,1729395,10,Entrada,2026-05-22,
356795,3,1729655,21,Anúncio,2026-05-22,
356795,2,1729656,20,Admissão,2026-05-26,
356795,126,1729657,181,Baixa comissão para discussão,2026-05-26,
356865,1,1730026,10,Entrada,2026-06-08,
356865,2,1730167,20,Admissão,2026-06-11,
356865,3,1730168,21,Anúncio,2026-06-11,
356865,64,1730324,243,Apreciação,2026-06-12,
356865,13,1730358,250,Votação na generalidade,2026-06-12,
356865,14,1730359,270,Baixa comissão especialidade,2026-06-12,
356776,1,1729305,10,Entrada,2026-05-20,
356776,3,1729551,21,Anúncio,2026-05-20,
356776,2,1729553,20,Admissão,2026-05-26,
356776,126,1729554,181,Baixa comissão para discussão,2026-05-26,
356784,1,1729368,10,Entrada,2026-05-22,
356784,3,1729574,21,Anúncio,2026-05-22,
356784,2,1729575,20,Admissão,2026-05-26,
356784,126,1729576,181,Baixa comissão para discussão,2026-05-26,
356801,1,1729408,10,Entrada,2026-05-22,
356801,3,1729595,21,Anúncio,2026-05-22,
356801,2,1729596,20,Admissão,2026-05-26,
356801,64,1729753,243,Apreciação,2026-06-02,
356801,13,1730006,250,Votação na generalidade,2026-06-03,
356815,1,1729440,10,Entrada,2026-05-22,
356815,3,1729652,21,Anúncio,2026-05-22,
356815,2,1729653,20,Admissão,2026-05-26,
356815,126,1729654,181,Baixa comissão para discussão,2026-05-26,
356927,1,1730437,10,Entrada,2026-06-16,
356927,2,1730546,20,Admissão,2026-06-19,
356927,3,1730547,21,Anúncio,2026-06-19,
356927,64,1730740,243,Apreciação,2026-06-25,
356927,13,1730840,250,Votação na generalidade,2026-06-25,
356927,14,1730841,270,Baixa comissão especialidade,2026-06-25,
356852,1,1729911,10,Entrada,2026-06-02,
356852,2,1730095,20,Admissão,2026-06-08,
356852,126,1730096,181,Baixa comissão para discussão,2026-06-08,
356852,3,1730133,21,Anúncio,2026-06-11,
356934,1,1730496,10,Entrada,2026-06-17,
356934,2,1730558,20,Admissão,2026-06-19,
356934,3,1730559,21,Anúncio,2026-06-19,
356934,13,1731277,250,Votação na generalidade,2026-07-02,
356934,14,1731278,270,Baixa comissão especialidade,2026-07-02,
356912,1,1730284,10,Entrada,2026-06-12,
356912,2,1730469,20,Admissão,2026-06-17,
356912,3,1730470,21,Anúncio,2026-06-17,
356912,64,1731140,243,Apreciação,2026-06-18,
356912,13,1730640,250,Votação na generalidade,2026-06-19,
356881,1,1730111,10,Entrada,2026-06-08,
356881,2,1730177,20,Admissão,2026-06-11,
356881,3,1730178,21,Anúncio,2026-06-11,
356881,64,1730330,243,Apreciação,2026-06-12,
356881,13,1730388,250,Votação na generalidade,2026-06-12,
356899,1,1730245,10,Entrada,2026-06-11,
356899,2,1730537,20,Admissão,2026-06-19,
356899,126,1730538,181,Baixa comissão para discussão,2026-06-19,
356899,3,1730539,21,Anúncio,2026-06-19,
356894,1,1730124,10,Entrada,2026-06-08,
356894,2,1730175,20,Admissão,2026-06-11,
356894,3,1730176,21,Anúncio,2026-06-11,
356894,64,1730323,243,Apreciação,2026-06-11,
356894,13,1730382,250,Votação na generalidade,2026-06-12,
315496,1,1629600,10,Entrada,2025-08-27,
315496,2,1629778,20,Admissão,2025-08-28,
315496,9,1629779,180,Baixa comissão distribuição inicial generalidade,2025-08-28,Com conexão à 1.ª Comissão.
315496,3,1630043,21,Anúncio,2025-09-10,
315496,10,1629989,190,Discussão generalidade,2025-09-17,
315496,13,1630496,250,Votação na generalidade,2025-09-17,
315496,14,1630497,270,Baixa comissão especialidade,2025-09-17,
315496,18,1642273,320,Votação final global,2025-12-05,
315496,133,1642576,348,Envio à Comissão para fixação da Redação final,2025-12-16,
315496,31,1642714,350,Decreto (Publicação),2025-12-18,
315496,23,1642909,370,Envio para promulgação,2025-12-29,
315496,24,1683437,380,Promulgação,2026-01-01,
315496,25,1683438,390,Referenda,2026-01-05,
315496,26,1683439,400,Envio INCM,2026-01-15,
315496,32,1683518,580,Lei (Publicação DR),2026-01-19,
315073,1,1627276,10,Entrada,2025-06-11,
315073,51,1641799,50,Publicação,2025-06-11,
315073,2,1627606,20,Admissão,2025-06-25,
315073,3,1627685,21,Anúncio,2025-06-26,
315073,9,1627802,180,Baixa comissão distribuição inicial generalidade,2025-06-27,
315073,10,1628217,190,Discussão generalidade,2025-07-04,
315073,122,1628257,237,Requerimento Baixa Comissão sem Votação (Generalidade),2025-07-04,
315073,12,1628419,240,Nova apreciação comissão generalidade,2025-07-04,
315073,13,1641806,250,Votação na generalidade,2025-10-28,
356925,1,1730429,10,Entrada,2026-06-15,
356925,2,1730543,20,Admissão,2026-06-19,
356925,126,1730544,181,Baixa comissão para discussão,2026-06-19,
356925,3,1730545,21,Anúncio,2026-06-19,
356922,1,1730304,10,Entrada,2026-06-15,
356922,2,1730814,20,Admissão,2026-06-25,
356922,126,1730815,181,Baixa comissão para discussão,2026-06-25,
356922,3,1730816,21,Anúncio,2026-06-25,
315508,1,1629794,10,Entrada,2025-09-02,
315508,2,1629888,20,Admissão,2025-09-09,"Despacho do PAR: ""Ressalvando os limites da norma travão."""
315508,9,1629889,180,Baixa comissão distribuição inicial generalidade,2025-09-09,
315508,3,1630046,21,Anúncio,2025-09-10,
315508,10,1630237,190,Discussão generalidade,2025-09-18,
315508,13,1630539,250,Votação na generalidade,2025-09-19,
315508,14,1630541,270,Baixa comissão especialidade,2025-09-19,
315508,18,1641548,320,Votação final global,2025-10-17,"Texto Final, apresentado pela Comissão de Agricultura e Pescas, relativo ao Projeto de Lei n.º 171/XVII/1.ª (PCP)"
315508,133,1641805,348,Envio à Comissão para fixação da Redação final,2025-10-30,
315508,31,1642508,350,Decreto (Publicação),2025-12-12,
315508,23,1642679,370,Envio para promulgação,2025-12-18,
315508,24,1642949,380,Promulgação,2025-12-27,
315508,25,1642950,390,Referenda,2025-12-30,
315508,26,1642951,400,Envio INCM,2026-01-02,
315508,32,1662980,580,Lei (Publicação DR),2026-01-06,
356980,1,1730936,10,Entrada,2026-06-26,
356980,2,1731093,20,Admissão,2026-07-01,
356980,126,1731094,181,Baixa comissão para discussão,2026-07-01,
356980,3,1731095,21,Anúncio,2026-07-02,
356980,73,1731946,335,Votação Deliberação,2026-07-17,
356967,1,1730768,10,Entrada,2026-06-24,
356967,2,1730915,20,Admissão,2026-06-26,
356967,126,1730916,181,Baixa comissão para discussão,2026-06-26,
356967,3,1730917,21,Anúncio,2026-07-01,
356962,1,1730713,10,Entrada,2026-06-23,
356962,2,1730789,20,Admissão,2026-06-24,
356962,126,1730790,181,Baixa comissão para discussão,2026-06-24,
356962,3,1730791,21,Anúncio,2026-06-24,
356954,1,1730609,10,Entrada,2026-06-22,
356954,2,1730756,20,Admissão,2026-06-24,
356954,126,1730757,181,Baixa comissão para discussão,2026-06-24,
356954,3,1730758,21,Anúncio,2026-06-24,
357023,1,1731076,10,Entrada,2026-07-01,
357023,2,1731235,20,Admissão,2026-07-02,
357023,126,1731236,181,Baixa comissão para discussão,2026-07-02,
357023,3,1731237,21,Anúncio,2026-07-03,
357023,73,1731966,335,Votação Deliberação,2026-07-17,
356974,1,1730836,10,Entrada,2026-06-26,
356974,2,1731100,20,Admissão,2026-07-01,
356974,126,1731101,181,Baixa comissão para discussão,2026-07-01,
356974,3,1731102,21,Anúncio,2026-07-02,
356878,1,1730108,10,Entrada,2026-06-08,
356878,2,1730159,20,Admissão,2026-06-11,
356878,3,1730160,21,Anúncio,2026-06-11,
357045,1,1731495,10,Entrada,2026-07-08,
357045,2,1731629,20,Admissão,2026-07-15,
357045,126,1731631,181,Baixa comissão para discussão,2026-07-15,
357045,3,1731630,21,Anúncio,2026-07-16,
315133,1,1627473,10,Entrada,2025-06-20,
315133,51,1705029,50,Publicação,2025-06-20,
315133,2,1627642,20,Admissão,2025-06-25,
315133,3,1627691,21,Anúncio,2025-06-26,
315133,9,1627811,180,Baixa comissão distribuição inicial generalidade,2025-06-27,
315133,49,1629182,55,Publicação em Separata,2025-07-18,
315133,10,1662991,190,Discussão generalidade,2025-12-19,
315133,13,1642857,250,Votação na generalidade,2025-12-19,
357069,1,1731585,10,Entrada,2026-07-14,
357069,2,1731681,20,Admissão,2026-07-16,
357069,3,1731682,21,Anúncio,2026-07-16,
357069,126,1731683,181,Baixa comissão para discussão,2026-07-16,
357074,1,1731606,10,Entrada,2026-07-15,
357074,2,1731777,20,Admissão,2026-07-17,
357074,3,1731778,21,Anúncio,2026-07-17,
357074,126,1731779,181,Baixa comissão para discussão,2026-07-17,
357055,1,1731552,10,Entrada,2026-07-10,
357055,2,1731650,20,Admissão,2026-07-15,
357055,126,1731652,181,Baixa comissão para discussão,2026-07-15,
357055,3,1731651,21,Anúncio,2026-07-16,
315722,1,1631176,10,Entrada,2025-10-10,
315722,2,1641233,20,Admissão,2025-10-14,
315722,9,1641234,180,Baixa comissão distribuição inicial generalidade,2025-10-14,
315722,3,1641383,21,Anúncio,2025-10-15,
315722,10,1705463,190,Discussão generalidade,2025-12-04,
315722,13,1642245,250,Votação na generalidade,2025-12-05,
315722,14,1642246,270,Baixa comissão especialidade,2025-12-05,
315722,15,1728844,280,Requerimento avocação plenário,2026-05-08,
315722,34,1728845,310,Votação na especialidade,2026-05-08,
315722,18,1728846,320,Votação final global,2026-05-08,
315722,133,1729524,348,Envio à Comissão para fixação da Redação final,2026-05-22,
315722,31,1730259,350,Decreto (Publicação),2026-06-12,
315722,23,1730525,370,Envio para promulgação,2026-06-18,
315722,24,1731540,380,Promulgação,2026-07-07,
315722,25,1731541,390,Referenda,2026-07-09,
315722,26,1731542,400,Envio INCM,2026-07-10,
315722,32,1731797,580,Lei (Publicação DR),2026-07-20,
315399,1,1629313,10,Entrada,2025-07-23,
315399,51,1728435,50,Publicação,2025-07-23,
315399,2,1629358,20,Admissão,2025-07-25,"Despacho PAR ""Admitido, com salvaguarda dos limites da lei-travão. Proceder à audição dos órgãos de governo próprio das regiões autónomas."""
315399,144,1629372,22,Audição promovida pelo PAR para a ALRAA,2025-07-25,
315399,145,1629373,23,Audição promovida pelo PAR para a ALRAM,2025-07-25,
315399,146,1629374,24,Audição promovida pelo PAR para o Governo da RAA,2025-07-25,
315399,147,1629375,25,Audição promovida pelo PAR para o Governo da RAM,2025-07-25,
315399,9,1629359,180,Baixa comissão distribuição inicial generalidade,2025-07-25,Com conexão à 10.ª comissão
315399,150,1629531,174,Parecer do Governo da RAA,2025-08-05,
315399,151,1629546,175,Parecer do Governo da RAM,2025-08-11,
315399,148,1629558,172,Parecer da ALRAA,2025-08-14,
315399,3,1630013,21,Anúncio,2025-09-10,
315399,49,1630168,55,Publicação em Separata,2025-09-15,
345994,1,1683500,10,Entrada,2026-01-16,
345994,3,1683781,21,Anúncio,2026-01-21,
345994,2,1683782,20,Admissão,2026-01-23,"Despacho do PAR: ""Proceder à Audição dos órgãos de governo próprio das RRAA."""
345994,9,1683783,180,Baixa comissão distribuição inicial generalidade,2026-01-23,
345994,144,1704348,22,Audição promovida pelo PAR para a ALRAA,2026-01-23,
345994,145,1704349,23,Audição promovida pelo PAR para a ALRAM,2026-01-23,
345994,146,1704350,24,Audição promovida pelo PAR para o Governo da RAA,2026-01-23,
345994,147,1704351,25,Audição promovida pelo PAR para o Governo da RAM,2026-01-23,
345994,10,1683666,190,Discussão generalidade,2026-01-28,
345994,13,1694079,250,Votação na generalidade,2026-01-30,
345994,14,1694080,270,Baixa comissão especialidade,2026-01-30,
345994,151,1704352,175,Parecer do Governo da RAM,2026-02-04,
345994,149,1704359,173,Parecer da ALRAM,2026-02-09,
345994,148,1704428,172,Parecer da ALRAA,2026-02-11,
345994,18,1704646,320,Votação final global,2026-02-13,
345994,133,1704996,348,Envio à Comissão para fixação da Redação final,2026-02-23,
345994,31,1705252,350,Decreto (Publicação),2026-02-26,
345994,23,1705835,370,Envio para promulgação,2026-03-04,
345994,24,1705836,380,Promulgação,2026-03-04,
345994,25,1705837,390,Referenda,2026-03-11,
345994,26,1705838,400,Envio INCM,2026-03-12,
345994,32,1705956,580,Lei (Publicação DR),2026-03-16,
377106,1,1752176,10,Entrada,2026-07-29,
377106,2,1752304,20,Admissão,2026-08-03,
377106,126,1752305,181,Baixa comissão para discussão,2026-08-03,
377106,3,1752418,21,Anúncio,2026-08-03,
315440,1,1629474,10,Entrada,2025-08-01,
315440,35,1629522,648,Retirada da iniciativa,2025-08-01,
315440,51,1718258,50,Publicação,2025-08-01,
315689,1,1631143,10,Entrada,2025-10-10,
315689,2,1641206,20,Admissão,2025-10-14,
315689,9,1641207,180,Baixa comissão distribuição inicial generalidade,2025-10-14,
315689,3,1641367,21,Anúncio,2025-10-15,
315689,10,1641342,190,Discussão generalidade,2025-10-17,
315689,13,1641487,250,Votação na generalidade,2025-10-17,
315772,1,1641969,10,Entrada,2025-11-22,
315772,2,1641988,20,Admissão,2025-11-25,
315772,9,1641989,180,Baixa comissão distribuição inicial generalidade,2025-11-25,
315772,3,1641997,21,Anúncio,2025-11-26,
315772,10,1731014,190,Discussão generalidade,2026-07-03,
315772,122,1731284,237,Requerimento Baixa Comissão sem Votação (Generalidade),2026-07-03,
315772,12,1731313,240,Nova apreciação comissão generalidade,2026-07-03,
315702,1,1631156,10,Entrada,2025-10-10,
315702,2,1641300,20,Admissão,2025-10-15,
315702,9,1641301,180,Baixa comissão distribuição inicial generalidade,2025-10-15,
315702,3,1641374,21,Anúncio,2025-10-15,
315702,10,1641250,190,Discussão generalidade,2025-10-16,
315702,13,1641459,250,Votação na generalidade,2025-10-16,
315709,1,1631163,10,Entrada,2025-10-10,
315709,2,1641223,20,Admissão,2025-10-14,
315709,9,1641224,180,Baixa comissão distribuição inicial generalidade,2025-10-14,
315709,3,1641379,21,Anúncio,2025-10-15,
315709,10,1642293,190,Discussão generalidade,2025-12-04,
315709,13,1642316,250,Votação na generalidade,2025-12-05,
315693,1,1631147,10,Entrada,2025-10-10,
315693,2,1641590,20,Admissão,2025-10-17,
315693,9,1641591,180,Baixa comissão distribuição inicial generalidade,2025-10-17,
315693,3,1641669,21,Anúncio,2025-10-27,
315693,49,1642022,55,Publicação em Separata,2025-11-28,
315693,10,1642694,190,Discussão generalidade,2025-12-18,
315693,13,1642755,250,Votação na generalidade,2025-12-18,
315713,1,1631167,10,Entrada,2025-10-10,
315713,2,1641229,20,Admissão,2025-10-14,
315713,9,1641230,180,Baixa comissão distribuição inicial generalidade,2025-10-14,Conexão à 5.ª Comissão
315713,3,1641380,21,Anúncio,2025-10-15,
315713,10,1641252,190,Discussão generalidade,2025-10-16,
315713,13,1641461,250,Votação na generalidade,2025-10-16,
315641,1,1630799,10,Entrada,2025-09-26,
315641,2,1630958,20,Admissão,2025-09-30,
315641,9,1630959,180,Baixa comissão distribuição inicial generalidade,2025-09-30,
315641,3,1641319,21,Anúncio,2025-10-15,
346015,1,1683522,10,Entrada,2026-01-16,
346015,3,1683863,21,Anúncio,2026-01-21,
346015,2,1683985,20,Admissão,2026-01-27,
346015,9,1683986,180,Baixa comissão distribuição inicial generalidade,2026-01-27,Com conexão à 11.ª
346015,10,1683688,190,Discussão generalidade,2026-01-30,
346015,122,1694118,237,Requerimento Baixa Comissão sem Votação (Generalidade),2026-01-30,
346015,12,1694119,240,Nova apreciação comissão generalidade,2026-01-30,
346015,152,1716926,225,Requerimento,2026-04-01,"Requerimento, apresentado pela Comissão de Orçamento, Finanças e Administração Pública, a solicitar a prorrogação do prazo para reapreciação na generalidade, na Comissão de Orçamento e Finanças, por mais 60 dias, do Projeto de Lei n.º 8/XVII/1.ª (PAN) e do Projeto de Lei n.º 387/XVII/1.ª (PS)"
346015,152,1730507,225,Requerimento,2026-06-17,
315732,1,1641275,10,Entrada,2025-10-15,
315732,2,1641475,20,Admissão,2025-10-16,
315732,9,1641476,180,Baixa comissão distribuição inicial generalidade,2025-10-16,Conexão à 6.ª e 9.ª Comissão
315732,3,1641670,21,Anúncio,2025-10-27,
315732,10,1663129,190,Discussão generalidade,2026-01-07,
315732,13,1663340,250,Votação na generalidade,2026-01-09,
356473,1,1716850,10,Entrada,2026-03-31,
356473,2,1717476,20,Admissão,2026-04-15,
356473,3,1717477,21,Anúncio,2026-04-16,
356473,10,1717196,190,Discussão generalidade,2026-04-16,
356473,13,1717648,250,Votação na generalidade,2026-04-17,
356473,14,1717649,270,Baixa comissão especialidade,2026-04-17,
356473,18,1731895,320,Votação final global,2026-07-17,"Texto Final, apresentado pela Comissão de Saúde relativo aos Projetos de Lei  n.ºs 412/XVII/1.ª (PS) e 544/XVII/1.ª (PAN)"
356473,133,1731858,348,Envio à Comissão para fixação da Redação final,2026-07-20,
356473,31,1742057,350,Decreto (Publicação),2026-07-23,
356473,23,1752184,370,Envio para promulgação,2026-07-29,
356473,24,1752342,380,Promulgação,2026-08-03,
356473,25,1752343,390,Referenda,2026-08-04,
356473,26,1752344,400,Envio INCM,2026-08-05,
356473,32,1752429,580,Lei (Publicação DR),2026-08-11,
315740,1,1641477,10,Entrada,2025-10-17,
315740,2,1641594,20,Admissão,2025-10-22,
315740,9,1641595,180,Baixa comissão distribuição inicial generalidade,2025-10-22,
315740,3,1641672,21,Anúncio,2025-10-27,
315740,10,1706059,190,Discussão generalidade,2026-03-20,
315740,13,1716444,250,Votação na generalidade,2026-03-20,
315760,1,1641900,10,Entrada,2025-11-06,
315760,3,1706108,21,Anúncio,2026-03-18,
315760,2,1706109,20,Admissão,2026-03-18,
315760,9,1706110,180,Baixa comissão distribuição inicial generalidade,2026-03-18,
315760,10,1730047,190,Discussão generalidade,2026-06-12,
315760,13,1730395,250,Votação na generalidade,2026-06-12,
315715,1,1631169,10,Entrada,2025-10-10,
315715,2,1641592,20,Admissão,2025-10-17,
315715,9,1641593,180,Baixa comissão distribuição inicial generalidade,2025-10-17,
315715,10,1641345,190,Discussão generalidade,2025-10-17,
315715,13,1641534,250,Votação na generalidade,2025-10-17,
346018,1,1683525,10,Entrada,2026-01-16,
346018,3,1683864,21,Anúncio,2026-01-21,
346018,2,1683987,20,Admissão,2026-01-27,
346018,9,1683988,180,Baixa comissão distribuição inicial generalidade,2026-01-27,
346018,10,1683689,190,Discussão generalidade,2026-01-30,
346018,123,1694120,195,Requerimento de adiamento de Votação (Generalidade),2026-01-30,
346018,12,1694121,240,Nova apreciação comissão generalidade,2026-01-30,
346018,13,1716696,250,Votação na generalidade,2026-03-26,
335929,1,1662969,10,Entrada,2026-01-02,
335929,2,1663046,20,Admissão,2026-01-06,
335929,9,1663047,180,Baixa comissão distribuição inicial generalidade,2026-01-06,
335929,3,1663217,21,Anúncio,2026-01-08,
335929,10,1663144,190,Discussão generalidade,2026-01-09,
335929,122,1663294,237,Requerimento Baixa Comissão sem Votação (Generalidade),2026-01-09,"Requerimento, apresentado pelo PS solicitando a baixa à Comissão de Infraestruturas, Mobilidade e Habitação, sem votação, por 90 dias"
335929,12,1663359,240,Nova apreciação comissão generalidade,2026-01-09,
335929,13,1717626,250,Votação na generalidade,2026-02-20,
315789,1,1642025,10,Entrada,2025-11-28,
315789,2,1642097,20,Admissão,2025-12-03,
315789,9,1642098,180,Baixa comissão distribuição inicial generalidade,2025-12-03,
315789,3,1642099,21,Anúncio,2025-12-04,
315789,10,1642328,190,Discussão generalidade,2025-12-10,
315789,13,1642527,250,Votação na generalidade,2025-12-12,
356562,1,1717309,10,Entrada,2026-04-15,
356562,2,1717767,20,Admissão,2026-04-21,"Despacho do PAR: ""Proceder à audição dos órgãos de governo próprios das RRAA"""
356562,9,1717768,180,Baixa comissão distribuição inicial generalidade,2026-04-21,
356562,144,1717750,22,Audição promovida pelo PAR para a ALRAA,2026-04-21,
356562,145,1717751,23,Audição promovida pelo PAR para a ALRAM,2026-04-21,
356562,146,1717752,24,Audição promovida pelo PAR para o Governo da RAA,2026-04-21,
356562,147,1717753,25,Audição promovida pelo PAR para o Governo da RAM,2026-04-21,
356562,3,1717826,21,Anúncio,2026-04-22,
356562,151,1728296,175,Parecer do Governo da RAM,2026-05-04,
356562,150,1728491,174,Parecer do Governo da RAA,2026-05-06,
356562,9,1728518,180,Baixa comissão distribuição inicial generalidade,2026-05-06,
356562,9,1728743,180,Baixa comissão distribuição inicial generalidade,2026-05-11,
356562,148,1729247,172,Parecer da ALRAA,2026-05-18,
356562,149,1729723,173,Parecer da ALRAM,2026-05-28,
315642,1,1630800,10,Entrada,2025-09-26,
315642,2,1630970,20,Admissão,2025-09-30,
315642,9,1630971,180,Baixa comissão distribuição inicial generalidade,2025-09-30,
315642,3,1641320,21,Anúncio,2025-10-15,
315807,1,1642069,10,Entrada,2025-12-02,
315807,2,1642197,20,Admissão,2025-12-04,
315807,9,1642198,180,Baixa comissão distribuição inicial generalidade,2025-12-04,Com conexão à 10.ª Comissão e à 5.ª Comissão
315807,3,1642201,21,Anúncio,2025-12-05,
315807,10,1642426,190,Discussão generalidade,2025-12-11,
315807,13,1642494,250,Votação na generalidade,2025-12-11,
356563,1,1717310,10,Entrada,2026-04-15,
356563,2,1717772,20,Admissão,2026-04-21,"Despacho PAR: ""Ressalvando os limites da norma Travão""

"
356563,9,1717775,180,Baixa comissão distribuição inicial generalidade,2026-04-21,
356563,3,1717827,21,Anúncio,2026-04-22,
356563,10,1730309,190,Discussão generalidade,2026-06-11,
356563,13,1730342,250,Votação na generalidade,2026-06-12,
356563,14,1730343,270,Baixa comissão especialidade,2026-06-12,
356563,18,1731348,320,Votação final global,2026-07-03,
356563,81,1731349,341,Requerimento dispensa redação final,2026-07-03,
356563,31,1731595,350,Decreto (Publicação),2026-07-08,
356563,23,1731596,370,Envio para promulgação,2026-07-14,
356563,24,1752160,380,Promulgação,2026-07-27,
356563,25,1752161,390,Referenda,2026-07-28,
356563,26,1752162,400,Envio INCM,2026-07-29,
356563,32,1752230,580,Lei (Publicação DR),2026-08-03,
346007,1,1683513,10,Entrada,2026-01-16,
346007,3,1683860,21,Anúncio,2026-01-21,
346007,2,1684043,20,Admissão,2026-01-23,
346007,10,1683642,190,Discussão generalidade,2026-01-23,
346007,122,1683738,237,Requerimento Baixa Comissão sem Votação (Generalidade),2026-01-23,
346007,12,1683826,240,Nova apreciação comissão generalidade,2026-01-23,
346007,152,1716930,225,Requerimento,2026-04-01,"Requerimento, apresentado pela Comissão de Orçamento, Finanças e Administração Pública, a solicitar a prorrogação do prazo para reapreciação na generalidade, na Comissão de Orçamento e Finanças, por mais 60 dias, do Projeto de Lei n.º 14/XVII/1ª (CH); do Projeto de Lei n.º 373/XVII/1.ª (IL); do Projeto de Lei n.º 377/XVII/1.ª (BE) e do Projeto de Lei n.º 384/XVII/1.ª (L)"
346007,152,1730511,225,Requerimento,2026-06-17,
315810,1,1642072,10,Entrada,2025-12-02,
315810,2,1642206,20,Admissão,2025-12-04,
315810,9,1642208,180,Baixa comissão distribuição inicial generalidade,2025-12-04,"Com conexão à 1.ª Comissão, 8.ª Comissão, 9.ª Comissão, 13.ª Comissão e 14.ª Comissão"
315810,3,1642211,21,Anúncio,2025-12-05,
315810,10,1642429,190,Discussão generalidade,2025-12-11,
315810,13,1642500,250,Votação na generalidade,2025-12-11,
315829,1,1642225,10,Entrada,2025-12-05,
315829,2,1642368,20,Admissão,2025-12-09,
315829,9,1642369,180,Baixa comissão distribuição inicial generalidade,2025-12-09,Com conexão à 9.ª Comissão
315829,3,1642439,21,Anúncio,2025-12-10,
315829,10,1662992,190,Discussão generalidade,2025-12-19,
315829,13,1642858,250,Votação na generalidade,2025-12-19,
315836,1,1642232,10,Entrada,2025-12-05,
315836,2,1642358,20,Admissão,2025-12-09,
315836,9,1642361,180,Baixa comissão distribuição inicial generalidade,2025-12-09,Com conexão à 5.ª Comissão
315836,3,1642452,21,Anúncio,2025-12-10,
315836,10,1662999,190,Discussão generalidade,2025-12-19,
315836,13,1642806,250,Votação na generalidade,2025-12-19,
346025,1,1683629,10,Entrada,2026-01-21,
346025,3,1683867,21,Anúncio,2026-01-21,
346025,2,1683993,20,Admissão,2026-01-27,Despacho PAR: Atentas as observações constantes da Nota de Admissibilidade
346025,9,1683994,180,Baixa comissão distribuição inicial generalidade,2026-01-27,
346025,10,1706041,190,Discussão generalidade,2026-03-19,
346025,13,1716413,250,Votação na generalidade,2026-03-20,
346025,14,1716414,270,Baixa comissão especialidade,2026-03-20,
315870,1,1642559,10,Entrada,2025-12-12,
315870,2,1642588,20,Admissão,2025-12-16,
315870,9,1642589,180,Baixa comissão distribuição inicial generalidade,2025-12-16,
315870,3,1642643,21,Anúncio,2025-12-17,
315870,10,1642701,190,Discussão generalidade,2025-12-18,
315870,13,1642762,250,Votação na generalidade,2025-12-18,
315865,1,1642518,10,Entrada,2025-12-12,
315865,2,1642584,20,Admissão,2025-12-16,
315865,9,1642585,180,Baixa comissão distribuição inicial generalidade,2025-12-16,
315865,3,1642642,21,Anúncio,2025-12-17,
315865,10,1642699,190,Discussão generalidade,2025-12-18,
315865,13,1642760,250,Votação na generalidade,2025-12-18,
315840,1,1642238,10,Entrada,2025-12-05,
315840,2,1642404,20,Admissão,2025-12-10,
315840,9,1642405,180,Baixa comissão distribuição inicial generalidade,2025-12-10,
315840,3,1642451,21,Anúncio,2025-12-10,
315840,10,1663000,190,Discussão generalidade,2025-12-19,
315840,13,1642807,250,Votação na generalidade,2025-12-19,
315821,1,1642189,10,Entrada,2025-12-04,
315821,2,1642382,20,Admissão,2025-12-09,
315821,9,1642383,180,Baixa comissão distribuição inicial generalidade,2025-12-09,
315821,3,1642445,21,Anúncio,2025-12-10,
315821,10,1642684,190,Discussão generalidade,2025-12-18,
315821,13,1642748,250,Votação na generalidade,2025-12-18,
315752,1,1641643,10,Entrada,2025-10-24,
315752,2,1641759,20,Admissão,2025-10-29,
315752,9,1641761,180,Baixa comissão distribuição inicial generalidade,2025-10-29,
315752,3,1641943,21,Anúncio,2025-11-20,
315729,1,1641196,10,Entrada,2025-10-13,
315729,2,1641411,20,Admissão,2025-10-15,"Despacho do PAR: ""Ressalvando os limites da norma Travão""."
315729,9,1641412,180,Baixa comissão distribuição inicial generalidade,2025-10-15,Conexão à 1.ª e 5.ª Comissão
315729,3,1641428,21,Anúncio,2025-10-16,
315749,1,1641629,10,Entrada,2025-10-23,
315749,2,1641658,20,Admissão,2025-10-27,
315749,9,1641659,180,Baixa comissão distribuição inicial generalidade,2025-10-27,
315749,3,1641677,21,Anúncio,2025-10-27,
315787,1,1642023,10,Entrada,2025-11-28,
315787,2,1642091,20,Admissão,2025-12-03,
315787,9,1642092,180,Baixa comissão distribuição inicial generalidade,2025-12-03,
315787,3,1642096,21,Anúncio,2025-12-04,
315830,1,1642226,10,Entrada,2025-12-05,
315830,2,1642366,20,Admissão,2025-12-09,
315830,9,1642367,180,Baixa comissão distribuição inicial generalidade,2025-12-09,Com conexão à 9.ª Comissão
315830,3,1642440,21,Anúncio,2025-12-10,
315830,10,1662993,190,Discussão generalidade,2025-12-19,
315830,13,1642859,250,Votação na generalidade,2025-12-19,
315923,1,1642963,10,Entrada,2026-01-02,
315923,2,1663099,20,Admissão,2026-01-06,
315923,9,1663100,180,Baixa comissão distribuição inicial generalidade,2026-01-06,
315923,3,1663212,21,Anúncio,2026-01-08,
315923,10,1663142,190,Discussão generalidade,2026-01-09,
315923,13,1663357,250,Votação na generalidade,2026-01-09,
315924,1,1642964,10,Entrada,2026-01-02,
315924,2,1663175,20,Admissão,2026-01-07,"Despacho do PAR: ""Atentas as observações constantes da Nota de Admissibilidade."""
315924,9,1663176,180,Baixa comissão distribuição inicial generalidade,2026-01-07,
315924,3,1663213,21,Anúncio,2026-01-08,
315924,10,1663154,190,Discussão generalidade,2026-01-09,
315924,13,1663366,250,Votação na generalidade,2026-01-09,
356079,1,1704233,10,Entrada,2026-02-04,
356079,2,1704394,20,Admissão,2026-02-11,
356079,9,1704396,180,Baixa comissão distribuição inicial generalidade,2026-02-11,Com conexão à 7.ª Comissão
356079,3,1704395,21,Anúncio,2026-02-12,
356079,10,1730314,190,Discussão generalidade,2026-06-11,
356079,13,1730353,250,Votação na generalidade,2026-06-12,
356079,14,1730354,270,Baixa comissão especialidade,2026-06-12,
345983,1,1683488,10,Entrada,2026-01-16,
345983,3,1683850,21,Anúncio,2026-01-21,
345983,2,1683946,20,Admissão,2026-01-27,
345983,9,1683947,180,Baixa comissão distribuição inicial generalidade,2026-01-27,Com conexão à 5.ª
345983,49,1717062,55,Publicação em Separata,2026-04-09,
345983,10,1717194,190,Discussão generalidade,2026-04-16,
345983,13,1717635,250,Votação na generalidade,2026-04-17,
335960,1,1663322,10,Entrada,2026-01-09,
335960,2,1683448,20,Admissão,2026-01-14,
335960,3,1683873,21,Anúncio,2026-01-21,
335960,64,1704371,243,Apreciação,2026-02-13,
335960,65,1704527,220,Apreciação de Decreto-Lei,2026-02-18,
335960,14,1704952,270,Baixa comissão especialidade,2026-02-18,
335960,15,1717133,280,Requerimento avocação plenário,2026-04-09,"Texto Final, apresentado pela Comissão de Infraestruturas, Mobilidade e Habitação, relativo à Apreciação Parlamentar n.º 6/XVII/1.ª (PS) – Decreto-Lei n.º 1-A/2026, de 6 de janeiro, que altera o Decreto-Lei n.º 37-A/2025, de 24 de março, que define um novo modelo para a atribuição de um subsídio social de mobilidade no âmbito dos serviços aéreos entre o continente e as Regiões Autónomas dos Açores e da Madeira e entre estas Regiões e à Apreciação Parlamentar n.º 7/XVII/1.ª (CH) – Decreto-Lei n.º 1-A/2026, de 6 de janeiro - Altera o Decreto-Lei n.º 37-A/2025, de 24 de março, que define um novo modelo para a atribuição de um subsídio social de mobilidade no âmbito dos serviços aéreos entre o continente e as Regiões Autónomas dos Açores e da Madeira e entre estas Regiões"
335960,46,1717134,260,Admissão Proposta de Alteração,2026-04-09,
335960,34,1717735,310,Votação na especialidade,2026-04-10,
335960,18,1717736,320,Votação final global,2026-04-10,"Texto Final, apresentado pela Comissão de Infraestruturas, Mobilidade e Habitação, relativo à Apreciação Parlamentar n.º 6/XVII/1.ª (PS) e  à Apreciação Parlamentar n.º 7/XVII/1.ª (CH) "
335960,15,1730717,280,Requerimento avocação plenário,2026-04-10,
335960,133,1717744,348,Envio à Comissão para fixação da Redação final,2026-04-20,
335960,31,1718192,350,Decreto (Publicação),2026-04-29,
335960,23,1728447,370,Envio para promulgação,2026-05-06,
335960,24,1729646,380,Promulgação,2026-05-26,
335960,25,1729647,390,Referenda,2026-05-26,
335960,26,1729648,400,Envio INCM,2026-05-27,
335960,32,1729775,580,Lei (Publicação DR),2026-06-01,
345996,1,1683502,10,Entrada,2026-01-16,
345996,3,1683859,21,Anúncio,2026-01-21,
345996,2,1684042,20,Admissão,2026-01-23,
345996,10,1683641,190,Discussão generalidade,2026-01-23,
345996,122,1683736,237,Requerimento Baixa Comissão sem Votação (Generalidade),2026-01-23,
345996,12,1683823,240,Nova apreciação comissão generalidade,2026-01-23,
345996,152,1716929,225,Requerimento,2026-04-01,"Requerimento, apresentado pela Comissão de Orçamento, Finanças e Administração Pública, a solicitar a prorrogação do prazo para reapreciação na generalidade, na Comissão de Orçamento e Finanças, por mais 60 dias, do Projeto de Lei n.º 14/XVII/1ª (CH); do Projeto de Lei n.º 373/XVII/1.ª (IL); do Projeto de Lei n.º 377/XVII/1.ª (BE) e do Projeto de Lei n.º 384/XVII/1.ª (L)"
345996,152,1730510,225,Requerimento,2026-06-17,
346036,1,1683747,10,Entrada,2026-01-23,
346036,3,1683870,21,Anúncio,2026-01-23,
346036,2,1683999,20,Admissão,2026-01-27,
346036,9,1684000,180,Baixa comissão distribuição inicial generalidade,2026-01-27,
346036,49,1704362,55,Publicação em Separata,2026-02-10,
346036,10,1728583,190,Discussão generalidade,2026-05-14,
346036,13,1729027,250,Votação na generalidade,2026-05-14,
315773,1,1641985,10,Entrada,2025-11-25,
315773,2,1642004,20,Admissão,2025-11-26,
315773,9,1642005,180,Baixa comissão distribuição inicial generalidade,2025-11-26,Com conexão à 1.ª Comissão.
315773,3,1642006,21,Anúncio,2025-11-27,
346000,1,1683506,10,Entrada,2026-01-16,
346000,3,1683799,21,Anúncio,2026-01-21,
346000,2,1683800,20,Admissão,2026-01-23,
346000,9,1683802,180,Baixa comissão distribuição inicial generalidade,2026-01-23,
346000,10,1683697,190,Discussão generalidade,2026-01-30,
346000,13,1694153,250,Votação na generalidade,2026-01-30,
346008,1,1683514,10,Entrada,2026-01-16,
346008,3,1683861,21,Anúncio,2026-01-21,
346008,2,1683982,20,Admissão,2026-01-27,
346008,9,1683983,180,Baixa comissão distribuição inicial generalidade,2026-01-27,Com conexão à 1.ª
346008,10,1683687,190,Discussão generalidade,2026-01-30,
346008,13,1694144,250,Votação na generalidade,2026-01-30,
346040,1,1683918,10,Entrada,2026-01-27,
346040,3,1704166,21,Anúncio,2026-01-28,
346040,2,1704167,20,Admissão,2026-02-03,
346040,9,1704168,180,Baixa comissão distribuição inicial generalidade,2026-02-03,Com conexão à 10.ª comissão
346040,49,1704950,55,Publicação em Separata,2026-02-21,
346040,10,1705216,190,Discussão generalidade,2026-02-26,
346040,13,1705426,250,Votação na generalidade,2026-02-27,
315920,1,1642945,10,Entrada,2026-01-02,
315920,2,1663040,20,Admissão,2026-01-06,
315920,9,1663041,180,Baixa comissão distribuição inicial generalidade,2026-01-06,
315920,3,1663227,21,Anúncio,2026-01-08,
315920,10,1663169,190,Discussão generalidade,2026-01-09,
315920,13,1663385,250,Votação na generalidade,2026-01-09,
356854,1,1729919,10,Entrada,2026-06-02,
356854,2,1730251,20,Admissão,2026-06-11,
356854,3,1730252,21,Anúncio,2026-06-12,
356854,9,1730253,180,Baixa comissão distribuição inicial generalidade,2026-06-12,
356854,10,1730968,190,Discussão generalidade,2026-07-03,
356854,13,1731314,250,Votação na generalidade,2026-07-03,
356854,14,1731315,270,Baixa comissão especialidade,2026-07-03,
356854,18,1731831,320,Votação final global,2026-07-17,
356854,81,1731833,341,Requerimento dispensa redação final,2026-07-17,
356854,31,1731793,350,Decreto (Publicação),2026-07-17,
356854,23,1742050,370,Envio para promulgação,2026-07-23,
356854,24,1752439,380,Promulgação,2026-08-05,
356854,25,1752440,390,Referenda,2026-08-06,
356854,26,1752441,400,Envio INCM,2026-08-11,
356854,32,1752500,580,Lei (Publicação DR),2026-08-17,
345970,1,1683472,10,Entrada,2026-01-16,
345970,3,1683844,21,Anúncio,2026-01-21,
345970,2,1683934,20,Admissão,2026-01-27,
345970,9,1683935,180,Baixa comissão distribuição inicial generalidade,2026-01-27,
345970,10,1683694,190,Discussão generalidade,2026-01-30,
345970,13,1694150,250,Votação na generalidade,2026-01-30,
356089,1,1704342,10,Entrada,2026-02-06,
356089,2,1704416,20,Admissão,2026-02-11,Despacho PAR: Proceder à Audição dos órgãos de governo próprios das RRAA
356089,9,1704417,180,Baixa comissão distribuição inicial generalidade,2026-02-11,
356089,3,1704418,21,Anúncio,2026-02-12,
356089,10,1704651,190,Discussão generalidade,2026-02-18,
356089,13,1704837,250,Votação na generalidade,2026-02-18,
356089,14,1704838,270,Baixa comissão especialidade,2026-02-19,
356703,1,1728433,10,Entrada,2026-05-05,
356703,2,1728868,20,Admissão,2026-05-12,Despacho PAR: Proceder à Audição dos órgãos de governo próprios das RRAA 
356703,9,1728869,180,Baixa comissão distribuição inicial generalidade,2026-05-12,
356703,144,1728892,22,Audição promovida pelo PAR para a ALRAA,2026-05-12,
356703,145,1728893,23,Audição promovida pelo PAR para a ALRAM,2026-05-12,
356703,146,1728894,24,Audição promovida pelo PAR para o Governo da RAA,2026-05-12,
356703,147,1728895,25,Audição promovida pelo PAR para o Governo da RAM,2026-05-12,
356703,3,1728870,21,Anúncio,2026-05-13,
356703,9,1728998,180,Baixa comissão distribuição inicial generalidade,2026-05-13,Com conexão às 1.ª e 5.ª comissões
356703,10,1729036,190,Discussão generalidade,2026-05-20,
356703,13,1729404,250,Votação na generalidade,2026-05-22,
356703,151,1729726,175,Parecer do Governo da RAM,2026-05-29,
356703,148,1729765,172,Parecer da ALRAA,2026-05-29,
356703,149,1729921,173,Parecer da ALRAM,2026-06-02,
345990,1,1683496,10,Entrada,2026-01-16,
345990,3,1683856,21,Anúncio,2026-01-21,
345990,2,1683976,20,Admissão,2026-01-27,
345990,9,1683977,180,Baixa comissão distribuição inicial generalidade,2026-01-27,
345990,49,1694127,55,Publicação em Separata,2026-02-03,
356130,1,1704524,10,Entrada,2026-02-13,
356130,2,1704688,20,Admissão,2026-02-18,
356130,9,1704690,180,Baixa comissão distribuição inicial generalidade,2026-02-18,
356130,3,1704691,21,Anúncio,2026-02-19,
356130,10,1705202,190,Discussão generalidade,2026-02-26,
356130,13,1705401,250,Votação na generalidade,2026-02-27,
345977,1,1683479,10,Entrada,2026-01-16,
345977,3,1683848,21,Anúncio,2026-01-21,
345977,2,1683942,20,Admissão,2026-01-27,Despacho PAR: Ressalvando os limites da norma Travão
345977,9,1683943,180,Baixa comissão distribuição inicial generalidade,2026-01-27,
356194,1,1704841,10,Entrada,2026-02-19,
356194,2,1705096,20,Admissão,2026-02-20,Despacho PAR: Ressalvando os limites da norma Travão
356194,3,1705097,21,Anúncio,2026-02-20,
356194,10,1704861,190,Discussão generalidade,2026-02-20,
356194,122,1704980,237,Requerimento Baixa Comissão sem Votação (Generalidade),2026-02-20,
356194,12,1704981,240,Nova apreciação comissão generalidade,2026-02-20,
356207,1,1704856,10,Entrada,2026-02-20,
356207,2,1705125,20,Admissão,2026-02-24,Despacho PAR: Ressalvando os limites da norma Travão
356207,9,1705126,180,Baixa comissão distribuição inicial generalidade,2026-02-24,
356207,3,1705127,21,Anúncio,2026-02-25,
356207,10,1704875,190,Discussão generalidade,2026-02-25,
356207,13,1705240,250,Votação na generalidade,2026-02-25,
345978,1,1683480,10,Entrada,2026-01-16,
345978,3,1683760,21,Anúncio,2026-01-21,
345978,2,1683761,20,Admissão,2026-01-23,
345978,9,1683762,180,Baixa comissão distribuição inicial generalidade,2026-01-23,
356210,1,1704859,10,Entrada,2026-02-20,
356210,2,1705135,20,Admissão,2026-02-24,
356210,9,1705136,180,Baixa comissão distribuição inicial generalidade,2026-02-24,Com conexão à 6.ª Comissão
356210,3,1705137,21,Anúncio,2026-02-25,
356210,10,1704878,190,Discussão generalidade,2026-02-25,
356210,13,1705243,250,Votação na generalidade,2026-02-25,
356230,1,1705323,10,Entrada,2026-02-27,
356230,3,1705486,21,Anúncio,2026-03-04,
356230,2,1705685,20,Admissão,2026-03-09,"Despacho do PAR: ""Ressalvando os limites da norma travão""."
356230,9,1705686,180,Baixa comissão distribuição inicial generalidade,2026-03-09,
356230,10,1717017,190,Discussão generalidade,2026-04-09,
356230,13,1717167,250,Votação na generalidade,2026-04-10,
356230,14,1717168,270,Baixa comissão especialidade,2026-04-10,
356204,1,1704853,10,Entrada,2026-02-20,
356204,2,1705115,20,Admissão,2026-02-24,
356204,9,1705116,180,Baixa comissão distribuição inicial generalidade,2026-02-24,
356204,3,1705117,21,Anúncio,2026-02-25,
356204,9,1705313,180,Baixa comissão distribuição inicial generalidade,2026-02-27,Com conexão à 5.ª Comissão
356090,1,1704344,10,Entrada,2026-02-06,
356090,2,1704419,20,Admissão,2026-02-11,
356090,9,1704420,180,Baixa comissão distribuição inicial generalidade,2026-02-11,
356090,3,1704421,21,Anúncio,2026-02-12,
356090,10,1704450,190,Discussão generalidade,2026-02-13,
356090,13,1704616,250,Votação na generalidade,2026-02-13,
356195,1,1704842,10,Entrada,2026-02-19,
356195,2,1704948,20,Admissão,2026-02-20,
356195,3,1704949,21,Anúncio,2026-02-20,
356195,10,1704862,190,Discussão generalidade,2026-02-20,
356195,122,1704982,237,Requerimento Baixa Comissão sem Votação (Generalidade),2026-02-20,
356195,12,1704983,240,Nova apreciação comissão generalidade,2026-02-20,
356195,35,1728510,648,Retirada da iniciativa,2026-05-06,
356420,1,1716480,10,Entrada,2026-03-23,
356420,2,1716604,20,Admissão,2026-03-25,
356420,9,1716605,180,Baixa comissão distribuição inicial generalidade,2026-03-25,
356420,3,1716606,21,Anúncio,2026-03-25,
356420,10,1729079,190,Discussão generalidade,2026-05-21,
356420,122,1729370,237,Requerimento Baixa Comissão sem Votação (Generalidade),2026-05-22,
356420,12,1729490,240,Nova apreciação comissão generalidade,2026-05-22,
356280,1,1705526,10,Entrada,2026-03-06,
356280,3,1706111,21,Anúncio,2026-03-18,
356280,2,1706112,20,Admissão,2026-03-18,
356280,9,1716388,180,Baixa comissão distribuição inicial generalidade,2026-03-18,
356280,10,1706031,190,Discussão generalidade,2026-03-19,
356280,13,1716402,250,Votação na generalidade,2026-03-20,
356287,1,1705533,10,Entrada,2026-03-06,
356287,3,1706113,21,Anúncio,2026-03-18,
356287,2,1706114,20,Admissão,2026-03-18,"Despacho do PAR: ""Atentas as observações constantes da nota de admissibilidade"""
356287,10,1706042,190,Discussão generalidade,2026-03-19,
356287,13,1716415,250,Votação na generalidade,2026-03-20,
356287,14,1716416,270,Baixa comissão especialidade,2026-03-20,
356138,1,1704574,10,Entrada,2026-02-13,
356138,2,1704710,20,Admissão,2026-02-18,Despacho PAR: Ressalvando os limites da norma Travão
356138,9,1704711,180,Baixa comissão distribuição inicial generalidade,2026-02-18,Com conexão à 9.ª Comissão
356138,3,1704712,21,Anúncio,2026-02-19,
356138,10,1705178,190,Discussão generalidade,2026-02-26,
356138,13,1705365,250,Votação na generalidade,2026-02-27,
356294,1,1705541,10,Entrada,2026-03-06,
356294,3,1705881,21,Anúncio,2026-03-12,
356294,2,1705882,20,Admissão,2026-03-13,"Despacho do PAR: ""Ressalvando o respeito pelos princípios constitucionais"""
356294,9,1705883,180,Baixa comissão distribuição inicial generalidade,2026-03-13,
356294,10,1706063,190,Discussão generalidade,2026-03-20,
356294,13,1716448,250,Votação na generalidade,2026-03-20,
356147,1,1704583,10,Entrada,2026-02-13,
356147,2,1704719,20,Admissão,2026-02-18,
356147,9,1704720,180,Baixa comissão distribuição inicial generalidade,2026-02-18,Com conexão à 10.ª Comissão
356147,3,1704721,21,Anúncio,2026-02-19,
356147,10,1705219,190,Discussão generalidade,2026-02-26,
356147,13,1705430,250,Votação na generalidade,2026-02-27,
356331,1,1705782,10,Entrada,2026-03-10,
356331,3,1706132,21,Anúncio,2026-03-18,
356331,2,1706133,20,Admissão,2026-03-18,"Despacho do PAR: ""Ressalvando os limites da norma Travão"""
356331,9,1706134,180,Baixa comissão distribuição inicial generalidade,2026-03-18,
356331,49,1717064,55,Publicação em Separata,2026-04-09,
356331,10,1717193,190,Discussão generalidade,2026-04-16,
356331,13,1717634,250,Votação na generalidade,2026-04-17,
345991,1,1683497,10,Entrada,2026-01-16,
345991,3,1683777,21,Anúncio,2026-01-21,
345991,2,1683778,20,Admissão,2026-01-23,
345991,9,1683780,180,Baixa comissão distribuição inicial generalidade,2026-01-23,
345993,1,1683499,10,Entrada,2026-01-16,
345993,2,1683649,20,Admissão,2026-01-21,
345993,3,1683858,21,Anúncio,2026-01-21,
345993,10,1683633,190,Discussão generalidade,2026-01-22,
345993,13,1683757,250,Votação na generalidade,2026-01-23,
356180,1,1704673,10,Entrada,2026-02-17,
356180,2,1704814,20,Admissão,2026-02-19,
356180,9,1704815,180,Baixa comissão distribuição inicial generalidade,2026-02-19,
356180,3,1704816,21,Anúncio,2026-02-20,
356180,10,1717016,190,Discussão generalidade,2026-04-09,
356180,13,1717166,250,Votação na generalidade,2026-04-10,
356208,1,1704857,10,Entrada,2026-02-20,
356208,2,1705128,20,Admissão,2026-02-24,Despacho PAR: Ressalvando os limites da norma Travão
356208,9,1705129,180,Baixa comissão distribuição inicial generalidade,2026-02-24,Com conexão à 10.ª Comissão
356208,3,1705130,21,Anúncio,2026-02-25,
356208,10,1704876,190,Discussão generalidade,2026-02-25,
356208,13,1705241,250,Votação na generalidade,2026-02-25,
356148,1,1704584,10,Entrada,2026-02-13,
356148,2,1704722,20,Admissão,2026-02-18,
356148,9,1704723,180,Baixa comissão distribuição inicial generalidade,2026-02-18,
356148,3,1704724,21,Anúncio,2026-02-19,
356148,10,1705207,190,Discussão generalidade,2026-02-26,
356148,13,1705409,250,Votação na generalidade,2026-02-27,
356314,1,1705560,10,Entrada,2026-03-06,
356314,3,1705902,21,Anúncio,2026-03-12,
356314,2,1705903,20,Admissão,2026-03-13,
356314,9,1705904,180,Baixa comissão distribuição inicial generalidade,2026-03-13,Com conexão com a 5.ª Comissão
356314,10,1706037,190,Discussão generalidade,2026-03-19,
356314,13,1716410,250,Votação na generalidade,2026-03-20,
356328,1,1705772,10,Entrada,2026-03-10,
356328,3,1705920,21,Anúncio,2026-03-12,
356328,2,1705921,20,Admissão,2026-03-13,
356328,9,1705922,180,Baixa comissão distribuição inicial generalidade,2026-03-13,
356328,10,1717100,190,Discussão generalidade,2026-04-10,
356328,13,1717173,250,Votação na generalidade,2026-04-10,
356328,14,1717174,270,Baixa comissão especialidade,2026-04-10,
356215,1,1704954,10,Entrada,2026-02-21,
356215,2,1705141,20,Admissão,2026-02-24,
356215,9,1705142,180,Baixa comissão distribuição inicial generalidade,2026-02-24,
356215,3,1705143,21,Anúncio,2026-02-25,
356215,10,1705663,190,Discussão generalidade,2026-03-13,
356215,13,1706013,250,Votação na generalidade,2026-03-13,
346002,1,1683508,10,Entrada,2026-01-16,
346002,3,1683793,21,Anúncio,2026-01-21,
346002,2,1683794,20,Admissão,2026-01-23,
346002,9,1683795,180,Baixa comissão distribuição inicial generalidade,2026-01-23,
356452,1,1716792,10,Entrada,2026-03-31,
356452,41,1718000,150,Recurso da decisão do PAR,2026-04-10,(Artigo 82.º do RAR) Despacho n.º 142/XVII do PAR - Reclamação do GP do CH - Agendamento por arrastamento
356452,2,1717468,20,Admissão,2026-04-15,"Despacho do PAR: ""Atento ao respeito dos princípios constitucionais."""
356452,9,1717469,180,Baixa comissão distribuição inicial generalidade,2026-04-15,
356452,3,1717470,21,Anúncio,2026-04-16,
356452,9,1728276,180,Baixa comissão distribuição inicial generalidade,2026-05-04,
356133,1,1704569,10,Entrada,2026-02-13,
356133,2,1704823,20,Admissão,2026-02-19,
356133,9,1704824,180,Baixa comissão distribuição inicial generalidade,2026-02-19,
356133,3,1704825,21,Anúncio,2026-02-20,
356087,1,1704335,10,Entrada,2026-02-06,
356087,2,1704412,20,Admissão,2026-02-11,Com conexão à 11.ª Comissão
356087,9,1704443,180,Baixa comissão distribuição inicial generalidade,2026-02-11,Com conexão à 11.ª Comissão
356087,3,1704444,21,Anúncio,2026-02-12,
356086,1,1704334,10,Entrada,2026-02-06,
356086,2,1704409,20,Admissão,2026-02-11,Despacho PAR: Ressalvando os limites da norma Travão
356086,9,1704410,180,Baixa comissão distribuição inicial generalidade,2026-02-11,
356086,3,1704411,21,Anúncio,2026-02-12,
356357,1,1705860,10,Entrada,2026-03-13,
356357,3,1706160,21,Anúncio,2026-03-18,
356357,2,1706161,20,Admissão,2026-03-18,
356357,9,1706162,180,Baixa comissão distribuição inicial generalidade,2026-03-18,
356357,10,1731114,190,Discussão generalidade,2026-07-02,
356357,13,1731263,250,Votação na generalidade,2026-07-02,
356232,1,1705325,10,Entrada,2026-02-27,
356232,3,1705488,21,Anúncio,2026-03-04,
356232,2,1705681,20,Admissão,2026-03-09,"Despacho do PAR: ""Ressalvando os limites da norma travão""."
356232,9,1705683,180,Baixa comissão distribuição inicial generalidade,2026-03-09,
356232,10,1705675,190,Discussão generalidade,2026-03-13,
356232,13,1706033,250,Votação na generalidade,2026-03-13,
356179,1,1704672,10,Entrada,2026-02-17,
356179,2,1704817,20,Admissão,2026-02-19,
356179,9,1704818,180,Baixa comissão distribuição inicial generalidade,2026-02-19,
356179,3,1704819,21,Anúncio,2026-02-20,
356179,49,1705312,55,Publicação em Separata,2026-02-26,
356378,1,1706026,10,Entrada,2026-03-17,
356378,3,1706195,21,Anúncio,2026-03-18,
356378,2,1706196,20,Admissão,2026-03-18,
356378,9,1706197,180,Baixa comissão distribuição inicial generalidade,2026-03-18,
356378,10,1730061,190,Discussão generalidade,2026-06-18,
356378,13,1730643,250,Votação na generalidade,2026-06-19,
356242,1,1705335,10,Entrada,2026-02-27,
356242,3,1705493,21,Anúncio,2026-03-04,
356242,2,1705678,20,Admissão,2026-03-09,
356242,9,1705679,180,Baixa comissão distribuição inicial generalidade,2026-03-09,
356242,10,1731111,190,Discussão generalidade,2026-06-18,
356242,13,1730632,250,Votação na generalidade,2026-06-19,
356412,1,1716385,10,Entrada,2026-03-23,
356412,2,1716519,20,Admissão,2026-03-24,
356412,9,1716520,180,Baixa comissão distribuição inicial generalidade,2026-03-24,
356412,3,1716577,21,Anúncio,2026-03-25,
356412,10,1728553,190,Discussão generalidade,2026-05-08,
356412,13,1728815,250,Votação na generalidade,2026-05-08,
356243,1,1705336,10,Entrada,2026-02-27,
356243,3,1705494,21,Anúncio,2026-03-04,
356243,2,1705690,20,Admissão,2026-03-09,"Despacho do PAR: ""Ressalvando os limites da norma travão""."
356243,9,1705691,180,Baixa comissão distribuição inicial generalidade,2026-03-09,
356243,10,1717018,190,Discussão generalidade,2026-04-09,
356243,13,1717169,250,Votação na generalidade,2026-04-10,
356543,1,1716990,10,Entrada,2026-04-07,
356543,2,1717498,20,Admissão,2026-04-16,
356543,9,1717499,180,Baixa comissão distribuição inicial generalidade,2026-04-16,
356543,3,1717500,21,Anúncio,2026-04-16,
356543,10,1717806,190,Discussão generalidade,2026-04-23,
356543,122,1718031,237,Requerimento Baixa Comissão sem Votação (Generalidade),2026-04-24,
356543,12,1718072,240,Nova apreciação comissão generalidade,2026-04-24,
356258,1,1705366,10,Entrada,2026-02-27,
356258,3,1705503,21,Anúncio,2026-03-04,
356258,2,1705725,20,Admissão,2026-03-09,
356258,9,1705726,180,Baixa comissão distribuição inicial generalidade,2026-03-09,
356258,10,1705653,190,Discussão generalidade,2026-03-13,
356258,13,1705995,250,Votação na generalidade,2026-03-13,
356249,1,1705342,10,Entrada,2026-02-27,
356249,3,1705495,21,Anúncio,2026-03-04,
356249,2,1705870,20,Admissão,2026-03-12,
356249,9,1705871,180,Baixa comissão distribuição inicial generalidade,2026-03-12,
356249,10,1705632,190,Discussão generalidade,2026-03-12,
356249,13,1716397,250,Votação na generalidade,2026-03-20,
356256,1,1705362,10,Entrada,2026-02-27,
356256,3,1705501,21,Anúncio,2026-03-04,
356256,2,1705688,20,Admissão,2026-03-09,"Despacho do PAR: ""Ressalvando os limites da norma travão"""
356256,9,1705689,180,Baixa comissão distribuição inicial generalidade,2026-03-09,
356256,10,1705677,190,Discussão generalidade,2026-03-13,
356256,13,1706045,250,Votação na generalidade,2026-03-13,
356254,1,1705360,10,Entrada,2026-02-27,
356254,3,1705500,21,Anúncio,2026-03-04,
356254,2,1705710,20,Admissão,2026-03-06,"Despacho do PAR: ""Ressalvando os limites da norma travão""."
356254,9,1705711,180,Baixa comissão distribuição inicial generalidade,2026-03-06,
356254,10,1705476,190,Discussão generalidade,2026-03-06,
356254,13,1705599,250,Votação na generalidade,2026-03-06,
356231,1,1705324,10,Entrada,2026-02-27,
356231,3,1705487,21,Anúncio,2026-03-04,
356231,2,1705712,20,Admissão,2026-03-09,
356231,9,1705713,180,Baixa comissão distribuição inicial generalidade,2026-03-09,
356495,1,1716872,10,Entrada,2026-03-31,
356495,2,1717480,20,Admissão,2026-04-15,
356495,3,1717481,21,Anúncio,2026-04-16,
356495,10,1717180,190,Discussão generalidade,2026-04-16,
356495,13,1717612,250,Votação na generalidade,2026-04-17,
356495,14,1717613,270,Baixa comissão especialidade,2026-04-17,
356903,1,1730264,10,Entrada,2026-06-12,
356903,2,1730471,20,Admissão,2026-06-16,
356903,3,1730472,21,Anúncio,2026-06-16,
356903,145,1730591,23,Audição promovida pelo PAR para a ALRAM,2026-06-19,
356903,144,1730592,22,Audição promovida pelo PAR para a ALRAA,2026-06-19,
356903,147,1730593,25,Audição promovida pelo PAR para o Governo da RAM,2026-06-19,
356903,146,1730594,24,Audição promovida pelo PAR para o Governo da RAA,2026-06-19,
356903,151,1731369,175,Parecer do Governo da RAM,2026-07-03,
356903,150,1731374,174,Parecer do Governo da RAA,2026-07-06,
356903,149,1731413,173,Parecer da ALRAM,2026-07-07,
356903,148,1731515,172,Parecer da ALRAA,2026-07-08,
356971,1,1730801,10,Entrada,2026-06-24,
356971,2,1731104,20,Admissão,2026-07-01,"Despacho do PAR: ""Atento o meu despacho n.º 216/XVII. Proceder à Audição dos órgãos de governo próprios das RRAA."""
356971,9,1731106,180,Baixa comissão distribuição inicial generalidade,2026-07-02,
356971,3,1731105,21,Anúncio,2026-07-02,
356971,145,1731107,23,Audição promovida pelo PAR para a ALRAM,2026-07-02,
356971,144,1731108,22,Audição promovida pelo PAR para a ALRAA,2026-07-02,
356971,147,1731109,25,Audição promovida pelo PAR para o Governo da RAM,2026-07-02,
356971,146,1731110,24,Audição promovida pelo PAR para o Governo da RAA,2026-07-02,
356971,149,1731588,173,Parecer da ALRAM,2026-07-15,
356971,150,1731792,174,Parecer do Governo da RAA,2026-07-17,
356971,148,1732021,172,Parecer da ALRAA,2026-07-22,
356401,1,1706372,10,Entrada,2026-03-20,
356401,2,1716521,20,Admissão,2026-03-24,
356401,9,1716522,180,Baixa comissão distribuição inicial generalidade,2026-03-24,
356401,3,1716574,21,Anúncio,2026-03-25,
356538,1,1716985,10,Entrada,2026-04-07,
356538,2,1717491,20,Admissão,2026-04-16,"Despacho do PAR: ""Ressalvando os limites da norma travão."""
356538,9,1717492,180,Baixa comissão distribuição inicial generalidade,2026-04-16,
356538,3,1717493,21,Anúncio,2026-04-16,
356538,10,1717801,190,Discussão generalidade,2026-04-23,
356538,13,1718068,250,Votação na generalidade,2026-04-24,
356540,1,1716987,10,Entrada,2026-04-07,
356540,2,1717485,20,Admissão,2026-04-16,
356540,9,1717486,180,Baixa comissão distribuição inicial generalidade,2026-04-16,
356540,3,1717487,21,Anúncio,2026-04-16,
356540,10,1717796,190,Discussão generalidade,2026-04-23,
356540,13,1718062,250,Votação na generalidade,2026-04-24,
356404,1,1716377,10,Entrada,2026-03-20,
356404,2,1716523,20,Admissão,2026-03-24,"Despacho do PAR: ""Ressalvando os limites da norma Travão"""
356404,9,1716524,180,Baixa comissão distribuição inicial generalidade,2026-03-24,
356404,3,1716575,21,Anúncio,2026-03-25,
356405,1,1716378,10,Entrada,2026-03-20,
356405,2,1716525,20,Admissão,2026-03-24,"Despacho do PAR: ""Ressalvando os limites da norma Travão"""
356405,9,1716526,180,Baixa comissão distribuição inicial generalidade,2026-03-24,
356405,3,1716576,21,Anúncio,2026-03-25,
356257,1,1705363,10,Entrada,2026-02-27,
356257,3,1705502,21,Anúncio,2026-03-04,
356257,2,1705874,20,Admissão,2026-03-12,
356257,10,1705634,190,Discussão generalidade,2026-03-12,
356257,13,1705975,250,Votação na generalidade,2026-03-13,
356681,1,1728389,10,Entrada,2026-05-05,
356681,3,1728702,21,Anúncio,2026-05-06,
356681,2,1728703,20,Admissão,2026-05-08,"Despacho PAR ""Ressalvando os limites da norma Travão"""
356681,9,1728704,180,Baixa comissão distribuição inicial generalidade,2026-05-08,
356681,10,1729044,190,Discussão generalidade,2026-05-20,
356681,122,1729313,237,Requerimento Baixa Comissão sem Votação (Generalidade),2026-05-21,
356681,12,1729418,240,Nova apreciação comissão generalidade,2026-05-22,
356884,1,1730114,10,Entrada,2026-06-08,
356884,2,1730232,20,Admissão,2026-06-11,
356884,3,1730233,21,Anúncio,2026-06-11,
356884,9,1730234,180,Baixa comissão distribuição inicial generalidade,2026-06-11,
356884,10,1730315,190,Discussão generalidade,2026-06-11,
356884,13,1730355,250,Votação na generalidade,2026-06-12,
356884,14,1730356,270,Baixa comissão especialidade,2026-06-12,
356608,1,1717741,10,Entrada,2026-04-20,
356608,2,1718004,20,Admissão,2026-04-23,
356608,9,1718005,180,Baixa comissão distribuição inicial generalidade,2026-04-23,
356608,3,1718006,21,Anúncio,2026-04-23,
356608,49,1728529,55,Publicação em Separata,2026-05-07,
315461,1,1629559,10,Entrada,2025-08-14,
315461,51,1731801,50,Publicação,2025-08-16,
315461,2,1629748,20,Admissão,2025-08-27,
315461,3,1629999,21,Anúncio,2025-09-10,
315461,46,1630482,260,Admissão Proposta de Alteração,2025-09-18,
315461,46,1630495,260,Admissão Proposta de Alteração,2025-09-19,
315461,65,1630266,220,Apreciação de Decreto-Lei,2025-09-19,
315461,14,1630527,270,Baixa comissão especialidade,2025-09-19,
315461,195,1704491,,Anúncio de conclusão,2026-02-12,
315171,1,1627750,10,Entrada,2025-06-27,
315171,2,1628076,20,Admissão,2025-07-01,
315171,3,1628077,21,Anúncio,2025-07-02,
315171,51,1630933,50,Publicação,2025-07-05,
315171,64,1628458,243,Apreciação,2025-07-09,
315171,73,1628861,335,Votação Deliberação,2025-07-11,
315171,57,1629941,360,Resolução (Publicação DAR),2025-09-10,
315171,26,1629942,400,Envio INCM,2025-09-10,
315171,44,1629993,600,Resolução da AR (Publicação DR),2025-09-11,
315171,57,1630987,360,Resolução (Publicação DAR),2025-09-30,
356702,1,1728432,10,Entrada,2026-05-05,
356702,2,1728871,20,Admissão,2026-05-12,
356702,9,1728872,180,Baixa comissão distribuição inicial generalidade,2026-05-12,
356702,3,1728873,21,Anúncio,2026-05-13,
356702,10,1729063,190,Discussão generalidade,2026-05-21,
356702,13,1729462,250,Votação na generalidade,2026-05-22,
356727,1,1728635,10,Entrada,2026-05-08,
356727,2,1728875,20,Admissão,2026-05-12,
356727,9,1728876,180,Baixa comissão distribuição inicial generalidade,2026-05-12,
356727,3,1728877,21,Anúncio,2026-05-13,
356727,10,1730058,190,Discussão generalidade,2026-06-18,
356727,13,1730630,250,Votação na generalidade,2026-06-19,
356812,1,1729434,10,Entrada,2026-05-22,
356812,3,1729637,21,Anúncio,2026-05-22,
356812,2,1729638,20,Admissão,2026-05-26,
356812,9,1729639,180,Baixa comissão distribuição inicial generalidade,2026-05-26,
356812,10,1729748,190,Discussão generalidade,2026-06-02,
356812,13,1729998,250,Votação na generalidade,2026-06-03,
356712,1,1728477,10,Entrada,2026-05-05,
356712,2,1728862,20,Admissão,2026-05-12,Despacho PAR: Ressalvando os limites da norma Travão e o princípio da separação de poderes 
356712,9,1728863,180,Baixa comissão distribuição inicial generalidade,2026-05-12,
356712,3,1728864,21,Anúncio,2026-05-13,
356712,10,1729081,190,Discussão generalidade,2026-05-21,
356712,13,1729492,250,Votação na generalidade,2026-05-22,
356895,1,1730125,10,Entrada,2026-06-08,
356895,2,1730242,20,Admissão,2026-06-11,"Despacho do PAR: ""Ressalvando os limites da norma Travão"""
356895,3,1730243,21,Anúncio,2026-06-11,
356895,9,1730244,180,Baixa comissão distribuição inicial generalidade,2026-06-11,
356895,10,1730328,190,Discussão generalidade,2026-06-12,
356895,13,1730386,250,Votação na generalidade,2026-06-12,
356631,1,1718118,10,Entrada,2026-04-25,
356631,2,1728313,20,Admissão,2026-05-05,
356631,9,1728315,180,Baixa comissão distribuição inicial generalidade,2026-05-05,
356631,3,1728314,21,Anúncio,2026-05-06,
356875,1,1730100,10,Entrada,2026-06-08,
356875,2,1730197,20,Admissão,2026-06-11,
356875,3,1730198,21,Anúncio,2026-06-11,
356875,9,1730199,180,Baixa comissão distribuição inicial generalidade,2026-06-11,
356875,10,1730317,190,Discussão generalidade,2026-06-11,
356875,13,1730371,250,Votação na generalidade,2026-06-12,
356883,1,1730113,10,Entrada,2026-06-08,
356883,2,1730208,20,Admissão,2026-06-11,
356883,3,1730209,21,Anúncio,2026-06-11,
356883,9,1730210,180,Baixa comissão distribuição inicial generalidade,2026-06-11,
356883,10,1730318,190,Discussão generalidade,2026-06-11,
356883,13,1730373,250,Votação na generalidade,2026-06-12,
356803,1,1729416,10,Entrada,2026-05-22,
356803,3,1729671,21,Anúncio,2026-05-22,
356803,2,1729672,20,Admissão,2026-05-27,
356803,9,1729673,180,Baixa comissão distribuição inicial generalidade,2026-05-27,
356803,10,1730048,190,Discussão generalidade,2026-06-12,
356803,13,1730396,250,Votação na generalidade,2026-06-12,
356893,1,1730123,10,Entrada,2026-06-08,
356893,2,1730225,20,Admissão,2026-06-11,"Despacho do PAR: ""Ressalvando os limites da norma Travão"""
356893,3,1730229,21,Anúncio,2026-06-11,
356893,9,1730230,180,Baixa comissão distribuição inicial generalidade,2026-06-11,
356893,10,1752514,190,Discussão generalidade,2026-06-11,
356893,13,1730376,250,Votação na generalidade,2026-06-12,
356718,1,1728486,10,Entrada,2026-05-06,
356718,2,1728858,20,Admissão,2026-05-12,Despacho PAR: Atento o respeito pelos princípios constitucionais
356718,9,1728860,180,Baixa comissão distribuição inicial generalidade,2026-05-12,
356718,3,1728861,21,Anúncio,2026-05-13,
356718,10,1728586,190,Discussão generalidade,2026-05-14,
356718,13,1729030,250,Votação na generalidade,2026-05-14,
356799,1,1729403,10,Entrada,2026-05-22,
356799,3,1729622,21,Anúncio,2026-05-22,
356799,2,1729623,20,Admissão,2026-05-26,
356799,9,1729624,180,Baixa comissão distribuição inicial generalidade,2026-05-26,
356799,10,1729736,190,Discussão generalidade,2026-06-02,
356799,13,1729978,250,Votação na generalidade,2026-06-03,
356951,1,1730596,10,Entrada,2026-06-19,
356951,2,1730777,20,Admissão,2026-06-24,
356951,9,1730778,180,Baixa comissão distribuição inicial generalidade,2026-06-24,
356951,3,1730779,21,Anúncio,2026-06-24,
356951,10,1730743,190,Discussão generalidade,2026-06-25,
356951,13,1730845,250,Votação na generalidade,2026-06-25,
356988,1,1730947,10,Entrada,2026-06-26,
356988,2,1731053,20,Admissão,2026-07-01,
356988,9,1731054,180,Baixa comissão distribuição inicial generalidade,2026-07-01,
356988,3,1731055,21,Anúncio,2026-07-02,
356988,10,1731118,190,Discussão generalidade,2026-07-02,
356988,13,1731270,250,Votação na generalidade,2026-07-02,
356634,1,1718125,10,Entrada,2026-04-27,
356634,2,1728484,20,Admissão,2026-05-05,"Despacho PAR ""Considerando o teor do Despacho n.º 160/XVII"""
356634,9,1728485,180,Baixa comissão distribuição inicial generalidade,2026-05-05,
356634,3,1728489,21,Anúncio,2026-05-06,
356634,49,1728850,55,Publicação em Separata,2026-05-12,
356654,1,1728265,10,Entrada,2026-04-30,
356654,2,1728397,20,Admissão,2026-05-05,"Pedido relatório ao Governo a 2026-05-29, no prazo (prorrogável) de 90 dias, conforme previsto nos artigos 7.º e 8.º da lei quadro da criação de municípios, aprovada pela Lei n.º 142/85, de 18 de novembro"
356654,9,1728399,180,Baixa comissão distribuição inicial generalidade,2026-05-05,
356654,3,1728398,21,Anúncio,2026-05-06,
356976,1,1730890,10,Entrada,2026-06-26,
356976,2,1731035,20,Admissão,2026-07-01,"Despacho do PAR: ""Ressalvando os limites da norma Travão."""
356976,9,1731036,180,Baixa comissão distribuição inicial generalidade,2026-07-01,
356976,3,1731037,21,Anúncio,2026-07-02,
356976,10,1731017,190,Discussão generalidade,2026-07-03,
356976,13,1731381,250,Votação na generalidade,2026-07-03,
356616,1,1717774,10,Entrada,2026-04-22,
356616,2,1717950,20,Admissão,2026-04-23,
356616,9,1717951,180,Baixa comissão distribuição inicial generalidade,2026-04-23,
356616,3,1717952,21,Anúncio,2026-04-23,
356996,1,1730962,10,Entrada,2026-06-29,
356996,2,1731070,20,Admissão,2026-07-01,
356996,9,1731071,180,Baixa comissão distribuição inicial generalidade,2026-07-01,
356996,3,1731072,21,Anúncio,2026-07-02,
356996,10,1731026,190,Discussão generalidade,2026-07-03,
356996,13,1731391,250,Votação na generalidade,2026-07-03,
356636,1,1718128,10,Entrada,2026-04-27,
356636,2,1718185,20,Admissão,2026-04-29,
356636,9,1718186,180,Baixa comissão distribuição inicial generalidade,2026-04-29,
356636,3,1718187,21,Anúncio,2026-04-29,
356636,49,1728530,55,Publicação em Separata,2026-05-07,
315730,1,1641197,10,Entrada,2025-10-13,
315730,2,1641430,20,Admissão,2025-10-16,
315730,3,1641442,21,Anúncio,2025-10-17,
315730,46,1663114,260,Admissão Proposta de Alteração,2026-01-07,
315730,65,1663122,220,Apreciação de Decreto-Lei,2026-01-07,
315730,14,1663189,270,Baixa comissão especialidade,2026-01-08,
315730,18,1705459,320,Votação final global,2026-02-27,"Texto final, apresentado pela Comissão de Infraestruturas, Mobilidade e Habitação, relativo à Apreciação Parlamentar n.º 2/XVII/1.ª (PS)"
356619,1,1717938,10,Entrada,2026-04-22,
356619,2,1718009,20,Admissão,2026-04-23,
356619,9,1718010,180,Baixa comissão distribuição inicial generalidade,2026-04-23,
356619,3,1718011,21,Anúncio,2026-04-24,
356659,1,1728270,10,Entrada,2026-05-03,
356659,2,1728874,20,Admissão,2026-05-12,
356659,9,1728881,180,Baixa comissão distribuição inicial generalidade,2026-05-12,Com conexão à 8.ª Comissão
356659,3,1728882,21,Anúncio,2026-05-13,
356818,1,1729487,10,Entrada,2026-05-26,
356818,2,1729905,20,Admissão,2026-06-02,"Despacho do PAR: ""Nos termos do meu despacho n.º 199"""
356818,9,1729906,180,Baixa comissão distribuição inicial generalidade,2026-06-02,Conexão à 1.ª
356818,3,1729907,21,Anúncio,2026-06-02,
356818,4,1730529,70,Despacho admissibilidade PAR,2026-06-03,
356680,1,1728388,10,Entrada,2026-05-05,
356680,3,1728699,21,Anúncio,2026-05-06,
356680,2,1728700,20,Admissão,2026-05-08,
356680,9,1728701,180,Baixa comissão distribuição inicial generalidade,2026-05-08,
346030,1,1683651,10,Entrada,2026-01-22,
346030,3,1683874,21,Anúncio,2026-01-22,
346030,2,1684009,20,Admissão,2026-01-27,
346030,65,1717021,220,Apreciação de Decreto-Lei,2026-04-09,
346030,46,1717055,260,Admissão Proposta de Alteração,2026-04-09,
346030,14,1728531,270,Baixa comissão especialidade,2026-04-09,
346030,15,1730518,280,Requerimento avocação plenário,2026-06-18,
356981,1,1730939,10,Entrada,2026-06-26,
356981,2,1731155,20,Admissão,2026-07-01,"Despacho do PAR: ""Com conexão à 5.ª e à 1.ª nos termos do meu despacho 214."""
356981,9,1731156,180,Baixa comissão distribuição inicial generalidade,2026-07-02,Com conexão à 5.ª Comissão e 1.ª Comissão
356981,3,1731157,21,Anúncio,2026-07-02,
356981,10,1731018,190,Discussão generalidade,2026-07-03,
356981,13,1731382,250,Votação na generalidade,2026-07-03,
356987,1,1730946,10,Entrada,2026-06-26,
356987,2,1731050,20,Admissão,2026-07-01,
356987,9,1731051,180,Baixa comissão distribuição inicial generalidade,2026-07-01,
356987,3,1731052,21,Anúncio,2026-07-02,
356987,10,1731117,190,Discussão generalidade,2026-07-02,
356987,13,1731267,250,Votação na generalidade,2026-07-02,
356989,1,1730948,10,Entrada,2026-06-26,
356989,2,1731056,20,Admissão,2026-07-01,"Despacho do PAR: ""Ressalvando os limites da norma Travão."""
356989,9,1731057,180,Baixa comissão distribuição inicial generalidade,2026-07-01,Com conexão à 5.ª Comissão
356989,3,1731058,21,Anúncio,2026-07-02,
356989,10,1731020,190,Discussão generalidade,2026-07-03,
356989,13,1731384,250,Votação na generalidade,2026-07-03,
356769,1,1729287,10,Entrada,2026-05-20,
356769,2,1729314,20,Admissão,2026-05-21,
356769,3,1729315,21,Anúncio,2026-05-21,
356769,9,1729316,180,Baixa comissão distribuição inicial generalidade,2026-05-21,
356769,49,1729724,55,Publicação em Separata,2026-05-29,
356998,1,1730970,10,Entrada,2026-06-30,
356998,2,1731194,20,Admissão,2026-07-02,
356998,9,1731195,180,Baixa comissão distribuição inicial generalidade,2026-07-02,Com conexão à 12.ª Comissão
356998,3,1731196,21,Anúncio,2026-07-03,
356998,9,1731507,180,Baixa comissão distribuição inicial generalidade,2026-07-09,
357014,1,1731002,10,Entrada,2026-06-30,
357014,2,1731483,20,Admissão,2026-07-08,
357014,9,1731484,180,Baixa comissão distribuição inicial generalidade,2026-07-08,
357014,3,1731485,21,Anúncio,2026-07-16,
357014,9,1731612,180,Baixa comissão distribuição inicial generalidade,2026-07-16,
315348,51,1717288,50,Publicação,2025-07-09,
315348,1,1628766,10,Entrada,2025-07-10,
315348,2,1628822,20,Admissão,2025-07-10,
315348,3,1628823,21,Anúncio,2025-07-10,
315348,73,1628787,335,Votação Deliberação,2025-07-10,
315348,10,1629495,190,Discussão generalidade,2025-07-10,
315348,74,1628816,365,Deliberação (Publicação DAR),2025-07-11,
356786,1,1729378,10,Entrada,2026-05-22,
356786,3,1729668,21,Anúncio,2026-05-22,
356786,2,1729669,20,Admissão,2026-05-27,
356786,9,1729670,180,Baixa comissão distribuição inicial generalidade,2026-05-27,
356794,1,1729394,10,Entrada,2026-05-22,
356794,3,1729615,21,Anúncio,2026-05-22,
356794,2,1729616,20,Admissão,2026-05-26,
356794,9,1729617,180,Baixa comissão distribuição inicial generalidade,2026-05-26,
356838,1,1729762,10,Entrada,2026-05-29,
356838,2,1729843,20,Admissão,2026-06-02,
356838,9,1729845,180,Baixa comissão distribuição inicial generalidade,2026-06-02,
356838,3,1729844,21,Anúncio,2026-06-02,
356907,1,1730273,10,Entrada,2026-06-12,
356907,2,1730479,20,Admissão,2026-06-16,
356907,3,1730480,21,Anúncio,2026-06-17,
356907,10,1731145,190,Discussão generalidade,2026-06-18,
356907,13,1730653,250,Votação na generalidade,2026-06-19,
315495,1,1629599,10,Entrada,2025-08-26,
315495,2,1629618,20,Admissão,2025-08-27,
315495,3,1630003,21,Anúncio,2025-09-10,
315495,64,1629957,243,Apreciação,2025-09-17,
315495,73,1630499,335,Votação Deliberação,2025-09-17,
315495,74,1630504,365,Deliberação (Publicação DAR),2025-09-19,
356921,1,1730300,10,Entrada,2026-06-12,
356921,2,1730463,20,Admissão,2026-06-16,
356921,3,1730464,21,Anúncio,2026-06-16,
356921,10,1731137,190,Discussão generalidade,2026-06-18,
356921,13,1730635,250,Votação na generalidade,2026-06-19,
315051,1,1627225,10,Entrada,2025-06-03,
315051,2,1627246,20,Admissão,2025-06-06,
315051,3,1627332,21,Anúncio,2025-06-17,
315051,51,1717263,50,Publicação,2025-06-21,
315051,64,1627509,243,Apreciação,2025-06-26,
315051,73,1627843,335,Votação Deliberação,2025-06-27,
356920,1,1730296,10,Entrada,2026-06-12,
356920,2,1730453,20,Admissão,2026-06-16,
356920,3,1730454,21,Anúncio,2026-06-17,
356920,10,1731132,190,Discussão generalidade,2026-06-18,
356920,13,1730626,250,Votação na generalidade,2026-06-19,
356994,1,1730958,10,Entrada,2026-06-29,
356994,2,1731067,20,Admissão,2026-07-01,
356994,9,1731068,180,Baixa comissão distribuição inicial generalidade,2026-07-01,
356994,3,1731069,21,Anúncio,2026-07-02,
315490,1,1629593,10,Entrada,2025-08-25,
315490,2,1629884,20,Admissão,2025-09-09,
315490,3,1630000,21,Anúncio,2025-09-10,
315490,51,1631034,50,Publicação,2025-09-27,
315490,64,1630767,243,Apreciação,2025-09-29,
315490,73,1630988,335,Votação Deliberação,2025-09-30,
356898,1,1730146,10,Entrada,2026-06-11,
356898,2,1730455,20,Admissão,2026-06-16,
356898,3,1730456,21,Anúncio,2026-06-17,
356898,10,1731133,190,Discussão generalidade,2026-06-18,
356898,13,1730628,250,Votação na generalidade,2026-06-19,
357032,1,1731370,10,Entrada,2026-07-03,
357032,2,1731428,20,Admissão,2026-07-08,
357032,9,1731429,180,Baixa comissão distribuição inicial generalidade,2026-07-08,Com conexão à 2.ª  e à 1.ª
357032,3,1731430,21,Anúncio,2026-07-16,
357028,1,1731283,10,Entrada,2026-07-03,
357028,2,1731425,20,Admissão,2026-07-08,
357028,9,1731426,180,Baixa comissão distribuição inicial generalidade,2026-07-08,Com conexão à 6.ª 
357028,3,1731427,21,Anúncio,2026-07-16,
357096,1,1732052,10,Entrada,2026-07-23,
357096,2,1752332,20,Admissão,2026-08-03,
357096,9,1752333,180,Baixa comissão distribuição inicial generalidade,2026-08-03,
357096,3,1752384,21,Anúncio,2026-08-03,
315033,1,1627198,10,Entrada,2025-06-03,
315033,2,1627207,20,Admissão,2025-06-03,
315033,3,1627214,21,Anúncio,2025-06-03,
315033,73,1627215,335,Votação Deliberação,2025-06-03,
315033,51,1642066,50,Publicação,2025-06-03,
315033,74,1627227,365,Deliberação (Publicação DAR),2025-06-04,
356918,1,1730290,10,Entrada,2026-06-12,
356918,2,1730477,20,Admissão,2026-06-16,
356918,3,1730478,21,Anúncio,2026-06-17,
356918,10,1731142,190,Discussão generalidade,2026-06-18,
356918,13,1730646,250,Votação na generalidade,2026-06-19,
315498,1,1629605,10,Entrada,2025-08-27,
315498,2,1629886,20,Admissão,2025-09-09,
315498,3,1630001,21,Anúncio,2025-09-10,
315498,51,1631036,50,Publicação,2025-09-27,
315498,64,1630769,243,Apreciação,2025-09-29,
315498,73,1630989,335,Votação Deliberação,2025-09-30,
315349,1,1628767,10,Entrada,2025-07-10,
315349,2,1628824,20,Admissão,2025-07-10,
315349,3,1628825,21,Anúncio,2025-07-10,
315349,73,1628788,335,Votação Deliberação,2025-07-10,
315349,10,1629496,190,Discussão generalidade,2025-07-10,
315349,74,1628817,365,Deliberação (Publicação DAR),2025-07-11,
315372,1,1629065,10,Entrada,2025-07-16,
315372,51,1731526,50,Publicação,2025-07-16,
315372,2,1629136,20,Admissão,2025-07-17,
315372,3,1629137,21,Anúncio,2025-07-17,
315372,73,1629135,335,Votação Deliberação,2025-07-17,
315372,74,1629152,365,Deliberação (Publicação DAR),2025-07-17,
356917,1,1730289,10,Entrada,2026-06-12,
356917,2,1730481,20,Admissão,2026-06-16,
356917,3,1730482,21,Anúncio,2026-06-17,
356917,10,1731147,190,Discussão generalidade,2026-06-18,
356917,13,1730654,250,Votação na generalidade,2026-06-19,
356764,1,1729180,10,Entrada,2026-05-16,
356764,3,1729374,21,Anúncio,2026-05-20,
356764,2,1729373,20,Admissão,2026-05-22,
356764,51,1729514,50,Publicação,2026-05-23,
356764,64,1729729,243,Apreciação,2026-06-02,
356764,73,1729969,335,Votação Deliberação,2026-06-03,
356948,1,1730587,10,Entrada,2026-06-19,
356948,2,1730774,20,Admissão,2026-06-24,
356948,9,1730775,180,Baixa comissão distribuição inicial generalidade,2026-06-24,Com conexão à 10.ª Comissão
356948,3,1730776,21,Anúncio,2026-06-24,
315344,1,1628494,10,Entrada,2025-07-09,
315344,2,1628498,20,Admissão,2025-07-09,
315344,3,1628828,21,Anúncio,2025-07-09,
315344,73,1628647,335,Votação Deliberação,2025-07-09,
315344,74,1628746,365,Deliberação (Publicação DAR),2025-07-09,
356849,1,1729826,10,Entrada,2026-06-01,
356849,2,1729850,20,Admissão,2026-06-02,
356849,3,1729851,21,Anúncio,2026-06-02,
356849,73,1729830,335,Votação Deliberação,2026-06-02,
356849,74,1729933,365,Deliberação (Publicação DAR),2026-06-03,
357036,1,1731375,10,Entrada,2026-07-06,
357036,2,1731510,20,Admissão,2026-07-08,
357036,3,1731512,21,Anúncio,2026-07-16,
357036,51,1732005,50,Publicação,2026-07-18,
356904,1,1730265,10,Entrada,2026-06-12,
356904,2,1730473,20,Admissão,2026-06-16,
356904,3,1730474,21,Anúncio,2026-06-17,
356670,1,1728301,10,Entrada,2026-05-05,
356670,3,1728483,21,Anúncio,2026-05-06,
356670,73,1728744,335,Votação Deliberação,2026-05-08,
356670,74,1728859,365,Deliberação (Publicação DAR),2026-05-12,
356774,1,1729292,10,Entrada,2026-05-20,
356774,3,1729331,21,Anúncio,2026-05-20,
356774,73,1729779,335,Votação Deliberação,2026-05-29,
356774,74,1729855,365,Deliberação (Publicação DAR),2026-06-02,
356268,1,1705453,10,Entrada,2026-03-03,
356268,3,1705739,21,Anúncio,2026-03-05,
356268,2,1705741,20,Admissão,2026-03-09,
356640,1,1718148,10,Entrada,2026-04-28,
356640,2,1718210,20,Admissão,2026-04-28,
356640,35,1718153,648,Retirada da iniciativa,2026-04-29,
357086,1,1731969,10,Entrada,2026-07-21,
357086,2,1752259,20,Admissão,2026-08-03,
357086,3,1752376,21,Anúncio,2026-08-03,
377105,1,1752156,10,Entrada,2026-07-29,
377105,2,1752260,20,Admissão,2026-08-03,
377105,3,1752378,21,Anúncio,2026-08-03,
377123,1,1752362,10,Entrada,2026-08-05,
315758,1,1641747,10,Entrada,2025-10-29,
315758,2,1641865,20,Admissão,2025-11-03,
315758,9,1641866,180,Baixa comissão distribuição inicial generalidade,2025-11-03,
315758,144,1641876,22,Audição promovida pelo PAR para a ALRAA,2025-11-05,
315758,145,1641877,23,Audição promovida pelo PAR para a ALRAM,2025-11-05,
315758,146,1641878,24,Audição promovida pelo PAR para o Governo da RAA,2025-11-05,
315758,147,1641879,25,Audição promovida pelo PAR para o Governo da RAM,2025-11-05,
315758,150,1641915,174,Parecer do Governo da RAA,2025-11-12,
315758,151,1641919,175,Parecer do Governo da RAM,2025-11-13,
315758,3,1641941,21,Anúncio,2025-11-20,
315758,149,1641963,173,Parecer da ALRAM,2025-11-21,
315758,148,1641973,172,Parecer da ALRAA,2025-11-24,
315758,10,1683634,190,Discussão generalidade,2026-01-23,Consta da agenda sem tempos.
315758,13,1683758,250,Votação na generalidade,2026-01-23,
315758,14,1683759,270,Baixa comissão especialidade,2026-01-23,
315758,18,1717258,320,Votação final global,2026-04-10,"Texto Final, apresentado pela Comissão de Assuntos Constitucionais, Direitos, Liberdades e Garantias, relativo à Proposta de Lei n.º 42/XVII/1 (GOV) – Altera o Decreto-Lei n.º 15/93, de 22 de janeiro, que aprova o regime jurídico aplicável ao tráfico e consumo de estupefacientes e substâncias psicotrópicas"
315758,133,1717472,348,Envio à Comissão para fixação da Redação final,2026-04-16,
315758,31,1717935,350,Decreto (Publicação),2026-04-22,
315758,23,1728366,370,Envio para promulgação,2026-04-28,
315758,24,1728593,380,Promulgação,2026-05-04,
315758,25,1728594,390,Referenda,2026-05-06,
315758,26,1728595,400,Envio INCM,2026-05-07,
315758,32,1728630,580,Lei (Publicação DR),2026-05-08,
315770,1,1641955,10,Entrada,2025-11-20,
315770,2,1641974,20,Admissão,2025-11-24,
315770,9,1641975,180,Baixa comissão distribuição inicial generalidade,2025-11-24,
315770,144,1641979,22,Audição promovida pelo PAR para a ALRAA,2025-11-24,
315770,146,1641980,24,Audição promovida pelo PAR para o Governo da RAA,2025-11-24,
315770,147,1641981,25,Audição promovida pelo PAR para o Governo da RAM,2025-11-24,
315770,3,1641995,21,Anúncio,2025-11-26,
315770,150,1642054,174,Parecer do Governo da RAA,2025-12-02,
315770,9,1642182,180,Baixa comissão distribuição inicial generalidade,2025-12-04,
315770,148,1642577,172,Parecer da ALRAA,2025-12-16,
315770,10,1705630,190,Discussão generalidade,2026-03-12,
315770,13,1705970,250,Votação na generalidade,2026-03-13,
315770,14,1705971,270,Baixa comissão especialidade,2026-03-13,
315770,18,1731872,320,Votação final global,2026-07-17,
315770,133,1731861,348,Envio à Comissão para fixação da Redação final,2026-07-20,
315770,31,1742086,350,Decreto (Publicação),2026-07-24,
315770,23,1752358,370,Envio para promulgação,2026-07-30,
315770,24,1752523,380,Promulgação,2026-08-18,
315770,25,1752524,390,Referenda,2026-08-19,
315770,26,1752525,400,Envio INCM,2026-08-20,
315770,32,1752542,580,Lei (Publicação DR),2026-08-25,
315164,1,1627625,10,Entrada,2025-06-25,
315164,51,1641856,50,Publicação,2025-06-25,
315164,2,1627757,20,Admissão,2025-06-27,
315164,9,1627758,180,Baixa comissão distribuição inicial generalidade,2025-06-27,
315164,54,1628974,110,Processo de urgência,2025-06-27,Processo de urgência concedido (Deliberação n.º 7-PL/2025)
315164,3,1628203,21,Anúncio,2025-07-02,
315164,10,1628227,190,Discussão generalidade,2025-07-04,
315164,13,1628427,250,Votação na generalidade,2025-07-04,
315164,14,1628428,270,Baixa comissão especialidade,2025-07-04,
315164,46,1628815,260,Admissão Proposta de Alteração,2025-07-10,
315164,15,1628821,280,Requerimento avocação plenário,2025-07-11,
315164,34,1629116,310,Votação na especialidade,2025-07-16,"Texto Final, apresentado pela Comissão de Orçamento, Finanças e Administração Pública, relativo à Proposta de Lei n.º 4/XVII/1.ª (GOV)"
315164,18,1629117,320,Votação final global,2025-07-16,
315164,152,1629118,225,Requerimento,2025-07-16,"Requerimento oral, apresentado pelo PSD, solicitando a dispensa de redação final e do prazo para apresentação de reclamações contra inexatidões relativamente ao Texto Final, apresentado pela Comissão de Orçamento, Finanças e Administração Pública, relativo à Proposta de Lei n.º 4/XVII/1.ª (GOV) "
315164,31,1629067,350,Decreto (Publicação),2025-07-17,
315164,23,1629069,370,Envio para promulgação,2025-07-17,
315164,24,1629205,380,Promulgação,2025-07-17,
315164,25,1629206,390,Referenda,2025-07-21,
315164,26,1629207,400,Envio INCM,2025-07-22,
315164,32,1629240,580,Lei (Publicação DR),2025-07-22,
315409,1,1629336,10,Entrada,2025-07-24,
315409,51,1717989,50,Publicação,2025-07-24,
315409,2,1629400,20,Admissão,2025-07-25,"Despacho PAR  ""Proceder à audição dos órgãos de governo próprio das regiões autónomas"""
315409,145,1629402,23,Audição promovida pelo PAR para a ALRAM,2025-07-25,
315409,146,1629403,24,Audição promovida pelo PAR para o Governo da RAA,2025-07-25,
315409,147,1629404,25,Audição promovida pelo PAR para o Governo da RAM,2025-07-25,
315409,9,1629401,180,Baixa comissão distribuição inicial generalidade,2025-07-25,
315409,3,1630138,21,Anúncio,2025-09-10,
315409,10,1728499,190,Discussão generalidade,2026-05-07,
315409,13,1728755,250,Votação na generalidade,2026-05-08,
315409,14,1728756,270,Baixa comissão especialidade,2026-05-08,
315409,34,1731848,310,Votação na especialidade,2026-07-17,Votação da assunção pelo Plenário das votações indiciárias realizadas na especialidade em sede de Comissão
315409,18,1731849,320,Votação final global,2026-07-17,
315409,133,1731808,348,Envio à Comissão para fixação da Redação final,2026-07-18,
315409,31,1742081,350,Decreto (Publicação),2026-07-24,
315409,23,1752195,370,Envio para promulgação,2026-07-30,
315409,24,1752460,380,Promulgação,2026-08-07,
315409,25,1752461,390,Referenda,2026-08-10,
315409,26,1752462,400,Envio INCM,2026-08-11,
315409,32,1752503,580,Lei (Publicação DR),2026-08-17,
315537,1,1629871,10,Entrada,2025-09-08,
315537,2,1629898,20,Admissão,2025-09-09,
315537,9,1629899,180,Baixa comissão distribuição inicial generalidade,2025-09-09,
315537,3,1630147,21,Anúncio,2025-09-10,
315537,10,1641272,190,Discussão generalidade,2025-10-23,
315537,10,1642287,190,Discussão generalidade,2025-12-04,
315537,13,1642236,250,Votação na generalidade,2025-12-05,
315537,14,1642237,270,Baixa comissão especialidade,2025-12-05,
315537,15,1728620,280,Requerimento avocação plenário,2026-05-07,
315537,34,1728839,310,Votação na especialidade,2026-05-08,
315537,18,1728840,320,Votação final global,2026-05-08,
315537,15,1732055,280,Requerimento avocação plenário,2026-05-08,
315537,133,1729522,348,Envio à Comissão para fixação da Redação final,2026-05-22,
315537,31,1730257,350,Decreto (Publicação),2026-06-12,
315537,23,1730523,370,Envio para promulgação,2026-06-18,
315537,24,1731534,380,Promulgação,2026-07-07,
315537,25,1731535,390,Referenda,2026-07-09,
315537,26,1731536,400,Envio INCM,2026-07-10,
315537,32,1731798,580,Lei (Publicação DR),2026-07-20,
356846,1,1729822,10,Entrada,2026-06-01,
356846,2,1729839,20,Admissão,2026-06-02,
356846,9,1729841,180,Baixa comissão distribuição inicial generalidade,2026-06-02,
356846,54,1729918,110,Processo de urgência,2026-06-02,Processo de urgência concedido (Deliberação n.º 10-PL/2026)
356846,3,1729840,21,Anúncio,2026-06-02,
356846,122,1730249,237,Requerimento Baixa Comissão sem Votação (Generalidade),2026-06-11,
356846,10,1730039,190,Discussão generalidade,2026-06-12,
356846,122,1730248,237,Requerimento Baixa Comissão sem Votação (Generalidade),2026-06-12,
356846,12,1730360,240,Nova apreciação comissão generalidade,2026-06-12,
356846,46,1730817,260,Admissão Proposta de Alteração,2026-06-25,
356846,13,1730851,250,Votação na generalidade,2026-06-25,"Texto de substituição, apresentado pela Comissão de Trabalho, Segurança Social e Inclusão, relativo à Proposta de Lei n.º 85/XVII/1.ª (GOV)"
356846,34,1730852,310,Votação na especialidade,2026-06-25,"Texto de substituição, apresentado pela Comissão de Trabalho, Segurança Social e Inclusão, relativo à Proposta de Lei n.º 85/XVII/1.ª (GOV)"
356846,18,1730853,320,Votação final global,2026-06-25,"Texto de substituição, apresentado pela Comissão de Trabalho, Segurança Social e Inclusão, relativo à Proposta de Lei n.º 85/XVII/1.ª (GOV)"
356846,152,1730854,225,Requerimento,2026-06-25,"Requerimento oral, apresentado pelo PSD, solicitando a dispensa de redação final e do prazo para apresentação de reclamações contra inexatidões relativamente ao Texto de substituição, apresentado pela Comissão de Trabalho, Segurança Social e Inclusão, relativo à Proposta de Lei n.º 85/XVII/1.ª (GOV) "
356846,133,1731012,348,Envio à Comissão para fixação da Redação final,2026-07-01,
356846,31,1731316,350,Decreto (Publicação),2026-07-03,
356846,23,1731590,370,Envio para promulgação,2026-07-09,
356846,24,1731974,380,Promulgação,2026-07-17,
356846,25,1731975,390,Referenda,2026-07-20,
356846,26,1731976,400,Envio INCM,2026-07-21,
356846,32,1742107,580,Lei (Publicação DR),2026-07-27,
315161,1,1627598,10,Entrada,2025-06-25,
315161,51,1641854,50,Publicação,2025-06-25,
315161,2,1627753,20,Admissão,2025-06-27,
315161,9,1627754,180,Baixa comissão distribuição inicial generalidade,2025-06-27,Com conexão à 3.ª comissão
315161,3,1628201,21,Anúncio,2025-07-02,
315161,10,1628219,190,Discussão generalidade,2025-07-04,
315161,13,1628421,250,Votação na generalidade,2025-07-04,
315161,14,1628422,270,Baixa comissão especialidade,2025-07-04,
315161,54,1628976,110,Processo de urgência,2025-07-10,"Concedido processo de urgência, dispensa de envio à comissão parlamentar para a redação final e do prazo para reclamações contra inexatidões (Deliberação n.º 10-PL/2025)"
315161,18,1629127,320,Votação final global,2025-07-16,
315161,152,1629128,225,Requerimento,2025-07-16,
315161,31,1629073,350,Decreto (Publicação),2025-07-17,
315161,23,1629074,370,Envio para promulgação,2025-07-17,
315161,24,1629211,380,Promulgação,2025-07-17,
315161,25,1629212,390,Referenda,2025-07-21,
315161,26,1629213,400,Envio INCM,2025-07-22,
315161,32,1629242,580,Lei (Publicação DR),2025-07-22,
315262,1,1628247,10,Entrada,2025-07-03,
315262,51,1683744,50,Publicação,2025-07-03,
315262,2,1628442,20,Admissão,2025-07-07,
315262,9,1628443,180,Baixa comissão distribuição inicial generalidade,2025-07-07,Conexão com a 14.ª comissão
315262,3,1628500,21,Anúncio,2025-07-09,
315262,10,1630233,190,Discussão generalidade,2025-09-18,
315262,13,1630550,250,Votação na generalidade,2025-09-19,
315262,14,1630675,270,Baixa comissão especialidade,2025-09-24,
315262,18,1631001,320,Votação final global,2025-09-30,"Texto Final, apresentado pela Comissão de Assuntos Constitucionais, Direitos, Liberdades e Garantias, relativo à Proposta de Lei n.º 8/XVII/1.ª (GOV)"
315262,81,1631006,341,Requerimento dispensa redação final,2025-09-30,"Requerimento oral, apresentado pelo PSD, solicitando a dispensa de redação final e do prazo para apresentação de reclamações contra inexatidões relativamente às Propostas de Lei n.º 8/XVII/1.ª (GOV) e n.º 7/XVII/1.ª (GOV)"
315262,135,1631007,345,Requerimento dispensa do prazo previsto Artº 157 RAR,2025-09-30,"Requerimento oral, apresentado pelo PSD, solicitando a dispensa de redação final e do prazo para apresentação de reclamações contra inexatidões relativamente às Propostas de Lei n.º 8/XVII/1.ª (GOV) e n.º 7/XVII/1.ª (GOV)"
315262,31,1631027,350,Decreto (Publicação),2025-10-03,
315262,23,1631030,370,Envio para promulgação,2025-10-03,
315262,24,1641510,380,Promulgação,2025-10-15,
315262,25,1641511,390,Referenda,2025-10-16,
315262,26,1641512,400,Envio INCM,2025-10-20,
315262,32,1641575,580,Lei (Publicação DR),2025-10-22,
315386,1,1629188,10,Entrada,2025-07-18,
315386,2,1629234,20,Admissão,2025-07-22,
315386,9,1629235,180,Baixa comissão distribuição inicial generalidade,2025-07-22,
315386,3,1630135,21,Anúncio,2025-09-10,
315386,10,1630226,190,Discussão generalidade,2025-09-18,
315386,13,1630517,250,Votação na generalidade,2025-09-19,
315386,14,1630519,270,Baixa comissão especialidade,2025-09-19,
315386,18,1641551,320,Votação final global,2025-10-17,"Texto Final, apresentado pela Comissão de Orçamento, Finanças e Administração Pública, relativo à Proposta de Lei n.º 16/XVII/1.ª (GOV) "
315386,152,1641553,225,Requerimento,2025-10-17,"Requerimento oral, apresentado pelo PSD, solicitando a dispensa de redação final e do prazo para apresentação de reclamações contra inexatidões relativamente ao Texto Final, apresentado pela Comissão de Orçamento, Finanças e Administração Pública, relativo à Proposta de Lei n.º 16/XVII/1.ª (GOV)"
315386,133,1641563,348,Envio à Comissão para fixação da Redação final,2025-10-20,
315386,31,1641606,350,Decreto (Publicação),2025-10-22,
315386,23,1641886,370,Envio para promulgação,2025-10-28,
315386,24,1641887,380,Promulgação,2025-11-03,
315386,25,1641888,390,Referenda,2025-11-05,
315386,26,1641889,400,Envio INCM,2025-11-06,
315386,32,1641901,580,Lei (Publicação DR),2025-11-07,
356117,1,1704448,10,Entrada,2026-02-12,
356117,2,1704545,20,Admissão,2026-02-13,
356117,9,1704546,180,Baixa comissão distribuição inicial generalidade,2026-02-13,
356117,3,1704547,21,Anúncio,2026-02-18,
356117,9,1704679,180,Baixa comissão distribuição inicial generalidade,2026-02-18,
356117,10,1705477,190,Discussão generalidade,2026-03-06,
356117,13,1705589,250,Votação na generalidade,2026-03-06,
356117,14,1705590,270,Baixa comissão especialidade,2026-03-06,
356117,18,1718101,320,Votação final global,2026-04-24,"Texto Final, apresentado pela Comissão da Reforma do Estado e Poder Local, relativo à Proposta de Lei n.º 58/XVII/1.ª (GOV)"
356117,133,1728281,348,Envio à Comissão para fixação da Redação final,2026-05-04,
356117,31,1729194,350,Decreto (Publicação),2026-05-15,
356117,23,1729303,370,Envio para promulgação,2026-05-21,
356117,24,1729640,380,Promulgação,2026-05-25,
356117,25,1729641,390,Referenda,2026-05-26,
356117,26,1729642,400,Envio INCM,2026-05-27,
356117,32,1729777,580,Lei (Publicação DR),2026-06-01,
346039,1,1683907,10,Entrada,2026-01-26,
346039,3,1683908,21,Anúncio,2026-01-28,
346039,2,1704160,20,Admissão,2026-02-03,
346039,9,1704161,180,Baixa comissão distribuição inicial generalidade,2026-02-03,Com conexão à 12.ª Comissão
346039,10,1705473,190,Discussão generalidade,2026-03-06,
346039,13,1705580,250,Votação na generalidade,2026-03-06,
346039,14,1705581,270,Baixa comissão especialidade,2026-03-06,
346039,18,1728837,320,Votação final global,2026-05-08,
346039,133,1729241,348,Envio à Comissão para fixação da Redação final,2026-05-18,
346039,31,1729346,350,Decreto (Publicação),2026-05-21,
346039,23,1729621,370,Envio para promulgação,2026-05-27,
346039,24,1730143,380,Promulgação,2026-06-03,
346039,25,1730144,390,Referenda,2026-06-06,
346039,26,1730145,400,Envio INCM,2026-06-09,
346039,32,1730291,580,Lei (Publicação DR),2026-06-15,
315797,1,1642033,10,Entrada,2025-12-02,
315797,2,1642080,20,Admissão,2025-12-03,
315797,9,1642082,180,Baixa comissão distribuição inicial generalidade,2025-12-03,Com conexão à 14.ª comissão
315797,3,1642081,21,Anúncio,2025-12-04,
315797,10,1663137,190,Discussão generalidade,2026-01-09,
315797,13,1663316,250,Votação na generalidade,2026-01-09,
315797,14,1663317,270,Baixa comissão especialidade,2026-01-09,
315797,18,1704884,320,Votação final global,2026-02-20,
315797,81,1704885,341,Requerimento dispensa redação final,2026-02-20,
315797,23,1704893,370,Envio para promulgação,2026-02-20,
315797,31,1705024,350,Decreto (Publicação),2026-02-20,
315797,24,1705511,380,Promulgação,2026-03-02,
315797,25,1705512,390,Referenda,2026-03-03,
315797,26,1705513,400,Envio INCM,2026-03-04,
315797,32,1705562,580,Lei (Publicação DR),2026-03-06,
315536,1,1629870,10,Entrada,2025-09-08,
315536,2,1629964,20,Admissão,2025-09-10,
315536,9,1629965,180,Baixa comissão distribuição inicial generalidade,2025-09-10,
315536,3,1630375,21,Anúncio,2025-09-17,
315536,10,1641261,190,Discussão generalidade,2025-10-17,
315536,13,1641515,250,Votação na generalidade,2025-10-17,
315536,14,1641517,270,Baixa comissão especialidade,2025-10-17,
315536,18,1642263,320,Votação final global,2025-12-05,
315536,135,1642264,345,Requerimento dispensa do prazo previsto Artº 157 RAR,2025-12-05,
315536,31,1642359,350,Decreto (Publicação),2025-12-09,
315536,23,1642360,370,Envio para promulgação,2025-12-09,
315536,24,1642654,380,Promulgação,2025-12-13,
315536,25,1642655,390,Referenda,2025-12-15,
315536,26,1642656,400,Envio INCM,2025-12-17,
315536,32,1642728,580,Lei (Publicação DR),2025-12-19,
315763,1,1641924,10,Entrada,2025-11-13,
315763,2,1641950,20,Admissão,2025-11-20,
315763,9,1641951,180,Baixa comissão distribuição inicial generalidade,2025-11-20,
315763,3,1641959,21,Anúncio,2025-11-21,
315763,10,1683632,190,Discussão generalidade,2026-01-22,
315763,13,1683755,250,Votação na generalidade,2026-01-23,
315763,14,1683756,270,Baixa comissão especialidade,2026-01-23,
315763,18,1705608,320,Votação final global,2026-03-06,"Texto final, apresentado pela Comissão de Orçamento, Finanças e Administração Pública, relativo à Proposta de Lei n.º 44/XVII/1.ª (GOV)"
315763,133,1706009,348,Envio à Comissão para fixação da Redação final,2026-03-16,
315763,31,1706348,350,Decreto (Publicação),2026-03-20,
315763,23,1716637,370,Envio para promulgação,2026-03-26,
315763,24,1717135,380,Promulgação,2026-04-01,
315763,25,1717136,390,Referenda,2026-04-07,
315763,26,1717137,400,Envio INCM,2026-04-10,
315763,32,1717306,580,Lei (Publicação DR),2026-04-16,
335943,1,1663110,10,Entrada,2026-01-07,
335943,2,1663310,20,Admissão,2026-01-09,
335943,9,1663311,180,Baixa comissão distribuição inicial generalidade,2026-01-09,
335943,10,1704449,190,Discussão generalidade,2026-02-13,
335943,13,1704614,250,Votação na generalidade,2026-02-13,
335943,14,1704615,270,Baixa comissão especialidade,2026-02-13,
335943,18,1717734,320,Votação final global,2026-04-17,"Texto Final, apresentado pela Comissão de Orçamento, Finanças e Administração Pública, relativo do Proposta de Lei n.º 49/XVII/1.ª (GOV) – Autoriza o Governo a alterar diversas disposições do Código do Imposto Único de Circulação"
335943,133,1718139,348,Envio à Comissão para fixação da Redação final,2026-04-27,
335943,31,1728395,350,Decreto (Publicação),2026-05-05,
335943,23,1729099,370,Envio para promulgação,2026-05-11,
335943,24,1729768,380,Promulgação,2026-05-26,
335943,25,1729769,390,Referenda,2026-05-29,
335943,26,1729770,400,Envio INCM,2026-06-01,
335943,32,1729962,580,Lei (Publicação DR),2026-06-05,
315492,1,1629595,10,Entrada,2025-08-26,
315492,2,1629772,20,Admissão,2025-08-28,
315492,9,1629773,180,Baixa comissão distribuição inicial generalidade,2025-08-28,Com conexão à 6.ª Comissão.
315492,3,1630146,21,Anúncio,2025-09-10,
315492,10,1630236,190,Discussão generalidade,2025-09-18,
315492,13,1630553,250,Votação na generalidade,2025-09-19,
315492,34,1630554,310,Votação na especialidade,2025-09-19,
315492,18,1630555,320,Votação final global,2025-09-19,
315492,135,1630557,345,Requerimento dispensa do prazo previsto Artº 157 RAR,2025-09-19,"Requerimento oral, apresentado pelo PSD, solicitando a dispensa de redação final e do prazo para apresentação de reclamações contra inexatidões relativamente à Proposta de Lei n.º 27/XVII/1.ª (GOV)"
315492,31,1630518,350,Decreto (Publicação),2025-09-19,
315492,23,1630521,370,Envio para promulgação,2025-09-19,
315492,24,1630671,380,Promulgação,2025-09-19,
315492,25,1630672,390,Referenda,2025-09-23,
315492,26,1630673,400,Envio INCM,2025-09-23,
315492,32,1630676,580,Lei (Publicação DR),2025-09-24,
315798,1,1642035,10,Entrada,2025-12-02,
315798,2,1642083,20,Admissão,2025-12-03,
315798,9,1642084,180,Baixa comissão distribuição inicial generalidade,2025-12-03,
315798,3,1642085,21,Anúncio,2025-12-04,
315798,10,1663138,190,Discussão generalidade,2026-01-09,
315798,13,1663352,250,Votação na generalidade,2026-01-09,
315798,14,1663353,270,Baixa comissão especialidade,2026-01-09,
315798,18,1704881,320,Votação final global,2026-02-20,
315798,81,1704882,341,Requerimento dispensa redação final,2026-02-20,
315798,23,1704894,370,Envio para promulgação,2026-02-20,
315798,31,1705025,350,Decreto (Publicação),2026-02-20,
315798,24,1705514,380,Promulgação,2026-03-02,
315798,25,1705515,390,Referenda,2026-03-03,
315798,26,1705516,400,Envio INCM,2026-03-04,
315798,32,1705564,580,Lei (Publicação DR),2026-03-06,
356383,1,1706088,10,Entrada,2026-03-17,
356383,3,1706340,21,Anúncio,2026-03-19,
356383,2,1706341,20,Admissão,2026-03-19,
356383,9,1706342,180,Baixa comissão distribuição inicial generalidade,2026-03-19,
356383,10,1717012,190,Discussão generalidade,2026-04-09,
356383,13,1717146,250,Votação na generalidade,2026-04-10,
356383,34,1717629,310,Votação na especialidade,2026-04-17,
356383,18,1717630,320,Votação final global,2026-04-17,
356383,133,1718234,348,Envio à Comissão para fixação da Redação final,2026-04-30,
356383,31,1728741,350,Decreto (Publicação),2026-05-11,
356383,23,1729097,370,Envio para promulgação,2026-05-15,
356383,24,1729771,380,Promulgação,2026-05-26,
356383,25,1729772,390,Referenda,2026-05-29,
356383,26,1729773,400,Envio INCM,2026-06-01,
356383,32,1729926,580,Lei (Publicação DR),2026-06-03,
315431,1,1629462,10,Entrada,2025-07-29,
315431,51,1718132,50,Publicação,2025-07-29,
315431,2,1629738,20,Admissão,2025-08-27,"Despacho do PAR: ""Proceder à audição dos órgãos de governo próprio das regiões autónomas."""
315431,9,1629739,180,Baixa comissão distribuição inicial generalidade,2025-08-27,
315431,144,1629612,22,Audição promovida pelo PAR para a ALRAA,2025-08-27,
315431,147,1629613,25,Audição promovida pelo PAR para o Governo da RAM,2025-08-27,
315431,146,1629614,24,Audição promovida pelo PAR para o Governo da RAA,2025-08-27,
315431,3,1630141,21,Anúncio,2025-09-10,
315431,148,1630252,172,Parecer da ALRAA,2025-09-17,
315761,1,1641906,10,Entrada,2025-11-07,
315761,2,1641920,20,Admissão,2025-11-13,
315761,9,1641921,180,Baixa comissão distribuição inicial generalidade,2025-11-13,
315761,144,1641916,22,Audição promovida pelo PAR para a ALRAA,2025-11-13,
315761,146,1641917,24,Audição promovida pelo PAR para o Governo da RAA,2025-11-13,
315761,147,1641918,25,Audição promovida pelo PAR para o Governo da RAM,2025-11-13,
315761,49,1641936,55,Publicação em Separata,2025-11-20,
315761,3,1641942,21,Anúncio,2025-11-20,
315761,150,1641971,174,Parecer do Governo da RAA,2025-11-24,
315761,148,1642192,172,Parecer da ALRAA,2025-12-04,
315140,1,1627481,10,Entrada,2025-06-20,
315140,51,1705079,50,Publicação,2025-06-20,
315140,2,1627649,20,Admissão,2025-06-25,
315140,3,1627724,21,Anúncio,2025-06-26,
315140,126,1628104,181,Baixa comissão para discussão,2025-07-02,
315140,64,1641254,243,Apreciação,2025-10-16,
315140,13,1641463,250,Votação na generalidade,2025-10-16,
315140,14,1641464,270,Baixa comissão especialidade,2025-10-16,
315140,18,1663402,320,Votação final global,2026-01-09,"Texto Final relativo aos Projetos de Resolução n.º 66/XVII/1.ª (CH), 350/XVII/1.ª (PSD), 237/XVII/1.ª (L), 295/XVII/1.ª (PS), 296/XVII/1.ª (PS) e 344/XVII/1.ª (BE), apresentado pela Comissão de Educação e Ciência"
315140,133,1683427,348,Envio à Comissão para fixação da Redação final,2026-01-14,
315140,26,1704278,400,Envio INCM,2026-02-04,
315140,57,1704277,360,Resolução (Publicação DAR),2026-02-05,
315140,44,1704321,600,Resolução da AR (Publicação DR),2026-02-06,
315742,1,1641562,10,Entrada,2025-10-20,
315742,2,1641598,20,Admissão,2025-10-22,"Despacho do PAR: ""Proceder à Audição dos órgãos de governo próprio das RRAA""."
315742,9,1641599,180,Baixa comissão distribuição inicial generalidade,2025-10-22,
315742,144,1641607,22,Audição promovida pelo PAR para a ALRAA,2025-10-23,
315742,147,1641608,25,Audição promovida pelo PAR para o Governo da RAM,2025-10-23,
315742,146,1641609,24,Audição promovida pelo PAR para o Governo da RAA,2025-10-23,
315742,3,1641668,21,Anúncio,2025-10-27,
315742,150,1641755,174,Parecer do Governo da RAA,2025-10-30,
315742,148,1641908,172,Parecer da ALRAA,2025-11-11,
315147,1,1627503,10,Entrada,2025-06-24,
315147,51,1641839,50,Publicação,2025-06-24,
315147,2,1627675,20,Admissão,2025-06-25,
315147,3,1627729,21,Anúncio,2025-06-26,
315147,126,1627831,181,Baixa comissão para discussão,2025-06-27,
315147,64,1630264,243,Apreciação,2025-09-19,
315147,13,1630601,250,Votação na generalidade,2025-09-19,
315147,14,1630602,270,Baixa comissão especialidade,2025-09-19,
315147,18,1630931,320,Votação final global,2025-09-26,
315147,133,1631082,348,Envio à Comissão para fixação da Redação final,2025-10-06,
315147,57,1641634,360,Resolução (Publicação DAR),2025-10-23,
315147,26,1641635,400,Envio INCM,2025-10-24,
315147,44,1641648,600,Resolução da AR (Publicação DR),2025-10-27,
356229,1,1705322,10,Entrada,2026-02-27,
356229,3,1705647,21,Anúncio,2026-03-04,
356229,2,1705649,20,Admissão,2026-03-09,"Despacho do PAR: ""Ressalvando os limites da norma travão. Proceder à audição dos órgãos de governo próprio das RRAA""."
356229,9,1705661,180,Baixa comissão distribuição inicial generalidade,2026-03-09,Com conexão à 12.ª Comissão.
356229,144,1705779,22,Audição promovida pelo PAR para a ALRAA,2026-03-10,
356229,147,1705780,25,Audição promovida pelo PAR para o Governo da RAM,2026-03-10,
356229,146,1705781,24,Audição promovida pelo PAR para o Governo da RAA,2026-03-10,
356229,151,1716376,175,Parecer do Governo da RAM,2026-03-20,
356229,150,1716569,174,Parecer do Governo da RAA,2026-03-24,
356229,144,1716780,22,Audição promovida pelo PAR para a ALRAA,2026-03-30,
356924,1,1730375,10,Entrada,2026-06-15,
356924,2,1730575,20,Admissão,2026-06-19,
356924,126,1730576,181,Baixa comissão para discussão,2026-06-19,
356924,3,1730577,21,Anúncio,2026-06-19,
356924,56,1731939,330,Votação global,2026-07-17,
356924,26,1752169,400,Envio INCM,2026-07-28,
356924,57,1752217,360,Resolução (Publicação DAR),2026-07-29,
356960,1,1730711,10,Entrada,2026-06-23,
356960,2,1730780,20,Admissão,2026-06-24,
356960,126,1730781,181,Baixa comissão para discussão,2026-06-24,
356960,3,1730782,21,Anúncio,2026-06-24,
356960,56,1731941,330,Votação global,2026-07-17,
356960,26,1752170,400,Envio INCM,2026-07-28,
356960,57,1752172,360,Resolução (Publicação DAR),2026-07-29,
315106,1,1627390,10,Entrada,2025-06-17,
315106,51,1641836,50,Publicação,2025-06-17,
315106,2,1627447,20,Admissão,2025-06-18,
315106,3,1627623,21,Anúncio,2025-06-25,
315106,64,1627607,243,Apreciação,2025-06-27,
315106,13,1627893,250,Votação na generalidade,2025-06-27,
315106,14,1627894,270,Baixa comissão especialidade,2025-06-27,
315106,18,1730670,320,Votação final global,2026-06-19,"Texto final, apresentado pela Comissão de Saúde, relativo ao Projeto de Resolução n.º 41/XVII/1.ª (CH) "
315106,133,1731011,348,Envio à Comissão para fixação da Redação final,2026-07-01,
315106,57,1731718,360,Resolução (Publicação DAR),2026-07-16,
315106,26,1731719,400,Envio INCM,2026-07-16,
315106,44,1731881,600,Resolução da AR (Publicação DR),2026-07-21,
315110,1,1627450,10,Entrada,2025-06-20,
315110,51,1705050,50,Publicação,2025-06-20,
315110,2,1627673,20,Admissão,2025-06-25,
315110,64,1627590,243,Apreciação,2025-06-26,
315110,3,1627701,21,Anúncio,2025-06-26,
315110,13,1627871,250,Votação na generalidade,2025-06-27,
315110,14,1627872,270,Baixa comissão especialidade,2025-06-27,
315110,18,1642877,320,Votação final global,2025-12-19,
315110,133,1663204,348,Envio à Comissão para fixação da Redação final,2026-01-08,
315110,57,1683708,360,Resolução (Publicação DAR),2026-01-22,
315110,26,1683711,400,Envio INCM,2026-01-22,
315110,44,1683910,600,Resolução da AR (Publicação DR),2026-01-27,
315220,1,1627877,10,Entrada,2025-06-27,
315220,51,1683572,50,Publicação,2025-06-27,
315220,2,1628071,20,Admissão,2025-07-01,
315220,3,1628072,21,Anúncio,2025-07-02,
315220,64,1628154,243,Apreciação,2025-07-03,
315220,13,1628416,250,Votação na generalidade,2025-07-04,
315220,14,1628417,270,Baixa comissão especialidade,2025-07-04,
315220,18,1641781,320,Votação final global,2025-10-28,"Texto Final, apresentado pela Comissão de Educação e Ciência, relativo aos Projetos de Resolução n.º 39/XVII/1.ª (CH), n.º 111/XVII/1.ª (PSD) e n.º 113/XVII/1.ª (CDS-PP)"
315220,133,1641885,348,Envio à Comissão para fixação da Redação final,2025-11-05,
315220,57,1642356,360,Resolução (Publicação DAR),2025-12-09,
315220,26,1642357,400,Envio INCM,2025-12-09,
315220,44,1642550,600,Resolução da AR (Publicação DR),2025-12-15,
315155,1,1627514,10,Entrada,2025-06-24,
315155,51,1641847,50,Publicação,2025-06-24,
315155,2,1627743,20,Admissão,2025-06-26,
315155,126,1627744,181,Baixa comissão para discussão,2025-06-26,
315155,3,1627761,21,Anúncio,2025-06-27,
315155,73,1628972,335,Votação Deliberação,2025-07-11,
315155,13,1629569,250,Votação na generalidade,2025-07-11,
315155,133,1629267,348,Envio à Comissão para fixação da Redação final,2025-07-15,
315155,57,1629879,360,Resolução (Publicação DAR),2025-09-10,
315155,26,1629883,400,Envio INCM,2025-09-10,
315155,44,1629992,600,Resolução da AR (Publicação DR),2025-09-11,
315215,1,1627867,10,Entrada,2025-06-27,
315215,51,1683570,50,Publicação,2025-06-27,
315215,2,1628067,20,Admissão,2025-07-01,
315215,3,1628068,21,Anúncio,2025-07-02,
315215,64,1628153,243,Apreciação,2025-07-03,
315215,13,1628414,250,Votação na generalidade,2025-07-04,
315215,14,1628415,270,Baixa comissão especialidade,2025-07-04,
315215,18,1641780,320,Votação final global,2025-10-28,"Texto Final, apresentado pela Comissão de Educação e Ciência, relativo aos Projetos de Resolução n.º 39/XVII/1.ª (CH), n.º 111/XVII/1.ª (PSD) e n.º
113/XVII/1.ª (CDS-PP)"
315215,133,1641884,348,Envio à Comissão para fixação da Redação final,2025-11-05,
315215,57,1642353,360,Resolução (Publicação DAR),2025-12-09,
315215,26,1642354,400,Envio INCM,2025-12-09,
315215,44,1642549,600,Resolução da AR (Publicação DR),2025-12-15,
315275,1,1628294,10,Entrada,2025-07-04,
315275,51,1716735,50,Publicação,2025-07-04,
315275,2,1628523,20,Admissão,2025-07-09,
315275,3,1628524,21,Anúncio,2025-07-09,
315275,64,1628476,243,Apreciação,2025-07-09,
315275,13,1628894,250,Votação na generalidade,2025-07-11,
315275,14,1628895,270,Baixa comissão especialidade,2025-07-11,
315275,18,1641783,320,Votação final global,2025-10-28,"Texto Final, apresentado pela Comissão de Infraestruturas, Mobilidade e Habitação, relativo aos Projetos de Resolução n.º 12/XVII/1.ª (L), n.º 137/XVII/1.ª (PS) e n.º 141/XVII/1.ª (PAN)"
315275,133,1642037,348,Envio à Comissão para fixação da Redação final,2025-11-04,
315275,57,1642422,360,Resolução (Publicação DAR),2025-12-10,
315275,26,1642423,400,Envio INCM,2025-12-10,
315275,44,1642554,600,Resolução da AR (Publicação DR),2025-12-15,
315042,1,1627210,10,Entrada,2025-06-03,
315042,51,1642060,50,Publicação,2025-06-03,
315042,2,1627259,20,Admissão,2025-06-06,
315042,3,1627358,21,Anúncio,2025-06-17,
315042,126,1628089,181,Baixa comissão para discussão,2025-07-02,
315042,64,1642299,243,Apreciação,2025-12-04,
315042,13,1642297,250,Votação na generalidade,2025-12-05,
315282,1,1628302,10,Entrada,2025-07-04,
315282,51,1716739,50,Publicação,2025-07-04,
315282,2,1628527,20,Admissão,2025-07-09,
315282,3,1628528,21,Anúncio,2025-07-09,
315282,64,1628478,243,Apreciação,2025-07-09,
315282,13,1628897,250,Votação na generalidade,2025-07-11,
315282,14,1628898,270,Baixa comissão especialidade,2025-07-11,
315282,18,1641784,320,Votação final global,2025-10-28,"Texto Final, apresentado pela Comissão de Infraestruturas, Mobilidade e Habitação, relativo aos Projetos de Resolução n.º 12/XVII/1.ª (L), n.º 137/XVII/1.ª (PS) e n.º 141/XVII/1.ª (PAN)"
315282,133,1642038,348,Envio à Comissão para fixação da Redação final,2025-11-04,
315282,57,1642424,360,Resolução (Publicação DAR),2025-12-10,
315282,26,1642425,400,Envio INCM,2025-12-10,
315282,44,1642555,600,Resolução da AR (Publicação DR),2025-12-15,
356612,1,1717755,10,Entrada,2026-04-21,
356612,2,1717977,20,Admissão,2026-04-23,
356612,9,1717978,180,Baixa comissão distribuição inicial generalidade,2026-04-23,
356612,3,1717979,21,Anúncio,2026-04-23,
356612,49,1728849,55,Publicação em Separata,2026-05-12,
315279,1,1628299,10,Entrada,2025-07-04,
315279,51,1716737,50,Publicação,2025-07-04,
315279,2,1628582,20,Admissão,2025-07-09,
315279,3,1628583,21,Anúncio,2025-07-09,
315279,126,1628584,181,Baixa comissão para discussão,2025-07-09,
315279,73,1630614,335,Votação Deliberação,2025-09-19,
315279,13,1641860,250,Votação na generalidade,2025-09-19,
315279,133,1630716,348,Envio à Comissão para fixação da Redação final,2025-09-24,
315279,57,1631098,360,Resolução (Publicação DAR),2025-10-09,
315279,26,1631099,400,Envio INCM,2025-10-09,
315279,44,1631185,600,Resolução da AR (Publicação DR),2025-10-13,
356611,1,1717754,10,Entrada,2026-04-21,
356611,2,1718107,20,Admissão,2026-04-24,
356611,9,1718108,180,Baixa comissão distribuição inicial generalidade,2026-04-24,
356611,3,1718198,21,Anúncio,2026-04-29,
315227,1,1627919,10,Entrada,2025-06-30,
315227,51,1705085,50,Publicação,2025-06-30,
315227,2,1628179,20,Admissão,2025-07-02,
315227,126,1628180,181,Baixa comissão para discussão,2025-07-02,
315227,3,1628272,21,Anúncio,2025-07-03,
315227,73,1629115,335,Votação Deliberação,2025-07-16,
315227,133,1629091,348,Envio à Comissão para fixação da Redação final,2025-07-17,
315227,57,1629346,360,Resolução (Publicação DAR),2025-07-25,
315227,26,1629347,400,Envio INCM,2025-07-25,
315227,44,1629442,600,Resolução da AR (Publicação DR),2025-07-29,
315055,1,1627236,10,Entrada,2025-06-05,
315055,51,1641639,50,Publicação,2025-06-05,
315055,2,1627304,20,Admissão,2025-06-12,
315055,3,1627367,21,Anúncio,2025-06-17,
315055,126,1628092,181,Baixa comissão para discussão,2025-07-02,
315055,73,1704629,335,Votação Deliberação,2026-02-13,
356792,1,1729388,10,Entrada,2026-05-22,
356792,3,1729708,21,Anúncio,2026-05-22,
356792,2,1729709,20,Admissão,2026-05-28,
356792,9,1729710,180,Baixa comissão distribuição inicial generalidade,2026-05-28,
315425,1,1629446,10,Entrada,2025-07-28,
315425,51,1718030,50,Publicação,2025-07-28,
315425,2,1629638,20,Admissão,2025-08-27,
315425,126,1629639,181,Baixa comissão para discussão,2025-08-27,
315425,3,1630073,21,Anúncio,2025-09-10,
315425,64,1705652,243,Apreciação,2026-03-13,
315425,13,1705992,250,Votação na generalidade,2026-03-13,
315425,14,1705993,270,Baixa comissão especialidade,2026-03-13,
315425,18,1731334,320,Votação final global,2026-07-03,
315425,133,1731532,348,Envio à Comissão para fixação da Redação final,2026-07-09,
315425,57,1732027,360,Resolução (Publicação DAR),2026-07-23,
315425,26,1732028,400,Envio INCM,2026-07-23,
315425,44,1742122,600,Resolução da AR (Publicação DR),2026-07-28,
315393,1,1629244,10,Entrada,2025-07-23,
315393,51,1728441,50,Publicação,2025-07-23,
315393,2,1629376,20,Admissão,2025-07-25,
315393,126,1629377,181,Baixa comissão para discussão,2025-07-25,
315393,3,1630056,21,Anúncio,2025-09-10,
315393,13,1729188,250,Votação na generalidade,2026-05-15,
315393,14,1729189,270,Baixa comissão especialidade,2026-05-15,
315393,18,1730875,320,Votação final global,2026-06-25,
315393,133,1731602,348,Envio à Comissão para fixação da Redação final,2026-07-01,
315393,57,1731737,360,Resolução (Publicação DAR),2026-07-16,
315393,26,1731738,400,Envio INCM,2026-07-16,
315393,44,1731902,600,Resolução da AR (Publicação DR),2026-07-21,
315054,1,1627235,10,Entrada,2025-06-05,
315054,51,1641638,50,Publicação,2025-06-05,
315054,2,1627303,20,Admissão,2025-06-12,
315054,3,1627366,21,Anúncio,2025-06-17,
315054,126,1628091,181,Baixa comissão para discussão,2025-07-02,
315054,73,1731967,335,Votação Deliberação,2026-07-17,
315109,1,1627449,10,Entrada,2025-06-20,
315109,51,1705049,50,Publicação,2025-06-20,
315109,2,1627674,20,Admissão,2025-06-25,
315109,3,1627700,21,Anúncio,2025-06-26,
315109,64,1627609,243,Apreciação,2025-06-27,
315109,13,1627896,250,Votação na generalidade,2025-06-27,
315109,14,1627897,270,Baixa comissão especialidade,2025-06-27,
315405,1,1629319,10,Entrada,2025-07-23,
315405,51,1728456,50,Publicação,2025-07-23,
315405,2,1629390,20,Admissão,2025-07-25,
315405,126,1629391,181,Baixa comissão para discussão,2025-07-25,
315405,3,1630063,21,Anúncio,2025-09-10,
315405,13,1729190,250,Votação na generalidade,2026-05-15,
315405,14,1729191,270,Baixa comissão especialidade,2026-05-15,
315405,18,1730876,320,Votação final global,2026-06-25,
315405,133,1731603,348,Envio à Comissão para fixação da Redação final,2026-07-01,
315405,57,1731739,360,Resolução (Publicação DAR),2026-07-16,
315405,26,1731740,400,Envio INCM,2026-07-16,
315405,44,1731903,600,Resolução da AR (Publicação DR),2026-07-21,
315058,1,1627239,10,Entrada,2025-06-05,
315058,51,1641642,50,Publicação,2025-06-05,
315058,2,1627307,20,Admissão,2025-06-12,
315058,3,1627370,21,Anúncio,2025-06-17,
315058,126,1627817,181,Baixa comissão para discussão,2025-06-27,
315058,73,1731947,335,Votação Deliberação,2026-07-17,
315044,1,1627218,10,Entrada,2025-06-03,
315044,51,1642061,50,Publicação,2025-06-03,
315044,2,1627260,20,Admissão,2025-06-06,
315044,3,1627360,21,Anúncio,2025-06-17,
315044,126,1627910,181,Baixa comissão para discussão,2025-06-30,
315476,1,1629577,10,Entrada,2025-08-20,
315476,51,1752255,50,Publicação,2025-08-20,
315476,2,1629696,20,Admissão,2025-08-27,
315476,126,1629697,181,Baixa comissão para discussão,2025-08-27,
315476,3,1630100,21,Anúncio,2025-09-10,
315476,64,1641352,243,Apreciação,2025-10-17,
315476,13,1641753,250,Votação na generalidade,2025-10-28,
315476,14,1641754,270,Baixa comissão especialidade,2025-10-28,
315476,18,1663404,320,Votação final global,2026-01-09,"Texto Final relativo aos Projetos de Resolução n.º 66/XVII/1.ª (CH), 350/XVII/1.ª (PSD), 237/XVII/1.ª (L), 295/XVII/1.ª (PS), 296/XVII/1.ª (PS) e 344/XVII/1.ª (BE), apresentado pela Comissão de Educação e Ciência"
315476,133,1683429,348,Envio à Comissão para fixação da Redação final,2026-01-14,
315476,26,1704280,400,Envio INCM,2026-02-04,
315476,57,1704279,360,Resolução (Publicação DAR),2026-02-05,
315476,44,1704322,600,Resolução da AR (Publicação DR),2026-02-06,
315144,1,1627485,10,Entrada,2025-06-20,
315144,51,1705083,50,Publicação,2025-06-20,
315144,2,1627662,20,Admissão,2025-06-25,
315144,3,1627728,21,Anúncio,2025-06-26,
315144,64,1627615,243,Apreciação,2025-06-27,
315144,13,1627906,250,Votação na generalidade,2025-06-27,
315144,14,1627907,270,Baixa comissão especialidade,2025-06-27,
315131,1,1627471,10,Entrada,2025-06-20,
315131,51,1705076,50,Publicação,2025-06-20,
315131,2,1627665,20,Admissão,2025-06-25,
315131,3,1627721,21,Anúncio,2025-06-26,
315131,64,1627612,243,Apreciação,2025-06-27,
315131,13,1627901,250,Votação na generalidade,2025-06-27,
315131,14,1627902,270,Baixa comissão especialidade,2025-06-27,
315116,1,1627456,10,Entrada,2025-06-20,
315116,51,1705056,50,Publicação,2025-06-20,
315116,2,1627668,20,Admissão,2025-06-25,
315116,3,1627707,21,Anúncio,2025-06-26,
315116,126,1627827,181,Baixa comissão para discussão,2025-06-27,
315116,64,1642311,243,Apreciação,2025-12-04,
315116,13,1642279,250,Votação na generalidade,2025-12-05,
315176,1,1627768,10,Entrada,2025-06-27,
315176,51,1683543,50,Publicação,2025-06-27,
315176,2,1628013,20,Admissão,2025-07-01,
315176,3,1628014,21,Anúncio,2025-07-02,
315176,64,1628139,243,Apreciação,2025-07-03,
315176,13,1628397,250,Votação na generalidade,2025-07-04,
315210,1,1627862,10,Entrada,2025-06-27,
315210,51,1683566,50,Publicação,2025-06-27,
315210,2,1628059,20,Admissão,2025-07-01,
315210,3,1628060,21,Anúncio,2025-07-02,
315210,64,1628152,243,Apreciação,2025-07-03,
315210,13,1628413,250,Votação na generalidade,2025-07-04,
315364,1,1628978,10,Entrada,2025-07-14,
315364,51,1705813,50,Publicação,2025-07-14,
315364,2,1629083,20,Admissão,2025-07-16,
315364,126,1629084,181,Baixa comissão para discussão,2025-07-16,
315364,3,1629144,21,Anúncio,2025-07-17,
315364,126,1629448,181,Baixa comissão para discussão,2025-07-28,
315364,73,1630928,335,Votação Deliberação,2025-09-26,
315364,13,1641871,250,Votação na generalidade,2025-09-26,
367096,1,1742108,10,Entrada,2026-07-27,
367096,3,1752372,21,Anúncio,2026-08-03,
315212,1,1627864,10,Entrada,2025-06-27,
315212,51,1683568,50,Publicação,2025-06-27,
315212,2,1628063,20,Admissão,2025-07-01,
315212,3,1628064,21,Anúncio,2025-07-02,
315212,64,1628131,243,Apreciação,2025-07-03,
315212,13,1628382,250,Votação na generalidade,2025-07-04,
315190,1,1627784,10,Entrada,2025-06-27,
315190,51,1683552,50,Publicação,2025-06-27,
315190,2,1628031,20,Admissão,2025-07-01,
315190,3,1628032,21,Anúncio,2025-07-02,
315190,64,1628124,243,Apreciação,2025-07-03,
315190,13,1628375,250,Votação na generalidade,2025-07-04,
315552,1,1630160,10,Entrada,2025-09-12,
315552,2,1630294,20,Admissão,2025-09-17,
315552,3,1630385,21,Anúncio,2025-09-17,
315552,64,1630250,243,Apreciação,2025-09-18,
315552,13,1630571,250,Votação na generalidade,2025-09-19,
315552,14,1630572,270,Baixa comissão especialidade,2025-09-19,
315552,18,1641546,320,Votação final global,2025-10-17,"Texto Final, apresentado pela Comissão de Agricultura e Pescas, relativo aos Projetos de Resolução n.os 277/XVII/1.ª (PAN) e 278/XVII/1.ª (PAN)"
315552,133,1641706,348,Envio à Comissão para fixação da Redação final,2025-10-23,
315552,57,1642168,360,Resolução (Publicação DAR),2025-12-04,
315552,26,1642169,400,Envio INCM,2025-12-04,
315552,44,1642394,600,Resolução da AR (Publicação DR),2025-12-10,
315634,1,1630681,10,Entrada,2025-09-24,
315634,2,1630860,20,Admissão,2025-09-26,
315634,126,1630861,181,Baixa comissão para discussão,2025-09-26,
315634,3,1630871,21,Anúncio,2025-09-29,
315634,64,1642704,243,Apreciação,2025-12-18,
315634,13,1642803,250,Votação na generalidade,2025-12-18,
315634,14,1642804,270,Baixa comissão especialidade,2025-12-18,
315634,18,1704642,320,Votação final global,2026-02-13,
315634,133,1705175,348,Envio à Comissão para fixação da Redação final,2026-02-20,
315634,57,1705303,360,Resolução (Publicação DAR),2026-02-26,
315634,26,1705304,400,Envio INCM,2026-02-26,
315634,44,1705352,600,Resolução da AR (Publicação DR),2026-03-02,
315236,1,1627928,10,Entrada,2025-06-30,
315236,51,1705087,50,Publicação,2025-06-30,
315236,2,1628182,20,Admissão,2025-07-02,
315236,3,1628274,21,Anúncio,2025-07-03,
315236,64,1628238,243,Apreciação,2025-07-04,
315236,13,1628447,250,Votação na generalidade,2025-07-04,
315235,1,1627927,10,Entrada,2025-06-30,
315235,51,1705086,50,Publicação,2025-06-30,
315235,2,1628181,20,Admissão,2025-07-02,
315235,3,1628273,21,Anúncio,2025-07-03,
315235,64,1628237,243,Apreciação,2025-07-04,
315235,13,1628446,250,Votação na generalidade,2025-07-04,
377131,1,1752398,10,Entrada,2026-08-10,
315296,1,1628316,10,Entrada,2025-07-04,
315296,51,1716748,50,Publicação,2025-07-04,
315296,2,1628600,20,Admissão,2025-07-09,
315296,3,1628601,21,Anúncio,2025-07-09,
315296,64,1628840,243,Apreciação,2025-07-11,
315296,13,1628953,250,Votação na generalidade,2025-07-11,
315296,14,1628954,270,Baixa comissão especialidade,2025-07-11,
315203,1,1627845,10,Entrada,2025-06-27,
315203,51,1683562,50,Publicação,2025-06-27,
315203,2,1628051,20,Admissão,2025-07-01,
315203,3,1628052,21,Anúncio,2025-07-02,
315203,64,1628130,243,Apreciação,2025-07-03,
315203,13,1628381,250,Votação na generalidade,2025-07-04,
315554,1,1630162,10,Entrada,2025-09-12,
315554,2,1630296,20,Admissão,2025-09-17,
315554,3,1630387,21,Anúncio,2025-09-17,
315554,64,1630259,243,Apreciação,2025-09-19,
315554,13,1630593,250,Votação na generalidade,2025-09-19,
315554,14,1630594,270,Baixa comissão especialidade,2025-09-19,
315554,18,1642271,320,Votação final global,2025-12-05,
315554,133,1642475,348,Envio à Comissão para fixação da Redação final,2025-12-11,
315554,57,1642686,360,Resolução (Publicação DAR),2025-12-18,
315554,26,1642687,400,Envio INCM,2025-12-18,
315554,44,1642890,600,Resolução da AR (Publicação DR),2025-12-23,
315211,1,1627863,10,Entrada,2025-06-27,
315211,51,1683567,50,Publicação,2025-06-27,
315211,2,1628061,20,Admissão,2025-07-01,
315211,3,1628062,21,Anúncio,2025-07-02,
315211,64,1628126,243,Apreciação,2025-07-03,
315211,13,1628377,250,Votação na generalidade,2025-07-04,
315548,1,1630156,10,Entrada,2025-09-12,
315548,2,1630293,20,Admissão,2025-09-17,
315548,3,1630382,21,Anúncio,2025-09-17,
315548,64,1630265,243,Apreciação,2025-09-19,
315548,13,1630603,250,Votação na generalidade,2025-09-19,
315548,14,1630604,270,Baixa comissão especialidade,2025-09-19,
315548,18,1705610,320,Votação final global,2026-03-06,"Texto final, apresentado pela Comissão de Educação e Ciência, relativo ao Projeto de Resolução n.º 276/XVII/1.ª (CH)"
315548,133,1706004,348,Envio à Comissão para fixação da Redação final,2026-03-16,
315548,57,1716636,360,Resolução (Publicação DAR),2026-03-26,
315548,26,1716639,400,Envio INCM,2026-03-26,
315548,44,1716784,600,Resolução da AR (Publicação DR),2026-03-31,
315457,1,1629550,10,Entrada,2025-08-12,
315457,51,1731272,50,Publicação,2025-08-12,
315457,2,1629668,20,Admissão,2025-08-27,
315457,126,1629669,181,Baixa comissão para discussão,2025-08-27,
315457,3,1630086,21,Anúncio,2025-09-10,
377130,1,1752397,10,Entrada,2026-08-10,
315241,1,1627933,10,Entrada,2025-07-01,
315241,51,1683580,50,Publicação,2025-07-01,
315241,2,1628191,20,Admissão,2025-07-02,
315241,126,1628192,181,Baixa comissão para discussão,2025-07-02,
315241,3,1628279,21,Anúncio,2025-07-03,
377134,1,1752401,10,Entrada,2026-08-10,
315505,1,1629787,10,Entrada,2025-08-29,
315505,2,1629908,20,Admissão,2025-09-09,
315505,126,1629909,181,Baixa comissão para discussão,2025-09-09,
315505,3,1630117,21,Anúncio,2025-09-10,
315505,73,1729796,335,Votação Deliberação,2026-05-29,
315505,133,1730149,348,Envio à Comissão para fixação da Redação final,2026-06-11,
315505,57,1730598,360,Resolução (Publicação DAR),2026-06-19,
315505,26,1730691,400,Envio INCM,2026-06-19,
315505,44,1730724,600,Resolução da AR (Publicação DR),2026-06-24,
315459,1,1629554,10,Entrada,2025-08-13,
315459,51,1731553,50,Publicação,2025-08-13,
315459,2,1629670,20,Admissão,2025-08-27,
315459,126,1629671,181,Baixa comissão para discussão,2025-08-27,
315459,3,1630088,21,Anúncio,2025-09-10,
315377,1,1629138,10,Entrada,2025-07-17,
315377,2,1629153,20,Admissão,2025-07-17,
315377,3,1629169,21,Anúncio,2025-07-17,
315377,51,1716625,50,Publicação,2025-07-17,
315377,64,1629581,243,Apreciação,2025-08-27,Sem tempos
315377,73,1629602,335,Votação Deliberação,2025-08-27,
315377,57,1629880,360,Resolução (Publicação DAR),2025-09-10,
315377,26,1629882,400,Envio INCM,2025-09-10,
315377,44,1629994,600,Resolução da AR (Publicação DR),2025-09-11,
315581,1,1630190,10,Entrada,2025-09-12,
315581,2,1630306,20,Admissão,2025-09-17,
315581,3,1630394,21,Anúncio,2025-09-17,
315581,64,1630257,243,Apreciação,2025-09-19,
315581,13,1630590,250,Votação na generalidade,2025-09-19,
315581,14,1630591,270,Baixa comissão especialidade,2025-09-19,
315581,18,1641550,320,Votação final global,2025-10-17,"Texto Final, apresentado pela Comissão de Assuntos Constitucionais, Direitos, Liberdades e Garantias, relativo ao Projeto de Resolução n.º 289/XVII/1.ª (PS)"
315581,133,1641646,348,Envio à Comissão para fixação da Redação final,2025-10-23,
315581,57,1641696,360,Resolução (Publicação DAR),2025-10-27,
315581,26,1641697,400,Envio INCM,2025-10-27,
315581,44,1641728,600,Resolução da AR (Publicação DR),2025-10-29,
315334,1,1628365,10,Entrada,2025-07-04,
315334,51,1716767,50,Publicação,2025-07-04,
315334,2,1628634,20,Admissão,2025-07-09,
315334,3,1628636,21,Anúncio,2025-07-09,
315334,64,1629004,243,Apreciação,2025-07-16,
315334,13,1629110,250,Votação na generalidade,2025-07-16,
315334,14,1629111,270,Baixa comissão especialidade,2025-07-16,
315312,1,1628332,10,Entrada,2025-07-04,
315312,51,1716755,50,Publicação,2025-07-04,
315312,2,1628614,20,Admissão,2025-07-09,
315312,3,1628615,21,Anúncio,2025-07-09,
315312,126,1628616,181,Baixa comissão para discussão,2025-07-09,
315312,13,1641538,250,Votação na generalidade,2025-10-17,
315286,1,1628306,10,Entrada,2025-07-04,
315286,51,1716742,50,Publicação,2025-07-04,
315286,2,1628594,20,Admissão,2025-07-09,
315286,3,1628595,21,Anúncio,2025-07-09,
315286,64,1628838,243,Apreciação,2025-07-11,
315286,13,1628950,250,Votação na generalidade,2025-07-11,
315306,1,1628325,10,Entrada,2025-07-04,
315306,51,1716752,50,Publicação,2025-07-04,
315306,2,1628608,20,Admissão,2025-07-09,
315306,3,1628609,21,Anúncio,2025-07-09,
315306,64,1628841,243,Apreciação,2025-07-11,
315306,13,1628955,250,Votação na generalidade,2025-07-11,
315318,1,1628339,10,Entrada,2025-07-04,
315318,51,1716758,50,Publicação,2025-07-04,
315318,2,1628619,20,Admissão,2025-07-09,
315318,3,1628620,21,Anúncio,2025-07-09,
315318,64,1628851,243,Apreciação,2025-07-11,
315318,13,1628966,250,Votação na generalidade,2025-07-11,
315442,1,1629476,10,Entrada,2025-08-01,
315442,51,1718261,50,Publicação,2025-08-01,
315442,2,1629648,20,Admissão,2025-08-27,
315442,126,1629649,181,Baixa comissão para discussão,2025-08-27,
315442,3,1630078,21,Anúncio,2025-09-10,
315442,64,1729038,243,Apreciação,2026-05-20,
315442,13,1729407,250,Votação na generalidade,2026-05-22,
315489,1,1629592,10,Entrada,2025-08-24,
315489,2,1629768,20,Admissão,2025-08-28,
315489,126,1629769,181,Baixa comissão para discussão,2025-08-28,
315489,3,1630112,21,Anúncio,2025-09-10,
315489,64,1641266,243,Apreciação,2025-10-17,
315489,13,1641760,250,Votação na generalidade,2025-10-28,
315489,14,1641762,270,Baixa comissão especialidade,2025-10-28,
315363,1,1628860,10,Entrada,2025-07-11,
315363,51,1630584,50,Publicação,2025-07-11,
315363,2,1629044,20,Admissão,2025-07-16,
315363,3,1629045,21,Anúncio,2025-07-16,
315363,126,1629046,181,Baixa comissão para discussão,2025-07-16,
315363,73,1630608,335,Votação Deliberação,2025-09-19,
315777,1,1641994,10,Entrada,2025-11-26,
315777,2,1642018,20,Admissão,2025-11-27,
315777,126,1642019,181,Baixa comissão para discussão,2025-11-27,
315777,3,1642077,21,Anúncio,2025-12-03,
315777,13,1642846,250,Votação na generalidade,2025-12-19,
315777,14,1642847,270,Baixa comissão especialidade,2025-12-19,
315777,18,1663391,320,Votação final global,2026-01-09,"Texto final relativo aos Projetos de Resolução n.º 368/XVII/1.ª (PSD), 373/XVII/1.ª (CH), 398/XVII/1.ª (PS) e 415/XVII/1.ª (PCP) , apresentado pela Comissão de Cultura, Comunicação, Juventude e Desporto "
315777,133,1683460,348,Envio à Comissão para fixação da Redação final,2026-01-15,
315777,57,1706171,360,Resolução (Publicação DAR),2026-03-19,
315777,26,1706180,400,Envio INCM,2026-03-19,
315777,44,1716497,600,Resolução da AR (Publicação DR),2026-03-24,
315366,1,1628980,10,Entrada,2025-07-14,
315366,51,1705817,50,Publicação,2025-07-14,
315366,2,1629087,20,Admissão,2025-07-16,
315366,126,1629088,181,Baixa comissão para discussão,2025-07-16,
315366,3,1629146,21,Anúncio,2025-07-17,
315366,73,1642855,335,Votação Deliberação,2025-12-19,
315721,1,1631175,10,Entrada,2025-10-10,
315721,2,1641284,20,Admissão,2025-10-14,
315721,3,1641402,21,Anúncio,2025-10-15,
315721,64,1641259,243,Apreciação,2025-10-16,
315721,13,1641469,250,Votação na generalidade,2025-10-16,
315721,14,1641470,270,Baixa comissão especialidade,2025-10-16,
315721,18,1663401,320,Votação final global,2026-01-09,"Texto Final relativo aos Projetos de Resolução n.º 291/XVII/1.ª (PS) e 351/XVII/1.ª (PSD), apresentado pela Comissão de Educação e Ciência "
315721,133,1683486,348,Envio à Comissão para fixação da Redação final,2026-01-16,
315721,26,1704276,400,Envio INCM,2026-02-04,
315721,57,1704275,360,Resolução (Publicação DAR),2026-02-05,
315721,44,1704328,600,Resolução da AR (Publicação DR),2026-02-06,
315666,1,1631039,10,Entrada,2025-10-07,
315666,2,1631106,20,Admissão,2025-10-09,
315666,3,1641336,21,Anúncio,2025-10-15,
315666,64,1683671,243,Apreciação,2026-01-30,
315666,13,1694108,250,Votação na generalidade,2026-01-30,
315666,14,1694109,270,Baixa comissão especialidade,2026-02-02,
315666,18,1730419,320,Votação final global,2026-06-12,
315666,133,1730614,348,Envio à Comissão para fixação da Redação final,2026-06-22,
315666,57,1731163,360,Resolução (Publicação DAR),2026-07-02,
315666,26,1731164,400,Envio INCM,2026-07-02,
315666,44,1731358,600,Resolução da AR (Publicação DR),2026-07-06,
315707,1,1631161,10,Entrada,2025-10-10,
315707,2,1641431,20,Admissão,2025-10-16,
315707,3,1641443,21,Anúncio,2025-10-17,
315707,64,1641354,243,Apreciação,2025-10-17,
315707,13,1641757,250,Votação na generalidade,2025-10-28,
315707,14,1641758,270,Baixa comissão especialidade,2025-10-28,
315707,18,1663407,320,Votação final global,2026-01-09,"Texto Final relativo aos Projetos de Resolução n.º 66/XVII/1.ª (CH), 350/XVII/1.ª (PSD), 237/XVII/1.ª (L), 295/XVII/1.ª (PS), 296/XVII/1.ª (PS) e 344/XVII/1.ª (BE), apresentado pela Comissão de Educação e Ciência"
315707,133,1683432,348,Envio à Comissão para fixação da Redação final,2026-01-14,
315707,26,1704284,400,Envio INCM,2026-02-04,
315707,57,1704283,360,Resolução (Publicação DAR),2026-02-05,
315707,44,1704325,600,Resolução da AR (Publicação DR),2026-02-06,
315786,1,1642021,10,Entrada,2025-11-27,
315786,2,1642125,20,Admissão,2025-12-03,
315786,3,1642126,21,Anúncio,2025-12-04,
315786,64,1642324,243,Apreciação,2025-12-10,
315786,13,1642520,250,Votação na generalidade,2025-12-12,
315786,14,1642521,270,Baixa comissão especialidade,2025-12-12,
315786,18,1663397,320,Votação final global,2026-01-09,"Texto Final, apresentado pela Comissão de Trabalho, Segurança Social e Inclusão"
315786,133,1683483,348,Envio à Comissão para fixação da Redação final,2026-01-16,
315786,57,1704492,360,Resolução (Publicação DAR),2026-02-12,
315786,26,1704496,400,Envio INCM,2026-02-12,
315786,44,1705441,600,Resolução da AR (Publicação DR),2026-03-03,
315786,44,1705442,600,Resolução da AR (Publicação DR),2026-03-03,
315424,1,1629445,10,Entrada,2025-07-28,
315424,51,1718029,50,Publicação,2025-07-28,
315424,2,1629636,20,Admissão,2025-08-27,
315424,126,1629637,181,Baixa comissão para discussão,2025-08-27,
315424,3,1630072,21,Anúncio,2025-09-10,
315424,64,1630262,243,Apreciação,2025-09-19,
315424,13,1630599,250,Votação na generalidade,2025-09-19,
315567,1,1630176,10,Entrada,2025-09-12,
315567,2,1630301,20,Admissão,2025-09-17,
315567,3,1630391,21,Anúncio,2025-09-17,
315567,64,1630422,243,Apreciação,2025-09-24,
315567,73,1630836,335,Votação Deliberação,2025-09-26,
315567,133,1631081,348,Envio à Comissão para fixação da Redação final,2025-10-07,
315567,57,1641435,360,Resolução (Publicação DAR),2025-10-16,
315567,26,1641436,400,Envio INCM,2025-10-16,
315567,44,1641560,600,Resolução da AR (Publicação DR),2025-10-20,
315413,1,1629341,10,Entrada,2025-07-24,
315413,51,1717994,50,Publicação,2025-07-24,
315413,2,1629396,20,Admissão,2025-07-25,
315413,126,1629397,181,Baixa comissão para discussão,2025-07-25,
315413,3,1630066,21,Anúncio,2025-09-10,
315396,1,1629305,10,Entrada,2025-07-23,
315396,51,1728443,50,Publicação,2025-07-23,
315396,2,1629380,20,Admissão,2025-07-25,
315396,126,1629381,181,Baixa comissão para discussão,2025-07-25,
315396,3,1630058,21,Anúncio,2025-09-10,
315421,1,1629422,10,Entrada,2025-07-28,
315421,51,1718028,50,Publicação,2025-07-28,
315421,2,1629634,20,Admissão,2025-08-27,
315421,126,1629635,181,Baixa comissão para discussão,2025-08-27,
315421,3,1630071,21,Anúncio,2025-09-10,
315499,1,1629749,10,Entrada,2025-08-28,
315499,2,1629900,20,Admissão,2025-09-09,
315499,126,1629901,181,Baixa comissão para discussão,2025-09-09,
315499,3,1630114,21,Anúncio,2025-09-10,
315499,64,1630249,243,Apreciação,2025-09-18,
315499,13,1630570,250,Votação na generalidade,2025-09-19,
315435,1,1629466,10,Entrada,2025-07-30,
315435,51,1728287,50,Publicação,2025-07-30,
315435,2,1629644,20,Admissão,2025-08-27,
315435,126,1629645,181,Baixa comissão para discussão,2025-08-27,
315435,3,1630076,21,Anúncio,2025-09-10,
315385,1,1629187,10,Entrada,2025-07-18,
315385,2,1629278,20,Admissão,2025-07-23,
315385,126,1629279,181,Baixa comissão para discussão,2025-07-23,
315385,3,1630052,21,Anúncio,2025-09-10,
315417,1,1629345,10,Entrada,2025-07-25,
315417,51,1718023,50,Publicação,2025-07-25,
315417,2,1629628,20,Admissão,2025-08-27,
315417,126,1629630,181,Baixa comissão para discussão,2025-08-27,
315417,3,1630068,21,Anúncio,2025-09-10,
315465,1,1629564,10,Entrada,2025-08-18,
315465,51,1752246,50,Publicação,2025-08-18,
315465,51,1752247,50,Publicação,2025-08-18,
315465,2,1629677,20,Admissão,2025-08-27,
315465,126,1629679,181,Baixa comissão para discussão,2025-08-27,
315465,3,1630091,21,Anúncio,2025-09-10,
315660,1,1631023,10,Entrada,2025-10-03,
315660,2,1631056,20,Admissão,2025-10-08,
315660,126,1631057,181,Baixa comissão para discussão,2025-10-08,
315660,3,1641333,21,Anúncio,2025-10-15,
315660,73,1641479,335,Votação Deliberação,2025-10-17,
315660,57,1641498,360,Resolução (Publicação DAR),2025-10-20,
315660,26,1641499,400,Envio INCM,2025-10-20,
315660,44,1641581,600,Resolução da AR (Publicação DR),2025-10-22,
315660,64,1642432,243,Apreciação,2025-12-11,
315419,51,1718024,50,Publicação,2025-07-24,
315419,1,1629413,10,Entrada,2025-07-25,
315419,2,1629629,20,Admissão,2025-08-27,
315419,126,1629631,181,Baixa comissão para discussão,2025-08-27,
315419,3,1630069,21,Anúncio,2025-09-10,
315517,1,1629847,10,Entrada,2025-09-04,
315517,2,1629918,20,Admissão,2025-09-09,
315517,126,1629919,181,Baixa comissão para discussão,2025-09-09,
315517,3,1630123,21,Anúncio,2025-09-10,
315517,64,1630254,243,Apreciação,2025-09-19,
315517,13,1630576,250,Votação na generalidade,2025-09-19,
315844,1,1642251,10,Entrada,2025-12-05,
315844,2,1642412,20,Admissão,2025-12-10,
315844,3,1642462,21,Anúncio,2025-12-10,
315844,64,1663011,243,Apreciação,2025-12-19,
315844,13,1642833,250,Votação na generalidade,2025-12-19,
315844,14,1642835,270,Baixa comissão especialidade,2025-12-19,
315844,18,1718092,320,Votação final global,2026-04-24,"Texto final, apresentado pela Comissão de Infraestruturas, Mobilidade e Habitação, relativo ao Projeto de Resolução n.º 409/XVII/1.ª (L)"
315844,133,1728471,348,Envio à Comissão para fixação da Redação final,2026-05-06,
315844,57,1729217,360,Resolução (Publicação DAR),2026-05-18,
315844,26,1729218,400,Envio INCM,2026-05-18,
315844,44,1729275,600,Resolução da AR (Publicação DR),2026-05-20,
315853,1,1642473,10,Entrada,2025-12-10,
315853,2,1642594,20,Admissão,2025-12-16,
315853,126,1642595,181,Baixa comissão para discussão,2025-12-16,
315853,3,1642649,21,Anúncio,2025-12-17,
315853,13,1642852,250,Votação na generalidade,2025-12-19,
315853,14,1642853,270,Baixa comissão especialidade,2025-12-19,
315853,18,1663394,320,Votação final global,2026-01-09,"Texto final relativo aos Projetos de Resolução n.º 368/XVII/1.ª (PSD), 373/XVII/1.ª (CH), 398/XVII/1.ª (PS) e 415/XVII/1.ª (PCP) , apresentado pela Comissão de Cultura, Comunicação, Juventude e Desporto "
315853,133,1683463,348,Envio à Comissão para fixação da Redação final,2026-01-15,
315853,57,1706175,360,Resolução (Publicação DAR),2026-03-19,
315853,26,1706184,400,Envio INCM,2026-03-19,
315853,44,1716500,600,Resolução da AR (Publicação DR),2026-03-24,
315482,1,1629585,10,Entrada,2025-08-22,
315482,51,1752432,50,Publicação,2025-08-22,
315482,2,1629754,20,Admissão,2025-08-28,
315482,126,1629755,181,Baixa comissão para discussão,2025-08-28,
315482,3,1630105,21,Anúncio,2025-09-10,
315538,1,1629872,10,Entrada,2025-09-09,
315538,2,1630287,20,Admissão,2025-09-17,
315538,126,1630288,181,Baixa comissão para discussão,2025-09-17,
315538,3,1630380,21,Anúncio,2025-09-17,
315538,64,1630424,243,Apreciação,2025-09-24,
315538,13,1630839,250,Votação na generalidade,2025-09-26,
315453,1,1629540,10,Entrada,2025-08-09,
315453,51,1730501,50,Publicação,2025-08-11,
315453,2,1629664,20,Admissão,2025-08-27,
315453,126,1629665,181,Baixa comissão para discussão,2025-08-27,
315453,3,1630084,21,Anúncio,2025-09-10,
315525,1,1629858,10,Entrada,2025-09-08,
315525,2,1629924,20,Admissão,2025-09-09,
315525,126,1629925,181,Baixa comissão para discussão,2025-09-09,
315525,3,1630127,21,Anúncio,2025-09-10,
315525,64,1662990,243,Apreciação,2025-12-19,
315525,73,1642856,335,Votação Deliberação,2025-12-19,
315659,1,1631022,10,Entrada,2025-10-02,
315659,2,1641527,20,Admissão,2025-10-08,
315659,64,1641317,243,Apreciação,2025-10-17,Agendado sem tempos
315659,73,1641524,335,Votação Deliberação,2025-10-17,
315659,133,1641704,348,Envio à Comissão para fixação da Redação final,2025-10-17,
315659,57,1642154,360,Resolução (Publicação DAR),2025-12-04,
315659,26,1642155,400,Envio INCM,2025-12-04,
315659,44,1642389,600,Resolução da AR (Publicação DR),2025-12-10,
315470,1,1629571,10,Entrada,2025-08-20,
315470,51,1752249,50,Publicação,2025-08-20,
315470,2,1629682,20,Admissão,2025-08-27,
315470,126,1629683,181,Baixa comissão para discussão,2025-08-27,
315470,3,1630094,21,Anúncio,2025-09-10,
315333,1,1628364,10,Entrada,2025-07-04,
315333,51,1716766,50,Publicação,2025-07-04,
315333,35,1628449,648,Retirada da iniciativa,2025-07-08,
335940,1,1662986,10,Entrada,2026-01-06,
335940,2,1663185,20,Admissão,2026-01-07,
335940,126,1663186,181,Baixa comissão para discussão,2026-01-07,
335940,3,1663235,21,Anúncio,2026-01-08,
335940,64,1706046,243,Apreciação,2026-03-19,
335940,13,1716420,250,Votação na generalidade,2026-03-20,
335940,14,1716421,270,Baixa comissão especialidade,2026-03-20,
335940,18,1716931,320,Votação final global,2026-04-01,"Texto Final, apresentado pela Comissão de Negócios Estrangeiros e Comunidades Portuguesas, relativo ao Projeto de Resolução n.º 474/XVII/1. ª (IL), ao Projeto de Resolução n.º 573/XVII/1. ª (PS), ao Projeto de Resolução n.º 674/XVII/1. ª (CH) e ao Projeto de Resolução n.º 681/XVII/1. ª (L)"
335940,133,1717157,348,Envio à Comissão para fixação da Redação final,2026-04-10,
335940,57,1717565,360,Resolução (Publicação DAR),2026-04-16,
335940,26,1717566,400,Envio INCM,2026-04-16,
335940,44,1717711,600,Resolução da AR (Publicação DR),2026-04-20,
315477,1,1629578,10,Entrada,2025-08-20,
315477,51,1752256,50,Publicação,2025-08-20,
315477,2,1629699,20,Admissão,2025-08-27,
315477,126,1629700,181,Baixa comissão para discussão,2025-08-27,
315477,3,1630101,21,Anúncio,2025-09-10,
315540,1,1629876,10,Entrada,2025-09-09,
315540,2,1629952,20,Admissão,2025-09-09,
315540,3,1629953,21,Anúncio,2025-09-10,
315540,73,1630087,335,Votação Deliberação,2025-09-10,
315540,57,1629985,360,Resolução (Publicação DAR),2025-09-10,
315540,26,1629986,400,Envio INCM,2025-09-10,
315540,44,1629995,600,Resolução da AR (Publicação DR),2025-09-11,
315816,1,1642184,10,Entrada,2025-12-04,
315816,2,1642332,20,Admissão,2025-12-09,
315816,126,1642333,181,Baixa comissão para discussão,2025-12-09,
315816,3,1642456,21,Anúncio,2025-12-10,
315816,73,1642867,335,Votação Deliberação,2025-12-19,
315816,133,1642903,348,Envio à Comissão para fixação da Redação final,2025-12-23,
315816,57,1683816,360,Resolução (Publicação DAR),2026-01-23,
315816,26,1683817,400,Envio INCM,2026-01-23,
315816,44,1683916,600,Resolução da AR (Publicação DR),2026-01-27,
315692,1,1631146,10,Entrada,2025-10-10,
315692,2,1641588,20,Admissão,2025-10-17,
315692,64,1641349,243,Apreciação,2025-10-17,
315692,73,1641537,335,Votação Deliberação,2025-10-17,
315692,133,1641705,348,Envio à Comissão para fixação da Redação final,2025-10-23,
315692,57,1642152,360,Resolução (Publicação DAR),2025-12-04,
315692,26,1642153,400,Envio INCM,2025-12-04,
315692,44,1642209,600,Resolução da AR (Publicação DR),2025-12-04,
315572,1,1630181,10,Entrada,2025-09-12,
315572,2,1630305,20,Admissão,2025-09-17,
315572,3,1630396,21,Anúncio,2025-09-17,
315572,64,1630261,243,Apreciação,2025-09-19,
315572,13,1630597,250,Votação na generalidade,2025-09-19,
315572,14,1630598,270,Baixa comissão especialidade,2025-09-19,
335951,1,1663273,10,Entrada,2026-01-08,
335951,2,1683407,20,Admissão,2026-01-13,
335951,126,1683408,181,Baixa comissão para discussão,2026-01-13,
335951,3,1683880,21,Anúncio,2026-01-21,
335951,64,1728501,243,Apreciação,2026-05-07,
335951,13,1728759,250,Votação na generalidade,2026-05-08,
335951,14,1728760,270,Baixa comissão especialidade,2026-05-08,
335951,18,1731345,320,Votação final global,2026-07-03,
335951,133,1732050,348,Envio à Comissão para fixação da Redação final,2026-07-16,
335951,57,1742077,360,Resolução (Publicação DAR),2026-07-23,
335951,26,1742078,400,Envio INCM,2026-07-23,
335951,44,1752145,600,Resolução da AR (Publicação DR),2026-07-29,
315826,1,1642222,10,Entrada,2025-12-05,
315826,2,1642336,20,Admissão,2025-12-09,
315826,3,1642457,21,Anúncio,2025-12-10,
315826,64,1663004,243,Apreciação,2025-12-19,
315826,13,1642817,250,Votação na generalidade,2025-12-19,
315826,14,1642818,270,Baixa comissão especialidade,2025-12-19,
315826,18,1704636,320,Votação final global,2026-02-13,
315826,57,1705278,360,Resolução (Publicação DAR),2026-02-26,
315826,26,1705286,400,Envio INCM,2026-02-26,
315826,44,1705347,600,Resolução da AR (Publicação DR),2026-03-02,
315858,1,1642484,10,Entrada,2025-12-11,
315858,2,1642604,20,Admissão,2025-12-16,
315858,126,1642605,181,Baixa comissão para discussão,2025-12-16,
315858,3,1642636,21,Anúncio,2025-12-17,
315858,126,1683435,181,Baixa comissão para discussão,2026-01-14,"Redistribuição da iniciativa à 10.ª Comissão, com conexão à 9.ª Comissão, com despacho de 14-01-2026"
315858,73,1704633,335,Votação Deliberação,2026-02-13,
315858,133,1705001,348,Envio à Comissão para fixação da Redação final,2026-02-23,
315858,57,1705280,360,Resolução (Publicação DAR),2026-02-26,
315858,26,1705288,400,Envio INCM,2026-02-26,
315858,44,1705349,600,Resolução da AR (Publicação DR),2026-03-02,
315897,1,1642915,10,Entrada,2025-12-29,
315897,2,1663059,20,Admissão,2026-01-06,
315897,64,1663133,243,Apreciação,2026-01-07,
315897,3,1663241,21,Anúncio,2026-01-08,
315897,13,1663345,250,Votação na generalidade,2026-01-09,
356220,1,1705008,10,Entrada,2026-02-23,
356220,2,1705317,20,Admissão,2026-02-25,
356220,3,1705318,21,Anúncio,2026-02-25,
356220,64,1705022,243,Apreciação,2026-02-25,
356220,13,1705290,250,Votação na generalidade,2026-02-25,
356220,14,1705291,270,Baixa comissão especialidade,2026-02-25,
356220,18,1716693,320,Votação final global,2026-03-26,"Texto Final, apresentado pela Comissão de Educação e Ciência, relativo ao Projeto de Resolução n.º 633/XVII/1.ª (L)"
356220,133,1716957,348,Envio à Comissão para fixação da Redação final,2026-04-07,
356220,57,1717587,360,Resolução (Publicação DAR),2026-04-16,
356220,26,1717588,400,Envio INCM,2026-04-16,
356220,44,1717705,600,Resolução da AR (Publicação DR),2026-04-20,
315804,1,1642043,10,Entrada,2025-11-28,
315804,2,1642147,20,Admissão,2025-12-03,
315804,3,1642148,21,Anúncio,2025-12-04,
315902,1,1642920,10,Entrada,2025-12-29,
315902,2,1663066,20,Admissão,2026-01-06,
315902,3,1663246,21,Anúncio,2026-01-08,
315902,64,1663165,243,Apreciação,2026-01-09,
315902,13,1663381,250,Votação na generalidade,2026-01-09,
315860,1,1642486,10,Entrada,2025-12-11,
315860,2,1642608,20,Admissão,2025-12-16,
315860,126,1642609,181,Baixa comissão para discussão,2025-12-16,
315860,3,1642634,21,Anúncio,2025-12-17,
315906,1,1642924,10,Entrada,2025-12-29,
315906,2,1663071,20,Admissão,2026-01-06,
315906,126,1663072,181,Baixa comissão para discussão,2026-01-06,
315906,3,1663250,21,Anúncio,2026-01-08,
315869,1,1642558,10,Entrada,2025-12-12,
315869,2,1642616,20,Admissão,2025-12-16,
315869,3,1642648,21,Anúncio,2025-12-17,
315869,64,1642705,243,Apreciação,2025-12-18,
315869,13,1642767,250,Votação na generalidade,2025-12-18,
356239,1,1705332,10,Entrada,2026-02-27,
356239,3,1705702,21,Anúncio,2026-03-04,
356239,2,1705703,20,Admissão,2026-03-09,
356239,64,1705656,243,Apreciação,2026-03-13,
356239,13,1705998,250,Votação na generalidade,2026-03-13,
356239,14,1705999,270,Baixa comissão especialidade,2026-03-13,
356239,18,1731335,320,Votação final global,2026-07-03,
356239,133,1731533,348,Envio à Comissão para fixação da Redação final,2026-07-09,
356239,57,1732033,360,Resolução (Publicação DAR),2026-07-23,
356239,26,1732034,400,Envio INCM,2026-07-23,
356239,44,1742124,600,Resolução da AR (Publicação DR),2026-07-28,
356211,1,1704860,10,Entrada,2026-02-20,
356211,2,1705162,20,Admissão,2026-02-24,
356211,3,1705163,21,Anúncio,2026-02-25,
356211,64,1705479,243,Apreciação,2026-03-06,
356211,13,1705593,250,Votação na generalidade,2026-03-06,
356211,14,1705594,270,Baixa comissão especialidade,2026-03-06,
356448,1,1717089,10,Entrada,2026-03-30,
356448,2,1717090,20,Admissão,2026-04-10,
356448,3,1717091,21,Anúncio,2026-04-10,
356448,64,1717125,243,Apreciação,2026-04-10,
356448,13,1717221,250,Votação na generalidade,2026-04-10,
356448,14,1717222,270,Baixa comissão especialidade,2026-04-10,
356448,18,1728835,320,Votação final global,2026-05-08,
356448,133,1728989,348,Envio à Comissão para fixação da Redação final,2026-05-13,
356448,57,1729332,360,Resolução (Publicação DAR),2026-05-21,
356448,26,1729333,400,Envio INCM,2026-05-21,
356448,44,1729481,600,Resolução da AR (Publicação DR),2026-05-26,
356228,1,1705321,10,Entrada,2026-02-27,
356228,3,1705619,21,Anúncio,2026-03-04,
356228,2,1705769,20,Admissão,2026-03-09,
356228,126,1705620,181,Baixa comissão para discussão,2026-03-09,
356228,64,1717235,243,Apreciação,2026-04-17,
356228,13,1717703,250,Votação na generalidade,2026-04-17,
356408,1,1716381,10,Entrada,2026-03-20,
356408,2,1716548,20,Admissão,2026-03-24,
356408,126,1716549,181,Baixa comissão para discussão,2026-03-24,
356408,3,1716587,21,Anúncio,2026-03-25,
356408,64,1728537,243,Apreciação,2026-05-08,
356408,13,1728785,250,Votação na generalidade,2026-05-08,
356408,14,1728786,270,Baixa comissão especialidade,2026-05-08,
356375,1,1706011,10,Entrada,2026-03-16,
356375,3,1706343,21,Anúncio,2026-03-19,
356375,2,1706344,20,Admissão,2026-03-19,
356375,126,1706345,181,Baixa comissão para discussão,2026-03-19,
356375,35,1716996,648,Retirada da iniciativa,2026-04-08,
356409,1,1716382,10,Entrada,2026-03-20,
356409,2,1716550,20,Admissão,2026-03-24,
356409,126,1716551,181,Baixa comissão para discussão,2026-03-24,
356409,3,1716588,21,Anúncio,2026-03-25,
356409,64,1717107,243,Apreciação,2026-04-10,
356409,13,1717205,250,Votação na generalidade,2026-04-10,
356661,1,1728279,10,Entrada,2026-05-04,
356661,2,1728400,20,Admissão,2026-05-05,
356661,3,1728401,21,Anúncio,2026-05-06,
356661,64,1728580,243,Apreciação,2026-05-13,
356661,13,1729000,250,Votação na generalidade,2026-05-13,
356661,14,1729001,270,Baixa comissão especialidade,2026-05-13,
356661,18,1729811,320,Votação final global,2026-05-29,"Texto Final, apresentado pela Comissão de Defesa Nacional, relativo ao Projeto de Resolução n.º 899/XVII/1.ª (PSD e CDS-PP) "
356661,133,1730035,348,Envio à Comissão para fixação da Redação final,2026-06-06,
356661,57,1730269,360,Resolução (Publicação DAR),2026-06-12,
356661,26,1730281,400,Envio INCM,2026-06-12,
356661,44,1730488,600,Resolução da AR (Publicação DR),2026-06-17,
315257,1,1628210,10,Entrada,2025-07-03,
315257,51,1683739,50,Publicação,2025-07-03,
315257,2,1628565,20,Admissão,2025-07-09,"Despacho PAR ""Ressalvando os limite da norma travão. Proceder à Audição dos órgãos de governo próprio das RRAA"""
315257,3,1628566,21,Anúncio,2025-07-09,
315257,144,1628675,22,Audição promovida pelo PAR para a ALRAA,2025-07-09,
315257,145,1628676,23,Audição promovida pelo PAR para a ALRAM,2025-07-09,
315257,146,1628677,24,Audição promovida pelo PAR para o Governo da RAA,2025-07-09,
315257,147,1628678,25,Audição promovida pelo PAR para o Governo da RAM,2025-07-09,
315257,9,1628568,180,Baixa comissão distribuição inicial generalidade,2025-07-09,
315257,10,1628772,190,Discussão generalidade,2025-07-10,
315257,13,1628906,250,Votação na generalidade,2025-07-11,
315257,14,1628907,270,Baixa comissão especialidade,2025-07-11,
315257,149,1629176,173,Parecer da ALRAM,2025-07-17,
315257,150,1629254,174,Parecer do Governo da RAA,2025-07-23,
315257,148,1629454,172,Parecer da ALRAA,2025-07-28,
315257,14,1630943,270,Baixa comissão especialidade,2025-09-30,
315257,18,1642565,320,Votação final global,2025-12-12,
315257,133,1642724,348,Envio à Comissão para fixação da Redação final,2025-12-18,
315257,31,1663197,350,Decreto (Publicação),2026-01-08,
315257,23,1683421,370,Envio para promulgação,2026-01-14,
315257,24,1683957,380,Promulgação,2026-01-26,
315257,25,1683958,390,Referenda,2026-01-27,
315257,26,1683959,400,Envio INCM,2026-01-28,
315257,32,1684049,580,Lei (Publicação DR),2026-01-28,
356340,1,1705797,10,Entrada,2026-03-11,
356340,3,1706266,21,Anúncio,2026-03-18,
356340,2,1706267,20,Admissão,2026-03-18,
356340,126,1706268,181,Baixa comissão para discussão,2026-03-18,
356391,1,1706322,10,Entrada,2026-03-19,
356391,3,1706377,21,Anúncio,2026-03-20,
356391,2,1706378,20,Admissão,2026-03-20,
356391,126,1706379,181,Baixa comissão para discussão,2026-03-20,
356346,1,1705840,10,Entrada,2026-03-12,
356346,3,1706271,21,Anúncio,2026-03-13,
356346,2,1706272,20,Admissão,2026-03-13,
356346,73,1705981,335,Votação Deliberação,2026-03-13,
356425,1,1716571,10,Entrada,2026-03-24,
356425,2,1716662,20,Admissão,2026-03-26,
356425,3,1716663,21,Anúncio,2026-03-26,
356425,126,1716664,181,Baixa comissão para discussão,2026-03-26,
356425,64,1729061,243,Apreciação,2026-05-21,
356425,13,1729459,250,Votação na generalidade,2026-05-22,
356407,1,1716380,10,Entrada,2026-03-20,
356407,2,1716546,20,Admissão,2026-03-24,
356407,126,1716547,181,Baixa comissão para discussão,2026-03-24,
356407,3,1716586,21,Anúncio,2026-03-25,
356297,1,1705544,10,Entrada,2026-03-06,
356297,64,1706049,243,Apreciação,2026-03-19,
356297,13,1716424,250,Votação na generalidade,2026-03-20,
356623,1,1717980,10,Entrada,2026-04-23,
356623,2,1718157,20,Admissão,2026-04-29,
356623,126,1718158,181,Baixa comissão para discussão,2026-04-29,
356623,3,1718159,21,Anúncio,2026-04-29,
356623,73,1729783,335,Votação Deliberação,2026-05-29,
356623,133,1730041,348,Envio à Comissão para fixação da Redação final,2026-06-07,
356623,57,1730600,360,Resolução (Publicação DAR),2026-06-19,
356623,26,1730693,400,Envio INCM,2026-06-19,
356623,44,1730720,600,Resolução da AR (Publicação DR),2026-06-24,
356624,1,1717990,10,Entrada,2026-04-23,
356624,2,1718160,20,Admissão,2026-04-29,
356624,126,1718161,181,Baixa comissão para discussão,2026-04-29,
356624,3,1718162,21,Anúncio,2026-04-29,
356624,73,1729785,335,Votação Deliberação,2026-05-29,
356624,133,1730103,348,Envio à Comissão para fixação da Redação final,2026-06-08,
356624,57,1730602,360,Resolução (Publicação DAR),2026-06-19,
356624,26,1730692,400,Envio INCM,2026-06-19,
356624,44,1730721,600,Resolução da AR (Publicação DR),2026-06-24,
356419,1,1716409,10,Entrada,2026-03-23,
356419,2,1716566,20,Admissão,2026-03-24,
356419,126,1716567,181,Baixa comissão para discussão,2026-03-24,
356419,3,1716596,21,Anúncio,2026-03-25,
356419,73,1717729,335,Votação Deliberação,2026-04-17,
356629,1,1718041,10,Entrada,2026-04-24,
356629,2,1718176,20,Admissão,2026-04-29,
356629,126,1718177,181,Baixa comissão para discussão,2026-04-29,
356629,3,1718178,21,Anúncio,2026-04-29,
356629,64,1728885,243,Apreciação,2026-05-14,
356629,13,1729096,250,Votação na generalidade,2026-05-14,
356629,14,1729100,270,Baixa comissão especialidade,2026-05-14,
356629,14,1729542,270,Baixa comissão especialidade,2026-05-26,
356413,1,1716386,10,Entrada,2026-03-23,
356413,2,1716554,20,Admissão,2026-03-24,
356413,126,1716555,181,Baixa comissão para discussão,2026-03-24,
356413,3,1716590,21,Anúncio,2026-03-25,
356398,1,1706366,10,Entrada,2026-03-20,
356398,2,1716534,20,Admissão,2026-03-24,
356398,126,1716535,181,Baixa comissão para discussão,2026-03-24,
356398,3,1716580,21,Anúncio,2026-03-25,
356602,1,1717710,10,Entrada,2026-04-17,
356602,2,1717908,20,Admissão,2026-04-21,
356602,3,1717909,21,Anúncio,2026-04-22,
356602,64,1728536,243,Apreciação,2026-05-08,
356602,73,1728784,335,Votação Deliberação,2026-05-08,
356602,133,1729239,348,Envio à Comissão para fixação da Redação final,2026-05-18,
356602,57,1729336,360,Resolução (Publicação DAR),2026-05-21,
356602,26,1729337,400,Envio INCM,2026-05-21,
356602,44,1729483,600,Resolução da AR (Publicação DR),2026-05-26,
356709,1,1728474,10,Entrada,2026-05-05,
356709,2,1728939,20,Admissão,2026-05-12,
356709,3,1728940,21,Anúncio,2026-05-13,
356709,64,1729067,243,Apreciação,2026-05-21,
356709,13,1729467,250,Votação na generalidade,2026-05-22,
356709,14,1729468,270,Baixa comissão especialidade,2026-05-22,
356709,18,1730020,320,Votação final global,2026-06-03,"Texto final, apresentado pela Comissão de Agricultura e Pescas, relativo ao Projeto de Resolução n.º 936/XVII/1.ª (CDS-PP) "
356709,133,1730441,348,Envio à Comissão para fixação da Redação final,2026-06-16,
356709,57,1731179,360,Resolução (Publicação DAR),2026-07-02,
356709,26,1731180,400,Envio INCM,2026-07-02,
356709,44,1731355,600,Resolução da AR (Publicação DR),2026-07-06,
315340,1,1628450,10,Entrada,2025-07-08,
315340,51,1705805,50,Publicação,2025-07-08,
315340,2,1628659,20,Admissão,2025-07-09,"Despacho PAR "" Proceder à audição dos órgãos próprios das RRAA"""
315340,3,1628660,21,Anúncio,2025-07-09,
315340,144,1628661,22,Audição promovida pelo PAR para a ALRAA,2025-07-09,
315340,145,1628662,23,Audição promovida pelo PAR para a ALRAM,2025-07-09,
315340,146,1628663,24,Audição promovida pelo PAR para o Governo da RAA,2025-07-09,
315340,147,1628664,25,Audição promovida pelo PAR para o Governo da RAM,2025-07-09,
315340,9,1628665,180,Baixa comissão distribuição inicial generalidade,2025-07-09,
315340,10,1628775,190,Discussão generalidade,2025-07-10,
315340,13,1628916,250,Votação na generalidade,2025-07-11,
315340,14,1628917,270,Baixa comissão especialidade,2025-07-11,
315340,149,1629174,173,Parecer da ALRAM,2025-07-17,
315340,150,1629222,174,Parecer do Governo da RAA,2025-07-22,
315340,148,1629451,172,Parecer da ALRAA,2025-07-28,
315340,14,1630946,270,Baixa comissão especialidade,2025-09-30,
315340,18,1642568,320,Votação final global,2025-12-12,
315340,133,1642727,348,Envio à Comissão para fixação da Redação final,2025-12-18,
315340,31,1663200,350,Decreto (Publicação),2026-01-08,
315340,23,1683424,370,Envio para promulgação,2026-01-14,
315340,24,1683967,380,Promulgação,2026-01-26,
315340,25,1683968,390,Referenda,2026-01-27,
315340,26,1683969,400,Envio INCM,2026-01-28,
315340,32,1684052,580,Lei (Publicação DR),2026-01-28,
356491,1,1716868,10,Entrada,2026-03-31,
356491,2,1717347,20,Admissão,2026-04-15,
356491,3,1717348,21,Anúncio,2026-04-16,
356491,64,1717787,243,Apreciação,2026-04-23,
356491,13,1718048,250,Votação na generalidade,2026-04-24,
356491,14,1718049,270,Baixa comissão especialidade,2026-04-24,
356737,1,1728740,10,Entrada,2026-05-08,
356737,2,1728897,20,Admissão,2026-05-12,
356737,3,1728898,21,Anúncio,2026-05-13,
356737,64,1728891,243,Apreciação,2026-05-14,
356737,13,1729111,250,Votação na generalidade,2026-05-14,
356737,14,1729112,270,Baixa comissão especialidade,2026-05-14,
356737,18,1730873,320,Votação final global,2026-06-25,
356737,133,1731409,348,Envio à Comissão para fixação da Redação final,2026-07-07,
356737,57,1731716,360,Resolução (Publicação DAR),2026-07-16,
356737,26,1731717,400,Envio INCM,2026-07-16,
356737,44,1731893,600,Resolução da AR (Publicação DR),2026-07-21,
356414,1,1716387,10,Entrada,2026-03-23,
356414,2,1716556,20,Admissão,2026-03-24,
356414,126,1716557,181,Baixa comissão para discussão,2026-03-24,
356414,3,1716591,21,Anúncio,2026-03-25,
356732,1,1728641,10,Entrada,2026-05-08,
356732,2,1728971,20,Admissão,2026-05-12,
356732,3,1728972,21,Anúncio,2026-05-13,
356732,64,1728887,243,Apreciação,2026-05-14,
356732,13,1729103,250,Votação na generalidade,2026-05-14,
356732,14,1729104,270,Baixa comissão especialidade,2026-05-14,
356732,18,1730869,320,Votação final global,2026-06-25,
356732,133,1731395,348,Envio à Comissão para fixação da Redação final,2026-07-06,
356732,57,1731720,360,Resolução (Publicação DAR),2026-07-16,
356732,26,1731721,400,Envio INCM,2026-07-16,
356732,44,1731894,600,Resolução da AR (Publicação DR),2026-07-21,
356461,1,1716804,10,Entrada,2026-03-31,
356461,2,1717317,20,Admissão,2026-04-15,
356461,3,1717318,21,Anúncio,2026-04-16,
356461,64,1717198,243,Apreciação,2026-04-16,
356461,13,1717662,250,Votação na generalidade,2026-04-17,
356482,1,1716859,10,Entrada,2026-03-31,
356482,2,1717372,20,Admissão,2026-04-15,
356482,3,1717373,21,Anúncio,2026-04-16,
356482,64,1717230,243,Apreciação,2026-04-16,
356482,13,1717694,250,Votação na generalidade,2026-04-17,
356489,1,1716865,10,Entrada,2026-03-31,
356489,2,1717351,20,Admissão,2026-04-15,
356489,126,1717352,181,Baixa comissão para discussão,2026-04-15,
356489,3,1717353,21,Anúncio,2026-04-16,
356576,1,1717608,10,Entrada,2026-04-17,
356576,2,1717883,20,Admissão,2026-04-21,
356576,3,1717885,21,Anúncio,2026-04-22,
356576,64,1728540,243,Apreciação,2026-05-08,
356576,13,1728789,250,Votação na generalidade,2026-05-08,
356576,14,1728790,270,Baixa comissão especialidade,2026-05-08,
356499,1,1716876,10,Entrada,2026-03-31,
356499,2,1717083,20,Admissão,2026-04-09,
356499,3,1717084,21,Anúncio,2026-04-10,
356499,64,1717116,243,Apreciação,2026-04-10,
356499,13,1717213,250,Votação na generalidade,2026-04-10,
356535,1,1716981,10,Entrada,2026-04-07,
356535,2,1717380,20,Admissão,2026-04-16,
356535,3,1717381,21,Anúncio,2026-04-16,
356535,64,1717791,243,Apreciação,2026-04-23,
356535,13,1718056,250,Votação na generalidade,2026-04-24,
356535,14,1718057,270,Baixa comissão especialidade,2026-04-24,
356941,1,1730519,10,Entrada,2026-06-18,
356941,2,1730569,20,Admissão,2026-06-19,
356941,126,1730570,181,Baixa comissão para discussão,2026-06-19,
356941,3,1730571,21,Anúncio,2026-06-19,
356941,13,1731932,250,Votação na generalidade,2026-07-17,
356941,14,1731933,270,Baixa comissão especialidade,2026-07-17,
356876,1,1730102,10,Entrada,2026-06-08,
356876,2,1730156,20,Admissão,2026-06-11,
356876,3,1730157,21,Anúncio,2026-06-11,
356876,126,1730158,181,Baixa comissão para discussão,2026-06-11,
356876,35,1732019,648,Retirada da iniciativa,2026-07-22,
356937,1,1730505,10,Entrada,2026-06-17,
356937,2,1730563,20,Admissão,2026-06-19,
356937,126,1730564,181,Baixa comissão para discussão,2026-06-19,
356937,3,1730565,21,Anúncio,2026-06-19,
356937,126,1730965,181,Baixa comissão para discussão,2026-06-29,"Redistribuição da iniciativa à 2.ª Comissão, com despacho do PAR de 29-06-2026"
315400,1,1629314,10,Entrada,2025-07-23,
315400,2,1629405,20,Admissão,2025-07-25,
315400,9,1629406,180,Baixa comissão distribuição inicial generalidade,2025-07-25,Com conexão à 5.ª
315400,3,1630014,21,Anúncio,2025-09-10,
315400,51,1728437,50,Publicação,2025-09-23,
315400,10,1705474,190,Discussão generalidade,2026-03-06,
315400,13,1705582,250,Votação na generalidade,2026-03-06,
315400,14,1705583,270,Baixa comissão especialidade,2026-03-06,
315400,18,1728847,320,Votação final global,2026-05-08,
315400,133,1729242,348,Envio à Comissão para fixação da Redação final,2026-05-18,
315400,31,1729930,350,Decreto (Publicação),2026-06-03,
315400,23,1730147,370,Envio para promulgação,2026-06-11,
315400,24,1731417,380,Promulgação,2026-06-30,
315400,25,1731418,390,Referenda,2026-07-03,
315400,26,1731422,400,Envio INCM,2026-07-08,
315400,32,1731577,580,Lei (Publicação DR),2026-07-14,
356853,1,1729914,10,Entrada,2026-06-02,
356853,3,1729942,21,Anúncio,2026-06-03,
356853,73,1729966,335,Votação Deliberação,2026-06-03,
356853,57,1730069,360,Resolução (Publicação DAR),2026-06-08,
356853,26,1730070,400,Envio INCM,2026-06-08,
356853,44,1730301,600,Resolução da AR (Publicação DR),2026-06-15,
315441,1,1629475,10,Entrada,2025-08-01,
315441,51,1718259,50,Publicação,2025-08-01,
315441,2,1629706,20,Admissão,2025-08-27,
315441,9,1629707,180,Baixa comissão distribuição inicial generalidade,2025-08-27,Com conexão à 14.ª Comissão.
315441,3,1630029,21,Anúncio,2025-09-10,
315441,64,1729075,243,Apreciação,2026-05-21,
315441,10,1729076,190,Discussão generalidade,2026-05-21,
315441,13,1729477,250,Votação na generalidade,2026-05-22,
315441,14,1729478,270,Baixa comissão especialidade,2026-05-22,
315441,18,1731841,320,Votação final global,2026-07-17,
315441,133,1731871,348,Envio à Comissão para fixação da Redação final,2026-07-17,
315441,31,1732023,350,Decreto (Publicação),2026-07-23,
315441,23,1752177,370,Envio para promulgação,2026-07-29,
315441,24,1752470,380,Promulgação,2026-08-12,
315441,25,1752471,390,Referenda,2026-08-12,
315441,26,1752472,400,Envio INCM,2026-08-13,
315441,32,1752511,580,Lei (Publicação DR),2026-08-19,
356822,1,1729612,10,Entrada,2026-05-26,
356822,3,1729697,21,Anúncio,2026-05-27,
356822,2,1729698,20,Admissão,2026-05-28,
356822,126,1729699,181,Baixa comissão para discussão,2026-05-28,
356819,1,1729488,10,Entrada,2026-05-26,
356819,3,1729692,21,Anúncio,2026-05-27,
356819,2,1729691,20,Admissão,2026-05-28,
356819,126,1729693,181,Baixa comissão para discussão,2026-05-28,
356831,1,1729714,10,Entrada,2026-05-28,
356831,2,1729873,20,Admissão,2026-06-02,
356831,126,1729874,181,Baixa comissão para discussão,2026-06-02,
356831,3,1729875,21,Anúncio,2026-06-02,
356836,1,1729760,10,Entrada,2026-05-29,
356836,2,1729888,20,Admissão,2026-06-02,
356836,126,1729889,181,Baixa comissão para discussão,2026-06-02,
356836,3,1729890,21,Anúncio,2026-06-02,
356829,1,1729706,10,Entrada,2026-05-28,
356829,2,1729867,20,Admissão,2026-06-02,
356829,126,1729868,181,Baixa comissão para discussão,2026-06-02,
356829,3,1729869,21,Anúncio,2026-06-02,
356861,1,1729965,10,Entrada,2026-06-05,
356861,2,1730085,20,Admissão,2026-06-08,
356861,126,1730086,181,Baixa comissão para discussão,2026-06-08,
356861,3,1730140,21,Anúncio,2026-06-11,
356861,13,1730405,250,Votação na generalidade,2026-06-12,
356850,1,1729831,10,Entrada,2026-06-02,
356850,2,1729949,20,Admissão,2026-06-03,
356850,3,1729950,21,Anúncio,2026-06-03,
356850,126,1729951,181,Baixa comissão para discussão,2026-06-03,
356940,1,1730517,10,Entrada,2026-06-18,
356940,2,1730566,20,Admissão,2026-06-19,
356940,126,1730567,181,Baixa comissão para discussão,2026-06-19,
356940,3,1730568,21,Anúncio,2026-06-19,
356940,126,1731189,181,Baixa comissão para discussão,2026-07-02,"Redistribuição da iniciativa à 1.ª Comissão, com despacho de 02-07-2026"
356955,1,1730610,10,Entrada,2026-06-22,
356955,2,1730759,20,Admissão,2026-06-24,
356955,126,1730760,181,Baixa comissão para discussão,2026-06-24,
356955,3,1730761,21,Anúncio,2026-06-24,
356955,126,1731151,181,Baixa comissão para discussão,2026-07-02,"Redistribuição da iniciativa à 11.ª Comissão, com despacho de 01-07-2026"
315070,1,1627278,10,Entrada,2025-06-10,
315070,51,1641796,50,Publicação,2025-06-11,
315070,2,1627298,20,Admissão,2025-06-12,"Despacho PAR ""Proceder à Audição dos órgãos de governo próprios das RA"""
315070,144,1627313,22,Audição promovida pelo PAR para a ALRAA,2025-06-12,
315070,145,1627314,23,Audição promovida pelo PAR para a ALRAM,2025-06-12,
315070,146,1627315,24,Audição promovida pelo PAR para o Governo da RAA,2025-06-12,
315070,147,1627316,25,Audição promovida pelo PAR para o Governo da RAM,2025-06-12,
315070,3,1627349,21,Anúncio,2025-06-17,
315070,151,1627738,175,Parecer do Governo da RAM,2025-06-26,
315070,9,1627800,180,Baixa comissão distribuição inicial generalidade,2025-06-27,
315070,148,1628165,172,Parecer da ALRAA,2025-07-02,
315070,149,1629162,173,Parecer da ALRAM,2025-07-17,
356957,1,1730680,10,Entrada,2026-06-22,
356957,2,1730765,20,Admissão,2026-06-24,
356957,126,1730766,181,Baixa comissão para discussão,2026-06-24,
356957,3,1730767,21,Anúncio,2026-06-24,
356957,126,1731613,181,Baixa comissão para discussão,2026-07-16,
356851,1,1729832,10,Entrada,2026-06-02,
356851,2,1729952,20,Admissão,2026-06-03,
356851,3,1729953,21,Anúncio,2026-06-03,
356851,126,1729954,181,Baixa comissão para discussão,2026-06-03,
356868,1,1730065,10,Entrada,2026-06-08,
356868,2,1730195,20,Admissão,2026-06-11,
356868,3,1730196,21,Anúncio,2026-06-11,
356868,64,1730319,243,Apreciação,2026-06-11,
356868,13,1730377,250,Votação na generalidade,2026-06-12,
356873,1,1730082,10,Entrada,2026-06-08,
356873,2,1730169,20,Admissão,2026-06-11,
356873,3,1730170,21,Anúncio,2026-06-11,
356873,64,1730320,243,Apreciação,2026-06-11,
356873,13,1730379,250,Votação na generalidade,2026-06-12,
356869,1,1730067,10,Entrada,2026-06-08,
356869,2,1730193,20,Admissão,2026-06-11,
356869,3,1730194,21,Anúncio,2026-06-11,
356869,64,1730307,243,Apreciação,2026-06-11,
356869,13,1730367,250,Votação na generalidade,2026-06-12,
315281,1,1628301,10,Entrada,2025-07-04,
315281,51,1716709,50,Publicação,2025-07-04,
315281,2,1628770,20,Admissão,2025-07-10,"Despacho PAR ""Proceder à audição dos órgãos de governo próprio das RRAA"""
315281,3,1628791,21,Anúncio,2025-07-10,
315281,144,1628794,22,Audição promovida pelo PAR para a ALRAA,2025-07-10,
315281,145,1628795,23,Audição promovida pelo PAR para a ALRAM,2025-07-10,
315281,146,1628796,24,Audição promovida pelo PAR para o Governo da RAA,2025-07-10,
315281,147,1628797,25,Audição promovida pelo PAR para o Governo da RAM,2025-07-10,
315281,10,1628781,190,Discussão generalidade,2025-07-10,
315281,13,1628928,250,Votação na generalidade,2025-07-11,
315281,14,1628929,270,Baixa comissão especialidade,2025-07-11,
315281,151,1629053,175,Parecer do Governo da RAM,2025-07-16,
315281,149,1629179,173,Parecer da ALRAM,2025-07-17,
315281,150,1629252,174,Parecer do Governo da RAA,2025-07-23,
315281,148,1629449,172,Parecer da ALRAA,2025-07-28,
356888,1,1730118,10,Entrada,2026-06-08,
356888,2,1730171,20,Admissão,2026-06-11,
356888,3,1730172,21,Anúncio,2026-06-11,
356888,64,1730322,243,Apreciação,2026-06-11,
356888,13,1730381,250,Votação na generalidade,2026-06-12,
356870,1,1730068,10,Entrada,2026-06-08,
356870,2,1730165,20,Admissão,2026-06-11,
356870,3,1730166,21,Anúncio,2026-06-11,
356870,64,1730325,243,Apreciação,2026-06-12,
356870,13,1730383,250,Votação na generalidade,2026-06-12,
356978,1,1730921,10,Entrada,2026-06-26,
356978,2,1731089,20,Admissão,2026-07-01,
356978,3,1731090,21,Anúncio,2026-07-02,
356978,64,1731023,243,Apreciação,2026-07-03,
356978,13,1731324,250,Votação na generalidade,2026-07-03,
356978,14,1731325,270,Baixa comissão especialidade,2026-07-03,
356916,1,1730288,10,Entrada,2026-06-12,
356916,2,1730485,20,Admissão,2026-06-16,
356916,3,1730486,21,Anúncio,2026-06-17,
356916,64,1731144,243,Apreciação,2026-06-18,
356916,13,1730651,250,Votação na generalidade,2026-06-19,
356872,1,1730081,10,Entrada,2026-06-08,
356872,2,1730163,20,Admissão,2026-06-11,
356872,3,1730164,21,Anúncio,2026-06-11,
356872,64,1730316,243,Apreciação,2026-06-11,
356872,73,1730369,335,Votação Deliberação,2026-06-12,
356871,1,1730080,10,Entrada,2026-06-08,
356871,2,1730190,20,Admissão,2026-06-11,
356871,3,1730191,21,Anúncio,2026-06-11,
356871,126,1730192,181,Baixa comissão para discussão,2026-06-11,
315222,1,1627914,10,Entrada,2025-06-30,
315222,51,1705034,50,Publicação,2025-06-30,
315222,2,1628002,20,Admissão,2025-07-01,"Despacho PAR ""Ressalvando os limites da norma travão"""
315222,9,1628003,180,Baixa comissão distribuição inicial generalidade,2025-07-01,
315222,3,1628004,21,Anúncio,2025-07-02,
315317,1,1628338,10,Entrada,2025-07-04,
315317,51,1716725,50,Publicação,2025-07-04,
315317,2,1628733,20,Admissão,2025-07-09,
315317,3,1628734,21,Anúncio,2025-07-09,
315317,9,1628735,180,Baixa comissão distribuição inicial generalidade,2025-07-09,
315317,10,1628474,190,Discussão generalidade,2025-07-09,
315317,13,1628892,250,Votação na generalidade,2025-07-11,
315233,1,1627925,10,Entrada,2025-06-30,
315233,51,1705044,50,Publicação,2025-06-30,
315233,2,1628243,20,Admissão,2025-07-03,
315233,3,1628287,21,Anúncio,2025-07-04,
315233,10,1628236,190,Discussão generalidade,2025-07-04,
315233,13,1628445,250,Votação na generalidade,2025-07-04,
315329,1,1628352,10,Entrada,2025-07-07,
315329,51,1705801,50,Publicação,2025-07-07,
315329,2,1628758,20,Admissão,2025-07-09,
315329,9,1628759,180,Baixa comissão distribuição inicial generalidade,2025-07-09,
315329,3,1628806,21,Anúncio,2025-07-10,
315329,10,1683667,190,Discussão generalidade,2026-01-28,
315329,13,1694081,250,Votação na generalidade,2026-01-30,
377137,1,1752474,10,Entrada,2026-08-13,
315298,1,1628318,10,Entrada,2025-07-04,
315298,51,1716716,50,Publicação,2025-07-04,
315298,2,1628705,20,Admissão,2025-07-09,
315298,3,1628706,21,Anúncio,2025-07-09,
315298,9,1628707,180,Baixa comissão distribuição inicial generalidade,2025-07-09,
315298,35,1629867,648,Retirada da iniciativa,2025-09-08,
315518,1,1629851,10,Entrada,2025-09-05,
315518,2,1631050,20,Admissão,2025-10-08,"Despacho do PAR: ""Ressalvando os limites da norma Travão"""
315518,9,1631051,180,Baixa comissão distribuição inicial generalidade,2025-10-08,
315518,3,1641316,21,Anúncio,2025-10-15,
315518,49,1641407,55,Publicação em Separata,2025-10-16,
315518,10,1683635,190,Discussão generalidade,2026-01-23,
315518,13,1683763,250,Votação na generalidade,2026-01-23,
315518,14,1683766,270,Baixa comissão especialidade,2026-01-23,
315245,1,1627956,10,Entrada,2025-07-02,
315245,51,1683582,50,Publicação,2025-07-02,
315245,2,1628509,20,Admissão,2025-07-09,"Despacho PAR ""Ressalvando os limites da norma travão"""
315245,3,1628515,21,Anúncio,2025-07-09,
315245,9,1628512,180,Baixa comissão distribuição inicial generalidade,2025-07-09,
377141,1,1752507,10,Entrada,2026-08-18,
315249,1,1628155,10,Entrada,2025-07-02,
315249,51,1683585,50,Publicação,2025-07-02,
315249,2,1628540,20,Admissão,2025-07-09,"Despacho PAR ""Ressalvando os limites da norma travão"""
315249,3,1628542,21,Anúncio,2025-07-09,
315249,9,1628543,180,Baixa comissão distribuição inicial generalidade,2025-07-09,
377143,1,1752516,10,Entrada,2026-08-20,
335942,1,1663109,10,Entrada,2026-01-07,
335942,2,1663193,20,Admissão,2026-01-08,
335942,9,1663194,180,Baixa comissão distribuição inicial generalidade,2026-01-08,
335942,3,1663221,21,Anúncio,2026-01-08,
335942,10,1663136,190,Discussão generalidade,2026-01-09,Sem tempos
335942,13,1663349,250,Votação na generalidade,2026-01-09,
335942,34,1663350,310,Votação na especialidade,2026-01-09,
335942,18,1663351,320,Votação final global,2026-01-09,
335942,133,1673400,348,Envio à Comissão para fixação da Redação final,2026-01-12,
335942,31,1683703,350,Decreto (Publicação),2026-01-22,
335942,23,1683922,370,Envio para promulgação,2026-01-28,
335942,24,1704830,380,Promulgação,2026-02-04,
335942,25,1704829,390,Referenda,2026-02-06,
335942,26,1704831,400,Envio INCM,2026-02-19,
335942,32,1705003,580,Lei (Publicação DR),2026-02-24,
315326,1,1628349,10,Entrada,2025-07-07,
315326,51,1705800,50,Publicação,2025-07-07,
315326,2,1628756,20,Admissão,2025-07-09,
315326,9,1628757,180,Baixa comissão distribuição inicial generalidade,2025-07-09,
315326,3,1628805,21,Anúncio,2025-07-10,
315326,49,1629191,55,Publicação em Separata,2025-07-21,
315270,1,1628261,10,Entrada,2025-07-04,
315270,51,1716705,50,Publicação,2025-07-04,
315270,2,1628642,20,Admissão,2025-07-09,"Despacho PAR ""Ressalvando os limites da norma travão"""
315270,3,1628643,21,Anúncio,2025-07-09,
315270,9,1628644,180,Baixa comissão distribuição inicial generalidade,2025-07-09,
377145,1,1752518,10,Entrada,2026-08-20,
315433,1,1629464,10,Entrada,2025-07-30,
315433,51,1728284,50,Publicação,2025-07-30,
315433,2,1629676,20,Admissão,2025-08-27,"Despacho do PAR: ""Ressalvando os limites na norma Travão"""
315433,9,1629678,180,Baixa comissão distribuição inicial generalidade,2025-08-27,
315433,3,1630026,21,Anúncio,2025-09-10,
315433,10,1683692,190,Discussão generalidade,2026-01-30,
315433,13,1694147,250,Votação na generalidade,2026-01-30,
377150,1,1752547,10,Entrada,2026-08-26,
315469,1,1629568,10,Entrada,2025-08-18,
315469,51,1752245,50,Publicação,2025-08-18,
315469,2,1629728,20,Admissão,2025-08-27,
315469,9,1629729,180,Baixa comissão distribuição inicial generalidade,2025-08-27,
315469,3,1630040,21,Anúncio,2025-09-10,
315469,10,1630243,190,Discussão generalidade,2025-09-18,
315469,13,1630561,250,Votação na generalidade,2025-09-19,
315575,1,1630184,10,Entrada,2025-09-12,
315575,2,1630365,20,Admissão,2025-09-17,
315575,3,1630366,21,Anúncio,2025-09-17,
315575,9,1630367,180,Baixa comissão distribuição inicial generalidade,2025-09-17,
315575,10,1630282,190,Discussão generalidade,2025-09-19,
315575,13,1630902,250,Votação na generalidade,2025-09-26,
315575,14,1630903,270,Baixa comissão especialidade,2025-09-26,
315610,1,1630222,10,Entrada,2025-09-16,
315610,2,1630714,20,Admissão,2025-09-23,
315610,9,1630715,180,Baixa comissão distribuição inicial generalidade,2025-09-23,
315610,3,1630747,21,Anúncio,2025-09-24,
315610,10,1630436,190,Discussão generalidade,2025-09-26,
315610,122,1630798,237,Requerimento Baixa Comissão sem Votação (Generalidade),2025-09-26,
315610,12,1630846,240,Nova apreciação comissão generalidade,2025-09-26,
315610,13,1718102,250,Votação na generalidade,2026-04-24,Texto de substituição relativo ao Projeto de Lei n.º 222/XVII/1.ª (L)
315610,18,1731528,320,Votação final global,2026-04-24,
335953,1,1663295,10,Entrada,2026-01-09,
335953,2,1683441,20,Admissão,2026-01-14,
335953,9,1683442,180,Baixa comissão distribuição inicial generalidade,2026-01-14,
335953,3,1683843,21,Anúncio,2026-01-21,
335953,10,1706057,190,Discussão generalidade,2026-03-20,Consta da agenda sem tempos.
335953,13,1716440,250,Votação na generalidade,2026-03-20,
335953,34,1716441,310,Votação na especialidade,2026-03-20,
335953,18,1716442,320,Votação final global,2026-03-20,
335953,133,1716845,348,Envio à Comissão para fixação da Redação final,2026-03-31,
335953,31,1717280,350,Decreto (Publicação),2026-04-14,
335953,23,1717669,370,Envio para promulgação,2026-04-20,
335953,24,1718207,380,Promulgação,2026-04-24,
335953,25,1718208,390,Referenda,2026-04-27,
335953,26,1718209,400,Envio INCM,2026-04-29,
335953,32,1728290,580,Lei (Publicação DR),2026-05-05,
315418,1,1629348,10,Entrada,2025-07-25,
315418,51,1718022,50,Publicação,2025-07-25,
315418,2,1629624,20,Admissão,2025-08-27,
315418,9,1629625,180,Baixa comissão distribuição inicial generalidade,2025-08-27,Com conexão à 1.ª Comissão.
315418,49,1629849,55,Publicação em Separata,2025-09-05,
315418,3,1630022,21,Anúncio,2025-09-10,
315438,1,1629472,10,Entrada,2025-07-31,
315438,51,1718135,50,Publicação,2025-07-31,
315438,2,1629698,20,Admissão,2025-08-27,"Despacho do PAR: ""Ressalvando os limites da norma Travão."""
315438,9,1629701,180,Baixa comissão distribuição inicial generalidade,2025-08-27,Com conexão à 5.ª Comissão.
315438,3,1630028,21,Anúncio,2025-09-10,
315438,49,1630940,55,Publicação em Separata,2025-09-30,
315375,1,1629098,10,Entrada,2025-07-17,
315375,2,1629158,20,Admissão,2025-07-17,"Despacho do PAR: ""Ressalvando os limites da Norma Travão."""
315375,9,1629159,180,Baixa comissão distribuição inicial generalidade,2025-07-17,Com conexão à 10.ª Comissão
315375,3,1629166,21,Anúncio,2025-07-17,
315375,51,1716620,50,Publicação,2025-07-17,
315500,1,1629750,10,Entrada,2025-08-28,
315500,2,1629890,20,Admissão,2025-09-09,
315500,9,1629891,180,Baixa comissão distribuição inicial generalidade,2025-09-09,Com conexão à 11.ª Comissão.
315500,3,1630044,21,Anúncio,2025-09-10,
315500,10,1630427,190,Discussão generalidade,2025-09-25,
315500,13,1630804,250,Votação na generalidade,2025-09-25,
315392,1,1629220,10,Entrada,2025-07-22,
315392,51,1717997,50,Publicação,2025-07-22,
315392,2,1629351,20,Admissão,2025-07-25,
315392,9,1629352,180,Baixa comissão distribuição inicial generalidade,2025-07-25,
315392,3,1630011,21,Anúncio,2025-09-10,
315395,1,1629259,10,Entrada,2025-07-23,
315395,51,1728434,50,Publicação,2025-07-23,
315395,2,1629355,20,Admissão,2025-07-25,
315395,9,1629357,180,Baixa comissão distribuição inicial generalidade,2025-07-25,Com conexão à 3.ª comissão
315395,3,1630012,21,Anúncio,2025-09-10,
315547,1,1630155,10,Entrada,2025-09-12,
315547,2,1630329,20,Admissão,2025-09-17,
315547,9,1630330,180,Baixa comissão distribuição inicial generalidade,2025-09-17,
315547,3,1630334,21,Anúncio,2025-09-17,
315547,10,1630277,190,Discussão generalidade,2025-09-19,
315547,13,1630890,250,Votação na generalidade,2025-09-26,
315568,1,1630177,10,Entrada,2025-09-12,
315568,2,1630356,20,Admissão,2025-09-17,
315568,3,1630357,21,Anúncio,2025-09-17,
315568,9,1630358,180,Baixa comissão distribuição inicial generalidade,2025-09-17,
315568,10,1630280,190,Discussão generalidade,2025-09-19,
315568,13,1630899,250,Votação na generalidade,2025-09-26,
315568,14,1630900,270,Baixa comissão especialidade,2025-09-26,
315566,1,1630175,10,Entrada,2025-09-12,
315566,2,1630353,20,Admissão,2025-09-17,
315566,3,1630354,21,Anúncio,2025-09-17,
315566,9,1630355,180,Baixa comissão distribuição inicial generalidade,2025-09-17,
315566,10,1630279,190,Discussão generalidade,2025-09-19,
315566,13,1630897,250,Votação na generalidade,2025-09-26,
315566,14,1630898,270,Baixa comissão especialidade,2025-09-26,
315559,1,1630167,10,Entrada,2025-09-12,
315559,2,1630402,20,Admissão,2025-09-17,
315559,9,1630403,180,Baixa comissão distribuição inicial generalidade,2025-09-17,
315559,10,1630227,190,Discussão generalidade,2025-09-18,
315559,3,1630449,21,Anúncio,2025-09-18,
315559,13,1630523,250,Votação na generalidade,2025-09-19,
315550,1,1630158,10,Entrada,2025-09-12,
315550,2,1630335,20,Admissão,2025-09-17,
315550,3,1630336,21,Anúncio,2025-09-17,
315550,9,1630337,180,Baixa comissão distribuição inicial generalidade,2025-09-17,
315550,10,1630314,190,Discussão generalidade,2025-09-18,
315550,13,1630520,250,Votação na generalidade,2025-09-19,
315551,1,1630159,10,Entrada,2025-09-12,
315551,2,1630338,20,Admissão,2025-09-17,
315551,3,1630339,21,Anúncio,2025-09-17,
315551,9,1630340,180,Baixa comissão distribuição inicial generalidade,2025-09-17,
315551,10,1630315,190,Discussão generalidade,2025-09-18,
315551,13,1630522,250,Votação na generalidade,2025-09-19,
315351,1,1628790,10,Entrada,2025-07-10,
315351,2,1629032,20,Admissão,2025-07-16,
315351,3,1629033,21,Anúncio,2025-07-16,
315351,9,1629034,180,Baixa comissão distribuição inicial generalidade,2025-07-16,
315515,1,1629841,10,Entrada,2025-09-03,
315515,2,1629896,20,Admissão,2025-09-09,
315515,9,1629897,180,Baixa comissão distribuição inicial generalidade,2025-09-09,
315515,3,1630048,21,Anúncio,2025-09-10,
315515,10,1663166,190,Discussão generalidade,2026-01-09,
315515,13,1663382,250,Votação na generalidade,2026-01-09,
315633,1,1630680,10,Entrada,2025-09-23,
315633,2,1630875,20,Admissão,2025-09-29,
315633,9,1630876,180,Baixa comissão distribuição inicial generalidade,2025-09-29,
315633,3,1630977,21,Anúncio,2025-09-30,
315633,10,1706081,190,Discussão generalidade,2026-03-20,
315633,122,1706355,237,Requerimento Baixa Comissão sem Votação (Generalidade),2026-03-20,
315633,12,1716462,240,Nova apreciação comissão generalidade,2026-03-20,
356116,1,1704447,10,Entrada,2026-02-11,
356116,2,1704539,20,Admissão,2026-02-13,
356116,9,1704540,180,Baixa comissão distribuição inicial generalidade,2026-02-13,
356116,3,1704541,21,Anúncio,2026-02-18,
356116,13,1731925,250,Votação na generalidade,2026-07-17,
356116,34,1731926,310,Votação na especialidade,2026-07-17,
356116,18,1731927,320,Votação final global,2026-07-17,
356116,133,1731940,348,Envio à Comissão para fixação da Redação final,2026-07-21,
356116,31,1732024,350,Decreto (Publicação),2026-07-23,
356116,23,1752178,370,Envio para promulgação,2026-07-29,
356116,24,1752483,380,Promulgação,2026-08-12,
356116,25,1752484,390,Referenda,2026-08-12,
356116,26,1752485,400,Envio INCM,2026-08-14,
356116,32,1752544,580,Lei (Publicação DR),2026-08-26,
315576,1,1630185,10,Entrada,2025-09-12,
315576,2,1630408,20,Admissão,2025-09-17,
315576,9,1630409,180,Baixa comissão distribuição inicial generalidade,2025-09-17,
315576,3,1630450,21,Anúncio,2025-09-18,
315576,10,1630421,190,Discussão generalidade,2025-09-24,
315576,13,1630834,250,Votação na generalidade,2025-09-26,
315616,1,1630464,10,Entrada,2025-09-18,
315616,2,1630725,20,Admissão,2025-09-23,
315616,9,1630726,180,Baixa comissão distribuição inicial generalidade,2025-09-23,
315616,3,1630751,21,Anúncio,2025-09-24,
315616,49,1630937,55,Publicação em Separata,2025-09-30,
315577,1,1630186,10,Entrada,2025-09-12,
315577,2,1630443,20,Admissão,2025-09-18,
315577,9,1630444,180,Baixa comissão distribuição inicial generalidade,2025-09-18,
315577,3,1630451,21,Anúncio,2025-09-18,
315577,10,1630234,190,Discussão generalidade,2025-09-18,
315577,13,1630533,250,Votação na generalidade,2025-09-19,
356115,1,1704446,10,Entrada,2026-02-11,
356115,2,1704533,20,Admissão,2026-02-13,
356115,9,1704534,180,Baixa comissão distribuição inicial generalidade,2026-02-13,
356115,3,1704535,21,Anúncio,2026-02-18,
356115,13,1731922,250,Votação na generalidade,2026-07-17,
356115,34,1731923,310,Votação na especialidade,2026-07-17,
356115,18,1731924,320,Votação final global,2026-07-17,
356115,133,1731864,348,Envio à Comissão para fixação da Redação final,2026-07-20,
356115,31,1732026,350,Decreto (Publicação),2026-07-23,
356115,23,1752180,370,Envio para promulgação,2026-07-29,
356115,24,1752489,380,Promulgação,2026-08-12,
356115,25,1752490,390,Referenda,2026-08-12,
356115,26,1752491,400,Envio INCM,2026-08-14,
356115,32,1752545,580,Lei (Publicação DR),2026-08-26,
315546,1,1630154,10,Entrada,2025-09-12,
315546,2,1630326,20,Admissão,2025-09-17,
315546,3,1630327,21,Anúncio,2025-09-17,
315546,9,1630328,180,Baixa comissão distribuição inicial generalidade,2025-09-17,
315546,49,1630679,55,Publicação em Separata,2025-09-24,
315544,1,1630152,10,Entrada,2025-09-12,
315544,2,1630320,20,Admissão,2025-09-17,
315544,3,1630321,21,Anúncio,2025-09-17,
315544,9,1630322,180,Baixa comissão distribuição inicial generalidade,2025-09-17,Com conexão à 9.ª Comissão
315544,49,1630677,55,Publicação em Separata,2025-09-24,
315545,1,1630153,10,Entrada,2025-09-12,
315545,2,1630323,20,Admissão,2025-09-17,
315545,3,1630324,21,Anúncio,2025-09-17,
315545,9,1630325,180,Baixa comissão distribuição inicial generalidade,2025-09-17,Com conexão à 9.ª Comissão
315545,49,1630678,55,Publicação em Separata,2025-09-24,
315708,1,1631162,10,Entrada,2025-10-10,
315708,2,1641221,20,Admissão,2025-10-14,
315708,9,1641222,180,Baixa comissão distribuição inicial generalidade,2025-10-14,
315708,3,1641378,21,Anúncio,2025-10-15,
315708,49,1641569,55,Publicação em Separata,2025-10-21,
315708,10,1642298,190,Discussão generalidade,2025-12-04,
315708,13,1642295,250,Votação na generalidade,2025-12-05,
315674,1,1631074,10,Entrada,2025-10-09,
315674,2,1641202,20,Admissão,2025-10-14,
315674,9,1641203,180,Baixa comissão distribuição inicial generalidade,2025-10-14,
315674,3,1641364,21,Anúncio,2025-10-15,
315674,10,1641341,190,Discussão generalidade,2025-10-17,
315674,13,1641486,250,Votação na generalidade,2025-10-17,
315611,1,1630223,10,Entrada,2025-09-16,
315611,2,1630719,20,Admissão,2025-09-23,
315611,9,1630720,180,Baixa comissão distribuição inicial generalidade,2025-09-23,
315611,3,1630748,21,Anúncio,2025-09-24,
315611,10,1630437,190,Discussão generalidade,2025-09-26,
315611,13,1630848,250,Votação na generalidade,2025-09-26,
315863,1,1642510,10,Entrada,2025-12-12,
315863,2,1642580,20,Admissão,2025-12-16,
315863,9,1642581,180,Baixa comissão distribuição inicial generalidade,2025-12-16,Com conexão com a 10.ª Comissão
315863,3,1642632,21,Anúncio,2025-12-17,
315863,10,1642697,190,Discussão generalidade,2025-12-18,
315863,13,1642758,250,Votação na generalidade,2025-12-18,
315820,1,1642188,10,Entrada,2025-12-04,
315820,2,1642380,20,Admissão,2025-12-09,
315820,9,1642381,180,Baixa comissão distribuição inicial generalidade,2025-12-09,Conexão à 14.ª Comissão
315820,3,1642444,21,Anúncio,2025-12-10,
315820,10,1642683,190,Discussão generalidade,2025-12-18,
315820,13,1642747,250,Votação na generalidade,2025-12-18,
315864,1,1642516,10,Entrada,2025-12-12,
315864,2,1642582,20,Admissão,2025-12-16,
315864,9,1642583,180,Baixa comissão distribuição inicial generalidade,2025-12-16,
315864,3,1642641,21,Anúncio,2025-12-17,
315864,10,1642698,190,Discussão generalidade,2025-12-18,
315864,13,1642759,250,Votação na generalidade,2025-12-18,
315716,1,1631170,10,Entrada,2025-10-10,
315716,2,1641231,20,Admissão,2025-10-14,
315716,9,1641232,180,Baixa comissão distribuição inicial generalidade,2025-10-14,
315716,3,1641382,21,Anúncio,2025-10-15,
315849,1,1642270,10,Entrada,2025-12-05,
315849,2,1642398,20,Admissão,2025-12-10,
315849,9,1642399,180,Baixa comissão distribuição inicial generalidade,2025-12-10,"Conexão à 14.ª Comissão.
Despacho do PAR: "" Ressalvando os limites da norma travão""."
315849,3,1642449,21,Anúncio,2025-12-10,
315849,10,1663013,190,Discussão generalidade,2025-12-19,
315849,13,1642839,250,Votação na generalidade,2025-12-19,
335956,1,1663298,10,Entrada,2026-01-09,
335956,2,1683447,20,Admissão,2026-01-14,
335956,3,1683872,21,Anúncio,2026-01-21,
335956,65,1704526,220,Apreciação de Decreto-Lei,2026-02-18,
335956,46,1704678,260,Admissão Proposta de Alteração,2026-02-18,
335956,14,1704951,270,Baixa comissão especialidade,2026-02-18,
335956,15,1717131,280,Requerimento avocação plenário,2026-04-09,"Texto Final, apresentado pela Comissão de Infraestruturas, Mobilidade e Habitação, relativo à Apreciação Parlamentar n.º 6/XVII/1.ª (PS) – Decreto-Lei n.º 1-A/2026, de 6 de janeiro, que altera o Decreto-Lei n.º 37-A/2025, de 24 de março, que define um novo modelo para a atribuição de um subsídio social de mobilidade no âmbito dos serviços aéreos entre o continente e as Regiões Autónomas dos Açores e da Madeira e entre estas Regiões e à Apreciação Parlamentar n.º 7/XVII/1.ª (CH) – Decreto-Lei n.º 1-A/2026, de 6 de janeiro - Altera o Decreto-Lei n.º 37-A/2025, de 24 de março, que define um novo modelo para a atribuição de um subsídio social de mobilidade no âmbito dos serviços aéreos entre o continente e as Regiões Autónomas dos Açores e da Madeira e entre estas Regiões"
335956,46,1717132,260,Admissão Proposta de Alteração,2026-04-09,
335956,34,1717261,310,Votação na especialidade,2026-04-10,
335956,18,1717262,320,Votação final global,2026-04-10,"Texto Final, apresentado pela Comissão de Infraestruturas, Mobilidade e Habitação, relativo à Apreciação Parlamentar n.º 6/XVII/1.ª (PS) e  à  Apreciação Parlamentar n.º 7/XVII/1.ª (CH) "
335956,15,1730716,280,Requerimento avocação plenário,2026-04-10,
335956,133,1717743,348,Envio à Comissão para fixação da Redação final,2026-04-20,
335956,31,1718191,350,Decreto (Publicação),2026-04-29,
335956,23,1728446,370,Envio para promulgação,2026-05-06,
335956,24,1729643,380,Promulgação,2026-05-26,
335956,25,1729644,390,Referenda,2026-05-26,
335956,26,1729645,400,Envio INCM,2026-05-27,
335956,32,1729774,580,Lei (Publicação DR),2026-06-01,
345984,1,1683490,10,Entrada,2026-01-16,
345984,3,1683851,21,Anúncio,2026-01-21,
345984,2,1683948,20,Admissão,2026-01-27,Despacho PAR: Atentas as observações constantes da Nota de Admissibilidade
345984,9,1683949,180,Baixa comissão distribuição inicial generalidade,2026-01-27,
345984,49,1694122,55,Publicação em Separata,2026-02-03,
345984,10,1731126,190,Discussão generalidade,2026-06-18,
345984,13,1730620,250,Votação na generalidade,2026-06-19,
315828,1,1642224,10,Entrada,2025-12-05,
315828,2,1642370,20,Admissão,2025-12-09,
315828,9,1642371,180,Baixa comissão distribuição inicial generalidade,2025-12-09,
315828,3,1642438,21,Anúncio,2025-12-10,
315828,10,1662998,190,Discussão generalidade,2025-12-19,
315828,13,1642805,250,Votação na generalidade,2025-12-19,
315872,1,1642562,10,Entrada,2025-12-12,
315872,2,1642592,20,Admissão,2025-12-16,
315872,9,1642593,180,Baixa comissão distribuição inicial generalidade,2025-12-16,"Despacho do PAR: ""Ressalvando os limites da norma travão."""
315872,3,1642646,21,Anúncio,2025-12-17,
315872,10,1642703,190,Discussão generalidade,2025-12-18,
315872,13,1642764,250,Votação na generalidade,2025-12-18,
315894,1,1642912,10,Entrada,2025-12-29,
315894,2,1663030,20,Admissão,2026-01-06,
315894,9,1663031,180,Baixa comissão distribuição inicial generalidade,2026-01-06,
315894,10,1663131,190,Discussão generalidade,2026-01-07,
315894,3,1663224,21,Anúncio,2026-01-08,
315894,13,1663342,250,Votação na generalidade,2026-01-09,
315774,1,1641986,10,Entrada,2025-11-25,
315774,2,1642007,20,Admissão,2025-11-26,
315774,9,1642008,180,Baixa comissão distribuição inicial generalidade,2025-11-26,Com conexão à 10.ª Comissão.
315774,3,1642009,21,Anúncio,2025-11-27,
315919,1,1642944,10,Entrada,2026-01-02,
315919,2,1663036,20,Admissão,2026-01-06,
315919,9,1663037,180,Baixa comissão distribuição inicial generalidade,2026-01-06,Com conexão à 14.ª Comissão
315919,3,1663226,21,Anúncio,2026-01-08,
315919,10,1663140,190,Discussão generalidade,2026-01-09,
315919,13,1663355,250,Votação na generalidade,2026-01-09,
346012,1,1683519,10,Entrada,2026-01-16,
346012,3,1683862,21,Anúncio,2026-01-21,
346012,2,1684044,20,Admissão,2026-01-23,
346012,10,1683643,190,Discussão generalidade,2026-01-23,
346012,122,1683740,237,Requerimento Baixa Comissão sem Votação (Generalidade),2026-01-23,
346012,12,1683827,240,Nova apreciação comissão generalidade,2026-01-23,
346012,13,1731937,250,Votação na generalidade,2026-07-17,
315918,1,1642943,10,Entrada,2026-01-02,
315918,2,1663173,20,Admissão,2026-01-07,"Despacho do PAR: ""Atentas as observações constantes da Nota de Admissibilidade."""
315918,9,1663174,180,Baixa comissão distribuição inicial generalidade,2026-01-07,
315918,3,1663228,21,Anúncio,2026-01-08,
315918,10,1663153,190,Discussão generalidade,2026-01-09,
315918,13,1663365,250,Votação na generalidade,2026-01-09,
315788,1,1642024,10,Entrada,2025-11-28,
315788,2,1642093,20,Admissão,2025-12-03,
315788,9,1642094,180,Baixa comissão distribuição inicial generalidade,2025-12-03,
315788,3,1642095,21,Anúncio,2025-12-04,
315927,1,1642969,10,Entrada,2026-01-02,
315927,2,1663044,20,Admissão,2026-01-06,
315927,9,1663045,180,Baixa comissão distribuição inicial generalidade,2026-01-06,
315927,3,1663214,21,Anúncio,2026-01-08,
315927,10,1663143,190,Discussão generalidade,2026-01-09,
315927,13,1663358,250,Votação na generalidade,2026-01-09,
345992,1,1683498,10,Entrada,2026-01-16,
345992,3,1683857,21,Anúncio,2026-01-21,
345992,2,1684040,20,Admissão,2026-01-23,
345992,10,1683640,190,Discussão generalidade,2026-01-23,
345992,122,1683735,237,Requerimento Baixa Comissão sem Votação (Generalidade),2026-01-23,
345992,12,1683812,240,Nova apreciação comissão generalidade,2026-01-23,
345992,152,1716928,225,Requerimento,2026-04-01,"Requerimento, apresentado pela Comissão de Orçamento, Finanças e Administração Pública, a solicitar a prorrogação do prazo para reapreciação na generalidade, na Comissão de Orçamento e Finanças, por mais 60 dias, do Projeto de Lei n.º 14/XVII/1ª (CH); do Projeto de Lei n.º 373/XVII/1.ª (IL); do Projeto de Lei n.º 377/XVII/1.ª (BE) e do Projeto de Lei n.º 384/XVII/1.ª (L)"
345992,152,1730509,225,Requerimento,2026-06-17,
315893,1,1642911,10,Entrada,2025-12-29,
315893,2,1663028,20,Admissão,2026-01-06,
315893,9,1663029,180,Baixa comissão distribuição inicial generalidade,2026-01-06,
315893,10,1663121,190,Discussão generalidade,2026-01-07,
315893,3,1663223,21,Anúncio,2026-01-08,
315893,13,1663333,250,Votação na generalidade,2026-01-09,
346034,1,1683734,10,Entrada,2026-01-23,
346034,3,1683869,21,Anúncio,2026-01-23,
346034,2,1683997,20,Admissão,2026-01-27,Despacho PAR: Ressalvando os limites da norma Travão
346034,9,1683998,180,Baixa comissão distribuição inicial generalidade,2026-01-27,
346034,49,1704360,55,Publicação em Separata,2026-02-10,
346034,10,1728582,190,Discussão generalidade,2026-05-14,
346034,13,1729026,250,Votação na generalidade,2026-05-14,
315806,1,1642055,10,Entrada,2025-12-02,
315806,2,1642100,20,Admissão,2025-12-03,
315806,9,1642101,180,Baixa comissão distribuição inicial generalidade,2025-12-03,Com conexão à 12.ª comissão
315806,3,1642102,21,Anúncio,2025-12-04,
315665,1,1631038,10,Entrada,2025-10-07,
315665,35,1631041,648,Retirada da iniciativa,2025-10-07,
345998,1,1683504,10,Entrada,2026-01-16,
345998,3,1683787,21,Anúncio,2026-01-21,
345998,2,1683788,20,Admissão,2026-01-23,"Despacho do PAR: ""Ressalvando os limites da norma Travão."""
345998,9,1683789,180,Baixa comissão distribuição inicial generalidade,2026-01-23,
345998,10,1683679,190,Discussão generalidade,2026-01-30,
345998,13,1694138,250,Votação na generalidade,2026-01-30,
356877,1,1730107,10,Entrada,2026-06-08,
356877,2,1730200,20,Admissão,2026-06-11,
356877,3,1730201,21,Anúncio,2026-06-11,
356877,9,1730202,180,Baixa comissão distribuição inicial generalidade,2026-06-11,
356877,10,1730310,190,Discussão generalidade,2026-06-11,
356877,13,1730344,250,Votação na generalidade,2026-06-12,
356877,14,1730345,270,Baixa comissão especialidade,2026-06-12,
356877,18,1731350,320,Votação final global,2026-07-03,
356877,81,1731351,341,Requerimento dispensa redação final,2026-07-03,
356877,31,1731597,350,Decreto (Publicação),2026-07-08,
356877,23,1731598,370,Envio para promulgação,2026-07-14,
356877,24,1752163,380,Promulgação,2026-07-27,
356877,25,1752164,390,Referenda,2026-07-28,
356877,26,1752165,400,Envio INCM,2026-07-29,
356877,32,1752231,580,Lei (Publicação DR),2026-08-03,
346024,1,1683628,10,Entrada,2026-01-20,
346024,3,1683866,21,Anúncio,2026-01-21,
346024,2,1683991,20,Admissão,2026-01-27,
346024,9,1683992,180,Baixa comissão distribuição inicial generalidade,2026-01-27,
346024,9,1684058,180,Baixa comissão distribuição inicial generalidade,2026-01-29,
356272,1,1705458,10,Entrada,2026-03-03,
356272,3,1705505,21,Anúncio,2026-03-04,
356272,2,1705714,20,Admissão,2026-03-06,"Despacho do PAR: ""Ressalvando os limites da norma travão""."
356272,9,1705720,180,Baixa comissão distribuição inicial generalidade,2026-03-06,
356272,10,1705484,190,Discussão generalidade,2026-03-06,
356272,13,1705586,250,Votação na generalidade,2026-03-06,
356272,14,1705587,270,Baixa comissão especialidade,2026-03-06,
356809,1,1729427,10,Entrada,2026-05-22,
356809,3,1729631,21,Anúncio,2026-05-22,
356809,2,1729632,20,Admissão,2026-05-26,
356809,9,1729633,180,Baixa comissão distribuição inicial generalidade,2026-05-26,
356809,10,1729732,190,Discussão generalidade,2026-06-02,
356809,13,1729974,250,Votação na generalidade,2026-06-03,
356809,14,1729975,270,Baixa comissão especialidade,2026-06-03,
356809,133,1731807,348,Envio à Comissão para fixação da Redação final,2026-07-18,
356809,31,1752197,350,Decreto (Publicação),2026-07-24,
356809,23,1752198,370,Envio para promulgação,2026-07-30,
356809,24,1752457,380,Promulgação,2026-08-07,
356809,25,1752458,390,Referenda,2026-08-10,
356809,26,1752459,400,Envio INCM,2026-08-11,
356809,32,1752501,580,Lei (Publicação DR),2026-08-17,
315851,1,1642330,10,Entrada,2025-12-09,
315851,2,1642488,20,Admissão,2025-12-11,
315851,9,1642489,180,Baixa comissão distribuição inicial generalidade,2025-12-11,
315851,3,1642496,21,Anúncio,2025-12-12,
315892,1,1642910,10,Entrada,2025-12-29,
315892,2,1663026,20,Admissão,2026-01-06,
315892,9,1663027,180,Baixa comissão distribuição inicial generalidade,2026-01-06,Conexão à 11.ª Comissão
315892,3,1663222,21,Anúncio,2026-01-08,
356170,1,1704606,10,Entrada,2026-02-16,
356170,2,1705229,20,Admissão,2026-02-25,
356170,9,1705230,180,Baixa comissão distribuição inicial generalidade,2026-02-25,Com conexão à 5.ª Comissão
356170,3,1705231,21,Anúncio,2026-02-26,
356170,49,1705783,55,Publicação em Separata,2026-03-04,
356170,10,1706034,190,Discussão generalidade,2026-03-19,
356170,13,1716404,250,Votação na generalidade,2026-03-20,
356199,1,1704848,10,Entrada,2026-02-20,
356199,2,1705109,20,Admissão,2026-02-24,
356199,9,1705110,180,Baixa comissão distribuição inicial generalidade,2026-02-24,
356199,3,1705111,21,Anúncio,2026-02-25,
356199,49,1705648,55,Publicação em Separata,2026-03-10,
356199,10,1718224,190,Discussão generalidade,2026-04-30,
356199,13,1718248,250,Votação na generalidade,2026-04-30,
356149,1,1704585,10,Entrada,2026-02-13,
356149,2,1704725,20,Admissão,2026-02-18,
356149,9,1704726,180,Baixa comissão distribuição inicial generalidade,2026-02-18,
356149,3,1704727,21,Anúncio,2026-02-19,
356149,10,1704657,190,Discussão generalidade,2026-02-20,
356149,13,1704964,250,Votação na generalidade,2026-02-20,
356149,14,1704965,270,Baixa comissão especialidade,2026-02-20,
356102,1,1704373,10,Entrada,2026-02-10,
356102,2,1704422,20,Admissão,2026-02-11,
356102,9,1704423,180,Baixa comissão distribuição inicial generalidade,2026-02-11,
356102,3,1704424,21,Anúncio,2026-02-12,
356102,10,1717015,190,Discussão generalidade,2026-04-09,
356102,13,1717163,250,Votação na generalidade,2026-04-10,
356102,13,1717164,250,Votação na generalidade,2026-04-10,
345980,1,1683482,10,Entrada,2026-01-16,
345980,3,1683764,21,Anúncio,2026-01-21,
345980,2,1683765,20,Admissão,2026-01-23,
345980,9,1683767,180,Baixa comissão distribuição inicial generalidade,2026-01-23,
345982,1,1683487,10,Entrada,2026-01-16,
345982,3,1683772,21,Anúncio,2026-01-21,
345982,2,1683773,20,Admissão,2026-01-23,
345982,9,1683776,180,Baixa comissão distribuição inicial generalidade,2026-01-23,
345981,1,1683484,10,Entrada,2026-01-16,
345981,3,1683768,21,Anúncio,2026-01-21,
345981,2,1683769,20,Admissão,2026-01-23,
345981,9,1683770,180,Baixa comissão distribuição inicial generalidade,2026-01-23,
345985,1,1683491,10,Entrada,2026-01-16,
345985,3,1683852,21,Anúncio,2026-01-21,
345985,2,1683950,20,Admissão,2026-01-27,
345985,9,1683960,180,Baixa comissão distribuição inicial generalidade,2026-01-27,
345985,49,1694123,55,Publicação em Separata,2026-02-03,
356083,1,1704331,10,Entrada,2026-02-06,
356083,2,1704403,20,Admissão,2026-02-11,
356083,9,1704404,180,Baixa comissão distribuição inicial generalidade,2026-02-11,
356083,3,1704405,21,Anúncio,2026-02-12,
356083,10,1704377,190,Discussão generalidade,2026-02-13,
356083,13,1704620,250,Votação na generalidade,2026-02-13,
346001,1,1683507,10,Entrada,2026-01-16,
346001,3,1683790,21,Anúncio,2026-01-21,
346001,2,1683791,20,Admissão,2026-01-23,
346001,9,1683792,180,Baixa comissão distribuição inicial generalidade,2026-01-23,
346001,10,1683668,190,Discussão generalidade,2026-01-28,
346001,13,1694083,250,Votação na generalidade,2026-01-30,
345988,1,1683494,10,Entrada,2026-01-16,
345988,3,1683854,21,Anúncio,2026-01-21,
345988,2,1683972,20,Admissão,2026-01-27,
345988,9,1683973,180,Baixa comissão distribuição inicial generalidade,2026-01-27,
345988,49,1694125,55,Publicação em Separata,2026-02-03,
345976,1,1683478,10,Entrada,2026-01-16,
345976,3,1683847,21,Anúncio,2026-01-21,
345976,2,1683940,20,Admissão,2026-01-27,
345976,9,1683941,180,Baixa comissão distribuição inicial generalidade,2026-01-27,
356206,1,1704855,10,Entrada,2026-02-20,
356206,2,1705122,20,Admissão,2026-02-24,
356206,9,1705123,180,Baixa comissão distribuição inicial generalidade,2026-02-24,Com conexão à 13.ª Comissão
356206,3,1705124,21,Anúncio,2026-02-25,
356206,10,1704874,190,Discussão generalidade,2026-02-25,
356206,13,1705239,250,Votação na generalidade,2026-02-25,
346003,1,1683509,10,Entrada,2026-01-16,
346003,3,1683803,21,Anúncio,2026-01-21,
346003,2,1683804,20,Admissão,2026-01-23,
346003,9,1683805,180,Baixa comissão distribuição inicial generalidade,2026-01-23,
346003,10,1683698,190,Discussão generalidade,2026-01-30,
346003,13,1694154,250,Votação na generalidade,2026-01-30,
356621,1,1717940,10,Entrada,2026-04-23,
356621,2,1728519,20,Admissão,2026-05-06,"Despacho PAR ""Nos termos do despacho n.º 167/XVII"""
356621,3,1728520,21,Anúncio,2026-05-06,
356621,9,1728521,180,Baixa comissão distribuição inicial generalidade,2026-05-06,
356621,9,1728896,180,Baixa comissão distribuição inicial generalidade,2026-05-12,
356621,145,1730235,23,Audição promovida pelo PAR para a ALRAM,2026-06-11,
356621,144,1730236,22,Audição promovida pelo PAR para a ALRAA,2026-06-11,
356621,147,1730237,25,Audição promovida pelo PAR para o Governo da RAM,2026-06-11,
356621,146,1730238,24,Audição promovida pelo PAR para o Governo da RAA,2026-06-11,
356621,151,1730532,175,Parecer do Governo da RAM,2026-06-19,
356621,148,1731006,172,Parecer da ALRAA,2026-07-01,
356621,149,1731556,173,Parecer da ALRAM,2026-07-13,
356713,1,1728478,10,Entrada,2026-05-05,
356713,3,1728718,21,Anúncio,2026-05-06,
356713,2,1728717,20,Admissão,2026-05-08,"Despacho PAR ""Ressalvando os limites da norma travão. Proceder à Audição dos órgãos de governo próprio das RA"""
356713,9,1728719,180,Baixa comissão distribuição inicial generalidade,2026-05-08,
356713,144,1728720,22,Audição promovida pelo PAR para a ALRAA,2026-05-08,
356713,145,1728721,23,Audição promovida pelo PAR para a ALRAM,2026-05-08,
356713,146,1728722,24,Audição promovida pelo PAR para o Governo da RAA,2026-05-08,
356713,147,1728723,25,Audição promovida pelo PAR para o Governo da RAM,2026-05-08,
356713,10,1729077,190,Discussão generalidade,2026-05-21,
356713,150,1729383,174,Parecer do Governo da RAA,2026-05-22,
356713,13,1729489,250,Votação na generalidade,2026-05-22,
356713,151,1729681,175,Parecer do Governo da RAM,2026-05-27,
356713,149,1729719,173,Parecer da ALRAM,2026-05-28,
356713,148,1729766,172,Parecer da ALRAA,2026-05-29,
356225,1,1705309,10,Entrada,2026-02-26,
356225,3,1705715,21,Anúncio,2026-03-04,
356225,2,1705716,20,Admissão,2026-03-09,
356225,9,1705719,180,Baixa comissão distribuição inicial generalidade,2026-03-09,
356225,10,1717014,190,Discussão generalidade,2026-04-09,
356225,13,1717161,250,Votação na generalidade,2026-04-10,
356225,14,1717162,270,Baixa comissão especialidade,2026-04-10,
356198,1,1704847,10,Entrada,2026-02-20,
356198,2,1705098,20,Admissão,2026-02-24,
356198,9,1705107,180,Baixa comissão distribuição inicial generalidade,2026-02-24,Com conexão à 5.ª Comissão
356198,3,1705108,21,Anúncio,2026-02-25,
356198,9,1705296,180,Baixa comissão distribuição inicial generalidade,2026-02-26,
356136,1,1704572,10,Entrada,2026-02-13,
356136,2,1704702,20,Admissão,2026-02-18,
356136,9,1704703,180,Baixa comissão distribuição inicial generalidade,2026-02-18,
356136,3,1704705,21,Anúncio,2026-02-19,
356136,10,1704656,190,Discussão generalidade,2026-02-20,
356136,13,1705047,250,Votação na generalidade,2026-02-20,
356291,1,1705538,10,Entrada,2026-03-06,
356291,3,1706117,21,Anúncio,2026-03-18,
356291,2,1706118,20,Admissão,2026-03-18,
356291,10,1706083,190,Discussão generalidade,2026-03-20,
356291,122,1706357,237,Requerimento Baixa Comissão sem Votação (Generalidade),2026-03-20,
356291,12,1716460,240,Nova apreciação comissão generalidade,2026-03-20,
356060,1,1694100,10,Entrada,2026-02-02,
356060,2,1704179,20,Admissão,2026-02-03,"Despacho PAR ""Ressalvando os limites da norma travão"""
356060,9,1704180,180,Baixa comissão distribuição inicial generalidade,2026-02-03,
356060,3,1704177,21,Anúncio,2026-02-11,
356284,1,1705530,10,Entrada,2026-03-06,
356284,3,1705878,21,Anúncio,2026-03-12,
356284,2,1705879,20,Admissão,2026-03-13,"Despacho do PAR: ""Ressalvando o respeito pelos princípios constitucionais"""
356284,9,1705880,180,Baixa comissão distribuição inicial generalidade,2026-03-13,
356284,10,1706062,190,Discussão generalidade,2026-03-20,
356284,13,1716447,250,Votação na generalidade,2026-03-20,
356140,1,1704576,10,Entrada,2026-02-13,
356140,2,1704716,20,Admissão,2026-02-18,
356140,9,1704717,180,Baixa comissão distribuição inicial generalidade,2026-02-18,Com conexão à 10.ª Comissão
356140,3,1704718,21,Anúncio,2026-02-19,
356140,10,1705218,190,Discussão generalidade,2026-02-26,
356140,13,1705429,250,Votação na generalidade,2026-02-27,
356295,1,1705542,10,Entrada,2026-03-06,
356295,3,1705884,21,Anúncio,2026-03-12,
356295,2,1705885,20,Admissão,2026-03-13,
356295,9,1705886,180,Baixa comissão distribuição inicial generalidade,2026-03-13,Com conexão com a 5.ª Comissão
356295,10,1706035,190,Discussão generalidade,2026-03-19,
356295,13,1716405,250,Votação na generalidade,2026-03-20,
356173,1,1704647,10,Entrada,2026-02-16,
356173,2,1705232,20,Admissão,2026-02-25,Despacho PAR: Ressalvando os limites da norma Travão
356173,9,1705233,180,Baixa comissão distribuição inicial generalidade,2026-02-25,
356173,3,1705234,21,Anúncio,2026-02-26,
356173,10,1717023,190,Discussão generalidade,2026-04-09,
356173,13,1717165,250,Votação na generalidade,2026-04-10,
356162,1,1704598,10,Entrada,2026-02-13,
356162,2,1704728,20,Admissão,2026-02-18,
356162,9,1704729,180,Baixa comissão distribuição inicial generalidade,2026-02-18,
356162,3,1704730,21,Anúncio,2026-02-19,
356162,10,1704658,190,Discussão generalidade,2026-02-20,
356162,13,1705048,250,Votação na generalidade,2026-02-20,
356303,1,1705550,10,Entrada,2026-03-06,
356303,3,1705887,21,Anúncio,2026-03-12,
356303,2,1705888,20,Admissão,2026-03-13,"Despacho do PAR: ""Ressalvando os limites da norma travão"""
356303,9,1705889,180,Baixa comissão distribuição inicial generalidade,2026-03-13,Com conexão à 7.ª Comissão
356303,10,1706071,190,Discussão generalidade,2026-03-20,
356303,13,1716458,250,Votação na generalidade,2026-03-20,
356969,1,1730798,10,Entrada,2026-06-24,
356969,2,1730891,20,Admissão,2026-06-26,"Despachos do PAR: ""Atentas as observações constantes da Nota de Admissibilidade.""
""Proceder à Audição dos órgãos de governo próprio das RRAA."""
356969,9,1730892,180,Baixa comissão distribuição inicial generalidade,2026-06-26,Com conexão à 11.ª Comissão
356969,145,1730953,23,Audição promovida pelo PAR para a ALRAM,2026-06-29,
356969,144,1730954,22,Audição promovida pelo PAR para a ALRAA,2026-06-29,
356969,147,1730955,25,Audição promovida pelo PAR para o Governo da RAM,2026-06-29,
356969,146,1730956,24,Audição promovida pelo PAR para o Governo da RAA,2026-06-29,
356969,3,1730893,21,Anúncio,2026-07-01,
356969,9,1731149,180,Baixa comissão distribuição inicial generalidade,2026-07-02,"Redistribuição da iniciativa à 11.ª Comissão, com conexão à 1.ª Comissão, com despacho de 01-07-2026"
356969,150,1731473,174,Parecer do Governo da RAA,2026-07-08,
356969,151,1731568,175,Parecer do Governo da RAM,2026-07-13,
356969,149,1731735,173,Parecer da ALRAM,2026-07-16,
356969,148,1731800,172,Parecer da ALRAA,2026-07-20,
356080,1,1704268,10,Entrada,2026-02-05,
356080,2,1704397,20,Admissão,2026-02-11,
356080,9,1704398,180,Baixa comissão distribuição inicial generalidade,2026-02-11,
356080,3,1704399,21,Anúncio,2026-02-12,
356209,1,1704858,10,Entrada,2026-02-20,
356209,2,1705131,20,Admissão,2026-02-24,
356209,9,1705133,180,Baixa comissão distribuição inicial generalidade,2026-02-24,Com conexão à 14.ª Comissão
356209,3,1705134,21,Anúncio,2026-02-25,
356209,10,1704877,190,Discussão generalidade,2026-02-25,
356209,13,1705242,250,Votação na generalidade,2026-02-25,
356337,1,1705790,10,Entrada,2026-03-11,
356337,3,1706139,21,Anúncio,2026-03-18,
356337,2,1706140,20,Admissão,2026-03-18,"Despacho do PAR: ""Atento o respeito dos princípios constitucionais e ressalvando os limites da norma Travão"""
356337,9,1706141,180,Baixa comissão distribuição inicial generalidade,2026-03-18,
356337,10,1728505,190,Discussão generalidade,2026-05-07,
356337,13,1728768,250,Votação na generalidade,2026-05-08,
356337,14,1728769,270,Baixa comissão especialidade,2026-05-08,
356318,1,1705566,10,Entrada,2026-03-06,
356318,3,1705905,21,Anúncio,2026-03-12,
356318,2,1705906,20,Admissão,2026-03-13,
356318,9,1705907,180,Baixa comissão distribuição inicial generalidade,2026-03-13,
356318,10,1706065,190,Discussão generalidade,2026-03-20,
356318,13,1716450,250,Votação na generalidade,2026-03-20,
356320,1,1705568,10,Entrada,2026-03-06,
356320,3,1706127,21,Anúncio,2026-03-18,
356320,2,1706128,20,Admissão,2026-03-18,
356320,10,1706084,190,Discussão generalidade,2026-03-20,
356320,122,1706354,237,Requerimento Baixa Comissão sem Votação (Generalidade),2026-03-20,
356320,12,1716461,240,Nova apreciação comissão generalidade,2026-03-20,
356349,1,1705843,10,Entrada,2026-03-12,
356349,3,1706145,21,Anúncio,2026-03-18,
356349,2,1706146,20,Admissão,2026-03-18,
356349,9,1706147,180,Baixa comissão distribuição inicial generalidade,2026-03-18,
356349,10,1717109,190,Discussão generalidade,2026-04-10,
356349,13,1717206,250,Votação na generalidade,2026-04-10,
356352,1,1705846,10,Entrada,2026-03-12,
356352,3,1706148,21,Anúncio,2026-03-18,
356352,2,1706149,20,Admissão,2026-03-18,"Despacho do PAR: ""Ressalvando os limites da norma Travão"""
356352,9,1706150,180,Baixa comissão distribuição inicial generalidade,2026-03-18,
356352,10,1717110,190,Discussão generalidade,2026-04-10,
356352,13,1717207,250,Votação na generalidade,2026-04-10,
356312,1,1705558,10,Entrada,2026-03-06,
356312,3,1705896,21,Anúncio,2026-03-12,
356312,2,1705897,20,Admissão,2026-03-13,
356312,9,1705898,180,Baixa comissão distribuição inicial generalidade,2026-03-13,
356312,10,1706064,190,Discussão generalidade,2026-03-20,
356312,13,1716449,250,Votação na generalidade,2026-03-20,
356304,1,1705551,10,Entrada,2026-03-06,
356304,3,1705890,21,Anúncio,2026-03-12,
356304,2,1705891,20,Admissão,2026-03-13,"Despacho do PAR: ""Ressalvando os limites da norma travão"""
356304,9,1705892,180,Baixa comissão distribuição inicial generalidade,2026-03-13,Com conexão à 7.ª Comissão
356304,10,1706072,190,Discussão generalidade,2026-03-20,
356304,13,1716463,250,Votação na generalidade,2026-03-20,
356313,1,1705559,10,Entrada,2026-03-06,
356313,3,1705899,21,Anúncio,2026-03-12,
356313,2,1705900,20,Admissão,2026-03-13,
356313,9,1705901,180,Baixa comissão distribuição inicial generalidade,2026-03-13,
356313,10,1706036,190,Discussão generalidade,2026-03-19,
356313,13,1716407,250,Votação na generalidade,2026-03-20,
356457,1,1716799,10,Entrada,2026-03-31,
356457,2,1717458,20,Admissão,2026-04-15,
356457,3,1717459,21,Anúncio,2026-04-16,
356457,10,1717240,190,Discussão generalidade,2026-04-17,
356457,13,1717718,250,Votação na generalidade,2026-04-17,
356457,14,1717720,270,Baixa comissão especialidade,2026-04-17,
356466,1,1716810,10,Entrada,2026-03-31,
356466,2,1717452,20,Admissão,2026-04-15,
356466,9,1717453,180,Baixa comissão distribuição inicial generalidade,2026-04-15,
356466,3,1717454,21,Anúncio,2026-04-16,
356466,9,1717738,180,Baixa comissão distribuição inicial generalidade,2026-04-20,"Redistribuição à 12.ª Comissão, em conexão com a 10.ª Comissão, por despacho de 2026-04-20."
356601,1,1717702,10,Entrada,2026-04-17,
356601,2,1718015,20,Admissão,2026-04-23,
356601,9,1718016,180,Baixa comissão distribuição inicial generalidade,2026-04-23,
356601,3,1718017,21,Anúncio,2026-04-24,
356601,10,1728535,190,Discussão generalidade,2026-05-08,
356601,122,1728637,237,Requerimento Baixa Comissão sem Votação (Generalidade),2026-05-08,
356601,12,1728783,240,Nova apreciação comissão generalidade,2026-05-08,
357076,1,1731611,10,Entrada,2026-07-15,
357076,2,1731775,20,Admissão,2026-07-17,
357076,3,1731776,21,Anúncio,2026-07-17,
357076,13,1731851,250,Votação na generalidade,2026-07-17,
357076,34,1731852,310,Votação na especialidade,2026-07-17,
357076,18,1731853,320,Votação final global,2026-07-17,
357076,81,1731854,341,Requerimento dispensa redação final,2026-07-17,
357076,31,1731795,350,Decreto (Publicação),2026-07-17,
357076,23,1742053,370,Envio para promulgação,2026-07-23,
357076,24,1742141,380,Promulgação,2026-07-24,
357076,25,1742142,390,Referenda,2026-07-27,
357076,26,1742143,400,Envio INCM,2026-07-28,
357076,32,1752141,580,Lei (Publicação DR),2026-07-28,
356610,1,1717749,10,Entrada,2026-04-21,
356610,2,1717959,20,Admissão,2026-04-23,"Despacho do PAR: ""Ressalvando os limites da norma Travão."""
356610,9,1717960,180,Baixa comissão distribuição inicial generalidade,2026-04-23,
356610,3,1717961,21,Anúncio,2026-04-23,
356610,10,1729080,190,Discussão generalidade,2026-05-21,
356610,122,1729371,237,Requerimento Baixa Comissão sem Votação (Generalidade),2026-05-22,
356610,12,1729491,240,Nova apreciação comissão generalidade,2026-05-22,
356356,1,1705853,10,Entrada,2026-03-13,
356356,3,1706157,21,Anúncio,2026-03-18,
356356,2,1706158,20,Admissão,2026-03-18,
356356,9,1706159,180,Baixa comissão distribuição inicial generalidade,2026-03-18,
356356,10,1731113,190,Discussão generalidade,2026-07-02,
356356,13,1731262,250,Votação na generalidade,2026-07-02,
356325,1,1705573,10,Entrada,2026-03-09,
356325,3,1705911,21,Anúncio,2026-03-12,
356325,2,1705912,20,Admissão,2026-03-13,
356325,9,1705913,180,Baixa comissão distribuição inicial generalidade,2026-03-13,
356552,1,1717156,10,Entrada,2026-04-12,
356552,2,1717512,20,Admissão,2026-04-16,"Despacho do PAR: ""Ressalvando os limites da norma travão."""
356552,9,1717513,180,Baixa comissão distribuição inicial generalidade,2026-04-16,
356552,3,1717514,21,Anúncio,2026-04-16,
356552,49,1718147,55,Publicação em Separata,2026-04-28,
356552,10,1730057,190,Discussão generalidade,2026-06-18,
356552,13,1730627,250,Votação na generalidade,2026-06-19,
356354,1,1705851,10,Entrada,2026-03-13,
356354,3,1706151,21,Anúncio,2026-03-18,
356354,2,1706152,20,Admissão,2026-03-18,
356354,9,1706153,180,Baixa comissão distribuição inicial generalidade,2026-03-18,
356363,1,1705950,10,Entrada,2026-03-13,
356363,3,1706374,21,Anúncio,2026-03-20,
356363,2,1706375,20,Admissão,2026-03-20,
356363,9,1706376,180,Baixa comissão distribuição inicial generalidade,2026-03-20,
356355,1,1705852,10,Entrada,2026-03-13,
356355,3,1706154,21,Anúncio,2026-03-18,
356355,2,1706155,20,Admissão,2026-03-18,
356355,9,1706156,180,Baixa comissão distribuição inicial generalidade,2026-03-18,
356368,1,1705958,10,Entrada,2026-03-14,
356368,3,1706185,21,Anúncio,2026-03-18,
356368,2,1706186,20,Admissão,2026-03-18,"Despacho do PAR: "" Ressalvando os limites da norma Travão"""
356368,9,1706187,180,Baixa comissão distribuição inicial generalidade,2026-03-18,
356365,1,1705952,10,Entrada,2026-03-13,
356365,3,1706176,21,Anúncio,2026-03-18,
356365,2,1706177,20,Admissão,2026-03-18,
356365,9,1706182,180,Baixa comissão distribuição inicial generalidade,2026-03-18,Com conexão à 14.ª Comissão
356373,1,1705963,10,Entrada,2026-03-16,
356373,3,1706188,21,Anúncio,2026-03-18,
356373,2,1706189,20,Admissão,2026-03-18,
356373,9,1706191,180,Baixa comissão distribuição inicial generalidade,2026-03-18,
357051,1,1731543,10,Entrada,2026-07-09,
357051,2,1731617,20,Admissão,2026-07-15,
357051,3,1731618,21,Anúncio,2026-07-16,
357051,9,1731619,180,Baixa comissão distribuição inicial generalidade,2026-07-16,Com conexão à 1.ª
357051,144,1731693,22,Audição promovida pelo PAR para a ALRAA,2026-07-16,
357051,145,1731694,23,Audição promovida pelo PAR para a ALRAM,2026-07-16,
357051,146,1731695,24,Audição promovida pelo PAR para o Governo da RAA,2026-07-16,
357051,147,1731696,25,Audição promovida pelo PAR para o Governo da RAM,2026-07-16,
357051,149,1742111,173,Parecer da ALRAM,2026-07-27,
357051,150,1742138,174,Parecer do Governo da RAA,2026-07-28,
357051,151,1752187,175,Parecer do Governo da RAM,2026-07-29,
356240,1,1705333,10,Entrada,2026-02-27,
356240,3,1705491,21,Anúncio,2026-03-04,
356240,2,1705868,20,Admissão,2026-03-12,
356240,10,1705631,190,Discussão generalidade,2026-03-12,
356240,13,1705972,250,Votação na generalidade,2026-03-13,
356663,1,1728283,10,Entrada,2026-05-04,
356663,3,1728694,21,Anúncio,2026-05-06,
356663,2,1728693,20,Admissão,2026-05-08,
356663,9,1728695,180,Baixa comissão distribuição inicial generalidade,2026-05-08,
356663,10,1729043,190,Discussão generalidade,2026-05-20,
356663,122,1729415,237,Requerimento Baixa Comissão sem Votação (Generalidade),2026-05-22,
356663,12,1729417,240,Nova apreciação comissão generalidade,2026-05-22,
356451,1,1716791,10,Entrada,2026-03-31,
356451,2,1717463,20,Admissão,2026-04-15,
356451,9,1717464,180,Baixa comissão distribuição inicial generalidade,2026-04-15,
356451,3,1717465,21,Anúncio,2026-04-16,
356541,1,1716988,10,Entrada,2026-04-07,
356541,2,1717488,20,Admissão,2026-04-16,"Despacho do PAR: ""Ressalvando os limites da norma travão."""
356541,9,1717489,180,Baixa comissão distribuição inicial generalidade,2026-04-16,
356541,3,1717490,21,Anúncio,2026-04-16,
356541,10,1717802,190,Discussão generalidade,2026-04-23,
356541,13,1718069,250,Votação na generalidade,2026-04-24,
356488,1,1716866,10,Entrada,2026-03-31,
356488,2,1717065,20,Admissão,2026-04-10,
356488,3,1717066,21,Anúncio,2026-04-10,
356488,10,1717101,190,Discussão generalidade,2026-04-10,
356488,13,1717175,250,Votação na generalidade,2026-04-10,
356604,1,1717719,10,Entrada,2026-04-17,
356604,2,1717820,20,Admissão,2026-04-21,
356604,9,1717821,180,Baixa comissão distribuição inicial generalidade,2026-04-21,
356604,3,1717836,21,Anúncio,2026-04-22,
356604,10,1728554,190,Discussão generalidade,2026-05-08,
356604,13,1728817,250,Votação na generalidade,2026-05-08,
356658,1,1728269,10,Entrada,2026-05-03,
356658,2,1728329,20,Admissão,2026-05-05,
356658,9,1728331,180,Baixa comissão distribuição inicial generalidade,2026-05-05,
356658,3,1728330,21,Anúncio,2026-05-06,
356658,10,1731135,190,Discussão generalidade,2026-06-18,
356658,13,1730633,250,Votação na generalidade,2026-06-19,
356714,1,1728479,10,Entrada,2026-05-05,
356714,3,1728724,21,Anúncio,2026-05-06,
356714,2,1728725,20,Admissão,2026-05-08,
356714,9,1728726,180,Baixa comissão distribuição inicial generalidade,2026-05-08,
356714,10,1729071,190,Discussão generalidade,2026-05-21,
356714,49,1729361,55,Publicação em Separata,2026-05-22,
356714,13,1729472,250,Votação na generalidade,2026-05-22,
356708,1,1728463,10,Entrada,2026-05-05,
356708,3,1728715,21,Anúncio,2026-05-06,
356708,2,1728714,20,Admissão,2026-05-08,
356708,9,1728716,180,Baixa comissão distribuição inicial generalidade,2026-05-08,Com conexão à 5.ª comissão
356708,10,1729055,190,Discussão generalidade,2026-05-20,
356708,13,1729448,250,Votação na generalidade,2026-05-22,
356797,1,1729399,10,Entrada,2026-05-22,
356797,3,1729618,21,Anúncio,2026-05-22,
356797,2,1729619,20,Admissão,2026-05-26,
356797,9,1729620,180,Baixa comissão distribuição inicial generalidade,2026-05-26,
356797,10,1729731,190,Discussão generalidade,2026-06-02,
356797,13,1729972,250,Votação na generalidade,2026-06-03,
356423,1,1716568,10,Entrada,2026-03-24,
356423,35,1716617,648,Retirada da iniciativa,2026-03-25,
356620,1,1717939,10,Entrada,2026-04-23,
356620,2,1718105,20,Admissão,2026-04-24,
356620,9,1718106,180,Baixa comissão distribuição inicial generalidade,2026-04-24,
356620,3,1718197,21,Anúncio,2026-04-29,
356890,1,1730120,10,Entrada,2026-06-08,
356890,2,1730239,20,Admissão,2026-06-11,
356890,3,1730240,21,Anúncio,2026-06-11,
356890,9,1730241,180,Baixa comissão distribuição inicial generalidade,2026-06-11,
356890,10,1730306,190,Discussão generalidade,2026-06-11,
356890,13,1730366,250,Votação na generalidade,2026-06-12,
356630,1,1718117,10,Entrada,2026-04-24,
356630,2,1718182,20,Admissão,2026-04-29,
356630,9,1718183,180,Baixa comissão distribuição inicial generalidade,2026-04-29,
356630,3,1718184,21,Anúncio,2026-04-29,
356802,1,1729411,10,Entrada,2026-05-22,
356802,3,1729625,21,Anúncio,2026-05-22,
356802,2,1729626,20,Admissão,2026-05-26,
356802,9,1729627,180,Baixa comissão distribuição inicial generalidade,2026-05-26,
356802,10,1730042,190,Discussão generalidade,2026-06-12,
356802,13,1730390,250,Votação na generalidade,2026-06-12,
356975,1,1730889,10,Entrada,2026-06-26,
356975,2,1731152,20,Admissão,2026-07-01,"Despacho do PAR: ""Com conexão à 5.ª e à 1.ª nos termos do meu despacho 215."""
356975,9,1731153,180,Baixa comissão distribuição inicial generalidade,2026-07-01,Com conexão à 5.ª Comissão e à 1.º Comissão
356975,3,1731154,21,Anúncio,2026-07-02,
356975,10,1731016,190,Discussão generalidade,2026-07-03,
356975,13,1731380,250,Votação na generalidade,2026-07-03,
356992,1,1730952,10,Entrada,2026-06-26,
356992,2,1731062,20,Admissão,2026-07-01,
356992,9,1731063,180,Baixa comissão distribuição inicial generalidade,2026-07-01,
356992,3,1731064,21,Anúncio,2026-07-02,
356992,10,1731022,190,Discussão generalidade,2026-07-03,
356992,13,1731386,250,Votação na generalidade,2026-07-03,
356615,1,1717773,10,Entrada,2026-04-22,
356615,2,1717953,20,Admissão,2026-04-23,
356615,9,1717954,180,Baixa comissão distribuição inicial generalidade,2026-04-23,
356615,3,1717955,21,Anúncio,2026-04-23,
356635,1,1718126,10,Entrada,2026-04-27,
356635,2,1728319,20,Admissão,2026-05-05,
356635,9,1728321,180,Baixa comissão distribuição inicial generalidade,2026-05-05,
356635,3,1728320,21,Anúncio,2026-05-06,
356635,49,1728851,55,Publicação em Separata,2026-05-12,
356657,1,1728268,10,Entrada,2026-05-03,
356657,2,1728325,20,Admissão,2026-05-05,
356657,9,1728327,180,Baixa comissão distribuição inicial generalidade,2026-05-05,
356657,3,1728326,21,Anúncio,2026-05-06,
356614,1,1717759,10,Entrada,2026-04-21,
356614,2,1717956,20,Admissão,2026-04-23,
356614,9,1717957,180,Baixa comissão distribuição inicial generalidade,2026-04-23,
356614,3,1717958,21,Anúncio,2026-04-23,
356637,1,1718129,10,Entrada,2026-04-27,
356637,2,1718188,20,Admissão,2026-04-29,"Despacho do PAR: ""Com a ressalva dos limites da norma travão."""
356637,9,1718189,180,Baixa comissão distribuição inicial generalidade,2026-04-29,
356637,3,1718190,21,Anúncio,2026-04-29,
356637,49,1728852,55,Publicação em Separata,2026-05-12,
356885,1,1730115,10,Entrada,2026-06-08,
356885,2,1730211,20,Admissão,2026-06-11,
356885,3,1730212,21,Anúncio,2026-06-11,
356885,9,1730213,180,Baixa comissão distribuição inicial generalidade,2026-06-11,
356885,10,1730327,190,Discussão generalidade,2026-06-12,
356885,13,1730385,250,Votação na generalidade,2026-06-12,
356963,1,1730732,10,Entrada,2026-06-23,
356963,2,1730903,20,Admissão,2026-06-26,
356963,9,1730904,180,Baixa comissão distribuição inicial generalidade,2026-06-26,
356963,3,1730906,21,Anúncio,2026-07-01,
356963,10,1730931,190,Discussão generalidade,2026-07-03,
356963,13,1731377,250,Votação na generalidade,2026-07-03,
357001,1,1730973,10,Entrada,2026-06-30,
357001,2,1731073,20,Admissão,2026-07-01,
357001,9,1731074,180,Baixa comissão distribuição inicial generalidade,2026-07-01,
357001,3,1731075,21,Anúncio,2026-07-02,
356887,1,1730117,10,Entrada,2026-06-08,
356887,2,1730254,20,Admissão,2026-06-11,"Despacho do PAR: ""Atento o princípio da separação de poderes e competência administrativa do Governo."""
356887,3,1730255,21,Anúncio,2026-06-11,
356887,10,1730305,190,Discussão generalidade,2026-06-11,
356887,13,1730365,250,Votação na generalidade,2026-06-12,
356866,1,1730063,10,Entrada,2026-06-08,
356866,2,1730431,20,Admissão,2026-06-12,
356866,3,1730432,21,Anúncio,2026-06-12,
356866,10,1730326,190,Discussão generalidade,2026-06-12,
356866,13,1730384,250,Votação na generalidade,2026-06-12,
356384,1,1706089,10,Entrada,2026-03-17,
356384,3,1706105,21,Anúncio,2026-03-18,
356384,2,1706106,20,Admissão,2026-03-18,
356384,126,1706107,181,Baixa comissão para discussão,2026-03-18,
356384,64,1717098,243,Apreciação,2026-04-10,Agendamento sem tempos
356384,56,1717151,330,Votação global,2026-04-10,
356384,57,1717870,360,Resolução (Publicação DAR),2026-04-22,
356384,26,1717948,400,Envio INCM,2026-04-23,
356384,44,1729725,600,Resolução da AR (Publicação DR),2026-05-29,
356744,1,1728853,10,Entrada,2026-05-12,
356744,3,1729119,21,Anúncio,2026-05-13,
356744,2,1729120,20,Admissão,2026-05-15,
356744,144,1729167,22,Audição promovida pelo PAR para a ALRAA,2026-05-15,
356744,145,1729168,23,Audição promovida pelo PAR para a ALRAM,2026-05-15,
356744,146,1729169,24,Audição promovida pelo PAR para o Governo da RAA,2026-05-15,
356744,147,1729170,25,Audição promovida pelo PAR para o Governo da RAM,2026-05-15,
356744,9,1729121,180,Baixa comissão distribuição inicial generalidade,2026-05-15,
356744,151,1729680,175,Parecer do Governo da RAM,2026-05-27,
356744,150,1729827,174,Parecer do Governo da RAA,2026-06-01,
356744,149,1729920,173,Parecer da ALRAM,2026-06-02,
356744,148,1729961,172,Parecer da ALRAA,2026-06-03,
315082,1,1627318,10,Entrada,2025-06-12,
315082,51,1641810,50,Publicação,2025-06-12,
315082,2,1627407,20,Admissão,2025-06-17,
315082,3,1627408,21,Anúncio,2025-06-18,
315082,126,1628097,181,Baixa comissão para discussão,2025-07-02,
315082,64,1717129,243,Apreciação,2026-04-10,
315082,13,1717238,250,Votação na generalidade,2026-04-10,
315082,14,1717241,270,Baixa comissão especialidade,2026-04-10,
315082,18,1729206,320,Votação final global,2026-05-15,
315082,133,1729300,348,Envio à Comissão para fixação da Redação final,2026-05-20,
315082,57,1729935,360,Resolução (Publicação DAR),2026-06-03,
315082,26,1729938,400,Envio INCM,2026-06-03,
315082,44,1730127,600,Resolução da AR (Publicação DR),2026-06-09,
315089,1,1627325,10,Entrada,2025-06-13,
315089,51,1630629,50,Publicação,2025-06-14,
315089,2,1627419,20,Admissão,2025-06-17,
315089,3,1627420,21,Anúncio,2025-06-18,
315089,126,1627819,181,Baixa comissão para discussão,2025-06-27,
315089,64,1630284,243,Apreciação,2025-09-19,
315089,13,1630906,250,Votação na generalidade,2025-09-26,
315089,14,1630907,270,Baixa comissão especialidade,2025-09-26,
315089,18,1731912,320,Votação final global,2026-07-17,
315089,133,1731998,348,Envio à Comissão para fixação da Redação final,2026-07-21,
315089,57,1742071,360,Resolução (Publicação DAR),2026-07-23,
315089,26,1742072,400,Envio INCM,2026-07-23,
315089,44,1752146,600,Resolução da AR (Publicação DR),2026-07-29,
356104,1,1704375,10,Entrada,2026-02-10,
356104,2,1704391,20,Admissão,2026-02-11,Despacho PAR: Proceder à Audição dos órgãos de governo próprios das RRAA
356104,9,1704393,180,Baixa comissão distribuição inicial generalidade,2026-02-11,
356104,3,1704392,21,Anúncio,2026-02-12,
356104,144,1704425,22,Audição promovida pelo PAR para a ALRAA,2026-02-12,
356104,146,1704426,24,Audição promovida pelo PAR para o Governo da RAA,2026-02-12,
356104,147,1704427,25,Audição promovida pelo PAR para o Governo da RAM,2026-02-12,
356104,150,1704956,174,Parecer do Governo da RAA,2026-02-23,
356104,151,1705416,175,Parecer do Governo da RAM,2026-03-02,
356104,148,1705483,172,Parecer da ALRAA,2026-03-04,
356923,1,1730374,10,Entrada,2026-06-15,
356923,2,1730578,20,Admissão,2026-06-19,
356923,126,1730579,181,Baixa comissão para discussão,2026-06-19,
356923,3,1730580,21,Anúncio,2026-06-19,
356923,56,1731938,330,Votação global,2026-07-17,
356923,26,1752171,400,Envio INCM,2026-07-29,
356923,57,1752174,360,Resolução (Publicação DAR),2026-07-29,
356923,26,1752175,400,Envio INCM,2026-07-29,
315105,1,1627389,10,Entrada,2025-06-17,
315105,51,1641835,50,Publicação,2025-06-17,
315105,2,1627446,20,Admissão,2025-06-18,
315105,3,1627622,21,Anúncio,2025-06-25,
315105,64,1627589,243,Apreciação,2025-06-26,
315105,13,1627859,250,Votação na generalidade,2025-06-27,
315105,14,1627860,270,Baixa comissão especialidade,2025-06-27,
315105,18,1642874,320,Votação final global,2025-12-19,
315105,133,1663201,348,Envio à Comissão para fixação da Redação final,2026-01-08,
315105,57,1683714,360,Resolução (Publicação DAR),2026-01-22,
315105,26,1683717,400,Envio INCM,2026-01-22,
315105,44,1683913,600,Resolução da AR (Publicação DR),2026-01-27,
315148,1,1627504,10,Entrada,2025-06-24,
315148,51,1641840,50,Publicação,2025-06-24,
315148,2,1627679,20,Admissão,2025-06-25,
315148,3,1627730,21,Anúncio,2025-06-26,
315148,126,1628105,181,Baixa comissão para discussão,2025-07-02,
315148,126,1630781,181,Baixa comissão para discussão,2025-09-24,
315148,73,1641532,335,Votação Deliberação,2025-10-17,
315148,13,1641967,250,Votação na generalidade,2025-10-17,
315148,133,1641708,348,Envio à Comissão para fixação da Redação final,2025-10-23,
315148,57,1642162,360,Resolução (Publicação DAR),2025-12-04,
315148,26,1642163,400,Envio INCM,2025-12-04,
315148,44,1642210,600,Resolução da AR (Publicação DR),2025-12-04,
315114,1,1627454,10,Entrada,2025-06-20,
315114,51,1705054,50,Publicação,2025-06-20,
315114,2,1627670,20,Admissão,2025-06-25,
315114,64,1627591,243,Apreciação,2025-06-26,
315114,3,1627705,21,Anúncio,2025-06-26,
315114,13,1627873,250,Votação na generalidade,2025-06-27,
315114,14,1627874,270,Baixa comissão especialidade,2025-06-27,
315114,18,1642875,320,Votação final global,2025-12-19,
315114,133,1663202,348,Envio à Comissão para fixação da Redação final,2026-01-08,
315114,57,1683715,360,Resolução (Publicação DAR),2026-01-22,
315114,26,1683718,400,Envio INCM,2026-01-22,
315114,44,1683914,600,Resolução da AR (Publicação DR),2026-01-27,
315408,1,1629333,10,Entrada,2025-07-24,
315408,51,1717988,50,Publicação,2025-07-24,
315408,2,1629732,20,Admissão,2025-08-27,
315408,9,1629733,180,Baixa comissão distribuição inicial generalidade,2025-08-27,
315408,3,1630137,21,Anúncio,2025-09-10,
315408,10,1683637,190,Discussão generalidade,2026-01-23,
315408,13,1683775,250,Votação na generalidade,2026-01-23,
315120,1,1627460,10,Entrada,2025-06-20,
315120,51,1705062,50,Publicação,2025-06-20,
315120,2,1627653,20,Admissão,2025-06-25,
315120,64,1627587,243,Apreciação,2025-06-26,
315120,3,1627711,21,Anúncio,2025-06-26,
315120,13,1627852,250,Votação na generalidade,2025-06-27,
315120,14,1627853,270,Baixa comissão especialidade,2025-06-27,
315120,18,1730666,320,Votação final global,2026-06-19,"Texto final, apresentado pela Comissão de Saúde, relativo ao Projeto de Resolução n.º 53/XVII/1.ª (IL)"
315120,133,1730834,348,Envio à Comissão para fixação da Redação final,2026-06-26,
315120,57,1731185,360,Resolução (Publicação DAR),2026-07-02,
315120,26,1731186,400,Envio INCM,2026-07-02,
315120,44,1731367,600,Resolução da AR (Publicação DR),2026-07-06,
315129,1,1627469,10,Entrada,2025-06-20,
315129,51,1705074,50,Publicação,2025-06-20,
315129,2,1627655,20,Admissão,2025-06-25,
315129,3,1627719,21,Anúncio,2025-06-26,
315129,64,1627602,243,Apreciação,2025-06-27,
315129,13,1627887,250,Votação na generalidade,2025-06-27,
315129,14,1627888,270,Baixa comissão especialidade,2025-06-27,
315129,18,1730669,320,Votação final global,2026-06-19,"Texto final, apresentado pela Comissão de Saúde, relativo ao Projeto de Resolução n.º 61/XVII/1.ª (PAN)"
315129,133,1730950,348,Envio à Comissão para fixação da Redação final,2026-06-29,
315129,57,1731181,360,Resolução (Publicação DAR),2026-07-02,
315129,26,1731182,400,Envio INCM,2026-07-02,
315129,44,1731365,600,Resolução da AR (Publicação DR),2026-07-06,
315244,1,1627937,10,Entrada,2025-07-02,
315244,51,1683589,50,Publicação,2025-07-02,
315244,2,1628505,20,Admissão,2025-07-09,
315244,3,1628506,21,Anúncio,2025-07-09,
315244,126,1628718,181,Baixa comissão para discussão,2025-07-09,
315244,64,1628462,243,Apreciação,2025-07-09,
315244,13,1628878,250,Votação na generalidade,2025-07-11,
315244,14,1628879,270,Baixa comissão especialidade,2025-07-11,
315244,18,1641541,320,Votação final global,2025-10-17,"Texto Final, apresentado pela Comissão de Agricultura e Pescas, relativo ao Projeto de Resolução n.º 124/XVII/1.ª (PS)"
315244,133,1641711,348,Envio à Comissão para fixação da Redação final,2025-10-28,
315244,57,1642342,360,Resolução (Publicação DAR),2025-12-09,
315244,26,1642343,400,Envio INCM,2025-12-09,
315244,44,1642546,600,Resolução da AR (Publicação DR),2025-12-15,
345971,1,1683473,10,Entrada,2026-01-16,
345971,3,1683839,21,Anúncio,2026-01-21,
345971,2,1684003,20,Admissão,2026-01-27,
345971,9,1684004,180,Baixa comissão distribuição inicial generalidade,2026-01-27,
345971,10,1704653,190,Discussão generalidade,2026-02-20,
345971,13,1704958,250,Votação na generalidade,2026-02-20,
345971,14,1704959,270,Baixa comissão especialidade,2026-02-20,
315125,1,1627465,10,Entrada,2025-06-20,
315125,51,1705070,50,Publicação,2025-06-20,
315125,2,1627652,20,Admissão,2025-06-25,
315125,64,1627588,243,Apreciação,2025-06-26,
315125,3,1627715,21,Anúncio,2025-06-26,
315125,13,1627856,250,Votação na generalidade,2025-06-27,
315125,14,1627857,270,Baixa comissão especialidade,2025-06-27,
315125,18,1730668,320,Votação final global,2026-06-19,"Texto final, apresentado pela Comissão de Saúde, relativo ao Projeto de Resolução n.º 57/XVII/1.ª (PAN)"
315125,133,1730833,348,Envio à Comissão para fixação da Redação final,2026-06-26,
315125,57,1731187,360,Resolução (Publicação DAR),2026-07-02,
315125,26,1731188,400,Envio INCM,2026-07-02,
315125,44,1731368,600,Resolução da AR (Publicação DR),2026-07-06,
315127,1,1627467,10,Entrada,2025-06-20,
315127,51,1705072,50,Publicação,2025-06-20,
315127,2,1627658,20,Admissão,2025-06-25,
315127,64,1627594,243,Apreciação,2025-06-26,
315127,3,1627717,21,Anúncio,2025-06-26,
315127,13,1627878,250,Votação na generalidade,2025-06-27,
315127,14,1627879,270,Baixa comissão especialidade,2025-06-27,
315127,18,1642878,320,Votação final global,2025-12-19,
315127,133,1663205,348,Envio à Comissão para fixação da Redação final,2026-01-08,
315127,57,1683709,360,Resolução (Publicação DAR),2026-01-22,
315127,26,1683712,400,Envio INCM,2026-01-22,
315127,44,1683911,600,Resolução da AR (Publicação DR),2026-01-27,
315198,1,1627839,10,Entrada,2025-06-27,
315198,51,1683557,50,Publicação,2025-06-27,
315198,2,1628041,20,Admissão,2025-07-01,
315198,3,1628042,21,Anúncio,2025-07-02,
315198,64,1628117,243,Apreciação,2025-07-03,
315198,13,1628359,250,Votação na generalidade,2025-07-04,
315198,14,1628362,270,Baixa comissão especialidade,2025-07-04,
315198,18,1630534,320,Votação final global,2025-09-19,
315198,133,1630683,348,Envio à Comissão para fixação da Redação final,2025-09-24,
315198,57,1631192,360,Resolução (Publicação DAR),2025-10-09,
315198,26,1631191,400,Envio INCM,2025-10-09,
315198,44,1631193,600,Resolução da AR (Publicação DR),2025-10-13,
315177,1,1627769,10,Entrada,2025-06-27,
315177,51,1683544,50,Publicação,2025-06-27,
315177,2,1628015,20,Admissão,2025-07-01,
315177,3,1628016,21,Anúncio,2025-07-02,
315177,64,1628140,243,Apreciação,2025-07-03,
315177,13,1628398,250,Votação na generalidade,2025-07-04,
315177,14,1628399,270,Baixa comissão especialidade,2025-07-04,
315177,18,1630540,320,Votação final global,2025-09-19,
315177,133,1630785,348,Envio à Comissão para fixação da Redação final,2025-09-25,
315177,57,1631100,360,Resolução (Publicação DAR),2025-10-09,
315177,26,1631101,400,Envio INCM,2025-10-09,
315177,44,1631181,600,Resolução da AR (Publicação DR),2025-10-13,
315238,1,1627930,10,Entrada,2025-07-01,
315238,51,1683577,50,Publicação,2025-07-01,
315238,2,1628185,20,Admissão,2025-07-02,
315238,126,1628186,181,Baixa comissão para discussão,2025-07-02,
315238,3,1628276,21,Anúncio,2025-07-03,
315238,13,1630609,250,Votação na generalidade,2025-09-19,
315238,14,1630610,270,Baixa comissão especialidade,2025-09-19,
315238,18,1642880,320,Votação final global,2025-12-19,
315238,133,1663283,348,Envio à Comissão para fixação da Redação final,2026-01-08,
315238,57,1683443,360,Resolução (Publicação DAR),2026-01-15,
315238,26,1683445,400,Envio INCM,2026-01-15,
315238,44,1683469,600,Resolução da AR (Publicação DR),2026-01-16,
315218,1,1627870,10,Entrada,2025-06-27,
315218,51,1683571,50,Publicação,2025-06-27,
315218,2,1628069,20,Admissão,2025-07-01,
315218,3,1628070,21,Anúncio,2025-07-02,
315218,64,1628120,243,Apreciação,2025-07-03,
315218,13,1628368,250,Votação na generalidade,2025-07-04,
315218,14,1628369,270,Baixa comissão especialidade,2025-07-04,
315218,18,1630531,320,Votação final global,2025-09-19,
315218,133,1631009,348,Envio à Comissão para fixação da Redação final,2025-09-25,
315218,57,1631094,360,Resolução (Publicação DAR),2025-10-09,
315218,26,1631095,400,Envio INCM,2025-10-09,
315218,44,1631184,600,Resolução da AR (Publicação DR),2025-10-13,
315206,1,1627854,10,Entrada,2025-06-27,
315206,51,1683564,50,Publicação,2025-06-27,
315206,2,1628055,20,Admissão,2025-07-01,
315206,3,1628056,21,Anúncio,2025-07-02,
315206,64,1628142,243,Apreciação,2025-07-03,
315206,13,1628401,250,Votação na generalidade,2025-07-04,
315206,14,1628402,270,Baixa comissão especialidade,2025-07-04,
315206,18,1630930,320,Votação final global,2025-09-26,
315206,133,1631079,348,Envio à Comissão para fixação da Redação final,2025-10-07,
315206,57,1641611,360,Resolução (Publicação DAR),2025-10-23,
315206,26,1641613,400,Envio INCM,2025-10-23,
315206,44,1641630,600,Resolução da AR (Publicação DR),2025-10-24,
315502,1,1629780,10,Entrada,2025-08-29,
315502,2,1629904,20,Admissão,2025-09-09,
315502,126,1629905,181,Baixa comissão para discussão,2025-09-09,
315502,3,1630116,21,Anúncio,2025-09-10,
315917,1,1642942,10,Entrada,2026-01-02,
315917,2,1663078,20,Admissão,2026-01-06,
315917,64,1663134,243,Apreciação,2026-01-07,
315917,3,1663260,21,Anúncio,2026-01-08,
315917,13,1663346,250,Votação na generalidade,2026-01-09,
315917,14,1663347,270,Baixa comissão especialidade,2026-01-09,
315917,18,1694074,320,Votação final global,2026-01-30,
315917,133,1704339,348,Envio à Comissão para fixação da Redação final,2026-02-06,
315917,57,1704826,360,Resolução (Publicação DAR),2026-02-19,
315917,26,1704827,400,Envio INCM,2026-02-19,
315917,44,1705004,600,Resolução da AR (Publicação DR),2026-02-24,
315629,1,1630589,10,Entrada,2025-09-19,
315629,2,1630701,20,Admissão,2025-09-23,
315629,3,1630763,21,Anúncio,2025-09-24,
315629,64,1630661,243,Apreciação,2025-09-25,
315629,13,1630983,250,Votação na generalidade,2025-09-30,
315629,14,1631016,270,Baixa comissão especialidade,2025-09-30,
315516,1,1629848,10,Entrada,2025-09-03,
315516,2,1629916,20,Admissão,2025-09-09,
315516,126,1629917,181,Baixa comissão para discussão,2025-09-09,
315516,3,1630122,21,Anúncio,2025-09-10,
315857,1,1642483,10,Entrada,2025-12-11,
315857,2,1642602,20,Admissão,2025-12-16,
315857,126,1642603,181,Baixa comissão para discussão,2025-12-16,
315857,3,1642637,21,Anúncio,2025-12-17,
315857,73,1730868,335,Votação Deliberação,2026-06-25,
315857,133,1731411,348,Envio à Comissão para fixação da Redação final,2026-07-07,
315857,57,1731745,360,Resolução (Publicação DAR),2026-07-16,
315857,26,1731746,400,Envio INCM,2026-07-16,
315857,44,1731907,600,Resolução da AR (Publicação DR),2026-07-21,
315648,1,1630824,10,Entrada,2025-09-26,
315648,2,1630881,20,Admissão,2025-09-29,
315648,3,1630976,21,Anúncio,2025-09-30,
315648,73,1630982,335,Votação Deliberação,2025-09-30,
315648,57,1631096,360,Resolução (Publicação DAR),2025-10-09,
315648,26,1631097,400,Envio INCM,2025-10-09,
315648,44,1631190,600,Resolução da AR (Publicação DR),2025-10-13,
346050,1,1684057,10,Entrada,2026-01-29,
346050,2,1704205,20,Admissão,2026-02-03,
346050,126,1704207,181,Baixa comissão para discussão,2026-02-03,
346050,3,1704206,21,Anúncio,2026-02-11,
346050,64,1705014,243,Apreciação,2026-02-25,
346050,13,1705255,250,Votação na generalidade,2026-02-25,
346050,14,1705257,270,Baixa comissão especialidade,2026-02-25,
346050,18,1716687,320,Votação final global,2026-03-26,"Texto Final, apresentado pela Comissão de Agricultura e Pescas, relativo ao Projeto de Resolução n.º 525/XVII/1.ª (JPP)"
346050,133,1716960,348,Envio à Comissão para fixação da Redação final,2026-04-07,
346050,57,1717597,360,Resolução (Publicação DAR),2026-04-16,
346050,26,1717598,400,Envio INCM,2026-04-16,
346050,44,1717701,600,Resolução da AR (Publicação DR),2026-04-20,
315563,1,1630172,10,Entrada,2025-09-12,
315563,2,1630299,20,Admissão,2025-09-17,
315563,3,1630389,21,Anúncio,2025-09-17,
315563,64,1630255,243,Apreciação,2025-09-19,
315563,13,1630577,250,Votação na generalidade,2025-09-19,
335954,1,1663296,10,Entrada,2026-01-09,
335954,2,1683411,20,Admissão,2026-01-13,
335954,3,1683883,21,Anúncio,2026-01-21,
335954,64,1683644,243,Apreciação,2026-01-23,
335954,13,1683828,250,Votação na generalidade,2026-01-23,
335954,14,1683829,270,Baixa comissão especialidade,2026-01-23,
335954,18,1704638,320,Votação final global,2026-02-13,
335954,133,1716619,348,Envio à Comissão para fixação da Redação final,2026-03-23,
335954,57,1716838,360,Resolução (Publicação DAR),2026-03-31,
335954,26,1716840,400,Envio INCM,2026-03-31,
335954,44,1716980,600,Resolução da AR (Publicação DR),2026-04-08,
315717,1,1631171,10,Entrada,2025-10-10,
315717,2,1641292,20,Admissão,2025-10-14,
315717,3,1641400,21,Anúncio,2025-10-15,
315717,64,1641360,243,Apreciação,2025-10-17,
315717,13,1641773,250,Votação na generalidade,2025-10-28,
315717,14,1641774,270,Baixa comissão especialidade,2025-10-28,
315856,1,1642482,10,Entrada,2025-12-11,
315856,2,1642600,20,Admissão,2025-12-16,
315856,126,1642601,181,Baixa comissão para discussão,2025-12-16,
315856,3,1642638,21,Anúncio,2025-12-17,
315856,73,1730867,335,Votação Deliberação,2026-06-25,
315856,133,1731410,348,Envio à Comissão para fixação da Redação final,2026-07-07,
315856,57,1731743,360,Resolução (Publicação DAR),2026-07-16,
315856,26,1731744,400,Envio INCM,2026-07-16,
315856,44,1731906,600,Resolução da AR (Publicação DR),2026-07-21,
315649,1,1630825,10,Entrada,2025-09-26,
315649,2,1630948,20,Admissão,2025-09-30,
315649,126,1630949,181,Baixa comissão para discussão,2025-09-30,
315649,3,1641332,21,Anúncio,2025-10-15,
315649,73,1642277,335,Votação Deliberação,2025-12-05,
315622,1,1630514,10,Entrada,2025-09-19,
315622,2,1630697,20,Admissão,2025-09-23,
315622,126,1630698,181,Baixa comissão para discussão,2025-09-23,
315622,3,1630760,21,Anúncio,2025-09-24,
315882,1,1642706,10,Entrada,2025-12-18,
315882,2,1642792,20,Admissão,2025-12-19,
315882,126,1642793,181,Baixa comissão para discussão,2025-12-19,
315882,3,1663230,21,Anúncio,2026-01-08,
315882,73,1730014,335,Votação Deliberação,2026-06-03,
315882,133,1730440,348,Envio à Comissão para fixação da Redação final,2026-06-16,
315882,57,1730824,360,Resolução (Publicação DAR),2026-06-25,
315882,26,1730827,400,Envio INCM,2026-06-25,
315882,44,1730926,600,Resolução da AR (Publicação DR),2026-06-29,
315735,1,1641315,10,Entrada,2025-10-15,
315735,2,1641471,20,Admissão,2025-10-16,
315735,126,1641472,181,Baixa comissão para discussão,2025-10-16,
315735,3,1641687,21,Anúncio,2025-10-27,
315735,64,1663130,243,Apreciação,2026-01-07,
315735,13,1663341,250,Votação na generalidade,2026-01-09,
315881,1,1642678,10,Entrada,2025-12-17,
315881,2,1642709,20,Admissão,2025-12-18,
315881,3,1642737,21,Anúncio,2025-12-19,
315881,64,1662985,243,Apreciação,2025-12-19,
315881,73,1642827,335,Votação Deliberação,2025-12-19,
315881,133,1642898,348,Envio à Comissão para fixação da Redação final,2025-12-23,
315881,57,1663305,360,Resolução (Publicação DAR),2026-01-09,
315881,26,1663306,400,Envio INCM,2026-01-09,
315881,44,1683401,600,Resolução da AR (Publicação DR),2026-01-13,
315613,1,1630317,10,Entrada,2025-09-17,
315613,2,1630466,20,Admissão,2025-09-18,
315613,64,1630404,243,Apreciação,2025-09-19,
315613,73,1630605,335,Votação Deliberação,2025-09-19,
315613,3,1630649,21,Anúncio,2025-09-19,
315604,1,1630216,10,Entrada,2025-09-16,
315604,2,1630694,20,Admissão,2025-09-23,
315604,126,1630695,181,Baixa comissão para discussão,2025-09-23,
315604,3,1630757,21,Anúncio,2025-09-24,
315632,1,1630651,10,Entrada,2025-09-23,
315632,2,1630884,20,Admissão,2025-09-29,
315632,126,1630885,181,Baixa comissão para discussão,2025-09-29,
315632,3,1630972,21,Anúncio,2025-09-30,
315776,1,1641993,10,Entrada,2025-11-26,
315776,2,1642016,20,Admissão,2025-11-27,
315776,126,1642017,181,Baixa comissão para discussão,2025-11-27,
315776,3,1642076,21,Anúncio,2025-12-03,
315776,13,1683834,250,Votação na generalidade,2026-01-23,
335938,1,1662978,10,Entrada,2026-01-05,
335938,2,1663181,20,Admissão,2026-01-07,
335938,126,1663182,181,Baixa comissão para discussão,2026-01-07,
335938,3,1663271,21,Anúncio,2026-01-08,
335938,73,1694068,335,Votação Deliberação,2026-01-30,
335938,133,1704336,348,Envio à Comissão para fixação da Redação final,2026-02-06,
335938,57,1704498,360,Resolução (Publicação DAR),2026-02-12,
335938,26,1704499,400,Envio INCM,2026-02-12,
335938,44,1705444,600,Resolução da AR (Publicação DR),2026-03-03,
315769,1,1641954,10,Entrada,2025-11-20,"A iniciativa foi remetida pelo autor em 2025-10-29, não tendo sido registada, por lapso, na referida data."
315769,2,1641978,20,Admissão,2025-11-24,
315769,3,1641998,21,Anúncio,2025-11-26,
315769,10,1642319,190,Discussão generalidade,2025-12-10,
315769,64,1642321,243,Apreciação,2025-12-10,
315769,13,1642515,250,Votação na generalidade,2025-12-12,
356113,1,1704390,10,Entrada,2026-02-11,
356113,2,1704548,20,Admissão,2026-02-13,
356113,126,1704549,181,Baixa comissão para discussão,2026-02-13,
356113,3,1704550,21,Anúncio,2026-02-18,
356113,64,1706048,243,Apreciação,2026-03-19,
356113,13,1716422,250,Votação na generalidade,2026-03-20,
356113,14,1716423,270,Baixa comissão especialidade,2026-03-20,
356113,18,1716932,320,Votação final global,2026-04-01,"Texto Final, apresentado pela Comissão de Negócios Estrangeiros e Comunidades Portuguesas, relativo ao Projeto de Resolução n.º 474/XVII/1. ª (IL), ao Projeto de Resolução n.º 573/XVII/1. ª (PS), ao Projeto de Resolução n.º 674/XVII/1. ª (CH) e ao Projeto de Resolução n.º 681/XVII/1. ª (L)"
356113,133,1717158,348,Envio à Comissão para fixação da Redação final,2026-04-10,
356113,57,1717567,360,Resolução (Publicação DAR),2026-04-16,
356113,26,1717568,400,Envio INCM,2026-04-16,
356113,44,1717712,600,Resolução da AR (Publicação DR),2026-04-20,
315724,1,1631178,10,Entrada,2025-10-10,
315724,2,1641285,20,Admissão,2025-10-14,
315724,3,1641404,21,Anúncio,2025-10-15,
315724,64,1642302,243,Apreciação,2025-12-04,
315724,13,1642285,250,Votação na generalidade,2025-12-05,
315738,1,1641429,10,Entrada,2025-10-16,
315738,2,1641600,20,Admissão,2025-10-22,
315738,126,1641601,181,Baixa comissão para discussão,2025-10-22,
315738,3,1641689,21,Anúncio,2025-10-27,
335961,1,1663371,10,Entrada,2026-01-12,
335961,2,1683414,20,Admissão,2026-01-13,
335961,126,1683415,181,Baixa comissão para discussão,2026-01-13,
335961,3,1683888,21,Anúncio,2026-01-21,
335961,73,1718257,335,Votação Deliberação,2026-04-30,
335961,133,1728734,348,Envio à Comissão para fixação da Redação final,2026-05-08,
335961,57,1729390,360,Resolução (Publicação DAR),2026-05-22,
335961,26,1729391,400,Envio INCM,2026-05-22,
335961,44,1729611,600,Resolução da AR (Publicação DR),2026-05-27,
315723,1,1631177,10,Entrada,2025-10-10,
315723,2,1641310,20,Admissão,2025-10-15,
315723,3,1641403,21,Anúncio,2025-10-15,
315723,64,1642315,243,Apreciação,2025-12-04,
315723,13,1642275,250,Votação na generalidade,2025-12-05,
315696,1,1631150,10,Entrada,2025-10-10,
315696,2,1641290,20,Admissão,2025-10-14,
315696,3,1641398,21,Anúncio,2025-10-15,
315696,64,1683675,243,Apreciação,2026-01-30,
315696,13,1694136,250,Votação na generalidade,2026-01-30,
315718,1,1631172,10,Entrada,2025-10-10,
315718,2,1641624,20,Admissão,2025-10-22,
315718,3,1641684,21,Anúncio,2025-10-27,
315718,64,1642309,243,Apreciação,2025-12-04,
315718,13,1642284,250,Votação na generalidade,2025-12-05,
356110,1,1704383,10,Entrada,2026-02-11,
356110,2,1704554,20,Admissão,2026-02-13,
356110,126,1704555,181,Baixa comissão para discussão,2026-02-13,
356110,3,1704556,21,Anúncio,2026-02-18,
356110,13,1705446,250,Votação na generalidade,2026-02-27,
356110,14,1705447,270,Baixa comissão especialidade,2026-02-27,
356110,18,1716492,320,Votação final global,2026-03-20,"Texto Final relativo aos Projetos de Resolução n.ºs 494/XVII/1.ª (BE), 571/XVII/1.ª (PSD) e 399/XVII/1.ª (PAN), apresentado pela Comissão de Trabalho, Segurança Social e Inclusão"
356110,133,1716631,348,Envio à Comissão para fixação da Redação final,2026-03-26,
356110,57,1717563,360,Resolução (Publicação DAR),2026-04-16,
356110,26,1717564,400,Envio INCM,2026-04-16,
356110,44,1717699,600,Resolução da AR (Publicação DR),2026-04-20,
315733,1,1641276,10,Entrada,2025-10-15,
315733,2,1641473,20,Admissão,2025-10-16,
315733,126,1641474,181,Baixa comissão para discussão,2025-10-16,
315733,3,1641686,21,Anúncio,2025-10-27,
315744,1,1641572,10,Entrada,2025-10-21,
315744,2,1641602,20,Admissão,2025-10-22,
315744,126,1641603,181,Baixa comissão para discussão,2025-10-22,
315744,3,1641682,21,Anúncio,2025-10-27,
356061,1,1694102,10,Entrada,2026-02-02,
356061,2,1704253,20,Admissão,2026-02-04,
356061,126,1704255,181,Baixa comissão para discussão,2026-02-04,
356061,3,1704254,21,Anúncio,2026-02-11,
356061,64,1730062,243,Apreciação,2026-06-18,
356061,73,1730652,335,Votação Deliberação,2026-06-19,
356061,133,1730685,348,Envio à Comissão para fixação da Redação final,2026-06-22,
356061,57,1731223,360,Resolução (Publicação DAR),2026-07-02,
356061,26,1731224,400,Envio INCM,2026-07-02,
356061,44,1731403,600,Resolução da AR (Publicação DR),2026-07-07,
315711,1,1631165,10,Entrada,2025-10-10,
315711,2,1641586,20,Admissão,2025-10-17,
315711,64,1641348,243,Apreciação,2025-10-17,
315711,13,1641536,250,Votação na generalidade,2025-10-17,
356084,1,1704332,10,Entrada,2026-02-06,
356084,2,1704434,20,Admissão,2026-02-11,
356084,3,1704435,21,Anúncio,2026-02-12,
356084,64,1705193,243,Apreciação,2026-02-26,
356084,13,1705388,250,Votação na generalidade,2026-02-27,
356084,14,1705389,270,Baixa comissão especialidade,2026-02-27,
356084,18,1716487,320,Votação final global,2026-03-20,"Texto Final, apresentado pela Comissão de Economia e Coesão Territorial, relativo ao Projeto de Resolução n.º 554/XVII/1.ª (PSD)"
356084,133,1716775,348,Envio à Comissão para fixação da Redação final,2026-03-30,
356084,57,1717577,360,Resolução (Publicação DAR),2026-04-16,
356084,26,1717578,400,Envio INCM,2026-04-16,
356084,44,1717727,600,Resolução da AR (Publicação DR),2026-04-20,
315778,1,1641999,10,Entrada,2025-11-26,
315778,2,1642115,20,Admissão,2025-12-03,
315778,126,1642116,181,Baixa comissão para discussão,2025-12-03,
315778,3,1642117,21,Anúncio,2025-12-04,
315779,1,1642000,10,Entrada,2025-11-26,
315779,2,1642103,20,Admissão,2025-12-03,
315779,126,1642104,181,Baixa comissão para discussão,2025-12-03,
315779,3,1642105,21,Anúncio,2025-12-04,
315781,1,1642002,10,Entrada,2025-11-26,
315781,2,1642109,20,Admissão,2025-12-03,
315781,126,1642110,181,Baixa comissão para discussão,2025-12-03,
315781,3,1642111,21,Anúncio,2025-12-04,
315825,1,1642221,10,Entrada,2025-12-05,
315825,2,1642331,20,Admissão,2025-12-09,
315825,3,1642454,21,Anúncio,2025-12-10,
315825,64,1663014,243,Apreciação,2025-12-19,
315825,13,1642841,250,Votação na generalidade,2025-12-19,
315685,1,1631139,10,Entrada,2025-10-10,
315685,2,1641587,20,Admissão,2025-10-17,
315685,3,1641690,21,Anúncio,2025-10-27,
315890,1,1642907,10,Entrada,2025-12-29,
315890,2,1663038,20,Admissão,2026-01-06,
315890,126,1663039,181,Baixa comissão para discussão,2026-01-06,
315890,3,1663252,21,Anúncio,2026-01-08,
315890,64,1663164,243,Apreciação,2026-01-09,
315890,13,1663380,250,Votação na generalidade,2026-01-09,
346058,1,1684067,10,Entrada,2026-02-02,
346058,2,1704259,20,Admissão,2026-02-04,
346058,126,1704261,181,Baixa comissão para discussão,2026-02-04,
346058,3,1704260,21,Anúncio,2026-02-11,
346058,73,1705436,335,Votação Deliberação,2026-02-27,
346058,133,1705522,348,Envio à Comissão para fixação da Redação final,2026-03-05,
346058,57,1706351,360,Resolução (Publicação DAR),2026-03-20,
346058,26,1706352,400,Envio INCM,2026-03-20,
346058,44,1716503,600,Resolução da AR (Publicação DR),2026-03-24,
356203,1,1704852,10,Entrada,2026-02-20,
356203,2,1705156,20,Admissão,2026-02-24,
356203,126,1705157,181,Baixa comissão para discussão,2026-02-24,
356203,3,1705158,21,Anúncio,2026-02-25,
356203,64,1706074,243,Apreciação,2026-03-20,
356203,13,1716465,250,Votação na generalidade,2026-03-20,
356203,14,1716466,270,Baixa comissão especialidade,2026-03-20,
356203,18,1717259,320,Votação final global,2026-04-10,"Texto Final, apresentado pela Comissão de Economia e Coesão Territorial, relativo ao Projeto de Resolução n.º 626/XVII/1.ª (CH) – Recomenda ao Governo a criação urgente do Fundo para Catástrofes Naturais"
356203,133,1717769,348,Envio à Comissão para fixação da Redação final,2026-04-22,
356203,57,1728732,360,Resolução (Publicação DAR),2026-05-08,
356203,26,1728733,400,Envio INCM,2026-05-08,
356203,44,1728828,600,Resolução da AR (Publicação DR),2026-05-12,
315813,1,1642075,10,Entrada,2025-12-02,
315813,2,1642194,20,Admissão,2025-12-04,
315813,3,1642218,21,Anúncio,2025-12-05,
315813,64,1642504,243,Apreciação,2025-12-11,
315813,13,1642503,250,Votação na generalidade,2025-12-11,
315833,1,1642229,10,Entrada,2025-12-05,
315833,2,1642349,20,Admissão,2025-12-09,
315833,3,1642470,21,Anúncio,2025-12-10,
315833,64,1663008,243,Apreciação,2025-12-19,
315833,13,1642826,250,Votação na generalidade,2025-12-19,
315841,1,1642243,10,Entrada,2025-12-05,
315841,2,1642414,20,Admissão,2025-12-10,
315841,3,1642459,21,Anúncio,2025-12-10,
315841,64,1662996,243,Apreciação,2025-12-19,
315841,13,1642862,250,Votação na generalidade,2025-12-19,
356073,1,1704172,10,Entrada,2026-02-04,
356073,2,1704302,20,Admissão,2026-02-05,
356073,126,1704304,181,Baixa comissão para discussão,2026-02-05,
356073,3,1704303,21,Anúncio,2026-02-11,
356073,73,1705451,335,Votação Deliberação,2026-02-27,
356073,133,1706002,348,Envio à Comissão para fixação da Redação final,2026-03-10,
356073,57,1706164,360,Resolução (Publicação DAR),2026-03-19,
356073,26,1706178,400,Envio INCM,2026-03-19,
356073,44,1716502,600,Resolução da AR (Publicação DR),2026-03-24,
315835,1,1642231,10,Entrada,2025-12-05,
315835,2,1642406,20,Admissão,2025-12-10,
315835,3,1642468,21,Anúncio,2025-12-10,
315835,64,1662995,243,Apreciação,2025-12-19,
315835,13,1642861,250,Votação na generalidade,2025-12-19,
346020,1,1683574,10,Entrada,2026-01-19,
346020,2,1683662,20,Admissão,2026-01-19,
346020,126,1683663,181,Baixa comissão para discussão,2026-01-19,
346020,3,1683730,21,Anúncio,2026-01-21,
346020,73,1683752,335,Votação Deliberação,2026-01-23,
346020,57,1683925,360,Resolução (Publicação DAR),2026-01-28,
346020,26,1683931,400,Envio INCM,2026-01-28,
346020,44,1694130,600,Resolução da AR (Publicação DR),2026-02-03,
356101,1,1704368,10,Entrada,2026-02-10,
356101,2,1704478,20,Admissão,2026-02-11,
356101,126,1704479,181,Baixa comissão para discussão,2026-02-11,
356101,3,1704480,21,Anúncio,2026-02-12,
356101,73,1730857,335,Votação Deliberação,2026-06-25,
356101,133,1731523,348,Envio à Comissão para fixação da Redação final,2026-07-09,
356101,57,1742093,360,Resolução (Publicação DAR),2026-07-24,
356101,26,1742094,400,Envio INCM,2026-07-24,
356101,44,1752193,600,Resolução da AR (Publicação DR),2026-07-30,
315791,1,1642027,10,Entrada,2025-11-28,
315791,2,1642129,20,Admissão,2025-12-03,
315791,3,1642130,21,Anúncio,2025-12-04,
315896,1,1642914,10,Entrada,2025-12-29,
315896,2,1663057,20,Admissão,2026-01-06,
315896,64,1663126,243,Apreciação,2026-01-07,
315896,3,1663240,21,Anúncio,2026-01-08,
315896,13,1663337,250,Votação na generalidade,2026-01-09,
315846,1,1642259,10,Entrada,2025-12-05,
315846,2,1642413,20,Admissão,2025-12-10,
315846,3,1642463,21,Anúncio,2025-12-10,
315846,64,1663012,243,Apreciação,2025-12-19,
315846,13,1642837,250,Votação na generalidade,2025-12-19,
335939,1,1662979,10,Entrada,2026-01-05,
335939,2,1663183,20,Admissão,2026-01-07,
335939,126,1663184,181,Baixa comissão para discussão,2026-01-07,
335939,3,1663262,21,Anúncio,2026-01-08,
335939,73,1694069,335,Votação Deliberação,2026-01-30,
335939,13,1716837,250,Votação na generalidade,2026-01-30,
356068,1,1694134,10,Entrada,2026-02-03,
356068,2,1704244,20,Admissão,2026-02-04,
356068,126,1704246,181,Baixa comissão para discussão,2026-02-04,
356068,3,1704245,21,Anúncio,2026-02-11,
356068,64,1706075,243,Apreciação,2026-03-20,
356068,13,1716467,250,Votação na generalidade,2026-03-20,
356068,14,1716468,270,Baixa comissão especialidade,2026-03-20,
345964,1,1683425,10,Entrada,2026-01-14,
345964,2,1683455,20,Admissão,2026-01-14,
345964,126,1683456,181,Baixa comissão para discussão,2026-01-14,
345964,3,1683892,21,Anúncio,2026-01-21,
345964,64,1683701,243,Apreciação,2026-01-30,
345964,13,1694156,250,Votação na generalidade,2026-01-30,
356216,1,1704955,10,Entrada,2026-02-23,
356216,2,1705167,20,Admissão,2026-02-24,
356216,3,1705168,21,Anúncio,2026-02-25,
356216,64,1705018,243,Apreciação,2026-02-25,
356216,13,1705263,250,Votação na generalidade,2026-02-25,
356216,14,1705264,270,Baixa comissão especialidade,2026-02-25,
356216,18,1706058,320,Votação final global,2026-03-13,"Texto final, apresentado pela Comissão de Orçamento, Finanças e Administração Pública, relativo ao Projeto de Resolução n.º 630/XVII/1.ª (PS)"
356216,133,1706135,348,Envio à Comissão para fixação da Redação final,2026-03-18,
356216,57,1716635,360,Resolução (Publicação DAR),2026-03-26,
356216,26,1716641,400,Envio INCM,2026-03-26,
356216,44,1716785,600,Resolução da AR (Publicação DR),2026-03-31,
356069,1,1694141,10,Entrada,2026-02-03,
356069,2,1704238,20,Admissão,2026-02-04,
356069,126,1704240,181,Baixa comissão para discussão,2026-02-04,
356069,3,1704239,21,Anúncio,2026-02-11,
356069,64,1705179,243,Apreciação,2026-02-26,
356069,13,1705370,250,Votação na generalidade,2026-02-27,
356069,14,1705372,270,Baixa comissão especialidade,2026-02-27,
356285,1,1705531,10,Entrada,2026-03-06,
356285,3,1706220,21,Anúncio,2026-03-18,
356285,2,1706222,20,Admissão,2026-03-18,
356285,126,1706221,181,Baixa comissão para discussão,2026-03-18,
356285,13,1729799,250,Votação na generalidade,2026-05-29,
356285,14,1729800,270,Baixa comissão especialidade,2026-05-29,
356285,18,1730881,320,Votação final global,2026-06-25,
356285,133,1731306,348,Envio à Comissão para fixação da Redação final,2026-07-03,
356285,57,1731702,360,Resolução (Publicação DAR),2026-07-16,
356285,26,1731703,400,Envio INCM,2026-07-16,
356285,44,1731885,600,Resolução da AR (Publicação DR),2026-07-21,
315867,1,1642530,10,Entrada,2025-12-12,
315867,2,1642612,20,Admissão,2025-12-16,
315867,126,1642613,181,Baixa comissão para discussão,2025-12-16,
315867,3,1642651,21,Anúncio,2025-12-17,
315905,1,1642923,10,Entrada,2025-12-29,
315905,2,1663069,20,Admissão,2026-01-06,
315905,126,1663070,181,Baixa comissão para discussão,2026-01-06,
315905,3,1663249,21,Anúncio,2026-01-08,
356344,1,1705824,10,Entrada,2026-03-12,
356344,3,1706273,21,Anúncio,2026-03-18,
356344,2,1706274,20,Admissão,2026-03-18,
356344,126,1706275,181,Baixa comissão para discussão,2026-03-18,
356344,64,1728502,243,Apreciação,2026-05-07,
356344,13,1728761,250,Votação na generalidade,2026-05-08,
356344,14,1728762,270,Baixa comissão especialidade,2026-05-08,
356344,18,1731344,320,Votação final global,2026-07-03,
356344,133,1731412,348,Envio à Comissão para fixação da Redação final,2026-07-07,
356344,57,1731726,360,Resolução (Publicação DAR),2026-07-16,
356344,26,1731727,400,Envio INCM,2026-07-16,
356344,44,1731910,600,Resolução da AR (Publicação DR),2026-07-21,
315903,1,1642921,10,Entrada,2025-12-29,
315903,2,1663067,20,Admissão,2026-01-06,
315903,3,1663247,21,Anúncio,2026-01-08,
315903,64,1663171,243,Apreciação,2026-01-09,
315903,13,1663387,250,Votação na generalidade,2026-01-09,
315891,1,1642908,10,Entrada,2025-12-29,
315891,2,1663054,20,Admissão,2026-01-06,
315891,126,1663055,181,Baixa comissão para discussão,2026-01-06,
315891,3,1663254,21,Anúncio,2026-01-08,
315910,1,1642935,10,Entrada,2026-01-02,
315910,2,1663075,20,Admissão,2026-01-06,
315910,64,1663127,243,Apreciação,2026-01-07,
315910,3,1663256,21,Anúncio,2026-01-08,
315910,13,1663338,250,Votação na generalidade,2026-01-09,
356066,1,1694132,10,Entrada,2026-02-03,
356066,2,1704227,20,Admissão,2026-02-03,
356066,126,1704229,181,Baixa comissão para discussão,2026-02-03,
356066,3,1704228,21,Anúncio,2026-02-11,
356066,126,1704386,181,Baixa comissão para discussão,2026-02-11,
356066,73,1705605,335,Votação Deliberação,2026-03-06,
325923,1,1652964,10,Entrada,2026-01-02,
325923,2,1663081,20,Admissão,2026-01-06,
325923,64,1663128,243,Apreciação,2026-01-07,
325923,3,1663265,21,Anúncio,2026-01-08,
325923,13,1663339,250,Votação na generalidade,2026-01-09,
335959,1,1663321,10,Entrada,2026-01-09,
335959,2,1683449,20,Admissão,2026-01-14,
335959,126,1683450,181,Baixa comissão para discussão,2026-01-14,
335959,3,1683887,21,Anúncio,2026-01-21,
335959,73,1704622,335,Votação Deliberação,2026-02-13,Votação por pontos requerida pela IL
356359,1,1705862,10,Entrada,2026-03-13,
356359,3,1706292,21,Anúncio,2026-03-18,
356359,2,1706293,20,Admissão,2026-03-18,
356359,126,1706294,181,Baixa comissão para discussão,2026-03-18,
356359,64,1728588,243,Apreciação,2026-05-14,
356359,13,1729032,250,Votação na generalidade,2026-05-14,
356359,14,1729033,270,Baixa comissão especialidade,2026-05-14,
356359,18,1730871,320,Votação final global,2026-06-25,
356359,133,1731407,348,Envio à Comissão para fixação da Redação final,2026-07-07,
356359,57,1731712,360,Resolução (Publicação DAR),2026-07-16,
356359,26,1731713,400,Envio INCM,2026-07-16,
356359,44,1731890,600,Resolução da AR (Publicação DR),2026-07-21,
346046,1,1684053,10,Entrada,2026-01-29,
346046,2,1704234,20,Admissão,2026-01-29,
346046,73,1684065,335,Votação Deliberação,2026-01-30,
346046,3,1704235,21,Anúncio,2026-01-30,
346046,26,1704270,400,Envio INCM,2026-02-04,
346046,57,1704269,360,Resolução (Publicação DAR),2026-02-05,
346046,44,1704329,600,Resolução da AR (Publicação DR),2026-02-06,
356289,1,1705536,10,Entrada,2026-03-06,
356289,3,1705930,21,Anúncio,2026-03-12,
356289,2,1705931,20,Admissão,2026-03-13,
356289,64,1706067,243,Apreciação,2026-03-20,
356289,13,1716453,250,Votação na generalidade,2026-03-20,
356289,14,1716454,270,Baixa comissão especialidade,2026-03-20,
356289,18,1730422,320,Votação final global,2026-06-12,
356289,133,1730642,348,Envio à Comissão para fixação da Redação final,2026-06-22,
356289,57,1731175,360,Resolução (Publicação DAR),2026-07-02,
356289,26,1731176,400,Envio INCM,2026-07-02,
356289,44,1731361,600,Resolução da AR (Publicação DR),2026-07-06,
335936,1,1662976,10,Entrada,2026-01-05,
335936,2,1663177,20,Admissão,2026-01-07,
335936,126,1663178,181,Baixa comissão para discussão,2026-01-07,
335936,3,1663261,21,Anúncio,2026-01-08,
356332,1,1705784,10,Entrada,2026-03-10,
356332,3,1706251,21,Anúncio,2026-03-18,
356332,2,1706252,20,Admissão,2026-03-18,
356332,126,1706253,181,Baixa comissão para discussão,2026-03-18,
356332,13,1729532,250,Votação na generalidade,2026-05-22,
356332,14,1729533,270,Baixa comissão especialidade,2026-05-22,
356332,18,1730407,320,Votação final global,2026-06-12,
356332,133,1730940,348,Envio à Comissão para fixação da Redação final,2026-06-26,
356332,57,1731509,360,Resolução (Publicação DAR),2026-07-09,
356332,44,1731557,600,Resolução da AR (Publicação DR),2026-07-13,
335962,1,1663375,10,Entrada,2026-01-12,
335962,2,1683416,20,Admissão,2026-01-13,
335962,126,1683417,181,Baixa comissão para discussão,2026-01-13,
335962,3,1683889,21,Anúncio,2026-01-21,
356098,1,1704365,10,Entrada,2026-02-09,
356098,2,1704469,20,Admissão,2026-02-11,
356098,126,1704470,181,Baixa comissão para discussão,2026-02-11,
356098,3,1704471,21,Anúncio,2026-02-12,
356098,64,1705016,243,Apreciação,2026-02-25,
356098,13,1705261,250,Votação na generalidade,2026-02-25,
346014,1,1683521,10,Entrada,2026-01-16,
346014,3,1683820,21,Anúncio,2026-01-21,
346014,2,1683821,20,Admissão,2026-01-23,
346014,64,1683684,243,Apreciação,2026-01-30,
346014,13,1694140,250,Votação na generalidade,2026-01-30,
346054,1,1684062,10,Entrada,2026-01-30,
346054,2,1704308,20,Admissão,2026-02-05,
346054,126,1704310,181,Baixa comissão para discussão,2026-02-05,
346054,3,1704309,21,Anúncio,2026-02-11,
356144,1,1704580,10,Entrada,2026-02-13,
356144,2,1704757,20,Admissão,2026-02-18,
356144,3,1704758,21,Anúncio,2026-02-19,
356144,64,1705198,243,Apreciação,2026-02-26,
356144,13,1705395,250,Votação na generalidade,2026-02-27,
356144,14,1705396,270,Baixa comissão especialidade,2026-02-27,
356388,1,1706095,10,Entrada,2026-03-17,
356388,3,1706388,21,Anúncio,2026-03-20,
356388,2,1706389,20,Admissão,2026-03-20,
356388,126,1706390,181,Baixa comissão para discussão,2026-03-20,
356388,152,1718018,225,Requerimento,2026-04-23,
356388,73,1718096,335,Votação Deliberação,2026-04-24,
356388,133,1718231,348,Envio à Comissão para fixação da Redação final,2026-04-30,
356388,57,1729219,360,Resolução (Publicação DAR),2026-05-18,
356388,26,1729220,400,Envio INCM,2026-05-18,
356388,44,1729277,600,Resolução da AR (Publicação DR),2026-05-20,
356145,1,1704581,10,Entrada,2026-02-13,
356145,2,1704759,20,Admissão,2026-02-18,
356145,3,1704760,21,Anúncio,2026-02-19,
356145,64,1705209,243,Apreciação,2026-02-26,
356145,13,1705412,250,Votação na generalidade,2026-02-27,
356145,14,1705413,270,Baixa comissão especialidade,2026-02-27,
356074,1,1704175,10,Entrada,2026-02-04,
356074,2,1704289,20,Admissão,2026-02-05,
356074,3,1704290,21,Anúncio,2026-02-11,
356074,64,1705192,243,Apreciação,2026-02-26,
356074,13,1705387,250,Votação na generalidade,2026-02-27,
356189,1,1704810,10,Entrada,2026-02-19,
356189,2,1705147,20,Admissão,2026-02-24,
356189,126,1705148,181,Baixa comissão para discussão,2026-02-24,
356189,3,1705149,21,Anúncio,2026-02-25,
356189,64,1730738,243,Apreciação,2026-06-24,
356189,13,1730805,250,Votação na generalidade,2026-06-24,
356274,1,1705466,10,Entrada,2026-03-03,
356274,3,1705754,21,Anúncio,2026-03-04,
356274,2,1705755,20,Admissão,2026-03-09,
356274,126,1705756,181,Baixa comissão para discussão,2026-03-09,
356274,73,1730664,335,Votação Deliberação,2026-06-19,
356274,133,1731066,348,Envio à Comissão para fixação da Redação final,2026-07-01,
356274,57,1731530,360,Resolução (Publicação DAR),2026-07-09,
356274,44,1731563,600,Resolução da AR (Publicação DR),2026-07-13,
356190,1,1704828,10,Entrada,2026-02-19,
356190,2,1704941,20,Admissão,2026-02-20,
356190,3,1704942,21,Anúncio,2026-02-20,
356190,64,1704867,243,Apreciação,2026-02-20,
356190,13,1704990,250,Votação na generalidade,2026-02-20,
356190,14,1704991,270,Baixa comissão especialidade,2026-02-20,
356123,1,1704502,10,Entrada,2026-02-12,
356123,2,1704740,20,Admissão,2026-02-18,
356123,126,1704741,181,Baixa comissão para discussão,2026-02-18,
356123,3,1704742,21,Anúncio,2026-02-19,
356445,1,1716786,10,Entrada,2026-03-30,
356445,2,1717427,20,Admissão,2026-04-15,
356445,3,1717428,21,Anúncio,2026-04-16,
356445,64,1717185,243,Apreciação,2026-04-16,
356445,13,1717618,250,Votação na generalidade,2026-04-17,
356445,14,1717619,270,Baixa comissão especialidade,2026-04-17,
356445,18,1718111,320,Votação final global,2026-04-24,"Texto Final, relativo ao Projeto de Resolução n.º 483/XVII/1. ª (PSD), Projeto de Resolução n.º 767/XVII/1. ª (CH), Projeto de Resolução n.º 768/XVII/1. ª (IL), Projeto de Resolução n.º 772/XVII/1. ª (CDS-PP), Projeto de Resolução n.º 790/XVII/1. ª (PAN), Projeto de Resolução n.º 804/XVII/1. ª (L) Projeto de Resolução n.º 807/XVII/1. ª (PS) e ao Projeto de Resolução n.º 808/XVII/1. ª (PS)"
356445,133,1728465,348,Envio à Comissão para fixação da Redação final,2026-05-06,
356445,57,1729227,360,Resolução (Publicação DAR),2026-05-18,
356445,26,1729228,400,Envio INCM,2026-05-18,
356445,44,1729281,600,Resolução da AR (Publicação DR),2026-05-20,
356444,1,1716781,10,Entrada,2026-03-30,
356444,2,1716948,20,Admissão,2026-04-02,
356444,3,1716999,21,Anúncio,2026-04-08,
356444,64,1717184,243,Apreciação,2026-04-16,
356444,13,1717616,250,Votação na generalidade,2026-04-17,
356444,14,1717617,270,Baixa comissão especialidade,2026-04-17,
356444,18,1718110,320,Votação final global,2026-04-24,"Texto Final, relativo ao Projeto de Resolução n.º 483/XVII/1. ª (PSD), Projeto de Resolução n.º 767/XVII/1. ª (CH), Projeto de Resolução n.º 768/XVII/1. ª (IL), Projeto de Resolução n.º 772/XVII/1. ª (CDS-PP), Projeto de Resolução n.º 790/XVII/1. ª (PAN), Projeto de Resolução n.º 804/XVII/1. ª (L) Projeto de Resolução n.º 807/XVII/1. ª (PS) e ao Projeto de Resolução n.º 808/XVII/1. ª (PS)"
356444,133,1728464,348,Envio à Comissão para fixação da Redação final,2026-05-06,
356444,57,1729225,360,Resolução (Publicação DAR),2026-05-18,
356444,26,1729226,400,Envio INCM,2026-05-18,
356444,44,1729280,600,Resolução da AR (Publicação DR),2026-05-20,
356205,1,1704854,10,Entrada,2026-02-20,
356205,2,1705159,20,Admissão,2026-02-24,
356205,126,1705160,181,Baixa comissão para discussão,2026-02-24,
356205,3,1705161,21,Anúncio,2026-02-25,
356205,64,1704879,243,Apreciação,2026-02-25,
356205,13,1705244,250,Votação na generalidade,2026-02-25,
356379,1,1706027,10,Entrada,2026-03-17,
356379,3,1706329,21,Anúncio,2026-03-18,
356379,2,1706330,20,Admissão,2026-03-18,
356379,126,1706331,181,Baixa comissão para discussão,2026-03-18,
356379,73,1730400,335,Votação Deliberação,2026-06-12,
356379,133,1730924,348,Envio à Comissão para fixação da Redação final,2026-06-26,
356379,57,1742091,360,Resolução (Publicação DAR),2026-07-24,
356379,26,1742092,400,Envio INCM,2026-07-24,
356379,44,1752189,600,Resolução da AR (Publicação DR),2026-07-30,
356156,1,1704592,10,Entrada,2026-02-13,
356156,2,1704776,20,Admissão,2026-02-18,
356156,3,1704777,21,Anúncio,2026-02-19,
356156,64,1705184,243,Apreciação,2026-02-26,
356156,13,1705380,250,Votação na generalidade,2026-02-27,
356143,1,1704579,10,Entrada,2026-02-13,
356143,2,1704755,20,Admissão,2026-02-18,
356143,3,1704756,21,Anúncio,2026-02-19,
356143,64,1705197,243,Apreciação,2026-02-26,
356143,13,1705394,250,Votação na generalidade,2026-02-27,
315209,1,1627861,10,Entrada,2025-06-27,
315209,51,1683537,50,Publicação,2025-06-27,
315209,2,1627987,20,Admissão,2025-07-01,
315209,9,1627988,180,Baixa comissão distribuição inicial generalidade,2025-07-01,
315209,3,1627989,21,Anúncio,2025-07-02,
315209,10,1628222,190,Discussão generalidade,2025-07-04,
315209,122,1628258,237,Requerimento Baixa Comissão sem Votação (Generalidade),2025-07-04,
315209,12,1628426,240,Nova apreciação comissão generalidade,2025-07-04,
315209,152,1629057,225,Requerimento,2025-07-16,
315209,46,1629058,260,Admissão Proposta de Alteração,2025-07-16,
315209,13,1629123,250,Votação na generalidade,2025-07-16,
315209,34,1629124,310,Votação na especialidade,2025-07-16,"Texto de substituição, apresentado pela Comissão de Assuntos Constitucionais, Direitos, Liberdades e Garantias, relativo à Proposta de Lei n.º 3/XVII/1.ª (GOV) e ao Projeto de Lei n.º 61/XVII/1.ª (CH) – Altera a Lei n.º 23/2007, de 4 de julho, que aprova o regime jurídico de entrada, permanência, saída e afastamento de estrangeiros do território nacional"
315209,18,1629125,320,Votação final global,2025-07-16,
315209,152,1629126,225,Requerimento,2025-07-16,
315209,31,1629096,350,Decreto (Publicação),2025-07-17,
315209,23,1629097,370,Envio para promulgação,2025-07-17,
315209,120,1629552,409,Veto (Receção),2025-08-12,Acórdão do Tribunal Constitucional n.º 785/2025 
315209,30,1629604,410,Veto (Leitura),2025-08-27,
315209,47,1629792,415,Veto (Publicação),2025-08-27,
315209,61,1630686,460,Admissão Proposta de Alteração decreto,2025-09-24,
315209,61,1630894,460,Admissão Proposta de Alteração decreto,2025-09-29,
315209,111,1630780,441,Reapreciação do decreto,2025-09-30,
315209,34,1631013,310,Votação na especialidade,2025-09-30,
315209,100,1631021,511,Votação novo decreto,2025-09-30,
315209,60,1631011,519,Decreto (2ª versão) (Publicação),2025-10-02,
315209,66,1631047,520,Envio para promulgação (2ª versão),2025-10-08,
315209,67,1641507,526,Promulgação (2ª versão),2025-10-16,
315209,68,1641508,527,Referenda (2ª versão),2025-10-16,
315209,69,1641509,528,Envio INCM (2ª versão),2025-10-20,
315209,32,1641578,580,Lei (Publicação DR),2025-10-22,
356462,1,1716805,10,Entrada,2026-03-31,
356462,2,1717092,20,Admissão,2026-04-10,
356462,3,1717093,21,Anúncio,2026-04-10,
356462,64,1717126,243,Apreciação,2026-04-10,
356462,13,1717225,250,Votação na generalidade,2026-04-10,
356462,14,1717228,270,Baixa comissão especialidade,2026-04-10,
356462,18,1728836,320,Votação final global,2026-05-08,
356462,133,1729006,348,Envio à Comissão para fixação da Redação final,2026-05-13,
356462,57,1729334,360,Resolução (Publicação DAR),2026-05-21,
356462,26,1729335,400,Envio INCM,2026-05-21,
356462,44,1729482,600,Resolução da AR (Publicação DR),2026-05-26,
356159,1,1704595,10,Entrada,2026-02-13,
356159,2,1704782,20,Admissão,2026-02-18,
356159,3,1704783,21,Anúncio,2026-02-19,
356159,64,1705185,243,Apreciação,2026-02-26,
356159,13,1705381,250,Votação na generalidade,2026-02-27,
356247,1,1705340,10,Entrada,2026-02-27,
356247,3,1705733,21,Anúncio,2026-03-04,
356247,2,1705734,20,Admissão,2026-03-09,
356247,64,1705645,243,Apreciação,2026-03-12,
356247,13,1705988,250,Votação na generalidade,2026-03-13,
356247,14,1705989,270,Baixa comissão especialidade,2026-03-13,
356183,1,1704676,10,Entrada,2026-02-18,
356183,2,1704923,20,Admissão,2026-02-20,
356183,126,1704924,181,Baixa comissão para discussão,2026-02-20,
356183,3,1704925,21,Anúncio,2026-02-25,
356467,1,1716811,10,Entrada,2026-03-31,
356467,2,1717315,20,Admissão,2026-04-15,
356467,3,1717316,21,Anúncio,2026-04-16,
356467,64,1717229,243,Apreciação,2026-04-16,
356467,13,1717691,250,Votação na generalidade,2026-04-17,
356467,14,1717693,270,Baixa comissão especialidade,2026-04-17,
356467,18,1729538,320,Votação final global,2026-05-22,
356467,133,1729913,348,Envio à Comissão para fixação da Redação final,2026-06-02,
356467,57,1730597,360,Resolução (Publicação DAR),2026-06-19,
356467,44,1730719,600,Resolução da AR (Publicação DR),2026-06-24,
356508,1,1716886,10,Entrada,2026-03-31,
356508,2,1717419,20,Admissão,2026-04-15,
356508,3,1717420,21,Anúncio,2026-04-16,
356508,64,1717192,243,Apreciação,2026-04-16,
356508,13,1717650,250,Votação na generalidade,2026-04-17,
356508,14,1717651,270,Baixa comissão especialidade,2026-04-17,
356508,18,1718116,320,Votação final global,2026-04-24,"Texto Final, relativo ao Projeto de Resolução n.º 483/XVII/1. ª (PSD), Projeto de Resolução n.º 767/XVII/1. ª (CH), Projeto de Resolução n.º 768/XVII/1. ª (IL), Projeto de Resolução n.º 772/XVII/1. ª (CDS-PP), Projeto de Resolução n.º 790/XVII/1. ª (PAN), Projeto de Resolução n.º 804/XVII/1. ª (L) Projeto de Resolução n.º 807/XVII/1. ª (PS) e ao Projeto de Resolução n.º 808/XVII/1. ª (PS)"
356508,133,1728470,348,Envio à Comissão para fixação da Redação final,2026-05-06,
356508,57,1729237,360,Resolução (Publicação DAR),2026-05-18,
356508,26,1729238,400,Envio INCM,2026-05-18,
356508,44,1729286,600,Resolução da AR (Publicação DR),2026-05-20,
356618,1,1717933,10,Entrada,2026-04-22,
356618,2,1717965,20,Admissão,2026-04-23,
356618,126,1717966,181,Baixa comissão para discussão,2026-04-23,
356618,3,1717967,21,Anúncio,2026-04-23,
356618,64,1730052,243,Apreciação,2026-06-12,
356618,122,1730271,237,Requerimento Baixa Comissão sem Votação (Generalidade),2026-06-12,
356618,127,1730364,245,Nova Baixa Comissão para Discussão,2026-06-12,
356618,73,1731331,335,Votação Deliberação,2026-07-03,
356618,133,1731546,348,Envio à Comissão para fixação da Redação final,2026-07-10,
356618,57,1731728,360,Resolução (Publicação DAR),2026-07-16,
356618,26,1731729,400,Envio INCM,2026-07-16,
356618,44,1731911,600,Resolução da AR (Publicação DR),2026-07-21,
356447,1,1716788,10,Entrada,2026-03-30,
356447,2,1717328,20,Admissão,2026-04-15,
356447,126,1717329,181,Baixa comissão para discussão,2026-04-15,
356447,3,1717330,21,Anúncio,2026-04-16,
356447,73,1729196,335,Votação Deliberação,2026-05-15,
356447,133,1729380,348,Envio à Comissão para fixação da Redação final,2026-05-22,
356447,57,1729957,360,Resolução (Publicação DAR),2026-06-03,
356447,26,1729958,400,Envio INCM,2026-06-03,
356447,44,1730260,600,Resolução da AR (Publicação DR),2026-06-12,
356223,1,1705171,10,Entrada,2026-02-25,
356223,2,1705270,20,Admissão,2026-02-26,
356223,126,1705271,181,Baixa comissão para discussão,2026-02-26,
356223,3,1705272,21,Anúncio,2026-02-26,
356226,1,1705311,10,Entrada,2026-02-27,
356226,3,1705700,21,Anúncio,2026-03-04,
356226,2,1705699,20,Admissão,2026-03-09,
356226,64,1705655,243,Apreciação,2026-03-13,
356226,13,1705997,250,Votação na generalidade,2026-03-13,
356605,1,1717737,10,Entrada,2026-04-20,
356605,2,1717910,20,Admissão,2026-04-21,
356605,126,1717911,181,Baixa comissão para discussão,2026-04-21,
356605,3,1717912,21,Anúncio,2026-04-22,
356605,13,1729526,250,Votação na generalidade,2026-05-22,
356605,14,1729527,270,Baixa comissão especialidade,2026-05-22,
356605,18,1730878,320,Votação final global,2026-06-25,
356605,133,1731476,348,Envio à Comissão para fixação da Redação final,2026-07-08,
356605,57,1731730,360,Resolução (Publicação DAR),2026-07-16,
356605,26,1731731,400,Envio INCM,2026-07-16,
356605,44,1731898,600,Resolução da AR (Publicação DR),2026-07-21,
315168,1,1627710,10,Entrada,2025-06-26,
315168,51,1642087,50,Publicação,2025-06-26,
315168,2,1628005,20,Admissão,2025-07-01,"Despacho PAR ""Proceder À Audição dos órgãos de governo próprio das RRAA"""
315168,9,1628006,180,Baixa comissão distribuição inicial generalidade,2025-07-01,Com conexão à 1.ª comissão
315168,3,1628007,21,Anúncio,2025-07-02,
315168,144,1628157,22,Audição promovida pelo PAR para a ALRAA,2025-07-02,
315168,145,1628158,23,Audição promovida pelo PAR para a ALRAM,2025-07-02,
315168,146,1628159,24,Audição promovida pelo PAR para o Governo da RAA,2025-07-02,
315168,147,1628160,25,Audição promovida pelo PAR para o Governo da RAM,2025-07-02,
315168,10,1628771,190,Discussão generalidade,2025-07-10,
315168,13,1628904,250,Votação na generalidade,2025-07-11,
315168,14,1628905,270,Baixa comissão especialidade,2025-07-11,
315168,151,1628989,175,Parecer do Governo da RAM,2025-07-15,
315168,150,1629151,174,Parecer do Governo da RAA,2025-07-17,
315168,149,1629172,173,Parecer da ALRAM,2025-07-17,
315168,148,1629200,172,Parecer da ALRAA,2025-07-21,
315168,14,1630942,270,Baixa comissão especialidade,2025-09-30,
315168,18,1642564,320,Votação final global,2025-12-12,
315168,133,1642723,348,Envio à Comissão para fixação da Redação final,2025-12-18,
315168,31,1663196,350,Decreto (Publicação),2026-01-08,
315168,23,1683420,370,Envio para promulgação,2026-01-14,
315168,24,1683954,380,Promulgação,2026-01-26,
315168,25,1683955,390,Referenda,2026-01-27,
315168,26,1683956,400,Envio INCM,2026-01-28,
315168,32,1684048,580,Lei (Publicação DR),2026-01-28,
356571,1,1717557,10,Entrada,2026-04-17,
356571,2,1717875,20,Admissão,2026-04-21,
356571,3,1717876,21,Anúncio,2026-04-22,
356571,64,1718222,243,Apreciação,2026-04-30,
356571,13,1718244,250,Votação na generalidade,2026-04-30,
356571,14,1718245,270,Baixa comissão especialidade,2026-04-30,
356571,18,1730410,320,Votação final global,2026-06-12,
356571,133,1730647,348,Envio à Comissão para fixação da Redação final,2026-06-22,
356571,57,1731169,360,Resolução (Publicação DAR),2026-07-02,
356571,26,1731170,400,Envio INCM,2026-07-02,
356571,44,1731363,600,Resolução da AR (Publicação DR),2026-07-06,
356246,1,1705339,10,Entrada,2026-02-27,
356246,3,1705706,21,Anúncio,2026-03-04,
356246,2,1705707,20,Admissão,2026-03-09,
356246,64,1705659,243,Apreciação,2026-03-13,
356246,13,1706007,250,Votação na generalidade,2026-03-13,
356570,1,1717556,10,Entrada,2026-04-17,
356570,2,1717873,20,Admissão,2026-04-21,
356570,3,1717874,21,Anúncio,2026-04-22,
356570,64,1728506,243,Apreciação,2026-05-07,
356570,13,1728771,250,Votação na generalidade,2026-05-08,
356570,14,1728772,270,Baixa comissão especialidade,2026-05-08,
356570,18,1729809,320,Votação final global,2026-05-29,"Texto Final, apresentado pela Comissão de Defesa Nacional, relativo ao Projeto de Resolução n.º 846/XVII/1.ª (CH)"
356570,133,1730049,348,Envio à Comissão para fixação da Redação final,2026-06-08,
356570,57,1730226,360,Resolução (Publicação DAR),2026-06-11,
356570,26,1730227,400,Envio INCM,2026-06-11,
356570,44,1730298,600,Resolução da AR (Publicação DR),2026-06-15,
356428,1,1716602,10,Entrada,2026-03-25,
356428,2,1716657,20,Admissão,2026-03-26,
356428,3,1716658,21,Anúncio,2026-03-26,
356428,73,1717142,335,Votação Deliberação,2026-04-10,A Conferência de Líderes deliberou a sua discussão sem tempos
356428,133,1717758,348,Envio à Comissão para fixação da Redação final,2026-04-21,
356428,57,1728408,360,Resolução (Publicação DAR),2026-05-05,
356428,26,1728409,400,Envio INCM,2026-05-05,
356428,44,1728523,600,Resolução da AR (Publicação DR),2026-05-07,
356400,1,1706371,10,Entrada,2026-03-20,
356400,2,1716538,20,Admissão,2026-03-24,
356400,126,1716539,181,Baixa comissão para discussão,2026-03-24,
356400,3,1716582,21,Anúncio,2026-03-25,
356400,126,1716970,181,Baixa comissão para discussão,2026-04-07,"Redistribuído à 8.ª Comissão, por despacho de 2026-04-07."
356402,1,1716373,10,Entrada,2026-03-20,
356402,2,1716540,20,Admissão,2026-03-24,
356402,126,1716541,181,Baixa comissão para discussão,2026-03-24,
356402,3,1716583,21,Anúncio,2026-03-25,
356402,122,1717118,237,Requerimento Baixa Comissão sem Votação (Generalidade),2026-04-10,
356402,127,1717298,245,Nova Baixa Comissão para Discussão,2026-04-15,
356582,1,1717641,10,Entrada,2026-04-17,
356582,2,1717922,20,Admissão,2026-04-22,
356582,3,1717923,21,Anúncio,2026-04-22,
356582,64,1728557,243,Apreciação,2026-05-08,
356582,13,1728822,250,Votação na generalidade,2026-05-08,
356582,14,1728823,270,Baixa comissão especialidade,2026-05-08,
356582,18,1730677,320,Votação final global,2026-06-19,"Texto final, apresentado pela Comissão de Trabalho, Segurança Social e Inclusão, relativo ao Projeto de Resolução n.º 857/XVII/1.ª (PAN)"
356582,133,1730922,348,Envio à Comissão para fixação da Redação final,2026-06-26,
356582,57,1731698,360,Resolução (Publicação DAR),2026-07-16,
356582,26,1731699,400,Envio INCM,2026-07-16,
356582,44,1731879,600,Resolução da AR (Publicação DR),2026-07-21,
356265,1,1705428,10,Entrada,2026-03-02,
356265,3,1705624,21,Anúncio,2026-03-04,
356265,2,1705771,20,Admissão,2026-03-09,
356265,126,1705625,181,Baixa comissão para discussão,2026-03-09,
356277,1,1705470,10,Entrada,2026-03-03,
356277,3,1706211,21,Anúncio,2026-03-18,
356277,2,1706212,20,Admissão,2026-03-18,
356277,126,1706213,181,Baixa comissão para discussão,2026-03-18,
356281,1,1705527,10,Entrada,2026-03-06,
356281,3,1706217,21,Anúncio,2026-03-18,
356281,2,1706218,20,Admissão,2026-03-18,
356281,126,1706219,181,Baixa comissão para discussão,2026-03-18,
356374,1,1705994,10,Entrada,2026-03-16,
356374,3,1706323,21,Anúncio,2026-03-18,
356374,2,1706324,20,Admissão,2026-03-18,
356374,126,1706325,181,Baixa comissão para discussão,2026-03-18,
356374,73,1717728,335,Votação Deliberação,2026-04-17,
356587,1,1717646,10,Entrada,2026-04-17,
356587,2,1717896,20,Admissão,2026-04-21,
356587,3,1717897,21,Anúncio,2026-04-22,
356587,64,1718223,243,Apreciação,2026-04-30,
356587,13,1718246,250,Votação na generalidade,2026-04-30,
356587,14,1718247,270,Baixa comissão especialidade,2026-04-30,
356587,18,1730411,320,Votação final global,2026-06-12,
356587,133,1730648,348,Envio à Comissão para fixação da Redação final,2026-06-22,
356587,57,1731171,360,Resolução (Publicação DAR),2026-07-02,
356587,26,1731172,400,Envio INCM,2026-07-02,
356587,44,1731364,600,Resolução da AR (Publicação DR),2026-07-06,
356317,1,1705565,10,Entrada,2026-03-06,
356317,3,1706234,21,Anúncio,2026-03-18,
356317,2,1706235,20,Admissão,2026-03-18,
356317,64,1706080,243,Apreciação,2026-03-20,
356317,13,1716477,250,Votação na generalidade,2026-03-20,
356403,1,1716374,10,Entrada,2026-03-20,
356403,2,1716542,20,Admissão,2026-03-24,
356403,126,1716543,181,Baixa comissão para discussão,2026-03-24,
356403,3,1716584,21,Anúncio,2026-03-25,
356403,196,1729818,315,Votação final,2026-04-30,
356625,1,1718019,10,Entrada,2026-04-24,
356625,2,1718163,20,Admissão,2026-04-29,
356625,126,1718164,181,Baixa comissão para discussão,2026-04-29,
356625,3,1718165,21,Anúncio,2026-04-29,
356625,126,1728813,181,Baixa comissão para discussão,2026-05-11,
356625,73,1729795,335,Votação Deliberação,2026-05-29,
356625,133,1730053,348,Envio à Comissão para fixação da Redação final,2026-06-08,
356625,57,1730603,360,Resolução (Publicação DAR),2026-06-19,
356625,26,1730689,400,Envio INCM,2026-06-19,
356625,44,1730722,600,Resolução da AR (Publicação DR),2026-06-24,
356662,1,1728280,10,Entrada,2026-05-04,
356662,2,1728402,20,Admissão,2026-05-05,
356662,3,1728403,21,Anúncio,2026-05-06,
356662,64,1728581,243,Apreciação,2026-05-13,
356662,13,1729002,250,Votação na generalidade,2026-05-13,
356662,14,1729003,270,Baixa comissão especialidade,2026-05-13,
356662,18,1729812,320,Votação final global,2026-05-29,"Texto Final, apresentado pela Comissão de Defesa Nacional, relativo ao Projeto de Resolução n.º 900/XVII/1.ª (PSD e CDS-PP)"
356662,133,1730036,348,Envio à Comissão para fixação da Redação final,2026-06-06,
356662,57,1730268,360,Resolução (Publicação DAR),2026-06-12,
356662,26,1730280,400,Envio INCM,2026-06-12,
356662,44,1730489,600,Resolução da AR (Publicação DR),2026-06-17,
356367,1,1705957,10,Entrada,2026-03-14,
356367,3,1706307,21,Anúncio,2026-03-18,
356367,2,1706308,20,Admissão,2026-03-18,
356367,126,1706309,181,Baixa comissão para discussão,2026-03-18,
356347,1,1705841,10,Entrada,2026-03-12,
356347,3,1706277,21,Anúncio,2026-03-18,
356347,2,1706278,20,Admissão,2026-03-18,
356347,126,1706279,181,Baixa comissão para discussão,2026-03-18,
356394,1,1706346,10,Entrada,2026-03-19,
356394,3,1706395,21,Anúncio,2026-03-20,
356394,2,1706396,20,Admissão,2026-03-20,
356394,126,1706397,181,Baixa comissão para discussão,2026-03-20,
356394,73,1728830,335,Votação Deliberação,2026-05-08,
356650,1,1718232,10,Entrada,2026-04-30,
356650,2,1728362,20,Admissão,2026-05-05,
356650,126,1728364,181,Baixa comissão para discussão,2026-05-05,
356650,3,1728365,21,Anúncio,2026-05-06,
356778,1,1729307,10,Entrada,2026-05-20,
356778,3,1729329,21,Anúncio,2026-05-21,
356778,126,1729330,181,Baixa comissão para discussão,2026-05-21,
356778,73,1729780,335,Votação Deliberação,2026-05-29,
356778,57,1729859,360,Resolução (Publicação DAR),2026-06-02,
356778,26,1729863,400,Envio INCM,2026-06-02,
356778,44,1729963,600,Resolução da AR (Publicação DR),2026-06-05,
356655,1,1728266,10,Entrada,2026-05-03,
356655,2,1728376,20,Admissão,2026-05-05,
356655,126,1728377,181,Baixa comissão para discussão,2026-05-05,
356655,3,1728378,21,Anúncio,2026-05-06,
356665,1,1728289,10,Entrada,2026-05-04,
356665,2,1728644,20,Admissão,2026-05-08,
356665,126,1728645,181,Baixa comissão para discussão,2026-05-08,
356665,3,1728646,21,Anúncio,2026-05-13,
356667,1,1728294,10,Entrada,2026-05-04,
356667,2,1728650,20,Admissão,2026-05-08,
356667,126,1728651,181,Baixa comissão para discussão,2026-05-08,
356667,3,1728652,21,Anúncio,2026-05-13,
356780,1,1729364,10,Entrada,2026-05-21,
356780,3,1729563,21,Anúncio,2026-05-21,
356780,2,1729564,20,Admissão,2026-05-26,
356780,64,1729739,243,Apreciação,2026-06-02,
356780,13,1729981,250,Votação na generalidade,2026-06-03,
356780,14,1729982,270,Baixa comissão especialidade,2026-06-03,
356687,1,1728396,10,Entrada,2026-05-05,
356687,2,1728918,20,Admissão,2026-05-12,
356687,3,1728919,21,Anúncio,2026-05-13,
356687,64,1729064,243,Apreciação,2026-05-21,
356687,13,1729463,250,Votação na generalidade,2026-05-22,
356678,1,1728385,10,Entrada,2026-05-05,
356678,2,1728667,20,Admissão,2026-05-08,
356678,126,1728668,181,Baixa comissão para discussão,2026-05-08,
356678,3,1728669,21,Anúncio,2026-05-13,
356968,1,1730797,10,Entrada,2026-06-24,
356968,2,1730912,20,Admissão,2026-06-26,
356968,126,1730913,181,Baixa comissão para discussão,2026-06-26,
356968,3,1730914,21,Anúncio,2026-07-01,
356968,73,1731956,335,Votação Deliberação,2026-07-17,
356968,133,1731918,348,Envio à Comissão para fixação da Redação final,2026-07-21,
356968,57,1742097,360,Resolução (Publicação DAR),2026-07-24,
356968,26,1742098,400,Envio INCM,2026-07-24,
356968,44,1752192,600,Resolução da AR (Publicação DR),2026-07-30,
356908,1,1730274,10,Entrada,2026-06-12,
356908,2,1730459,20,Admissão,2026-06-17,
356908,3,1730460,21,Anúncio,2026-06-17,
356908,64,1731134,243,Apreciação,2026-06-18,
356908,73,1730629,335,Votação Deliberação,2026-06-19,
356908,133,1730961,348,Envio à Comissão para fixação da Redação final,2026-06-29,
356908,57,1731301,360,Resolução (Publicação DAR),2026-07-03,
356908,26,1731302,400,Envio INCM,2026-07-03,
356908,44,1731404,600,Resolução da AR (Publicação DR),2026-07-07,
356674,1,1728309,10,Entrada,2026-05-05,
356674,2,1728660,20,Admissão,2026-05-08,
356674,3,1728661,21,Anúncio,2026-05-13,
356674,64,1729051,243,Apreciação,2026-05-20,
356674,13,1729437,250,Votação na generalidade,2026-05-22,
356859,1,1729959,10,Entrada,2026-06-03,
356859,2,1730097,20,Admissão,2026-06-08,
356859,126,1730098,181,Baixa comissão para discussão,2026-06-08,
356859,3,1730138,21,Anúncio,2026-06-11,
356859,73,1730334,335,Votação Deliberação,2026-06-12,
356859,57,1730278,360,Resolução (Publicação DAR),2026-06-12,
356859,26,1730279,400,Envio INCM,2026-06-12,
356859,44,1730428,600,Resolução da AR (Publicação DR),2026-06-16,
356679,1,1728386,10,Entrada,2026-05-05,
356679,2,1728907,20,Admissão,2026-05-12,
356679,3,1728908,21,Anúncio,2026-05-13,
356679,64,1729083,243,Apreciação,2026-05-21,
356679,13,1729495,250,Votação na generalidade,2026-05-22,
356788,1,1729384,10,Entrada,2026-05-22,
356788,3,1729583,21,Anúncio,2026-05-22,
356788,2,1729584,20,Admissão,2026-05-26,
356788,64,1729741,243,Apreciação,2026-06-02,
356788,13,1729985,250,Votação na generalidade,2026-06-03,
356788,14,1729986,270,Baixa comissão especialidade,2026-06-03,
356839,1,1729763,10,Entrada,2026-05-29,
356839,2,1729894,20,Admissão,2026-06-02,
356839,126,1729895,181,Baixa comissão para discussão,2026-06-02,
356839,3,1729896,21,Anúncio,2026-06-02,
356839,126,1731547,181,Baixa comissão para discussão,2026-07-10,
356839,73,1731958,335,Votação Deliberação,2026-07-17,
356699,1,1728429,10,Entrada,2026-05-05,
356699,2,1728682,20,Admissão,2026-05-08,
356699,3,1728683,21,Anúncio,2026-05-13,
356699,64,1729054,243,Apreciação,2026-05-20,
356699,13,1729445,250,Votação na generalidade,2026-05-22,
356800,1,1729406,10,Entrada,2026-05-22,
356800,3,1729593,21,Anúncio,2026-05-22,
356800,2,1729594,20,Admissão,2026-05-26,
356800,64,1729742,243,Apreciação,2026-06-02,
356800,13,1729987,250,Votação na generalidade,2026-06-03,
356800,14,1729988,270,Baixa comissão especialidade,2026-06-03,
356804,1,1729419,10,Entrada,2026-05-22,
356804,3,1729597,21,Anúncio,2026-05-22,
356804,2,1729598,20,Admissão,2026-05-26,
356804,64,1729743,243,Apreciação,2026-06-02,
356804,13,1729989,250,Votação na generalidade,2026-06-03,
356804,14,1729990,270,Baixa comissão especialidade,2026-06-03,
356816,1,1729441,10,Entrada,2026-05-22,
356816,3,1729605,21,Anúncio,2026-05-22,
356816,2,1729606,20,Admissão,2026-05-26,
356816,64,1729746,243,Apreciação,2026-06-02,
356816,13,1729995,250,Votação na generalidade,2026-06-03,
356816,14,1729996,270,Baixa comissão especialidade,2026-06-03,
356730,1,1728639,10,Entrada,2026-05-08,
356730,2,1728966,20,Admissão,2026-05-12,
356730,126,1728967,181,Baixa comissão para discussão,2026-05-12,
356730,3,1728968,21,Anúncio,2026-05-13,
356793,1,1729393,10,Entrada,2026-05-22,
356793,3,1729589,21,Anúncio,2026-05-22,
356793,2,1729590,20,Admissão,2026-05-26,
356793,126,1729704,181,Baixa comissão para discussão,2026-05-28,
356793,64,1729737,243,Apreciação,2026-06-02,
356743,1,1728808,10,Entrada,2026-05-11,
356743,3,1729137,21,Anúncio,2026-05-13,
356743,2,1729138,20,Admissão,2026-05-15,
356743,126,1729139,181,Baixa comissão para discussão,2026-05-15,
356747,1,1728879,10,Entrada,2026-05-12,
356747,3,1729140,21,Anúncio,2026-05-13,
356747,2,1729141,20,Admissão,2026-05-15,
356747,126,1729142,181,Baixa comissão para discussão,2026-05-15,
356742,1,1728777,10,Entrada,2026-05-11,
356742,3,1729134,21,Anúncio,2026-05-13,
356742,2,1729135,20,Admissão,2026-05-15,
356742,126,1729136,181,Baixa comissão para discussão,2026-05-15,
356772,1,1729290,10,Entrada,2026-05-20,
356772,3,1729326,21,Anúncio,2026-05-20,
356772,2,1729327,20,Admissão,2026-05-21,
356772,126,1729328,181,Baixa comissão para discussão,2026-05-21,
356758,1,1729014,10,Entrada,2026-05-14,
356758,3,1729157,21,Anúncio,2026-05-14,
356758,2,1729158,20,Admissão,2026-05-15,
356758,126,1729159,181,Baixa comissão para discussão,2026-05-15,
356768,1,1729250,10,Entrada,2026-05-19,
356768,3,1729317,21,Anúncio,2026-05-20,
356768,2,1729318,20,Admissão,2026-05-21,
356768,126,1729319,181,Baixa comissão para discussão,2026-05-21,
356970,1,1730799,10,Entrada,2026-06-24,
356970,2,1730811,20,Admissão,2026-06-24,
356970,126,1730813,181,Baixa comissão para discussão,2026-06-25,
356970,3,1730812,21,Anúncio,2026-06-25,
356970,73,1730837,335,Votação Deliberação,2026-06-25,
356970,57,1730907,360,Resolução (Publicação DAR),2026-06-26,
356970,26,1730909,400,Envio INCM,2026-06-26,
356970,44,1730964,600,Resolução da AR (Publicação DR),2026-06-30,
356790,1,1729386,10,Entrada,2026-05-22,
356790,3,1729666,21,Anúncio,2026-05-22,
356790,2,1729667,20,Admissão,2026-05-27,
356790,64,1730054,243,Apreciação,2026-06-12,
356790,13,1730398,250,Votação na generalidade,2026-06-12,
356945,1,1730527,10,Entrada,2026-06-19,
356945,2,1730748,20,Admissão,2026-06-24,
356945,126,1730749,181,Baixa comissão para discussão,2026-06-24,
356945,3,1730750,21,Anúncio,2026-06-24,
356945,13,1731934,250,Votação na generalidade,2026-07-17,
356945,14,1731935,270,Baixa comissão especialidade,2026-07-17,
315086,1,1627322,10,Entrada,2025-06-13,
315086,51,1630625,50,Publicação,2025-06-14,
315086,2,1627397,20,Admissão,2025-06-17,
315086,3,1627398,21,Anúncio,2025-06-18,
315086,144,1627403,22,Audição promovida pelo PAR para a ALRAA,2025-06-18,
315086,145,1627404,23,Audição promovida pelo PAR para a ALRAM,2025-06-18,
315086,146,1627405,24,Audição promovida pelo PAR para o Governo da RAA,2025-06-18,
315086,147,1627406,25,Audição promovida pelo PAR para o Governo da RAM,2025-06-18,
315086,151,1627486,175,Parecer do Governo da RAM,2025-06-20,
315086,149,1627624,173,Parecer da ALRAM,2025-06-25,
315086,150,1627936,174,Parecer do Governo da RAA,2025-07-01,
315086,9,1628083,180,Baixa comissão distribuição inicial generalidade,2025-07-02,
315086,148,1628448,172,Parecer da ALRAA,2025-07-07,
356798,1,1729400,10,Entrada,2026-05-22,
356798,3,1729591,21,Anúncio,2026-05-22,
356798,2,1729592,20,Admissão,2026-05-26,
356798,126,1729684,181,Baixa comissão para discussão,2026-05-28,Despacho n.º 197/XVI - Pedido de reapreciação da decisão relativa à verificação de conexão material
356791,1,1729387,10,Entrada,2026-05-22,
356791,3,1729587,21,Anúncio,2026-05-22,
356791,2,1729588,20,Admissão,2026-05-26,
356791,64,1730046,243,Apreciação,2026-06-12,
356791,13,1730394,250,Votação na generalidade,2026-06-12,
315267,1,1628256,10,Entrada,2025-07-04,
315267,51,1716703,50,Publicação,2025-07-04,
315267,2,1628632,20,Admissão,2025-07-09,
315267,3,1628633,21,Anúncio,2025-07-09,
315267,9,1628635,180,Baixa comissão distribuição inicial generalidade,2025-07-09,
315267,10,1628777,190,Discussão generalidade,2025-07-10,
315267,13,1628922,250,Votação na generalidade,2025-07-11,
315267,14,1628923,270,Baixa comissão especialidade,2025-07-11,
315174,1,1627766,10,Entrada,2025-06-27,
315174,51,1683528,50,Publicação,2025-06-27,
315174,2,1627960,20,Admissão,2025-07-01,
315174,9,1627961,180,Baixa comissão distribuição inicial generalidade,2025-07-02,
315174,3,1627962,21,Anúncio,2025-07-02,
315174,10,1628121,190,Discussão generalidade,2025-07-03,
315174,13,1628370,250,Votação na generalidade,2025-07-04,
315078,1,1627284,10,Entrada,2025-06-11,
315078,51,1641802,50,Publicação,2025-06-11,
315078,2,1627378,20,Admissão,2025-06-17,"Despacho do PAR: ""Ressalvando os limites da norma travão"""
315078,3,1627392,21,Anúncio,2025-06-17,
315078,9,1627909,180,Baixa comissão distribuição inicial generalidade,2025-06-30,
367103,1,1742140,10,Entrada,2026-07-28,
367103,2,1752298,20,Admissão,2026-08-03,
367103,126,1752299,181,Baixa comissão para discussão,2026-08-03,
367103,3,1752415,21,Anúncio,2026-08-03,
315099,1,1627383,10,Entrada,2025-06-17,
315099,51,1641828,50,Publicação,2025-06-17,
315099,2,1627443,20,Admissão,2025-06-18,
315099,3,1627619,21,Anúncio,2025-06-25,
315099,9,1627808,180,Baixa comissão distribuição inicial generalidade,2025-06-27,
315099,49,1628456,55,Publicação em Separata,2025-07-08,
315158,1,1627582,10,Entrada,2025-06-25,
315158,51,1641850,50,Publicação,2025-06-25,
315158,2,1627745,20,Admissão,2025-06-26,
315158,9,1627746,180,Baixa comissão distribuição inicial generalidade,2025-06-26,
315158,3,1627760,21,Anúncio,2025-06-27,
315158,49,1628492,55,Publicação em Separata,2025-07-09,
377103,1,1752140,10,Entrada,2026-07-28,
377103,2,1752300,20,Admissão,2026-08-03,
377103,126,1752301,181,Baixa comissão para discussão,2026-08-03,
377103,3,1752416,21,Anúncio,2026-08-03,
315178,1,1627770,10,Entrada,2025-06-27,
315178,51,1683529,50,Publicação,2025-06-27,
315178,2,1628167,20,Admissão,2025-07-02,
315178,9,1628168,180,Baixa comissão distribuição inicial generalidade,2025-07-02,
315178,3,1628263,21,Anúncio,2025-07-03,
315178,10,1628228,190,Discussão generalidade,2025-07-04,
315178,13,1628437,250,Votação na generalidade,2025-07-04,
377110,1,1752204,10,Entrada,2026-07-30,
377110,2,1752307,20,Admissão,2026-08-03,
377110,126,1752308,181,Baixa comissão para discussão,2026-08-03,
377110,3,1752420,21,Anúncio,2026-08-03,
315098,1,1627382,10,Entrada,2025-06-17,
315098,51,1641827,50,Publicação,2025-06-17,
315098,2,1627442,20,Admissão,2025-06-18,
315098,3,1627618,21,Anúncio,2025-06-25,
315098,9,1627807,180,Baixa comissão distribuição inicial generalidade,2025-06-27,
315098,49,1628455,55,Publicação em Separata,2025-07-08,
315653,1,1630838,10,Entrada,2025-09-29,
315653,2,1630968,20,Admissão,2025-09-30,
315653,9,1630969,180,Baixa comissão distribuição inicial generalidade,2025-09-30,
315653,3,1641325,21,Anúncio,2025-10-15,
315653,10,1716912,190,Discussão generalidade,2026-04-01,Agendamento sem tempos
315653,13,1716916,250,Votação na generalidade,2026-04-01,
315653,34,1716917,310,Votação na especialidade,2026-04-01,
315653,18,1716918,320,Votação final global,2026-04-01,
315653,133,1717004,348,Envio à Comissão para fixação da Redação final,2026-04-08,
315653,31,1717852,350,Decreto (Publicação),2026-04-22,
315653,23,1728348,370,Envio para promulgação,2026-04-28,
315653,24,1728602,380,Promulgação,2026-05-04,
315653,25,1728603,390,Referenda,2026-05-06,
315653,26,1728604,400,Envio INCM,2026-05-07,
315653,32,1728628,580,Lei (Publicação DR),2026-05-08,
315136,1,1627476,10,Entrada,2025-06-20,
315136,51,1705032,50,Publicação,2025-06-20,
315136,2,1627641,20,Admissão,2025-06-25,
315136,10,1627586,190,Discussão generalidade,2025-06-26,
315136,3,1627693,21,Anúncio,2025-06-26,
315136,13,1627850,250,Votação na generalidade,2025-06-27,
315136,10,1642323,190,Discussão generalidade,2025-12-10,
315311,1,1628331,10,Entrada,2025-07-04,
315311,51,1716722,50,Publicação,2025-07-04,
315311,2,1628727,20,Admissão,2025-07-09,
315311,3,1628728,21,Anúncio,2025-07-09,
315311,9,1628729,180,Baixa comissão distribuição inicial generalidade,2025-07-09,
315311,10,1628832,190,Discussão generalidade,2025-07-11,
315311,13,1628941,250,Votação na generalidade,2025-07-11,
315311,14,1628942,270,Baixa comissão especialidade,2025-07-11,
315137,1,1627478,10,Entrada,2025-06-20,
315137,51,1705033,50,Publicação,2025-06-20,
315137,2,1627639,20,Admissão,2025-06-25,
315137,3,1627694,21,Anúncio,2025-06-26,
315137,10,1627605,190,Discussão generalidade,2025-06-27,
315137,13,1627892,250,Votação na generalidade,2025-06-27,
315068,1,1627270,10,Entrada,2025-06-09,
315068,51,1630623,50,Publicação,2025-06-09,
315068,2,1627296,20,Admissão,2025-06-12,"Despacho PAR ""Ressalvando os limites da norma travão"""
315068,3,1627347,21,Anúncio,2025-06-17,
315068,9,1627798,180,Baixa comissão distribuição inicial generalidade,2025-06-27,
377115,1,1752220,10,Entrada,2026-07-30,
377115,2,1752315,20,Admissão,2026-08-03,
377115,126,1752316,181,Baixa comissão para discussão,2026-08-03,
377115,3,1752425,21,Anúncio,2026-08-03,
315213,1,1627866,10,Entrada,2025-06-27,
315213,51,1683538,50,Publicação,2025-06-27,
315213,2,1627990,20,Admissão,2025-07-01,"Despacho PAR ""Com ressalva dos limites da norma travão"""
315213,9,1627991,180,Baixa comissão distribuição inicial generalidade,2025-07-01,
315213,3,1627992,21,Anúncio,2025-07-02,
315213,10,1628114,190,Discussão generalidade,2025-07-03,
315213,13,1628356,250,Votação na generalidade,2025-07-04,
315216,1,1627868,10,Entrada,2025-06-27,
315216,51,1683539,50,Publicação,2025-06-27,
315216,2,1627993,20,Admissão,2025-07-01,
315216,9,1627994,180,Baixa comissão distribuição inicial generalidade,2025-07-01,
315216,3,1627995,21,Anúncio,2025-07-02,
315216,35,1628289,648,Retirada da iniciativa,2025-07-04,
315216,10,1628229,190,Discussão generalidade,2025-07-04,
315069,1,1627271,10,Entrada,2025-06-09,
315069,51,1630624,50,Publicação,2025-06-09,
315069,2,1627297,20,Admissão,2025-06-12,"Despacho PAR ""Ressalvando os limites da norma travão"""
315069,3,1627348,21,Anúncio,2025-06-17,
315069,9,1627799,180,Baixa comissão distribuição inicial generalidade,2025-06-27,
315726,1,1641193,10,Entrada,2025-10-13,
315726,2,1641304,20,Admissão,2025-10-15,
315726,9,1641305,180,Baixa comissão distribuição inicial generalidade,2025-10-15,
315726,3,1641385,21,Anúncio,2025-10-15,
315726,10,1716511,190,Discussão generalidade,2026-03-26,Consta da agenda sem tempos.
315726,13,1716671,250,Votação na generalidade,2026-03-26,"Texto de substituição relativo ao Projeto de Lei n.º 245/XVII/1 (PS) e ao Projeto de Lei n.º 278/XVII/1 (PSD e CDS-PP), apresentado pela Comissão da Reforma do Estado e Poder Local"
315726,34,1716672,310,Votação na especialidade,2026-03-26,"Texto de substituição relativo ao Projeto de Lei n.º 245/XVII/1 (PS) e ao Projeto de Lei n.º 278/XVII/1 (PSD e CDS-PP), apresentado pela Comissão da Reforma do Estado e Poder Local
(Votação da assunção pelo Plenário das votações indiciárias realizadas na especialidade em sede de Comissão)"
315726,18,1716673,320,Votação final global,2026-03-26,"Texto de substituição relativo ao Projeto de Lei n.º 245/XVII/1 (PS) e ao Projeto de Lei n.º 278/XVII/1 (PSD e CDS-PP), apresentado pela Comissão da Reforma do Estado e Poder Local"
315726,133,1717008,348,Envio à Comissão para fixação da Redação final,2026-04-08,
315726,31,1717847,350,Decreto (Publicação),2026-04-22,
315726,23,1728340,370,Envio para promulgação,2026-04-28,
315726,24,1728611,380,Promulgação,2026-05-04,
315726,25,1728612,390,Referenda,2026-05-06,
315726,26,1728613,400,Envio INCM,2026-05-07,
315726,32,1728625,580,Lei (Publicação DR),2026-05-08,
315231,1,1627923,10,Entrada,2025-06-30,
315231,51,1705042,50,Publicação,2025-06-30,
315231,2,1628206,20,Admissão,2025-07-03,
315231,3,1628268,21,Anúncio,2025-07-03,
315231,9,1628207,180,Baixa comissão distribuição inicial generalidade,2025-07-03,
315231,10,1628224,190,Discussão generalidade,2025-07-04,
315231,13,1628433,250,Votação na generalidade,2025-07-04,
315343,1,1628493,10,Entrada,2025-07-09,
315343,51,1717283,50,Publicação,2025-07-09,
315343,2,1629029,20,Admissão,2025-07-16,
315343,3,1629030,21,Anúncio,2025-07-16,
315343,9,1629031,180,Baixa comissão distribuição inicial generalidade,2025-07-16,
315343,49,1629850,55,Publicação em Separata,2025-09-05,
315343,10,1729069,190,Discussão generalidade,2026-05-21,
315343,13,1729470,250,Votação na generalidade,2026-05-22,
315361,1,1628854,10,Entrada,2025-07-11,
315361,51,1630579,50,Publicação,2025-07-11,
315361,2,1629035,20,Admissão,2025-07-16,
315361,3,1629036,21,Anúncio,2025-07-16,
315361,9,1629037,180,Baixa comissão distribuição inicial generalidade,2025-07-16,
315361,49,1629192,55,Publicação em Separata,2025-07-21,
315361,10,1630425,190,Discussão generalidade,2025-09-25,
315361,13,1630802,250,Votação na generalidade,2025-09-25,
315297,1,1628317,10,Entrada,2025-07-04,
315297,51,1716715,50,Publicação,2025-07-04,
315297,2,1628702,20,Admissão,2025-07-09,"Despacho PAR ""Ressalvando os limites da norma Travão"""
315297,3,1628703,21,Anúncio,2025-07-09,
315297,9,1628704,180,Baixa comissão distribuição inicial generalidade,2025-07-09,
315297,10,1705188,190,Discussão generalidade,2026-02-26,
315297,13,1705383,250,Votação na generalidade,2026-02-27,
315301,1,1628321,10,Entrada,2025-07-04,
315301,51,1716718,50,Publicação,2025-07-04,
315301,2,1628711,20,Admissão,2025-07-09,"Despacho PAR ""Ressalvando os limites da norma Travão"""
315301,3,1628712,21,Anúncio,2025-07-09,
315301,9,1628713,180,Baixa comissão distribuição inicial generalidade,2025-07-09,
315301,10,1628495,190,Discussão generalidade,2025-07-09,
315301,13,1628866,250,Votação na generalidade,2025-07-11,
315292,1,1628312,10,Entrada,2025-07-04,
315292,51,1716712,50,Publicação,2025-07-04,
315292,2,1628693,20,Admissão,2025-07-09,
315292,3,1628694,21,Anúncio,2025-07-09,
315292,9,1628769,180,Baixa comissão distribuição inicial generalidade,2025-07-09,Com conexão à 5.ª
315292,10,1731112,190,Discussão generalidade,2026-07-02,
315292,13,1731261,250,Votação na generalidade,2026-07-02,
315246,1,1627965,10,Entrada,2025-07-02,
315246,51,1683583,50,Publicação,2025-07-02,
315246,2,1628518,20,Admissão,2025-07-09,
315246,9,1628529,180,Baixa comissão distribuição inicial generalidade,2025-07-09,Com conexão à 13.ª comissão
315246,10,1628473,190,Discussão generalidade,2025-07-09,
315246,13,1628891,250,Votação na generalidade,2025-07-11,
315455,1,1629548,10,Entrada,2025-08-12,
315455,51,1731268,50,Publicação,2025-08-12,
315455,2,1629716,20,Admissão,2025-08-27,
315455,9,1629717,180,Baixa comissão distribuição inicial generalidade,2025-08-27,
315455,3,1630034,21,Anúncio,2025-09-10,
315455,9,1630654,180,Baixa comissão distribuição inicial generalidade,2025-09-23,
315455,10,1706060,190,Discussão generalidade,2026-03-20,
315455,13,1716445,250,Votação na generalidade,2026-03-20,
315321,1,1628343,10,Entrada,2025-07-04,
315321,51,1716726,50,Publicação,2025-07-04,
315321,2,1628739,20,Admissão,2025-07-09,
315321,3,1628740,21,Anúncio,2025-07-09,
315321,9,1628741,180,Baixa comissão distribuição inicial generalidade,2025-07-09,
315321,10,1629038,190,Discussão generalidade,2025-07-16,
315321,13,1629112,250,Votação na generalidade,2025-07-16,
315295,1,1628315,10,Entrada,2025-07-04,
315295,51,1716714,50,Publicação,2025-07-04,
315295,2,1628699,20,Admissão,2025-07-09,
315295,3,1628700,21,Anúncio,2025-07-09,
315295,9,1628701,180,Baixa comissão distribuição inicial generalidade,2025-07-09,
315295,10,1628847,190,Discussão generalidade,2025-07-11,
315295,13,1628961,250,Votação na generalidade,2025-07-11,
315578,1,1630187,10,Entrada,2025-09-12,
315578,2,1630441,20,Admissão,2025-09-18,
315578,9,1630442,180,Baixa comissão distribuição inicial generalidade,2025-09-18,
315578,10,1630245,190,Discussão generalidade,2025-09-18,
315578,3,1630452,21,Anúncio,2025-09-18,
315578,122,1630500,237,Requerimento Baixa Comissão sem Votação (Generalidade),2025-09-19,
315578,12,1630563,240,Nova apreciação comissão generalidade,2025-09-19,"Conexão à 1.ª Comissão por despacho do PAR, de 25-03-2026."
315578,122,1706359,237,Requerimento Baixa Comissão sem Votação (Generalidade),2026-03-20,"Requerimento, apresentado pelo PS, a solicitar a baixa à Comissão de Agricultura e Pescas, sem votação, por 90 dias, do Projeto de Lei n.º 205/XVII/1.ª (PS)"
315578,12,1730595,240,Nova apreciação comissão generalidade,2026-03-20,"Conexão à 1.ª Comissão por despacho do PAR, de 25-03-2026."
315578,152,1730502,225,Requerimento,2026-06-17,"Requerimento, apresentado pela Comissão de Agricultura e Pescas, a solicitar a prorrogação do prazo para reapreciação na generalidade, por mais 120 dias, do Projeto de Lei n.º 205/XVII/1.ª (PS)"
315319,1,1628340,10,Entrada,2025-07-04,
315319,51,1705804,50,Publicação,2025-07-04,
315319,2,1628736,20,Admissão,2025-07-09,
315319,10,1628475,190,Discussão generalidade,2025-07-09,
315319,3,1628737,21,Anúncio,2025-07-09,
315319,9,1628738,180,Baixa comissão distribuição inicial generalidade,2025-07-09,
315319,13,1628893,250,Votação na generalidade,2025-07-11,
315253,1,1628197,10,Entrada,2025-07-02,
315253,51,1683588,50,Publicação,2025-07-02,
315253,2,1628558,20,Admissão,2025-07-09,"Despacho PAR ""Ressalvando os limites da norma travão"""
315253,3,1628559,21,Anúncio,2025-07-09,
315253,9,1628560,180,Baixa comissão distribuição inicial generalidade,2025-07-09,
315253,49,1628986,55,Publicação em Separata,2025-07-15,
377124,1,1752363,10,Entrada,2026-08-06,
315225,1,1627917,10,Entrada,2025-06-30,
315225,51,1705037,50,Publicação,2025-06-30,
315225,2,1628240,20,Admissão,2025-07-03,
315225,3,1628283,21,Anúncio,2025-07-04,
315225,10,1628231,190,Discussão generalidade,2025-07-04,
315225,13,1628438,250,Votação na generalidade,2025-07-04,
315342,1,1628489,10,Entrada,2025-07-08,
315342,51,1705807,50,Publicação,2025-07-08,
315342,2,1628762,20,Admissão,2025-07-09,
315342,9,1628763,180,Baixa comissão distribuição inicial generalidade,2025-07-09,
315342,3,1628808,21,Anúncio,2025-07-10,
315342,10,1629040,190,Discussão generalidade,2025-07-16,
315342,13,1629113,250,Votação na generalidade,2025-07-16,
377128,1,1752390,10,Entrada,2026-08-10,
377109,1,1752188,10,Entrada,2026-07-29,
377109,3,1752419,21,Anúncio,2026-08-03,
377138,1,1752475,10,Entrada,2026-08-13,
377114,1,1752219,10,Entrada,2026-07-30,
377114,3,1752424,21,Anúncio,2026-08-03,
315411,1,1629338,10,Entrada,2025-07-24,
315411,51,1717986,50,Publicação,2025-07-24,
315411,2,1629409,20,Admissão,2025-07-25,
315411,9,1629410,180,Baixa comissão distribuição inicial generalidade,2025-07-25,
315411,3,1630019,21,Anúncio,2025-09-10,
315411,10,1717119,190,Discussão generalidade,2026-04-10,
315411,13,1717216,250,Votação na generalidade,2026-04-10,
377127,1,1752370,10,Entrada,2026-08-06,
377144,1,1752517,10,Entrada,2026-08-20,
377147,1,1752538,10,Entrada,2026-08-21,
377149,1,1752546,10,Entrada,2026-08-26,
356107,1,1704380,10,Entrada,2026-02-11,
356107,2,1704506,20,Admissão,2026-02-12,
356107,126,1704507,181,Baixa comissão para discussão,2026-02-12,
356107,3,1704508,21,Anúncio,2026-02-13,
356107,49,1717063,55,Publicação em Separata,2026-04-09,
356107,10,1717195,190,Discussão generalidade,2026-04-16,
356107,13,1717636,250,Votação na generalidade,2026-04-17,
356107,14,1717637,270,Baixa comissão especialidade,2026-04-17,
356107,18,1731891,320,Votação final global,2026-07-17,
356107,133,1731857,348,Envio à Comissão para fixação da Redação final,2026-07-20,
356107,31,1742056,350,Decreto (Publicação),2026-07-23,
356107,23,1752183,370,Envio para promulgação,2026-07-29,
356107,24,1752339,380,Promulgação,2026-08-03,
356107,25,1752340,390,Referenda,2026-08-04,
356107,26,1752341,400,Envio INCM,2026-08-05,
356107,32,1752428,580,Lei (Publicação DR),2026-08-11,
315556,1,1630164,10,Entrada,2025-09-12,
315556,2,1630341,20,Admissão,2025-09-17,
315556,3,1630342,21,Anúncio,2025-09-17,
315556,9,1630343,180,Baixa comissão distribuição inicial generalidade,2025-09-17,
315556,10,1630269,190,Discussão generalidade,2025-09-19,
315556,13,1630857,250,Votação na generalidade,2025-09-26,
315406,1,1629322,10,Entrada,2025-07-24,
315406,51,1717942,50,Publicação,2025-07-24,
315406,2,1629620,20,Admissão,2025-08-27,
315406,9,1629621,180,Baixa comissão distribuição inicial generalidade,2025-08-27,
315406,3,1630017,21,Anúncio,2025-09-10,
315512,1,1629798,10,Entrada,2025-09-02,
315512,2,1630398,20,Admissão,2025-09-17,Despacho PAR: Ressalvando o respeito pelos princípios constitucionais
315512,9,1630399,180,Baixa comissão distribuição inicial generalidade,2025-09-17,
315512,3,1630446,21,Anúncio,2025-09-18,
315512,10,1630429,190,Discussão generalidade,2025-09-25,
315512,13,1630806,250,Votação na generalidade,2025-09-25,
315887,1,1642716,10,Entrada,2025-12-18,
315887,2,1642742,20,Admissão,2025-12-19,
315887,3,1642754,21,Anúncio,2025-12-19,
315887,10,1662987,190,Discussão generalidade,2025-12-19,
315887,13,1642829,250,Votação na generalidade,2025-12-19,
315887,34,1642830,310,Votação na especialidade,2025-12-19,
315887,18,1642832,320,Votação final global,2025-12-19,
315887,81,1642842,341,Requerimento dispensa redação final,2025-12-19,"Requerimento oral, apresentado pelo PSD, solicitando a dispensa de redação final e do prazo para apresentação de reclamações contra inexatidões"
315887,31,1642789,350,Decreto (Publicação),2025-12-19,
315887,23,1642790,370,Envio para promulgação,2025-12-19,
315887,24,1642946,380,Promulgação,2025-12-25,
315887,25,1642947,390,Referenda,2025-12-30,
315887,26,1642948,400,Envio INCM,2025-12-30,
315887,32,1652963,580,Lei (Publicação DR),2025-12-31,
315513,1,1629799,10,Entrada,2025-09-02,
315513,2,1629894,20,Admissão,2025-09-09,
315513,9,1629895,180,Baixa comissão distribuição inicial generalidade,2025-09-09,
315513,3,1630047,21,Anúncio,2025-09-10,
315513,10,1663120,190,Discussão generalidade,2026-01-07,
315513,13,1663332,250,Votação na generalidade,2026-01-09,
315682,1,1631136,10,Entrada,2025-10-10,
315682,2,1641408,20,Admissão,2025-10-15,
315682,9,1641410,180,Baixa comissão distribuição inicial generalidade,2025-10-15,
315682,10,1641248,190,Discussão generalidade,2025-10-16,
315682,3,1641426,21,Anúncio,2025-10-16,
315682,122,1641425,237,Requerimento Baixa Comissão sem Votação (Generalidade),2025-10-16,
315682,12,1641457,240,Nova apreciação comissão generalidade,2025-10-16,
315682,13,1731389,250,Votação na generalidade,2026-07-03,
315382,1,1629184,10,Entrada,2025-07-18,
315382,2,1629232,20,Admissão,2025-07-22,
315382,9,1629233,180,Baixa comissão distribuição inicial generalidade,2025-07-22,
315382,3,1630008,21,Anúncio,2025-09-10,
335930,1,1662970,10,Entrada,2026-01-02,
335930,2,1663048,20,Admissão,2026-01-06,"Despacho do PAR: ""Proceder à Audição dos órgãos do governo próprio das RRAA."""
335930,9,1663049,180,Baixa comissão distribuição inicial generalidade,2026-01-06,Com conexão à 1.ª Comissão.
335930,145,1663105,23,Audição promovida pelo PAR para a ALRAM,2026-01-06,
335930,144,1663106,22,Audição promovida pelo PAR para a ALRAA,2026-01-06,
335930,147,1663107,25,Audição promovida pelo PAR para o Governo da RAM,2026-01-06,
335930,146,1663108,24,Audição promovida pelo PAR para o Governo da RAA,2026-01-06,
335930,3,1663218,21,Anúncio,2026-01-08,
335930,10,1663163,190,Discussão generalidade,2026-01-09,
335930,13,1663379,250,Votação na generalidade,2026-01-09,
335930,151,1683720,175,Parecer do Governo da RAM,2026-01-16,
335930,149,1683646,173,Parecer da ALRAM,2026-01-21,
335930,150,1683650,174,Parecer do Governo da RAA,2026-01-21,
335930,148,1683906,172,Parecer da ALRAA,2026-01-26,
315521,1,1629854,10,Entrada,2025-09-08,
315521,2,1629976,20,Admissão,2025-09-10,"Despacho do PAR: ""Ressalvando o respeito pelos princípios constitucionais."""
315521,9,1629977,180,Baixa comissão distribuição inicial generalidade,2025-09-10,
315521,3,1630377,21,Anúncio,2025-09-17,
315521,10,1705637,190,Discussão generalidade,2026-03-12,
315521,13,1705978,250,Votação na generalidade,2026-03-13,
315383,1,1629185,10,Entrada,2025-07-18,
315383,2,1629290,20,Admissão,2025-07-23,
315383,9,1629292,180,Baixa comissão distribuição inicial generalidade,2025-07-23,
315383,3,1630009,21,Anúncio,2025-09-10,
356139,1,1704575,10,Entrada,2026-02-13,
356139,2,1704713,20,Admissão,2026-02-18,
356139,9,1704714,180,Baixa comissão distribuição inicial generalidade,2026-02-18,
356139,3,1704715,21,Anúncio,2026-02-19,
356139,10,1705206,190,Discussão generalidade,2026-02-26,
356139,13,1705407,250,Votação na generalidade,2026-02-27,
356139,14,1705408,270,Baixa comissão especialidade,2026-02-27,
356139,18,1716686,320,Votação final global,2026-03-26,"Texto Final, apresentado pela Comissão de Saúde, relativo ao Projeto de Lei n.º 428/XVII/1.ª (PAN)"
356139,133,1716995,348,Envio à Comissão para fixação da Redação final,2026-04-07,
356139,31,1717515,350,Decreto (Publicação),2026-04-16,
356139,23,1717763,370,Envio para promulgação,2026-04-22,
356139,24,1728449,380,Promulgação,2026-04-27,
356139,25,1728450,390,Referenda,2026-05-04,
356139,26,1728451,400,Envio INCM,2026-05-06,
356139,32,1728621,580,Lei (Publicação DR),2026-05-08,
315534,1,1629868,10,Entrada,2025-09-08,
315534,2,1629966,20,Admissão,2025-09-09,
315534,9,1629967,180,Baixa comissão distribuição inicial generalidade,2025-09-10,
315534,10,1630419,190,Discussão generalidade,2025-09-24,
315534,13,1630830,250,Votação na generalidade,2025-09-26,
356186,1,1704680,10,Entrada,2026-02-19,
356186,2,1704945,20,Admissão,2026-02-20,
356186,9,1704946,180,Baixa comissão distribuição inicial generalidade,2026-02-20,
356186,3,1704947,21,Anúncio,2026-02-25,
356186,10,1706055,190,Discussão generalidade,2026-03-20,Consta da agenda sem tempos.
356186,13,1716434,250,Votação na generalidade,2026-03-20,"Texto de substituição relativo ao Projeto de Lei n.º 216/XVII/1.ª (PSD, CDS-PP) e ao Projeto de Lei n.º 439/XVII/1.ª (PS), apresentado pela Comissão da Reforma do Estado e Poder Local "
356186,34,1716435,310,Votação na especialidade,2026-03-20,"Texto de substituição relativo ao Projeto de Lei n.º 216/XVII/1.ª (PSD, CDS-PP) e ao Projeto de Lei n.º 439/XVII/1.ª (PS), apresentado pela Comissão da Reforma do Estado e Poder Local "
356186,18,1716436,320,Votação final global,2026-03-20,"Texto de substituição relativo ao Projeto de Lei n.º 216/XVII/1.ª (PSD, CDS-PP) e ao Projeto de Lei n.º 439/XVII/1.ª (PS), apresentado pela Comissão da Reforma do Estado e Poder Local "
356186,133,1716843,348,Envio à Comissão para fixação da Redação final,2026-03-31,
356186,31,1717278,350,Decreto (Publicação),2026-04-14,
356186,23,1717672,370,Envio para promulgação,2026-04-20,
356186,24,1718202,380,Promulgação,2026-04-24,
356186,25,1718203,390,Referenda,2026-04-27,
356186,26,1718204,400,Envio INCM,2026-04-29,
356186,32,1718265,580,Lei (Publicação DR),2026-05-04,
315456,1,1629549,10,Entrada,2025-08-12,
315456,51,1731269,50,Publicação,2025-08-12,
315456,2,1629718,20,Admissão,2025-08-27,
315456,9,1629719,180,Baixa comissão distribuição inicial generalidade,2025-08-27,
315456,3,1630035,21,Anúncio,2025-09-10,
356523,1,1716949,10,Entrada,2026-04-07,
356523,2,1717482,20,Admissão,2026-04-16,
356523,9,1717483,180,Baixa comissão distribuição inicial generalidade,2026-04-16,
356523,3,1717484,21,Anúncio,2026-04-16,
356523,10,1717795,190,Discussão generalidade,2026-04-23,
356523,13,1718060,250,Votação na generalidade,2026-04-24,
356523,14,1718061,270,Baixa comissão especialidade,2026-04-24,
356523,15,1729348,280,Requerimento avocação plenário,2026-05-21,
356523,34,1729539,310,Votação na especialidade,2026-05-22,
356523,18,1729540,320,Votação final global,2026-05-22,
356523,15,1752505,280,Requerimento avocação plenário,2026-05-22,
356523,133,1729793,348,Envio à Comissão para fixação da Redação final,2026-05-29,
356523,31,1730066,350,Decreto (Publicação),2026-06-08,
356523,23,1730303,370,Envio para promulgação,2026-06-15,
356523,24,1731419,380,Promulgação,2026-06-30,
356523,25,1731420,390,Referenda,2026-07-03,
356523,26,1731421,400,Envio INCM,2026-07-08,
356523,32,1731578,580,Lei (Publicação DR),2026-07-14,
315612,1,1630224,10,Entrada,2025-09-16,
315612,2,1630721,20,Admissão,2025-09-23,
315612,9,1630722,180,Baixa comissão distribuição inicial generalidade,2025-09-23,Com conexão à 9.ª Comissão
315612,3,1630749,21,Anúncio,2025-09-24,
315612,10,1630438,190,Discussão generalidade,2025-09-26,
315612,13,1630849,250,Votação na generalidade,2025-09-26,
315531,1,1629864,10,Entrada,2025-09-08,
315531,2,1629970,20,Admissão,2025-09-10,
315531,9,1629971,180,Baixa comissão distribuição inicial generalidade,2025-09-10,
315531,10,1730929,190,Discussão generalidade,2026-07-03,
315531,13,1731322,250,Votação na generalidade,2026-07-03,
315618,1,1630510,10,Entrada,2025-09-19,
315618,2,1630729,20,Admissão,2025-09-23,
315618,9,1630730,180,Baixa comissão distribuição inicial generalidade,2025-09-23,Com conexão à 9.ª Comissão
315618,3,1630753,21,Anúncio,2025-09-24,
315618,10,1630664,190,Discussão generalidade,2025-09-26,
315618,13,1630850,250,Votação na generalidade,2025-09-26,
315560,1,1630169,10,Entrada,2025-09-12,
315560,2,1630405,20,Admissão,2025-09-17,
315560,9,1630407,180,Baixa comissão distribuição inicial generalidade,2025-09-17,
315560,10,1630228,190,Discussão generalidade,2025-09-18,
315560,3,1630447,21,Anúncio,2025-09-18,
315560,13,1630524,250,Votação na generalidade,2025-09-19,
315341,1,1628464,10,Entrada,2025-07-08,
315341,35,1628490,648,Retirada da iniciativa,2025-07-08,
315341,51,1705806,50,Publicação,2025-07-08,
315532,1,1629865,10,Entrada,2025-09-08,
315532,2,1630310,20,Admissão,2025-09-17,
315532,9,1630311,180,Baixa comissão distribuição inicial generalidade,2025-09-17,
315532,3,1630319,21,Anúncio,2025-09-17,
315494,1,1629597,10,Entrada,2025-08-26,
315494,2,1629776,20,Admissão,2025-08-28,
315494,9,1629777,180,Baixa comissão distribuição inicial generalidade,2025-08-28,
315494,3,1630042,21,Anúncio,2025-09-10,
356217,1,1704998,10,Entrada,2026-02-23,
356217,2,1705144,20,Admissão,2026-02-24,Despacho PAR: Ressalvando os limites da norma Travão
356217,9,1705145,180,Baixa comissão distribuição inicial generalidade,2026-02-24,
356217,3,1705146,21,Anúncio,2026-02-25,
356217,10,1705013,190,Discussão generalidade,2026-02-25,
356217,13,1705248,250,Votação na generalidade,2026-02-25,
356217,14,1705249,270,Baixa comissão especialidade,2026-02-25,
356217,18,1716689,320,Votação final global,2026-03-26,"Texto Final, apresentado pela Comissão de Agricultura e Pescas, relativo ao Projeto de Lei n.º 454/XVII/1.ª (PAN)"
356217,133,1717026,348,Envio à Comissão para fixação da Redação final,2026-04-08,
356217,31,1717496,350,Decreto (Publicação),2026-04-16,
356217,23,1717764,370,Envio para promulgação,2026-04-22,
356217,24,1728453,380,Promulgação,2026-04-27,
356217,25,1728454,390,Referenda,2026-05-04,
356217,26,1728455,400,Envio INCM,2026-05-06,
356217,32,1728979,580,Lei (Publicação DR),2026-05-13,
315699,1,1631153,10,Entrada,2025-10-10,
315699,2,1641216,20,Admissão,2025-10-14,
315699,9,1641217,180,Baixa comissão distribuição inicial generalidade,2025-10-14,
315699,3,1641370,21,Anúncio,2025-10-15,
315699,49,1641568,55,Publicação em Separata,2025-10-21,
315699,10,1642296,190,Discussão generalidade,2025-12-04,
315699,13,1642292,250,Votação na generalidade,2025-12-05,
315584,1,1630194,10,Entrada,2025-09-15,
315584,2,1630476,20,Admissão,2025-09-18,Despacho PAR: Ressalvando o respeito pelos princípios constitucionais e os limites da norma Travão
315584,9,1630477,180,Baixa comissão distribuição inicial generalidade,2025-09-18,
315584,3,1630640,21,Anúncio,2025-09-19,
315584,10,1663152,190,Discussão generalidade,2026-01-09,
315584,13,1663364,250,Votação na generalidade,2026-01-09,
315606,1,1630218,10,Entrada,2025-09-16,
315606,2,1630706,20,Admissão,2025-09-23,
315606,9,1630707,180,Baixa comissão distribuição inicial generalidade,2025-09-23,
315606,3,1630743,21,Anúncio,2025-09-24,
315606,10,1630432,190,Discussão generalidade,2025-09-26,
315606,13,1630840,250,Votação na generalidade,2025-09-26,
315626,1,1630586,10,Entrada,2025-09-19,
315626,2,1630733,20,Admissão,2025-09-23,
315626,9,1630734,180,Baixa comissão distribuição inicial generalidade,2025-09-23,
315626,3,1630755,21,Anúncio,2025-09-24,
315626,10,1630658,190,Discussão generalidade,2025-09-25,
315626,13,1630814,250,Votação na generalidade,2025-09-25,
356982,1,1730941,10,Entrada,2026-06-26,
356982,2,1731040,20,Admissão,2026-07-01,"Despacho do PAR: ""Ressalvando os limites da norma Travão."""
356982,9,1731041,180,Baixa comissão distribuição inicial generalidade,2026-07-01,
356982,3,1731042,21,Anúncio,2026-07-02,
356982,10,1731019,190,Discussão generalidade,2026-07-03,
356982,13,1731383,250,Votação na generalidade,2026-07-03,
356966,1,1730735,10,Entrada,2026-06-23,
356966,2,1730894,20,Admissão,2026-06-26,
356966,9,1730895,180,Baixa comissão distribuição inicial generalidade,2026-06-26,Com conexão à 5.ª Comissão
356966,3,1730896,21,Anúncio,2026-07-01,
356966,10,1730934,190,Discussão generalidade,2026-07-03,
356966,13,1731379,250,Votação na generalidade,2026-07-03,
356984,1,1730943,10,Entrada,2026-06-26,
356984,2,1731043,20,Admissão,2026-07-01,
356984,9,1731044,180,Baixa comissão distribuição inicial generalidade,2026-07-01,Com conexão à 5.ª Comissão
356984,3,1731045,21,Anúncio,2026-07-02,
356984,10,1731115,190,Discussão generalidade,2026-07-02,
356984,13,1731264,250,Votação na generalidade,2026-07-02,
356990,1,1730949,10,Entrada,2026-06-26,
356990,2,1731059,20,Admissão,2026-07-01,"Despacho do PAR: ""Ressalvando os limites da norma Travão."""
356990,9,1731060,180,Baixa comissão distribuição inicial generalidade,2026-07-01,
356990,3,1731061,21,Anúncio,2026-07-02,
356990,10,1731021,190,Discussão generalidade,2026-07-03,
356990,13,1731385,250,Votação na generalidade,2026-07-03,
356733,1,1728642,10,Entrada,2026-05-08,
356733,3,1729008,21,Anúncio,2026-05-13,
356733,2,1729007,20,Admissão,2026-05-14,"Despacho PAR ""Ressalvando os limites da norma travão"""
356733,10,1728883,190,Discussão generalidade,2026-05-14,
356733,13,1729034,250,Votação na generalidade,2026-05-14,
356721,1,1728511,10,Entrada,2026-05-06,
356721,3,1728727,21,Anúncio,2026-05-06,
356721,2,1728728,20,Admissão,2026-05-08,
356721,9,1728729,180,Baixa comissão distribuição inicial generalidade,2026-05-08,
356820,1,1729525,10,Entrada,2026-05-26,
356820,2,1729908,20,Admissão,2026-06-02,"Despacho do PAR: ""Nos termos do meu despacho n.º 196/XVII"""
356820,9,1729909,180,Baixa comissão distribuição inicial generalidade,2026-06-02,
356820,3,1729910,21,Anúncio,2026-06-02,
356820,4,1730526,70,Despacho admissibilidade PAR,2026-06-03,Despacho n.º 196/XVII
356782,1,1729366,10,Entrada,2026-05-22,
356782,3,1729685,21,Anúncio,2026-05-22,
356782,2,1729686,20,Admissão,2026-05-28,
356782,9,1729687,180,Baixa comissão distribuição inicial generalidade,2026-05-28,Com conexão à 1.ª comissão
356810,1,1729428,10,Entrada,2026-05-22,
356810,3,1729634,21,Anúncio,2026-05-22,
356810,2,1729635,20,Admissão,2026-05-26,
356810,9,1729636,180,Baixa comissão distribuição inicial generalidade,2026-05-26,Despacho n.º 197/XVI - Pedido de reapreciação da decisão relativa à verificação de conexão material
356817,1,1729465,10,Entrada,2026-05-25,
356817,3,1729758,21,Anúncio,2026-05-27,
356817,2,1729757,20,Admissão,2026-05-29,
356817,9,1729759,180,Baixa comissão distribuição inicial generalidade,2026-05-29,
356824,1,1729677,10,Entrada,2026-05-27,
356824,3,1729711,21,Anúncio,2026-05-27,
356824,2,1729712,20,Admissão,2026-05-28,
356824,9,1729713,180,Baixa comissão distribuição inicial generalidade,2026-05-28,
356844,1,1729814,10,Entrada,2026-06-01,
356844,2,1729946,20,Admissão,2026-06-03,
356844,3,1729947,21,Anúncio,2026-06-03,
356844,9,1729948,180,Baixa comissão distribuição inicial generalidade,2026-06-03,Com conexão à 10.ª Comissão
356886,1,1730116,10,Entrada,2026-06-08,
356886,2,1730217,20,Admissão,2026-06-11,"Despacho do PAR: ""Ressalvando os limites da norma Travão"""
356886,3,1730218,21,Anúncio,2026-06-11,
356886,9,1730219,180,Baixa comissão distribuição inicial generalidade,2026-06-11,
315107,1,1627396,10,Entrada,2025-06-18,
315107,2,1627430,20,Admissão,2025-06-18,
315107,73,1627441,335,Votação Deliberação,2025-06-18,
315107,51,1630633,50,Publicação,2025-06-18,
315107,3,1627617,21,Anúncio,2025-06-25,
315107,74,1627657,365,Deliberação (Publicação DAR),2025-06-26,
315491,1,1629594,10,Entrada,2025-08-25,
315491,2,1629943,20,Admissão,2025-09-17,
315491,3,1630457,21,Anúncio,2025-09-18,
315491,51,1631035,50,Publicação,2025-09-27,
315491,64,1630768,243,Apreciação,2025-09-29,
315491,94,1642032,603,Constituição de uma Comissão de Inquérito,2025-11-28,
356746,1,1728878,10,Entrada,2026-05-12,
356746,3,1729349,21,Anúncio,2026-05-13,
356746,2,1729350,20,Admissão,2026-05-21,
356746,51,1729512,50,Publicação,2026-05-23,
356746,64,1729727,243,Apreciação,2026-06-02,
356746,73,1729967,335,Votação Deliberação,2026-06-03,
356995,1,1730959,10,Entrada,2026-06-29,
356995,2,1731486,20,Admissão,2026-07-08,
356995,9,1731487,180,Baixa comissão distribuição inicial generalidade,2026-07-08,Com conexão à 7.ª
356995,3,1731488,21,Anúncio,2026-07-16,
356906,1,1730272,10,Entrada,2026-06-12,
356906,2,1730461,20,Admissão,2026-06-16,
356906,3,1730462,21,Anúncio,2026-06-17,
356906,10,1731136,190,Discussão generalidade,2026-06-18,
356906,13,1730634,250,Votação na generalidade,2026-06-19,
356109,1,1704382,10,Entrada,2026-02-11,
356109,2,1704486,20,Admissão,2026-02-11,
356109,126,1704487,181,Baixa comissão para discussão,2026-02-11,
356109,3,1704488,21,Anúncio,2026-02-12,
356109,73,1730858,335,Votação Deliberação,2026-06-25,
356109,133,1731524,348,Envio à Comissão para fixação da Redação final,2026-07-09,
356109,57,1742099,360,Resolução (Publicação DAR),2026-07-24,
356109,26,1742100,400,Envio INCM,2026-07-24,
356109,44,1752191,600,Resolução da AR (Publicação DR),2026-07-30,
315898,1,1642916,10,Entrada,2025-12-29,
315898,2,1663062,20,Admissão,2026-01-06,
315898,3,1663242,21,Anúncio,2026-01-08,
315898,64,1663146,243,Apreciação,2026-01-09,
315898,13,1663360,250,Votação na generalidade,2026-01-09,
315899,1,1642917,10,Entrada,2025-12-29,
315899,2,1663063,20,Admissão,2026-01-06,
315899,3,1663243,21,Anúncio,2026-01-08,
315899,64,1663147,243,Apreciação,2026-01-09,
315899,13,1663361,250,Votação na generalidade,2026-01-09,
315795,1,1642031,10,Entrada,2025-11-28,
315795,2,1642137,20,Admissão,2025-12-03,
315795,3,1642138,21,Anúncio,2025-12-04,
356070,1,1694158,10,Entrada,2026-02-03,
356070,2,1704296,20,Admissão,2026-02-05,
356070,126,1704298,181,Baixa comissão para discussão,2026-02-05,
356070,3,1704297,21,Anúncio,2026-02-11,
356070,73,1731326,335,Votação Deliberação,2026-07-03,
356070,57,1732031,360,Resolução (Publicação DAR),2026-07-23,
356070,26,1732032,400,Envio INCM,2026-07-23,
356070,44,1742123,600,Resolução da AR (Publicação DR),2026-07-28,
315912,1,1642937,10,Entrada,2026-01-02,
315912,2,1663092,20,Admissão,2026-01-06,
315912,126,1663093,181,Baixa comissão para discussão,2026-01-06,
315912,3,1663258,21,Anúncio,2026-01-08,
356389,1,1706096,10,Entrada,2026-03-17,
356389,3,1706385,21,Anúncio,2026-03-20,
356389,2,1706386,20,Admissão,2026-03-20,
356389,126,1706387,181,Baixa comissão para discussão,2026-03-20,
356389,64,1728545,243,Apreciação,2026-05-08,
356389,13,1728797,250,Votação na generalidade,2026-05-08,
356389,14,1728798,270,Baixa comissão especialidade,2026-05-08,
356389,18,1730412,320,Votação final global,2026-06-12,
356389,133,1730656,348,Envio à Comissão para fixação da Redação final,2026-06-22,
356389,57,1732010,360,Resolução (Publicação DAR),2026-07-23,
356389,26,1732011,400,Envio INCM,2026-07-23,
356389,44,1742117,600,Resolução da AR (Publicação DR),2026-07-28,
346041,1,1683919,10,Entrada,2026-01-27,
346041,2,1704185,20,Admissão,2026-02-03,
346041,126,1704187,181,Baixa comissão para discussão,2026-02-03,
346041,3,1704186,21,Anúncio,2026-02-11,
346041,64,1705217,243,Apreciação,2026-02-26,
346041,13,1705427,250,Votação na generalidade,2026-02-27,
356376,1,1706023,10,Entrada,2026-03-16,
356376,3,1706326,21,Anúncio,2026-03-18,
356376,2,1706327,20,Admissão,2026-03-18,
356376,126,1706328,181,Baixa comissão para discussão,2026-03-18,
356376,64,1717227,243,Apreciação,2026-04-16,
356376,13,1717684,250,Votação na generalidade,2026-04-17,
356376,14,1717688,270,Baixa comissão especialidade,2026-04-17,
356376,18,1729537,320,Votação final global,2026-05-22,
356376,133,1729912,348,Envio à Comissão para fixação da Redação final,2026-06-02,
356376,57,1730608,360,Resolução (Publicação DAR),2026-06-19,
356376,26,1730688,400,Envio INCM,2026-06-19,
356376,44,1730718,600,Resolução da AR (Publicação DR),2026-06-24,
335952,1,1663282,10,Entrada,2026-01-08,
335952,2,1683409,20,Admissão,2026-01-13,
335952,126,1683410,181,Baixa comissão para discussão,2026-01-13,
335952,3,1683882,21,Anúncio,2026-01-21,
335952,13,1683835,250,Votação na generalidade,2026-01-23,
356072,1,1704162,10,Entrada,2026-02-04,
356072,2,1704299,20,Admissão,2026-02-05,
356072,126,1704301,181,Baixa comissão para discussão,2026-02-05,
356072,3,1704300,21,Anúncio,2026-02-11,
356072,126,1704523,181,Baixa comissão para discussão,2026-02-13,
346011,1,1683517,10,Entrada,2026-01-16,
346011,3,1683725,21,Anúncio,2026-01-21,
346011,2,1683656,20,Admissão,2026-01-22,
346011,64,1683690,243,Apreciação,2026-01-30,
346011,13,1694145,250,Votação na generalidade,2026-01-30,
346049,1,1684056,10,Entrada,2026-01-29,
346049,2,1704202,20,Admissão,2026-02-03,
346049,126,1704204,181,Baixa comissão para discussão,2026-02-03,
346049,3,1704203,21,Anúncio,2026-02-11,
346049,73,1731968,335,Votação Deliberação,2026-07-17,
346023,1,1683627,10,Entrada,2026-01-20,
346023,3,1683896,21,Anúncio,2026-01-21,
346023,2,1684012,20,Admissão,2026-01-27,
346023,126,1684013,181,Baixa comissão para discussão,2026-01-27,
346021,1,1683591,10,Entrada,2026-01-19,
346021,3,1683895,21,Anúncio,2026-01-21,
346021,2,1684010,20,Admissão,2026-01-27,
346021,126,1684011,181,Baixa comissão para discussão,2026-01-27,
356076,1,1704182,10,Entrada,2026-02-04,
356076,2,1704236,20,Admissão,2026-02-04,
356076,3,1704237,21,Anúncio,2026-02-11,
356076,73,1704872,335,Votação Deliberação,2026-02-20,
356076,57,1704895,360,Resolução (Publicação DAR),2026-02-20,
356076,26,1704896,400,Envio INCM,2026-02-20,
356076,44,1705090,600,Resolução da AR (Publicação DR),2026-02-25,
346038,1,1683837,10,Entrada,2026-01-23,
346038,2,1684024,20,Admissão,2026-01-27,
346038,126,1684025,181,Baixa comissão para discussão,2026-01-27,
346038,3,1683903,21,Anúncio,2026-01-28,
356065,1,1694107,10,Entrada,2026-02-02,
356065,2,1704224,20,Admissão,2026-02-03,
356065,126,1704226,181,Baixa comissão para discussão,2026-02-03,
356065,3,1704225,21,Anúncio,2026-02-11,
356065,73,1718091,335,Votação Deliberação,2026-04-24,
356121,1,1704500,10,Entrada,2026-02-12,
356121,2,1704736,20,Admissão,2026-02-18,
356121,3,1704737,21,Anúncio,2026-02-19,
356121,64,1705194,243,Apreciação,2026-02-26,
356121,13,1705390,250,Votação na generalidade,2026-02-27,
356121,14,1705391,270,Baixa comissão especialidade,2026-02-27,
356172,1,1704612,10,Entrada,2026-02-16,
356172,2,1704803,20,Admissão,2026-02-18,
356172,126,1704804,181,Baixa comissão para discussão,2026-02-18,
356172,3,1704805,21,Anúncio,2026-02-19,
356172,64,1704812,243,Apreciação,2026-02-20,
356172,13,1704986,250,Votação na generalidade,2026-02-20,
356172,14,1704987,270,Baixa comissão especialidade,2026-02-20,
346017,1,1683524,10,Entrada,2026-01-16,
346017,3,1683728,21,Anúncio,2026-01-21,
346017,2,1683659,20,Admissão,2026-01-22,
346017,64,1683691,243,Apreciação,2026-01-30,
346017,13,1694146,250,Votação na generalidade,2026-01-30,
315928,1,1642970,10,Entrada,2026-01-02,
315928,2,1663080,20,Admissão,2026-01-06,
315928,3,1663264,21,Anúncio,2026-01-08,
346057,1,1684066,10,Entrada,2026-01-30,
346057,2,1704212,20,Admissão,2026-02-03,
346057,126,1704214,181,Baixa comissão para discussão,2026-02-03,
346057,3,1704213,21,Anúncio,2026-02-11,
356369,1,1705959,10,Entrada,2026-03-14,
356369,3,1706310,21,Anúncio,2026-03-18,
356369,2,1706311,20,Admissão,2026-03-18,
356369,126,1706312,181,Baixa comissão para discussão,2026-03-18,
356369,73,1718094,335,Votação Deliberação,2026-04-24,
356369,133,1728578,348,Envio à Comissão para fixação da Redação final,2026-05-06,
356369,57,1729176,360,Resolução (Publicação DAR),2026-05-15,
356369,26,1729177,400,Envio INCM,2026-05-15,
356369,44,1729272,600,Resolução da AR (Publicação DR),2026-05-20,
356166,1,1704602,10,Entrada,2026-02-13,
356166,2,1704792,20,Admissão,2026-02-18,
356166,3,1704793,21,Anúncio,2026-02-19,
356166,64,1705214,243,Apreciação,2026-02-26,
356166,13,1705423,250,Votação na generalidade,2026-02-27,
356166,14,1705424,270,Baixa comissão especialidade,2026-02-27,
356323,1,1705785,10,Entrada,2026-03-09,
356323,3,1706242,21,Anúncio,2026-03-18,
356323,2,1706243,20,Admissão,2026-03-18,
356323,126,1706244,181,Baixa comissão para discussão,2026-03-18,
356323,73,1718093,335,Votação Deliberação,2026-04-24,
356323,133,1728473,348,Envio à Comissão para fixação da Redação final,2026-05-06,
356323,57,1729172,360,Resolução (Publicação DAR),2026-05-15,
356323,26,1729173,400,Envio INCM,2026-05-15,
356323,44,1729270,600,Resolução da AR (Publicação DR),2026-05-20,
356371,1,1705961,10,Entrada,2026-03-16,
356371,3,1706316,21,Anúncio,2026-03-18,
356371,2,1706317,20,Admissão,2026-03-18,
356371,126,1706318,181,Baixa comissão para discussão,2026-03-18,
356371,73,1717245,335,Votação Deliberação,2026-04-10,
356371,133,1717838,348,Envio à Comissão para fixação da Redação final,2026-04-22,
356371,57,1728730,360,Resolução (Publicação DAR),2026-05-08,
356371,26,1728731,400,Envio INCM,2026-05-08,
356371,44,1728826,600,Resolução da AR (Publicação DR),2026-05-12,
356125,1,1704504,10,Entrada,2026-02-12,
356125,2,1704746,20,Admissão,2026-02-18,
356125,126,1704747,181,Baixa comissão para discussão,2026-02-18,
356125,3,1704748,21,Anúncio,2026-02-19,
356427,1,1716601,10,Entrada,2026-03-25,
356427,2,1716815,20,Admissão,2026-03-31,
356427,3,1716816,21,Anúncio,2026-04-01,
356427,64,1717102,243,Apreciação,2026-04-10,
356427,13,1717176,250,Votação na generalidade,2026-04-10,
356427,14,1717178,270,Baixa comissão especialidade,2026-04-10,
356427,18,1729203,320,Votação final global,2026-05-15,
356427,133,1729412,348,Envio à Comissão para fixação da Redação final,2026-05-22,
356427,57,1730071,360,Resolução (Publicação DAR),2026-06-08,
356427,26,1730073,400,Envio INCM,2026-06-08,
356427,44,1730293,600,Resolução da AR (Publicação DR),2026-06-15,
356152,1,1704588,10,Entrada,2026-02-13,
356152,2,1704768,20,Admissão,2026-02-18,
356152,3,1704769,21,Anúncio,2026-02-19,
356152,64,1705182,243,Apreciação,2026-02-26,
356152,13,1705377,250,Votação na generalidade,2026-02-27,
356449,1,1716789,10,Entrada,2026-03-30,
356449,2,1717429,20,Admissão,2026-04-15,
356449,3,1717430,21,Anúncio,2026-04-16,
356449,64,1717186,243,Apreciação,2026-04-16,
356449,13,1717620,250,Votação na generalidade,2026-04-17,
356449,14,1717621,270,Baixa comissão especialidade,2026-04-17,
356449,18,1718112,320,Votação final global,2026-04-24,"Texto Final, relativo ao Projeto de Resolução n.º 483/XVII/1. ª (PSD), Projeto de Resolução n.º 767/XVII/1. ª (CH), Projeto de Resolução n.º 768/XVII/1. ª (IL), Projeto de Resolução n.º 772/XVII/1. ª (CDS-PP), Projeto de Resolução n.º 790/XVII/1. ª (PAN), Projeto de Resolução n.º 804/XVII/1. ª (L) Projeto de Resolução n.º 807/XVII/1. ª (PS) e ao Projeto de Resolução n.º 808/XVII/1. ª (PS)"
356449,133,1728466,348,Envio à Comissão para fixação da Redação final,2026-05-06,
356449,57,1729229,360,Resolução (Publicação DAR),2026-05-18,
356449,26,1729230,400,Envio INCM,2026-05-18,
356449,44,1729282,600,Resolução da AR (Publicação DR),2026-05-20,
356459,1,1716802,10,Entrada,2026-03-31,
356459,2,1717077,20,Admissão,2026-04-10,
356459,3,1717078,21,Anúncio,2026-04-10,
356459,64,1717104,243,Apreciação,2026-04-10,
356459,13,1717183,250,Votação na generalidade,2026-04-10,
356459,14,1717190,270,Baixa comissão especialidade,2026-04-10,
356459,18,1729204,320,Votação final global,2026-05-15,
356459,133,1729414,348,Envio à Comissão para fixação da Redação final,2026-05-22,
356459,57,1730072,360,Resolução (Publicação DAR),2026-06-08,
356459,26,1730074,400,Envio INCM,2026-06-08,
356459,44,1730294,600,Resolução da AR (Publicação DR),2026-06-15,
356486,1,1716863,10,Entrada,2026-03-31,
356486,2,1717431,20,Admissão,2026-04-15,
356486,3,1717432,21,Anúncio,2026-04-16,
356486,64,1717187,243,Apreciação,2026-04-16,
356486,13,1717622,250,Votação na generalidade,2026-04-17,
356486,14,1717623,270,Baixa comissão especialidade,2026-04-17,
356486,18,1718113,320,Votação final global,2026-04-24,"Texto Final, relativo ao Projeto de Resolução n.º 483/XVII/1. ª (PSD), Projeto de Resolução n.º 767/XVII/1. ª (CH), Projeto de Resolução n.º 768/XVII/1. ª (IL), Projeto de Resolução n.º 772/XVII/1. ª (CDS-PP), Projeto de Resolução n.º 790/XVII/1. ª (PAN), Projeto de Resolução n.º 804/XVII/1. ª (L) Projeto de Resolução n.º 807/XVII/1. ª (PS) e ao Projeto de Resolução n.º 808/XVII/1. ª (PS)"
356486,133,1728467,348,Envio à Comissão para fixação da Redação final,2026-05-06,
356486,57,1729231,360,Resolução (Publicação DAR),2026-05-18,
356486,26,1729232,400,Envio INCM,2026-05-18,
356486,44,1729283,600,Resolução da AR (Publicação DR),2026-05-20,
356178,1,1704671,10,Entrada,2026-02-16,
356178,2,1704920,20,Admissão,2026-02-20,
356178,126,1704921,181,Baixa comissão para discussão,2026-02-20,
356178,3,1704922,21,Anúncio,2026-02-25,
356178,73,1705601,335,Votação Deliberação,2026-03-06,
356477,1,1716853,10,Entrada,2026-03-31,
356477,2,1717320,20,Admissão,2026-04-15,
356477,3,1717321,21,Anúncio,2026-04-16,
356477,64,1717816,243,Apreciação,2026-04-23,
356477,13,1718077,250,Votação na generalidade,2026-04-24,
356477,14,1718078,270,Baixa comissão especialidade,2026-04-24,
356477,18,1731914,320,Votação final global,2026-07-17,
356477,133,1731999,348,Envio à Comissão para fixação da Redação final,2026-07-21,
356477,57,1752207,360,Resolução (Publicação DAR),2026-07-30,
356477,26,1752208,400,Envio INCM,2026-07-30,
356477,44,1752235,600,Resolução da AR (Publicação DR),2026-08-03,
356465,1,1716809,10,Entrada,2026-03-31,
356465,2,1717354,20,Admissão,2026-04-15,
356465,126,1717355,181,Baixa comissão para discussão,2026-04-15,
356465,3,1717356,21,Anúncio,2026-04-16,
356465,13,1729534,250,Votação na generalidade,2026-05-22,
356465,14,1729535,270,Baixa comissão especialidade,2026-05-22,
356465,18,1730408,320,Votação final global,2026-06-12,
356465,133,1730611,348,Envio à Comissão para fixação da Redação final,2026-06-22,
356465,57,1731511,360,Resolução (Publicação DAR),2026-07-09,
356465,44,1731558,600,Resolução da AR (Publicação DR),2026-07-13,
356503,1,1716880,10,Entrada,2026-03-31,
356503,2,1717085,20,Admissão,2026-04-09,
356503,3,1717086,21,Anúncio,2026-04-10,
356503,64,1717117,243,Apreciação,2026-04-10,
356503,13,1717214,250,Votação na generalidade,2026-04-10,
356503,14,1717215,270,Baixa comissão especialidade,2026-04-10,
356503,18,1728838,320,Votação final global,2026-05-08,
356503,133,1729240,348,Envio à Comissão para fixação da Redação final,2026-05-18,
356503,57,1729342,360,Resolução (Publicação DAR),2026-05-21,
356503,26,1729343,400,Envio INCM,2026-05-21,
356503,44,1729486,600,Resolução da AR (Publicação DR),2026-05-26,
356549,1,1717056,10,Entrada,2026-04-09,
356549,2,1717416,20,Admissão,2026-04-16,
356549,126,1717417,181,Baixa comissão para discussão,2026-04-16,
356549,3,1717418,21,Anúncio,2026-04-16,
356549,64,1729062,243,Apreciação,2026-05-21,
356549,13,1729460,250,Votação na generalidade,2026-05-22,
356549,14,1729461,270,Baixa comissão especialidade,2026-05-22,
356549,18,1730017,320,Votação final global,2026-06-03,"Texto final, apresentado pela Comissão de Agricultura e Pescas, relativo ao Projeto de Resolução n.º 833/XVII/1.ª (L)"
356549,133,1730435,348,Envio à Comissão para fixação da Redação final,2026-06-16,
356549,57,1730831,360,Resolução (Publicação DAR),2026-06-26,
356549,26,1730832,400,Envio INCM,2026-06-26,
356549,44,1730927,600,Resolução da AR (Publicação DR),2026-06-29,
356197,1,1704844,10,Entrada,2026-02-19,
356197,2,1705150,20,Admissão,2026-02-24,
356197,126,1705151,181,Baixa comissão para discussão,2026-02-24,
356197,3,1705152,21,Anúncio,2026-02-25,
356197,73,1716481,335,Votação Deliberação,2026-03-20,
356248,1,1705341,10,Entrada,2026-02-27,
356248,3,1705616,21,Anúncio,2026-03-04,
356248,2,1705767,20,Admissão,2026-03-06,
356248,64,1705481,243,Apreciação,2026-03-06,
356248,13,1705597,250,Votação na generalidade,2026-03-06,
356248,14,1705598,270,Baixa comissão especialidade,2026-03-06,
356390,1,1706098,10,Entrada,2026-03-18,
356390,3,1706383,21,Anúncio,2026-03-20,
356390,2,1706384,20,Admissão,2026-03-20,
356390,64,1706276,243,Apreciação,2026-03-20,Consta da agenda sem tempos.
356390,73,1716443,335,Votação Deliberação,2026-03-20,
356390,133,1716955,348,Envio à Comissão para fixação da Redação final,2026-04-03,
356390,57,1717585,360,Resolução (Publicação DAR),2026-04-16,
356390,26,1717586,400,Envio INCM,2026-04-16,
356390,44,1717687,600,Resolução da AR (Publicação DR),2026-04-20,
356507,1,1716885,10,Entrada,2026-03-31,
356507,2,1717421,20,Admissão,2026-04-15,
356507,3,1717422,21,Anúncio,2026-04-16,
356507,64,1717191,243,Apreciação,2026-04-16,
356507,13,1717652,250,Votação na generalidade,2026-04-17,
356507,14,1717653,270,Baixa comissão especialidade,2026-04-17,
356507,18,1718115,320,Votação final global,2026-04-24,"Texto Final, relativo ao Projeto de Resolução n.º 483/XVII/1. ª (PSD), Projeto de Resolução n.º 767/XVII/1. ª (CH), Projeto de Resolução n.º 768/XVII/1. ª (IL), Projeto de Resolução n.º 772/XVII/1. ª (CDS-PP), Projeto de Resolução n.º 790/XVII/1. ª (PAN), Projeto de Resolução n.º 804/XVII/1. ª (L) Projeto de Resolução n.º 807/XVII/1. ª (PS) e ao Projeto de Resolução n.º 808/XVII/1. ª (PS)"
356507,133,1728469,348,Envio à Comissão para fixação da Redação final,2026-05-06,
356507,57,1729235,360,Resolução (Publicação DAR),2026-05-18,
356507,26,1729236,400,Envio INCM,2026-05-18,
356507,44,1729285,600,Resolução da AR (Publicação DR),2026-05-20,
356181,1,1704674,10,Entrada,2026-02-18,
356181,2,1704928,20,Admissão,2026-02-20,
356181,126,1704929,181,Baixa comissão para discussão,2026-02-20,
356181,3,1704930,21,Anúncio,2026-02-25,
356296,1,1705543,10,Entrada,2026-03-06,
356296,3,1706228,21,Anúncio,2026-03-18,
356296,2,1706229,20,Admissão,2026-03-18,
356296,64,1706077,243,Apreciação,2026-03-20,
356296,13,1716471,250,Votação na generalidade,2026-03-20,
356296,14,1716472,270,Baixa comissão especialidade,2026-03-20,
356432,1,1716681,10,Entrada,2026-03-27,
356432,2,1716820,20,Admissão,2026-03-31,
356432,126,1716821,181,Baixa comissão para discussão,2026-03-31,
356432,3,1716822,21,Anúncio,2026-04-01,
356432,73,1730665,335,Votação Deliberação,2026-06-19,
356432,133,1730835,348,Envio à Comissão para fixação da Redação final,2026-06-26,
356432,57,1731183,360,Resolução (Publicação DAR),2026-07-02,
356432,26,1731184,400,Envio INCM,2026-07-02,
356432,44,1731366,600,Resolução da AR (Publicação DR),2026-07-06,
356196,1,1704843,10,Entrada,2026-02-19,
356196,2,1704937,20,Admissão,2026-02-20,
356196,3,1704938,21,Anúncio,2026-02-20,
356196,64,1704870,243,Apreciação,2026-02-20,
356196,13,1705067,250,Votação na generalidade,2026-02-20,
