IniId,EvtId,Fase,DataFase,Resultado,Detalhe,Favor,Contra,Abstencao
315160,122,Requerimento Baixa Comissão sem Votação (Generalidade),2025-07-04,Aprovado,"A Favor: <I>PSD</I>, <I> CH</I>, <I> PS</I>, <I> IL</I>, <I> L</I>, <I> CDS-PP</I>, <I> PAN</I>, <I> JPP</I><BR>Contra:<I>PCP</I>, <I> BE</I>",,,
315160,13,Votação na generalidade,2025-10-28,Aprovado,"A Favor: <I>PSD</I>, <I> CH</I>, <I> IL</I>, <I> CDS-PP</I><BR>Contra:<I>PS</I>, <I> L</I>, <I> PCP</I>, <I> BE</I>, <I> PAN</I><BR>Abstenção:<I>JPP</I>",,,
315160,13,Votação na generalidade,2025-10-28,Aprovado,"A Favor: <I>PSD</I>, <I> CH</I>, <I> IL</I>, <I> CDS-PP</I><BR>Contra:<I>CH</I>, <I> L</I>, <I> PCP</I>, <I> BE</I>, <I> PAN</I><BR>Abstenção:<I>JPP</I>",,,
315160,18,Votação final global,2025-10-28,Aprovado,"A Favor: <I>86-PSD</I>, <I> 59-CH</I>, <I> 9-IL</I>, <I> 2-CDS-PP</I>, <I> 1-JPP</I><BR>Contra:<I>54-PS</I>, <I> 5-L</I>, <I> 3-PCP</I>, <I> 1-BE</I>, <I> 1-PAN</I>",,,
315160,18,Votação final global,2025-10-28,Aprovado,"A Favor: <I>86-PSD</I>, <I> 59-CH</I>, <I> 9-IL</I>, <I> 2-CDS-PP</I>, <I> 1-JPP</I><BR>Contra:<I>54-PS</I>, <I> 5-L</I>, <I> 3-PCP</I>, <I> 1-BE</I>, <I> 1-PAN</I>",,,
315160,100,Votação novo decreto,2026-04-01,Aprovado,"A Favor: <I>85-PSD</I>, <I> 57-CH</I>, <I> 8-IL</I>, <I> 2-CDS-PP</I><BR>Contra:<I>54-PS</I>, <I> 6-L</I>, <I> 2-PCP</I>, <I> 1-BE</I>, <I> 1-PAN</I><BR>Abstenção:<I>1-JPP</I>",,,
315160,100,Votação novo decreto,2026-04-01,Aprovado,"A Favor: <I>85-PSD</I>, <I> 56-CH</I>, <I> 8-IL</I>, <I> 2-CDS-PP</I><BR>Contra:<I>54-PS</I>, <I> 6-L</I>, <I> 2-PCP</I>, <I> 1-BE</I>, <I> 1-PAN</I>, <I> 1-JPP</I>",,,
315160,112,Confirmação do decreto,2026-07-03,Rejeitado,"A Favor: <I>54-CH</I>, <I> 2-CDS-PP</I><BR>Contra:<I>80-PSD</I>, <I> 53-PS</I>, <I> 7-IL</I>, <I> 6-L</I>, <I> 3-PCP</I>, <I> 1-BE</I>, <I> 1-PAN</I>, <I> 1-JPP</I>",,,
315261,13,Votação na generalidade,2025-09-19,Aprovado,"A Favor: <I>PSD</I>, <I> CDS-PP</I>, <I> PAN</I>, <I> JPP</I><BR>Contra:<I>PS</I>, <I> L</I>, <I> PCP</I><BR>Abstenção:<I>CH</I>, <I> IL</I>",,,
315261,18,Votação final global,2025-09-30,Aprovado,"A Favor: <I>PSD</I>, <I> CDS-PP</I>, <I> PAN</I>, <I> JPP</I><BR>Contra:<I>PS</I>, <I> L</I>, <I> PCP</I>, <I> BE</I><BR>Abstenção:<I>CH</I>, <I> IL</I>",,,
315261,81,Requerimento dispensa redação final,2025-09-30,Aprovado,"A Favor: <I>PSD</I>, <I> CH</I>, <I> IL</I>, <I> L</I>, <I> PCP</I>, <I> CDS-PP</I>, <I> BE</I>, <I> PAN</I>, <I> JPP</I><BR>Abstenção:<I>PS</I>",,,
315261,135,Requerimento dispensa do prazo previsto Artº 157 RAR,2025-09-30,Aprovado,"A Favor: <I>PSD</I>, <I> CH</I>, <I> IL</I>, <I> L</I>, <I> PCP</I>, <I> CDS-PP</I>, <I> BE</I>, <I> PAN</I>, <I> JPP</I><BR>Abstenção:<I>PS</I>",,,
315352,13,Votação na generalidade,2025-07-16,Aprovado,"A Favor: <I>PSD</I>, <I> CH</I>, <I> PS</I>, <I> CDS-PP</I>, <I> JPP</I><BR>Contra:<I>PCP</I>, <I> BE</I><BR>Abstenção:<I>IL</I>, <I> L</I>, <I> PAN</I>",,,
315352,34,Votação na especialidade,2025-07-16,Aprovado,"A Favor: <I>PSD</I>, <I> CH</I>, <I> PS</I>, <I> CDS-PP</I>, <I> JPP</I><BR>Contra:<I>PCP</I>, <I> BE</I><BR>Abstenção:<I>IL</I>, <I> L</I>, <I> PAN</I>",,,
315352,18,Votação final global,2025-07-16,Aprovado,"A Favor: <I>PSD</I>, <I> CH</I>, <I> PS</I>, <I> CDS-PP</I>, <I> JPP</I><BR>Contra:<I>PCP</I>, <I> BE</I><BR>Abstenção:<I>IL</I>, <I> L</I>, <I> PAN</I>",,,
315352,152,Requerimento,2025-07-16,Aprovado,,,,
315757,13,Votação na generalidade,2025-12-12,Aprovado,"A Favor: <I>PSD</I>, <I> CH</I>, <I> PS</I>, <I> IL</I>, <I> L</I>, <I> CDS-PP</I>, <I> PAN</I>, <I> JPP</I><BR>Contra:<I>PCP</I>",,,
315757,34,Votação na especialidade,2025-12-12,Aprovado,"A Favor: <I>PSD</I>, <I> CH</I>, <I> PS</I>, <I> IL</I>, <I> L</I>, <I> CDS-PP</I>, <I> PAN</I>, <I> JPP</I><BR>Contra:<I>PCP</I>",,,
315757,18,Votação final global,2025-12-12,Aprovado,"A Favor: <I>PSD</I>, <I> CH</I>, <I> PS</I>, <I> IL</I>, <I> L</I>, <I> CDS-PP</I>, <I> PAN</I>, <I> JPP</I><BR>Contra:<I>PCP</I>",,,
315764,13,Votação na generalidade,2025-12-12,Aprovado,"A Favor: <I>PSD</I>, <I> PS</I>, <I> IL</I>, <I> L</I>, <I> CDS-PP</I>, <I> PAN</I>, <I> JPP</I><BR>Contra:<I>PCP</I><BR>Abstenção:<I>CH</I>",,,
315764,34,Votação na especialidade,2025-12-12,Aprovado,"A Favor: <I>PSD</I>, <I> IL</I>, <I> CDS-PP</I>, <I> PAN</I>, <I> JPP</I><BR>Contra:<I>PCP</I><BR>Abstenção:<I>CH</I>, <I> PS</I>, <I> L</I>",,,
315764,18,Votação final global,2025-12-12,Aprovado,"A Favor: <I>PSD</I>, <I> PS</I>, <I> IL</I>, <I> L</I>, <I> CDS-PP</I>, <I> PAN</I>, <I> JPP</I><BR>Contra:<I>PCP</I><BR>Abstenção:<I>CH</I>",,,
356751,13,Votação na generalidade,2026-06-12,Aprovado,"A Favor: <I>PSD</I>, <I> IL</I>, <I> CDS-PP</I><BR>Contra:<I>PS</I>, <I> L</I>, <I> PCP</I>, <I> BE</I>, <I> PAN</I>, <I> JPP</I><BR>Abstenção:<I>CH</I>",,,
356751,15,Requerimento avocação plenário,2026-07-17,Aprovado,,,,
356751,18,Votação final global,2026-07-17,Aprovado,"A Favor: <I>PSD</I>, <I> IL</I>, <I> CDS-PP</I><BR>Contra:<I>PS</I>, <I> L</I>, <I> PCP</I>, <I> BE</I>, <I> PAN</I>, <I> JPP</I><BR>Abstenção:<I>CH</I>",,,
356751,81,Requerimento dispensa redação final,2026-07-17,Rejeitado,"A Favor: <I>PSD</I>, <I> CH</I>, <I> PS</I>, <I> IL</I>, <I> CDS-PP</I>, <I> PAN</I>, <I> JPP</I><BR>Contra:<I>L</I>, <I> PCP</I>, <I> BE</I>",,,
315357,56,Votação global,2025-09-30,Aprovado,"A Favor: <I>PSD</I>, <I> CH</I>, <I> PS</I>, <I> L</I>, <I> PCP</I>, <I> CDS-PP</I>, <I> PAN</I>, <I> JPP</I><BR>Abstenção:<I>IL</I>, <I> BE</I>",,,
315874,56,Votação global,2025-12-19,Aprovado,"A Favor: <I>PSD</I>, <I> CH</I>, <I> PS</I>, <I> IL</I>, <I> L</I>, <I> CDS-PP</I>, <I> PAN</I>, <I> JPP</I><BR>Abstenção:<I>PCP</I>, <I> BE</I>",,,
315874,152,Requerimento,2025-12-19,Aprovado,,,,
345968,13,Votação na generalidade,2026-02-18,Aprovado,"A Favor: <I>6-PSD</I>, <I> CH</I>, <I> PS</I>, <I> IL</I>, <I> L</I>, <I> PCP</I>, <I> BE</I>, <I> PAN</I>, <I> JPP</I>, <I> Paulo Moniz (PSD)</I>, <I> Francisco Pimentel (PSD)</I>, <I> Nuna Menezes (PSD)</I>, <I> Pedro Coelho (PSD)</I>, <I> Vânia Jesus (PSD)</I>, <I> Paulo Neves (PSD)</I><BR>Contra:<I>PSD</I>, <I> CDS-PP</I>",,,
356767,13,Votação na generalidade,2026-06-03,Aprovado,"A Favor: <I>PSD</I>, <I> CH</I>, <I> PS</I>, <I> IL</I>, <I> L</I>, <I> CDS-PP</I>, <I> PAN</I><BR>Abstenção:<I>PCP</I>, <I> BE</I>, <I> JPP</I>",,,
356767,18,Votação final global,2026-07-17,Aprovado,"A Favor: <I>PSD</I>, <I> CH</I>, <I> PS</I>, <I> L</I>, <I> CDS-PP</I>, <I> PAN</I>, <I> JPP</I><BR>Abstenção:<I>IL</I>, <I> PCP</I>, <I> BE</I>",,,
356520,13,Votação na generalidade,2026-04-08,Aprovado,,,,
356520,34,Votação na especialidade,2026-04-08,Aprovado,,,,
356520,18,Votação final global,2026-04-08,Aprovado,,,,
356519,56,Votação global,2026-04-30,Aprovado,"A Favor: <I>PSD</I>, <I> CH</I>, <I> PS</I>, <I> IL</I>, <I> L</I>, <I> CDS-PP</I>, <I> BE</I>, <I> JPP</I><BR>Abstenção:<I>PCP</I>, <I> PAN</I>",,,
356518,56,Votação global,2026-04-30,Aprovado,"A Favor: <I>PSD</I>, <I> CH</I>, <I> PS</I>, <I> IL</I>, <I> L</I>, <I> CDS-PP</I>, <I> JPP</I><BR>Contra:<I>PCP</I>, <I> BE</I><BR>Abstenção:<I>PAN</I>",,,
315050,13,Votação na generalidade,2025-07-11,Aprovado,"A Favor: <I>PS</I>, <I> IL</I>, <I> L</I>, <I> BE</I>, <I> PAN</I>, <I> JPP</I><BR>Contra:<I>CH</I><BR>Abstenção:<I>PSD</I>, <I> PCP</I>, <I> CDS-PP</I>",,,
315050,18,Votação final global,2025-10-28,Aprovado,"A Favor: <I>PS</I>, <I> IL</I>, <I> L</I>, <I> BE</I>, <I> PAN</I>, <I> JPP</I><BR>Contra:<I>CH</I><BR>Abstenção:<I>PSD</I>, <I> PCP</I>, <I> CDS-PP</I>",,,
315045,13,Votação na generalidade,2025-09-26,Aprovado,"A Favor: <I>CH</I>, <I> PS</I>, <I> L</I>, <I> PCP</I>, <I> BE</I>, <I> PAN</I>, <I> JPP</I><BR>Contra:<I>PSD</I>, <I> CDS-PP</I><BR>Abstenção:<I>IL</I>",,,
315045,18,Votação final global,2026-01-09,Aprovado,"A Favor: <I>CH</I>, <I> PS</I>, <I> IL</I>, <I> L</I>, <I> PCP</I>, <I> BE</I>, <I> PAN</I>, <I> JPP</I><BR>Contra:<I>PSD</I>, <I> CDS-PP</I>",,,
315102,13,Votação na generalidade,2025-07-04,Aprovado,"A Favor: <I>CH</I>, <I> PS</I>, <I> BE</I>, <I> PAN</I>, <I> JPP</I><BR>Contra:<I>PSD</I><BR>Abstenção:<I>IL</I>, <I> L</I>, <I> PCP</I>, <I> CDS-PP</I>",,,
315102,18,Votação final global,2025-10-28,Aprovado,,,,
356442,122,Requerimento Baixa Comissão sem Votação (Generalidade),2026-05-15,Aprovado,"A Favor: <I>PSD</I>, <I> CH</I>, <I> PS</I>, <I> IL</I>, <I> L</I>, <I> CDS-PP</I>, <I> PAN</I>, <I> JPP</I><BR>Abstenção:<I>PCP</I>, <I> BE</I>",,,
315142,13,Votação na generalidade,2025-06-27,Aprovado,"A Favor: <I>PSD</I>, <I> PS</I>, <I> IL</I>, <I> L</I>, <I> CDS-PP</I>, <I> BE</I>, <I> JPP</I><BR>Abstenção:<I>CH</I>, <I> PCP</I>, <I> PAN</I>",,,
315142,18,Votação final global,2025-12-19,Aprovado,"A Favor: <I>CH</I>, <I> PS</I>, <I> IL</I>, <I> L</I>, <I> PCP</I>, <I> CDS-PP</I>, <I> BE</I>, <I> PAN</I>, <I> JPP</I><BR>Abstenção:<I>PSD</I>",,,
315265,13,Votação na generalidade,2025-07-11,Aprovado,"A Favor: <I>PSD</I>, <I> CH</I>, <I> PS</I>, <I> IL</I>, <I> CDS-PP</I>, <I> BE</I>, <I> PAN</I>, <I> JPP</I><BR>Abstenção:<I>L</I>, <I> PCP</I>",,,
315265,18,Votação final global,2026-02-27,Aprovado,"A Favor: <I>PSD</I>, <I> CH</I>, <I> PS</I>, <I> IL</I>, <I> CDS-PP</I>, <I> BE</I>, <I> PAN</I>, <I> JPP</I><BR>Abstenção:<I>L</I>, <I> PCP</I>",,,
315367,13,Votação na generalidade,2025-09-26,Aprovado,"A Favor: <I>CH</I>, <I> PS</I>, <I> L</I>, <I> BE</I>, <I> PAN</I>, <I> JPP</I><BR>Contra:<I>PCP</I><BR>Abstenção:<I>PSD</I>, <I> IL</I>, <I> CDS-PP</I>",,,
315367,18,Votação final global,2025-10-28,Aprovado,"A Favor: <I>PSD</I>, <I> CH</I>, <I> PS</I>, <I> L</I>, <I> PCP</I>, <I> CDS-PP</I>, <I> BE</I>, <I> PAN</I>, <I> JPP</I><BR>Abstenção:<I>IL</I>",,,
315272,13,Votação na generalidade,2025-07-11,Aprovado,"A Favor: <I>PSD</I>, <I> CH</I>, <I> CDS-PP</I>, <I> JPP</I><BR>Abstenção:<I>PS</I>, <I> IL</I>, <I> L</I>, <I> PCP</I>, <I> BE</I>, <I> PAN</I>",,,
315272,18,Votação final global,2025-10-17,Aprovado,"A Favor: <I>PSD</I>, <I> CH</I>, <I> PS</I>, <I> CDS-PP</I>, <I> JPP</I><BR>Abstenção:<I>IL</I>, <I> L</I>, <I> PCP</I>, <I> BE</I>, <I> PAN</I>",,,
315032,73,Votação Deliberação,2025-06-03,Aprovado,,,,
315037,13,Votação na generalidade,2025-07-11,Rejeitado,"A Favor: <I>13-PS</I>, <I> L</I>, <I> PCP</I>, <I> BE</I>, <I> PAN</I>, <I> JPP</I>, <I> Pedro Nuno Santos (PS)</I>, <I> Luís Graça (PS)</I>, <I> Edite Estrela (PS)</I>, <I> Frederico Francisco (PS)</I>, <I> Pedro Vaz (PS)</I>, <I> Isabel Alves Moreira (PS)</I>, <I> Eva Cruzeiro (PS)</I>, <I> Miguel Matos (PS)</I>, <I> Sofia Pereira (PS)</I>, <I> Dália Miranda (PS)</I>, <I> José Carlos Barbosa (PS)</I>, <I> Marina Gonçalves (PS)</I>, <I> Rui Jorge Santos (PS)</I><BR>Contra:<I>PSD</I>, <I> CH</I>, <I> IL</I>, <I> CDS-PP</I><BR>Abstenção:<I>PS</I>",,,
315081,73,Votação Deliberação,2025-06-18,Aprovado,"A Favor: <I>PSD</I>, <I> CH</I>, <I> PS</I>, <I> L</I>, <I> PCP</I>, <I> CDS-PP</I>, <I> BE</I>, <I> PAN</I>, <I> JPP</I><BR>Contra:<I>IL</I>",,,
315358,13,Votação na generalidade,2026-01-30,Aprovado,"A Favor: <I>CH</I>, <I> PS</I>, <I> IL</I>, <I> CDS-PP</I>, <I> PAN</I>, <I> JPP</I><BR>Contra:<I>PCP</I><BR>Abstenção:<I>PSD</I>, <I> L</I>, <I> BE</I>",,,
315358,18,Votação final global,2026-06-12,Aprovado,"A Favor: <I>CH</I>, <I> PS</I>, <I> IL</I>, <I> L</I>, <I> CDS-PP</I>, <I> JPP</I><BR>Abstenção:<I>PSD</I>, <I> PCP</I>, <I> BE</I>, <I> PAN</I>",,,
315049,13,Votação na generalidade,2025-07-11,Rejeitado,"A Favor: <I>PS</I>, <I> L</I>, <I> BE</I>, <I> PAN</I><BR>Contra:<I>PSD</I>, <I> CH</I>, <I> IL</I>, <I> CDS-PP</I><BR>Abstenção:<I>1-PS</I>, <I> PCP</I>, <I> JPP</I>, <I> Pedro Delgado Alves (PS)</I>",,,
315052,73,Votação Deliberação,2025-06-18,Aprovado,,,,
315388,73,Votação Deliberação,2025-09-26,Aprovado,"A Favor: <I>PS</I>, <I> L</I>, <I> PCP</I>, <I> BE</I>, <I> PAN</I>, <I> JPP</I><BR>Contra:<I>CH</I>, <I> CDS-PP</I><BR>Abstenção:<I>PSD</I>, <I> IL</I>",,,
315474,73,Votação Deliberação,2025-10-17,Aprovado,"A Favor: <I>CH</I>, <I> BE</I>, <I> PAN</I>, <I> JPP</I><BR>Abstenção:<I>PSD</I>, <I> PS</I>, <I> IL</I>, <I> L</I>, <I> PCP</I>, <I> CDS-PP</I>",,,
315128,13,Votação na generalidade,2025-06-27,Rejeitado,"A Favor: <I>PS</I>, <I> L</I>, <I> PCP</I>, <I> BE</I>, <I> PAN</I>, <I> JPP</I><BR>Contra:<I>PSD</I>, <I> CDS-PP</I><BR>Abstenção:<I>CH</I>, <I> IL</I>",,,
315214,13,Votação na generalidade,2025-07-04,Aprovado,"A Favor: <I>CH</I>, <I> PS</I>, <I> L</I>, <I> PCP</I>, <I> BE</I>, <I> PAN</I>, <I> JPP</I><BR>Abstenção:<I>PSD</I>, <I> IL</I>, <I> CDS-PP</I>",,,
315588,13,Votação na generalidade,2025-10-16,Aprovado,"A Favor: <I>CH</I>, <I> PS</I>, <I> IL</I>, <I> L</I>, <I> BE</I>, <I> PAN</I>, <I> JPP</I><BR>Contra:<I>PSD</I>, <I> CDS-PP</I><BR>Abstenção:<I>PCP</I>",,,
315588,18,Votação final global,2026-01-09,Aprovado,"A Favor: <I>CH</I>, <I> PS</I>, <I> IL</I>, <I> L</I>, <I> PCP</I>, <I> BE</I>, <I> PAN</I>, <I> JPP</I><BR>Contra:<I>PSD</I>, <I> CDS-PP</I>",,,
315138,13,Votação na generalidade,2025-06-27,Rejeitado,"A Favor: <I>CH</I>, <I> L</I>, <I> PCP</I>, <I> BE</I>, <I> PAN</I>, <I> JPP</I><BR>Contra:<I>PSD</I>, <I> CDS-PP</I><BR>Abstenção:<I>PS</I>, <I> IL</I>",,,
315592,13,Votação na generalidade,2025-10-16,Aprovado,"A Favor: <I>CH</I>, <I> PS</I>, <I> L</I>, <I> PCP</I>, <I> BE</I>, <I> PAN</I>, <I> JPP</I><BR>Contra:<I>PSD</I>, <I> CDS-PP</I><BR>Abstenção:<I>IL</I>",,,
315592,18,Votação final global,2026-01-09,Aprovado,"A Favor: <I>CH</I>, <I> PS</I>, <I> L</I>, <I> PCP</I>, <I> BE</I>, <I> PAN</I>, <I> JPP</I><BR>Contra:<I>PSD</I>, <I> CDS-PP</I><BR>Abstenção:<I>IL</I>",,,
315242,73,Votação Deliberação,2025-09-26,Rejeitado,"A Favor: <I>CH</I><BR>Contra:<I>PSD</I>, <I> PS</I>, <I> IL</I>, <I> L</I>, <I> PCP</I>, <I> CDS-PP</I>, <I> BE</I>, <I> PAN</I><BR>Abstenção:<I>JPP</I>",,,
315139,13,Votação na generalidade,2025-06-27,Rejeitado,"A Favor: <I>PS</I>, <I> L</I>, <I> PCP</I>, <I> BE</I>, <I> PAN</I>, <I> JPP</I><BR>Contra:<I>PSD</I>, <I> CH</I>, <I> IL</I>, <I> CDS-PP</I>",,,
315175,13,Votação na generalidade,2025-07-04,Rejeitado,"A Favor: <I>CH</I>, <I> IL</I><BR>Contra:<I>PSD</I>, <I> PS</I>, <I> L</I>, <I> PCP</I>, <I> BE</I>, <I> PAN</I><BR>Abstenção:<I>CDS-PP</I>, <I> JPP</I>",,,
315183,13,Votação na generalidade,2025-07-04,Rejeitado,"A Favor: <I>BE</I>, <I> PAN</I>, <I> JPP</I><BR>Contra:<I>PSD</I>, <I> CH</I>, <I> IL</I>, <I> CDS-PP</I><BR>Abstenção:<I>PS</I>, <I> L</I>, <I> PCP</I>",,,
315593,13,Votação na generalidade,2025-10-16,Aprovado,"A Favor: <I>CH</I>, <I> PS</I>, <I> L</I>, <I> PCP</I>, <I> BE</I>, <I> PAN</I>, <I> JPP</I><BR>Abstenção:<I>PSD</I>, <I> IL</I>, <I> CDS-PP</I>",,,
315593,18,Votação final global,2026-01-09,Aprovado,"A Favor: <I>CH</I>, <I> PS</I>, <I> L</I>, <I> PCP</I>, <I> BE</I>, <I> PAN</I>, <I> JPP</I><BR>Contra:<I>PSD</I>, <I> CDS-PP</I><BR>Abstenção:<I>IL</I>",,,
315182,13,Votação na generalidade,2025-07-04,Rejeitado,"A Favor: <I>L</I>, <I> BE</I>, <I> PAN</I>, <I> JPP</I><BR>Contra:<I>PSD</I>, <I> PS</I>, <I> IL</I>, <I> CDS-PP</I><BR>Abstenção:<I>CH</I>, <I> PCP</I>",,,
315179,13,Votação na generalidade,2025-07-04,Rejeitado,"A Favor: <I>CH</I>, <I> IL</I>, <I> L</I>, <I> PCP</I>, <I> BE</I>, <I> PAN</I>, <I> JPP</I><BR>Contra:<I>PSD</I>, <I> CDS-PP</I><BR>Abstenção:<I>PS</I>",,,
315485,13,Votação na generalidade,2025-10-28,Aprovado,"A Favor: <I>CH</I>, <I> PS</I>, <I> IL</I>, <I> L</I>, <I> PCP</I>, <I> BE</I>, <I> PAN</I>, <I> JPP</I><BR>Abstenção:<I>PSD</I>, <I> CDS-PP</I>",,,
315248,13,Votação na generalidade,2025-09-19,Rejeitado,"A Favor: <I>CH</I>, <I> IL</I>, <I> L</I>, <I> PAN</I>, <I> JPP</I><BR>Contra:<I>PSD</I><BR>Abstenção:<I>PS</I>, <I> PCP</I>, <I> CDS-PP</I>",,,
315204,13,Votação na generalidade,2025-07-04,Rejeitado,"A Favor: <I>L</I>, <I> PCP</I>, <I> BE</I>, <I> PAN</I>, <I> JPP</I><BR>Contra:<I>PSD</I>, <I> IL</I>, <I> CDS-PP</I><BR>Abstenção:<I>CH</I>, <I> PS</I>",,,
315255,73,Votação Deliberação,2026-05-15,Rejeitado,"A Favor: <I>L</I>, <I> PCP</I>, <I> BE</I>, <I> PAN</I>, <I> JPP</I><BR>Contra:<I>PSD</I>, <I> CH</I>, <I> IL</I>, <I> CDS-PP</I><BR>Abstenção:<I>PS</I>",,,
315185,13,Votação na generalidade,2025-07-04,Rejeitado,"A Favor: <I>CH</I>, <I> L</I>, <I> PCP</I>, <I> BE</I>, <I> PAN</I>, <I> JPP</I><BR>Contra:<I>PSD</I>, <I> PS</I>, <I> IL</I>, <I> CDS-PP</I>",,,
315285,13,Votação na generalidade,2025-07-16,Aprovado,"A Favor: <I>CH</I>, <I> PS</I>, <I> IL</I>, <I> L</I>, <I> PCP</I>, <I> BE</I>, <I> PAN</I>, <I> JPP</I><BR>Abstenção:<I>PSD</I>, <I> CDS-PP</I>",,,
315258,13,Votação na generalidade,2025-07-11,Rejeitado,"A Favor: <I>PS</I>, <I> L</I>, <I> PCP</I>, <I> BE</I>, <I> PAN</I>, <I> JPP</I><BR>Contra:<I>PSD</I>, <I> CH</I>, <I> IL</I>, <I> CDS-PP</I>",,,
315276,13,Votação na generalidade,2025-07-11,Rejeitado,"A Favor: <I>CH</I>, <I> JPP</I><BR>Contra:<I>PSD</I>, <I> L</I>, <I> CDS-PP</I><BR>Abstenção:<I>PS</I>, <I> IL</I>, <I> PCP</I>, <I> BE</I>, <I> PAN</I>",,,
315287,13,Votação na generalidade,2025-07-11,Rejeitado,"A Favor: <I>PS</I>, <I> IL</I>, <I> L</I>, <I> BE</I>, <I> PAN</I>, <I> JPP</I><BR>Contra:<I>PSD</I>, <I> CDS-PP</I><BR>Abstenção:<I>CH</I>, <I> PCP</I>",,,
315283,13,Votação na generalidade,2025-07-16,Rejeitado,"A Favor: <I>PS</I>, <I> L</I>, <I> PCP</I>, <I> BE</I>, <I> PAN</I>, <I> JPP</I><BR>Contra:<I>PSD</I>, <I> IL</I>, <I> CDS-PP</I><BR>Abstenção:<I>CH</I>",,,
315526,73,Votação Deliberação,2025-09-26,Aprovado,"A Favor: <I>CH</I>, <I> IL</I>, <I> PAN</I><BR>Contra:<I>PS</I>, <I> L</I>, <I> PCP</I>, <I> BE</I>, <I> JPP</I><BR>Abstenção:<I>PSD</I>, <I> CDS-PP</I>",,,
315303,13,Votação na generalidade,2025-07-16,Rejeitado,"A Favor: <I>L</I>, <I> PCP</I>, <I> BE</I>, <I> PAN</I>, <I> JPP</I><BR>Contra:<I>PSD</I>, <I> IL</I>, <I> CDS-PP</I><BR>Abstenção:<I>CH</I>, <I> PS</I>",,,
315672,13,Votação na generalidade,2025-10-28,Aprovado,"A Favor: <I>CH</I>, <I> PS</I>, <I> L</I>, <I> PCP</I>, <I> BE</I>, <I> PAN</I>, <I> JPP</I><BR>Abstenção:<I>PSD</I>, <I> IL</I>, <I> CDS-PP</I>",,,
315672,18,Votação final global,2026-06-25,Aprovado,"A Favor: <I>CH</I>, <I> PS</I>, <I> L</I>, <I> PCP</I>, <I> BE</I>, <I> PAN</I>, <I> JPP</I><BR>Contra:<I>PSD</I>, <I> CDS-PP</I><BR>Abstenção:<I>IL</I>",,,
315420,73,Votação Deliberação,2026-06-25,Rejeitado,"A Favor: <I>L</I>, <I> PCP</I>, <I> BE</I>, <I> PAN</I>, <I> JPP</I><BR>Contra:<I>PSD</I>, <I> CH</I>, <I> IL</I>, <I> CDS-PP</I><BR>Abstenção:<I>PS</I>",,,
315701,13,Votação na generalidade,2025-12-05,Aprovado,"A Favor: <I>CH</I>, <I> PS</I>, <I> PAN</I>, <I> JPP</I><BR>Contra:<I>PSD</I>, <I> IL</I>, <I> CDS-PP</I><BR>Abstenção:<I>L</I>, <I> PCP</I>, <I> BE</I>",,,
315701,18,Votação final global,2025-12-19,Aprovado,"A Favor: <I>CH</I>, <I> PS</I>, <I> PAN</I>, <I> JPP</I><BR>Contra:<I>PSD</I>, <I> IL</I>, <I> CDS-PP</I><BR>Abstenção:<I>L</I>, <I> PCP</I>, <I> BE</I>",,,
315314,13,Votação na generalidade,2025-07-16,Rejeitado,"A Favor: <I>L</I>, <I> PCP</I>, <I> BE</I>, <I> PAN</I>, <I> JPP</I><BR>Contra:<I>PSD</I>, <I> CH</I>, <I> IL</I>, <I> CDS-PP</I><BR>Abstenção:<I>PS</I>",,,
315320,13,Votação na generalidade,2025-07-11,Rejeitado,"A Favor: <I>PS</I>, <I> IL</I>, <I> L</I>, <I> PCP</I>, <I> CDS-PP</I>, <I> BE</I>, <I> PAN</I>, <I> JPP</I><BR>Contra:<I>PSD</I><BR>Abstenção:<I>CH</I>",,,
315316,13,Votação na generalidade,2025-07-11,Rejeitado,"A Favor: <I>L</I>, <I> PCP</I>, <I> BE</I>, <I> PAN</I><BR>Contra:<I>PSD</I>, <I> CH</I>, <I> IL</I>, <I> CDS-PP</I><BR>Abstenção:<I>PS</I>, <I> JPP</I>",,,
315330,13,Votação na generalidade,2025-07-16,Rejeitado,"A Favor: <I>CH</I>, <I> PAN</I>, <I> JPP</I><BR>Contra:<I>PSD</I>, <I> PS</I>, <I> IL</I>, <I> CDS-PP</I><BR>Abstenção:<I>L</I>, <I> PCP</I>, <I> BE</I>",,,
315414,13,Votação na generalidade,2025-10-28,Rejeitado,"A Favor: <I>L</I>, <I> PCP</I>, <I> BE</I>, <I> PAN</I>, <I> JPP</I><BR>Contra:<I>PSD</I>, <I> PS</I>, <I> IL</I>, <I> CDS-PP</I><BR>Abstenção:<I>CH</I>",,,
315782,13,Votação na generalidade,2025-12-19,Aprovado,"A Favor: <I>PSD</I>, <I> CH</I>, <I> PS</I>, <I> CDS-PP</I>, <I> BE</I>, <I> PAN</I>, <I> JPP</I><BR>Abstenção:<I>IL</I>, <I> L</I>, <I> PCP</I>",,,
315782,18,Votação final global,2026-01-09,Aprovado,,,,
315720,13,Votação na generalidade,2025-10-16,Aprovado,,,,
315720,18,Votação final global,2026-01-09,Aprovado,"A Favor: <I>CH</I>, <I> PS</I>, <I> L</I>, <I> PCP</I>, <I> BE</I>, <I> PAN</I>, <I> JPP</I><BR>Contra:<I>PSD</I>, <I> CDS-PP</I><BR>Abstenção:<I>IL</I>",,,
315601,73,Votação Deliberação,2025-12-12,Aprovado,"A Favor: <I>PSD</I>, <I> CH</I>, <I> PS</I>, <I> IL</I>, <I> L</I>, <I> PCP</I>, <I> CDS-PP</I>, <I> JPP</I><BR>Abstenção:<I>PAN</I>",,,
315412,13,Votação na generalidade,2025-09-19,Rejeitado,"A Favor: <I>IL</I>, <I> L</I>, <I> PCP</I>, <I> PAN</I>, <I> JPP</I><BR>Contra:<I>PSD</I>, <I> CH</I>, <I> CDS-PP</I><BR>Abstenção:<I>PS</I>",,,
315335,13,Votação na generalidade,2025-07-11,Rejeitado,"A Favor: <I>PS</I>, <I> L</I>, <I> PCP</I>, <I> BE</I>, <I> PAN</I>, <I> JPP</I><BR>Contra:<I>PSD</I>, <I> CH</I>, <I> IL</I>, <I> CDS-PP</I>",,,
315389,73,Votação Deliberação,2026-05-15,Rejeitado,"A Favor: <I>CH</I>, <I> IL</I>, <I> JPP</I><BR>Contra:<I>PSD</I>, <I> PCP</I><BR>Abstenção:<I>PS</I>, <I> L</I>, <I> CDS-PP</I>, <I> BE</I>, <I> PAN</I>",,,
315753,73,Votação Deliberação,2026-01-23,Aprovado,"A Favor: <I>CH</I>, <I> PS</I>, <I> L</I>, <I> PCP</I>, <I> BE</I>, <I> PAN</I><BR>Contra:<I>PSD</I>, <I> IL</I>, <I> CDS-PP</I>",,,
315444,73,Votação Deliberação,2026-04-30,Rejeitado,"A Favor: <I>CH</I>, <I> IL</I>, <I> BE</I>, <I> PAN</I>, <I> JPP</I><BR>Contra:<I>PSD</I>, <I> PS</I><BR>Abstenção:<I>L</I>, <I> PCP</I>, <I> CDS-PP</I>",,,
315451,13,Votação na generalidade,2025-09-26,Rejeitado,"A Favor: <I>BE</I>, <I> PAN</I>, <I> JPP</I><BR>Contra:<I>PSD</I>, <I> IL</I>, <I> CDS-PP</I><BR>Abstenção:<I>CH</I>, <I> PS</I>, <I> L</I>, <I> PCP</I>",,,
315644,13,Votação na generalidade,2026-05-08,Aprovado,"A Favor: <I>PS</I>, <I> IL</I>, <I> L</I>, <I> PCP</I>, <I> BE</I>, <I> PAN</I>, <I> JPP</I><BR>Contra:<I>CH</I><BR>Abstenção:<I>PSD</I>, <I> CDS-PP</I>",,,
315380,73,Votação Deliberação,2025-09-26,Rejeitado,"A Favor: <I>CH</I>, <I> BE</I>, <I> PAN</I>, <I> JPP</I><BR>Contra:<I>PSD</I>, <I> PS</I>, <I> CDS-PP</I><BR>Abstenção:<I>IL</I>, <I> L</I>, <I> PCP</I>",,,
315785,13,Votação na generalidade,2025-12-05,Aprovado,"A Favor: <I>PSD</I>, <I> CH</I>, <I> L</I>, <I> CDS-PP</I>, <I> PAN</I>, <I> JPP</I><BR>Abstenção:<I>PS</I>, <I> IL</I>, <I> PCP</I>, <I> BE</I>",,,
315785,18,Votação final global,2025-12-19,Aprovado,"A Favor: <I>PSD</I>, <I> CH</I>, <I> CDS-PP</I>, <I> PAN</I>, <I> JPP</I><BR>Contra:<I>PCP</I>, <I> BE</I><BR>Abstenção:<I>PS</I>, <I> IL</I>, <I> L</I>",,,
315751,73,Votação Deliberação,2025-12-19,Aprovado,"A Favor: <I>PS</I>, <I> L</I>, <I> PCP</I>, <I> BE</I>, <I> PAN</I>, <I> JPP</I><BR>Contra:<I>CH</I>, <I> CDS-PP</I><BR>Abstenção:<I>PSD</I>, <I> IL</I>",,,
315523,73,Votação Deliberação,2025-09-26,Rejeitado,"A Favor: <I>CH</I><BR>Contra:<I>PSD</I>, <I> PS</I>, <I> IL</I>, <I> L</I>, <I> PCP</I>, <I> CDS-PP</I>, <I> BE</I>, <I> PAN</I>, <I> JPP</I>",,,
315523,73,Votação Deliberação,2025-09-26,Rejeitado,"A Favor: <I>CH</I>, <I> IL</I><BR>Contra:<I>PSD</I>, <I> PS</I>, <I> L</I>, <I> PCP</I>, <I> CDS-PP</I>, <I> BE</I>, <I> PAN</I>, <I> JPP</I>",,,
315837,13,Votação na generalidade,2025-12-19,Aprovado,"A Favor: <I>CH</I>, <I> PS</I>, <I> IL</I>, <I> L</I>, <I> PCP</I>, <I> BE</I>, <I> PAN</I>, <I> JPP</I><BR>Contra:<I>PSD</I><BR>Abstenção:<I>CDS-PP</I>",,,
315837,18,Votação final global,2026-01-30,Aprovado,"A Favor: <I>CH</I>, <I> PS</I>, <I> IL</I>, <I> L</I>, <I> PCP</I>, <I> BE</I>, <I> PAN</I>, <I> JPP</I><BR>Contra:<I>PSD</I><BR>Abstenção:<I>CDS-PP</I>",,,
315662,73,Votação Deliberação,2025-10-17,Aprovado,"A Favor: <I>PSD</I>, <I> PS</I>, <I> IL</I>, <I> L</I>, <I> PCP</I>, <I> CDS-PP</I>, <I> BE</I>, <I> PAN</I>, <I> JPP</I><BR>Abstenção:<I>CH</I>",,,
315541,73,Votação Deliberação,2025-09-10,Aprovado,Ausência: <I>BE</I>,,,
315661,73,Votação Deliberação,2025-10-17,Aprovado,"A Favor: <I>PSD</I>, <I> PS</I>, <I> IL</I>, <I> L</I>, <I> PCP</I>, <I> CDS-PP</I>, <I> BE</I>, <I> PAN</I>, <I> JPP</I><BR>Abstenção:<I>CH</I>",,,
315529,13,Votação na generalidade,2026-03-13,Rejeitado,"A Favor: <I>CH</I><BR>Contra:<I>PSD</I>, <I> PS</I>, <I> IL</I>, <I> L</I>, <I> PCP</I>, <I> CDS-PP</I>, <I> BE</I>, <I> PAN</I><BR>Abstenção:<I>JPP</I>",,,
315590,13,Votação na generalidade,2025-10-16,Rejeitado,"A Favor: <I>PS</I>, <I> L</I>, <I> PAN</I>, <I> JPP</I><BR>Contra:<I>PSD</I>, <I> CDS-PP</I><BR>Abstenção:<I>CH</I>, <I> IL</I>, <I> PCP</I>, <I> BE</I>",,,
315824,13,Votação na generalidade,2025-12-19,Aprovado,"A Favor: <I>CH</I>, <I> PS</I>, <I> PAN</I>, <I> JPP</I><BR>Contra:<I>IL</I><BR>Abstenção:<I>PSD</I>, <I> L</I>, <I> PCP</I>, <I> CDS-PP</I>, <I> BE</I>",,,
315824,18,Votação final global,2026-02-13,Aprovado,"A Favor: <I>CH</I>, <I> PS</I>, <I> L</I>, <I> PCP</I>, <I> BE</I>, <I> PAN</I>, <I> JPP</I><BR>Abstenção:<I>PSD</I>, <I> IL</I>, <I> CDS-PP</I>",,,
315530,73,Votação Deliberação,2025-10-28,Rejeitado,"A Favor: <I>CH</I>, <I> IL</I>, <I> L</I>, <I> PAN</I>, <I> JPP</I><BR>Contra:<I>PSD</I>, <I> PCP</I>, <I> BE</I><BR>Abstenção:<I>PS</I>, <I> CDS-PP</I>",,,
335957,13,Votação na generalidade,2026-04-17,Aprovado,"A Favor: <I>PSD</I>, <I> CH</I>, <I> PS</I>, <I> IL</I>, <I> L</I>, <I> CDS-PP</I>, <I> BE</I>, <I> PAN</I>, <I> JPP</I><BR>Contra:<I>PCP</I>",,,
335957,18,Votação final global,2026-04-24,Aprovado,"A Favor: <I>PSD</I>, <I> CH</I>, <I> PS</I>, <I> IL</I>, <I> L</I>, <I> CDS-PP</I>, <I> BE</I>, <I> PAN</I>, <I> JPP</I><BR>Contra:<I>PCP</I>",,,
315834,13,Votação na generalidade,2025-12-19,Aprovado,"A Favor: <I>CH</I>, <I> PS</I>, <I> L</I>, <I> PCP</I>, <I> BE</I>, <I> PAN</I>, <I> JPP</I><BR>Abstenção:<I>PSD</I>, <I> IL</I>, <I> CDS-PP</I>",,,
315834,18,Votação final global,2026-02-13,Aprovado,"A Favor: <I>CH</I>, <I> PS</I>, <I> L</I>, <I> PCP</I>, <I> BE</I>, <I> PAN</I>, <I> JPP</I><BR>Abstenção:<I>PSD</I>, <I> IL</I>, <I> CDS-PP</I>",,,
315623,13,Votação na generalidade,2025-09-25,Aprovado,"A Favor: <I>L</I>, <I> CDS-PP</I>, <I> PAN</I>, <I> JPP</I><BR>Contra:<I>IL</I><BR>Abstenção:<I>PSD</I>, <I> CH</I>, <I> PS</I>, <I> PCP</I>, <I> BE</I>",,,
315558,73,Votação Deliberação,2026-04-10,Rejeitado,"A Favor: <I>CH</I>, <I> BE</I>, <I> PAN</I>, <I> JPP</I><BR>Contra:<I>PSD</I>, <I> L</I><BR>Abstenção:<I>PS</I>, <I> IL</I>, <I> PCP</I>, <I> CDS-PP</I>",,,
315542,73,Votação Deliberação,2025-10-28,Rejeitado,"A Favor: <I>CH</I>, <I> IL</I>, <I> L</I>, <I> PAN</I>, <I> JPP</I><BR>Contra:<I>PSD</I>, <I> PCP</I>, <I> BE</I><BR>Abstenção:<I>PS</I>, <I> CDS-PP</I>",,,
346006,13,Votação na generalidade,2026-01-23,Aprovado,"A Favor: <I>PSD</I>, <I> CH</I>, <I> PS</I>, <I> IL</I>, <I> L</I>, <I> BE</I>, <I> PAN</I><BR>Abstenção:<I>PCP</I>, <I> CDS-PP</I>",,,
346006,18,Votação final global,2026-02-13,Aprovado,"A Favor: <I>PSD</I>, <I> CH</I>, <I> PS</I>, <I> IL</I>, <I> L</I>, <I> CDS-PP</I>, <I> BE</I>, <I> PAN</I>, <I> JPP</I><BR>Abstenção:<I>PCP</I>",,,
315687,13,Votação na generalidade,2025-12-05,Rejeitado,"A Favor: <I>CH</I>, <I> PAN</I>, <I> JPP</I><BR>Contra:<I>PSD</I>, <I> IL</I>, <I> L</I>, <I> PCP</I>, <I> CDS-PP</I>, <I> BE</I><BR>Abstenção:<I>PS</I>",,,
315673,13,Votação na generalidade,2025-12-05,Rejeitado,"A Favor: <I>L</I>, <I> PCP</I>, <I> BE</I>, <I> PAN</I><BR>Contra:<I>PSD</I>, <I> CH</I>, <I> PS</I>, <I> IL</I>, <I> CDS-PP</I><BR>Abstenção:<I>JPP</I>",,,
315719,13,Votação na generalidade,2025-12-05,Rejeitado,"A Favor: <I>PS</I>, <I> L</I>, <I> PCP</I>, <I> BE</I>, <I> PAN</I>, <I> JPP</I><BR>Contra:<I>PSD</I>, <I> CDS-PP</I><BR>Abstenção:<I>CH</I>, <I> IL</I>",,,
315683,13,Votação na generalidade,2025-10-16,Rejeitado,"A Favor: <I>L</I>, <I> PCP</I>, <I> BE</I>, <I> PAN</I>, <I> JPP</I><BR>Contra:<I>PSD</I>, <I> CH</I>, <I> PS</I>, <I> IL</I>, <I> CDS-PP</I>",,,
315800,42,Votação do recurso da decisão do PAR,2025-12-10,Rejeitado,"A Favor: <I>PS</I>, <I> IL</I>, <I> L</I>, <I> PAN</I><BR>Contra:<I>PSD</I>, <I> CDS-PP</I><BR>Abstenção:<I>CH</I>, <I> PCP</I>",,,
315850,13,Votação na generalidade,2026-03-06,Aprovado,"A Favor: <I>CH</I>, <I> PS</I>, <I> L</I>, <I> PCP</I>, <I> CDS-PP</I>, <I> BE</I>, <I> PAN</I>, <I> JPP</I><BR>Abstenção:<I>PSD</I>, <I> IL</I>",,,
315885,73,Votação Deliberação,2025-12-19,Aprovado,,,,
315885,81,Requerimento dispensa redação final,2025-12-19,Aprovado,,,,
315697,13,Votação na generalidade,2025-12-05,Rejeitado,"A Favor: <I>PS</I>, <I> L</I>, <I> PCP</I>, <I> BE</I>, <I> PAN</I>, <I> JPP</I><BR>Contra:<I>PSD</I>, <I> IL</I>, <I> CDS-PP</I><BR>Abstenção:<I>CH</I>",,,
315710,13,Votação na generalidade,2025-12-05,Rejeitado,"A Favor: <I>PS</I>, <I> L</I>, <I> PCP</I>, <I> BE</I>, <I> PAN</I>, <I> JPP</I><BR>Contra:<I>PSD</I>, <I> CH</I>, <I> IL</I>, <I> CDS-PP</I>",,,
346028,73,Votação Deliberação,2026-02-13,Aprovado,"A Favor: <I>CH</I>, <I> PS</I>, <I> IL</I>, <I> L</I>, <I> PCP</I>, <I> BE</I>, <I> PAN</I>, <I> JPP</I><BR>Abstenção:<I>PSD</I>, <I> CDS-PP</I>",,,
315886,73,Votação Deliberação,2025-12-19,Aprovado,,,,
315886,81,Requerimento dispensa redação final,2025-12-19,Aprovado,,,,
345965,73,Votação Deliberação,2026-02-20,Aprovado,"A Favor: <I>PSD</I>, <I> CH</I>, <I> PS</I>, <I> IL</I>, <I> L</I>, <I> PCP</I>, <I> BE</I>, <I> PAN</I>, <I> JPP</I><BR>Abstenção:<I>CDS-PP</I>",,,
346031,73,Votação Deliberação,2026-02-13,Aprovado,,,,
315812,13,Votação na generalidade,2025-12-11,Rejeitado,"A Favor: <I>IL</I><BR>Contra:<I>PSD</I>, <I> CH</I>, <I> PS</I>, <I> L</I>, <I> PCP</I>, <I> BE</I>, <I> PAN</I>, <I> JPP</I><BR>Abstenção:<I>CDS-PP</I>",,,
346053,13,Votação na generalidade,2026-02-27,Rejeitado,"A Favor: <I>PS</I>, <I> L</I>, <I> BE</I>, <I> PAN</I>, <I> JPP</I><BR>Contra:<I>PSD</I>, <I> PCP</I>, <I> CDS-PP</I><BR>Abstenção:<I>CH</I>, <I> IL</I>",,,
356164,13,Votação na generalidade,2026-02-27,Aprovado,"A Favor: <I>CH</I>, <I> PS</I>, <I> IL</I>, <I> L</I>, <I> PCP</I>, <I> BE</I>, <I> PAN</I>, <I> JPP</I><BR>Abstenção:<I>PSD</I>, <I> CDS-PP</I>",,,
356164,18,Votação final global,2026-04-10,Aprovado,"A Favor: <I>CH</I>, <I> PS</I>, <I> IL</I>, <I> L</I>, <I> PCP</I>, <I> BE</I>, <I> PAN</I>, <I> JPP</I><BR>Abstenção:<I>PSD</I>, <I> CDS-PP</I>",,,
315843,13,Votação na generalidade,2025-12-19,Rejeitado,"A Favor: <I>PS</I>, <I> L</I>, <I> PCP</I>, <I> BE</I>, <I> PAN</I>, <I> JPP</I><BR>Contra:<I>PSD</I>, <I> IL</I>, <I> CDS-PP</I><BR>Abstenção:<I>CH</I>",,,
346055,73,Votação Deliberação,2026-02-13,Aprovado,"A Favor: <I>CH</I>, <I> PS</I>, <I> L</I>, <I> PCP</I>, <I> BE</I>, <I> PAN</I>, <I> JPP</I><BR>Contra:<I>PSD</I>, <I> CDS-PP</I><BR>Abstenção:<I>IL</I>",,,
315883,73,Votação Deliberação,2026-06-03,Rejeitado,"A Favor: <I>PS</I>, <I> L</I>, <I> PCP</I>, <I> BE</I>, <I> PAN</I>, <I> JPP</I><BR>Contra:<I>PSD</I>, <I> CDS-PP</I><BR>Abstenção:<I>CH</I>, <I> IL</I>",,,
315907,73,Votação Deliberação,2026-07-17,Rejeitado,"A Favor: <I>L</I>, <I> BE</I>, <I> PAN</I>, <I> JPP</I><BR>Contra:<I>PSD</I>, <I> PS</I>, <I> IL</I>, <I> PCP</I>, <I> CDS-PP</I><BR>Abstenção:<I>CH</I>",,,
356064,13,Votação na generalidade,2026-02-27,Aprovado,"A Favor: <I>PSD</I>, <I> CH</I>, <I> IL</I>, <I> L</I>, <I> CDS-PP</I>, <I> PAN</I>, <I> JPP</I><BR>Abstenção:<I>PS</I>, <I> PCP</I>, <I> BE</I>",,,
315915,13,Votação na generalidade,2026-01-09,Rejeitado,"A Favor: <I>PS</I>, <I> L</I>, <I> PCP</I>, <I> BE</I>, <I> PAN</I>, <I> JPP</I><BR>Contra:<I>PSD</I>, <I> IL</I>, <I> CDS-PP</I><BR>Abstenção:<I>CH</I>",,,
335923,13,Votação na generalidade,2026-01-09,Rejeitado,"A Favor: <I>PS</I>, <I> IL</I>, <I> L</I>, <I> PCP</I>, <I> BE</I>, <I> PAN</I>, <I> JPP</I><BR>Contra:<I>PSD</I>, <I> CH</I>, <I> CDS-PP</I>",,,
356057,13,Votação na generalidade,2026-07-03,Aprovado,"A Favor: <I>PS</I>, <I> L</I>, <I> PCP</I>, <I> BE</I>, <I> PAN</I>, <I> JPP</I><BR>Abstenção:<I>PSD</I>, <I> CH</I>, <I> IL</I>, <I> CDS-PP</I>",,,
346051,13,Votação na generalidade,2026-07-03,Aprovado,"A Favor: <I>CH</I>, <I> PS</I>, <I> BE</I>, <I> PAN</I>, <I> JPP</I><BR>Abstenção:<I>PSD</I>, <I> IL</I>, <I> L</I>, <I> PCP</I>, <I> CDS-PP</I>",,,
356174,73,Votação Deliberação,2026-03-06,Aprovado,"A Favor: <I>CH</I>, <I> PS</I>, <I> IL</I>, <I> L</I>, <I> PCP</I>, <I> BE</I>, <I> PAN</I>, <I> JPP</I><BR>Contra:<I>PSD</I>, <I> CDS-PP</I>",,,
315926,13,Votação na generalidade,2026-01-09,Rejeitado,"A Favor: <I>CH</I>, <I> IL</I><BR>Contra:<I>PSD</I>, <I> L</I>, <I> PCP</I>, <I> CDS-PP</I>, <I> BE</I>, <I> PAN</I><BR>Abstenção:<I>PS</I>, <I> JPP</I>",,,
345967,73,Votação Deliberação,2026-02-13,Rejeitado,"A Favor: <I>PS</I>, <I> L</I>, <I> PCP</I>, <I> BE</I>, <I> PAN</I>, <I> JPP</I><BR>Contra:<I>PSD</I>, <I> IL</I>, <I> CDS-PP</I><BR>Abstenção:<I>CH</I>",,,
356300,13,Votação na generalidade,2026-03-20,Aprovado,"A Favor: <I>PSD</I>, <I> CH</I>, <I> PS</I>, <I> IL</I>, <I> CDS-PP</I>, <I> JPP</I><BR>Contra:<I>PCP</I><BR>Abstenção:<I>L</I>, <I> BE</I>, <I> PAN</I>",,,
356300,18,Votação final global,2026-04-01,Aprovado,"A Favor: <I>PSD</I>, <I> CH</I>, <I> PS</I>, <I> IL</I>, <I> L</I>, <I> CDS-PP</I>, <I> BE</I>, <I> PAN</I>, <I> JPP</I><BR>Contra:<I>PCP</I>",,,
356222,73,Votação Deliberação,2026-03-26,Aprovado,,,,
346009,13,Votação na generalidade,2026-01-30,Rejeitado,"A Favor: <I>PS</I>, <I> L</I>, <I> PCP</I>, <I> BE</I>, <I> PAN</I>, <I> JPP</I><BR>Contra:<I>PSD</I>, <I> CDS-PP</I><BR>Abstenção:<I>CH</I>, <I> IL</I>",,,
356410,73,Votação Deliberação,2026-05-08,Aprovado,,,,
356372,73,Votação Deliberação,2026-04-24,Aprovado,"A Favor: <I>CH</I>, <I> PS</I>, <I> BE</I>, <I> PAN</I>, <I> JPP</I><BR>Contra:<I>PSD</I><BR>Abstenção:<I>IL</I>, <I> L</I>, <I> PCP</I>, <I> CDS-PP</I>",,,
356396,73,Votação Deliberação,2026-04-10,Aprovado,"A Favor: <I>CH</I>, <I> PAN</I>, <I> JPP</I><BR>Abstenção:<I>PSD</I>, <I> PS</I>, <I> IL</I>, <I> L</I>, <I> PCP</I>, <I> CDS-PP</I>, <I> BE</I>",,,
356158,13,Votação na generalidade,2026-02-27,Rejeitado,"A Favor: <I>CH</I><BR>Contra:<I>PSD</I>, <I> PS</I>, <I> L</I>, <I> PCP</I>, <I> CDS-PP</I>, <I> BE</I><BR>Abstenção:<I>IL</I>, <I> PAN</I>, <I> JPP</I>",,,
356192,73,Votação Deliberação,2026-02-20,Aprovado,,,,
356438,13,Votação na generalidade,2026-04-24,Aprovado,"A Favor: <I>CH</I>, <I> PS</I>, <I> IL</I>, <I> CDS-PP</I>, <I> BE</I>, <I> PAN</I>, <I> JPP</I><BR>Contra:<I>PSD</I><BR>Abstenção:<I>L</I>, <I> PCP</I>",,,
356438,18,Votação final global,2026-05-29,Aprovado,"A Favor: <I>CH</I>, <I> PS</I>, <I> IL</I>, <I> CDS-PP</I>, <I> BE</I>, <I> PAN</I>, <I> JPP</I><BR>Contra:<I>PSD</I><BR>Abstenção:<I>L</I>, <I> PCP</I>",,,
356155,13,Votação na generalidade,2026-02-27,Rejeitado,"A Favor: <I>L</I>, <I> PCP</I>, <I> BE</I>, <I> PAN</I>, <I> JPP</I><BR>Contra:<I>CH</I><BR>Abstenção:<I>PSD</I>, <I> PS</I>, <I> IL</I>, <I> CDS-PP</I>",,,
356456,13,Votação na generalidade,2026-04-10,Aprovado,,,,
356456,18,Votação final global,2026-05-15,Aprovado,,,,
356150,13,Votação na generalidade,2026-02-27,Rejeitado,"A Favor: <I>PS</I>, <I> L</I>, <I> BE</I>, <I> PAN</I>, <I> JPP</I><BR>Contra:<I>PSD</I>, <I> CDS-PP</I><BR>Abstenção:<I>CH</I>, <I> IL</I>, <I> PCP</I>",,,
356187,73,Votação Deliberação,2026-03-20,Rejeitado,"A Favor: <I>CH</I>, <I> BE</I>, <I> PAN</I>, <I> JPP</I><BR>Contra:<I>PSD</I>, <I> IL</I>, <I> CDS-PP</I><BR>Abstenção:<I>PS</I>, <I> L</I>, <I> PCP</I>",,,
356299,13,Votação na generalidade,2026-03-20,Rejeitado,"A Favor: <I>CH</I>, <I> PAN</I>, <I> JPP</I><BR>Contra:<I>PS</I>, <I> L</I>, <I> BE</I><BR>Abstenção:<I>PSD</I>, <I> IL</I>, <I> PCP</I>, <I> CDS-PP</I>",,,
356169,13,Votação na generalidade,2026-02-27,Rejeitado,"A Favor: <I>CH</I>, <I> L</I>, <I> PCP</I>, <I> BE</I>, <I> PAN</I>, <I> JPP</I><BR>Contra:<I>PSD</I><BR>Abstenção:<I>PS</I>, <I> IL</I>, <I> CDS-PP</I>",,,
356306,42,Votação do recurso da decisão do PAR,2026-03-19,Rejeitado,"A Favor: <I>L</I>, <I> PCP</I>, <I> BE</I>, <I> PAN</I>, <I> JPP</I><BR>Contra:<I>PSD</I>, <I> CH</I>, <I> IL</I>, <I> CDS-PP</I><BR>Abstenção:<I>PS</I>",,,
356306,73,Votação Deliberação,2026-05-08,Rejeitado,"A Favor: <I>PS</I>, <I> L</I>, <I> BE</I>, <I> PAN</I>, <I> JPP</I><BR>Contra:<I>PSD</I>, <I> IL</I>, <I> CDS-PP</I><BR>Abstenção:<I>CH</I>, <I> PCP</I>",,,
356188,73,Votação Deliberação,2026-03-20,Aprovado,"A Favor: <I>CH</I>, <I> CDS-PP</I><BR>Contra:<I>PS</I>, <I> L</I>, <I> PCP</I>, <I> BE</I>, <I> PAN</I>, <I> JPP</I><BR>Abstenção:<I>PSD</I>, <I> IL</I>",,,
356504,13,Votação na generalidade,2026-04-17,Aprovado,"A Favor: <I>PS</I>, <I> L</I>, <I> PCP</I>, <I> BE</I>, <I> PAN</I>, <I> JPP</I><BR>Abstenção:<I>PSD</I>, <I> CH</I>, <I> IL</I>, <I> CDS-PP</I>",,,
356504,18,Votação final global,2026-04-24,Aprovado,"A Favor: <I>PSD</I>, <I> CH</I>, <I> PS</I>, <I> IL</I>, <I> L</I>, <I> CDS-PP</I>, <I> BE</I>, <I> PAN</I>, <I> JPP</I><BR>Contra:<I>PCP</I>",,,
356213,73,Votação Deliberação,2026-03-20,Rejeitado,"A Favor: <I>L</I>, <I> PCP</I>, <I> BE</I>, <I> PAN</I>, <I> JPP</I><BR>Contra:<I>PSD</I>, <I> IL</I>, <I> CDS-PP</I><BR>Abstenção:<I>CH</I>, <I> PS</I>",,,
356430,73,Votação Deliberação,2026-04-10,Aprovado,"A Favor: <I>CH</I>, <I> PS</I>, <I> L</I>, <I> PCP</I>, <I> BE</I>, <I> PAN</I>, <I> JPP</I><BR>Abstenção:<I>PSD</I>, <I> IL</I>, <I> CDS-PP</I>",,,
356288,13,Votação na generalidade,2026-03-20,Aprovado,"A Favor: <I>CH</I>, <I> PS</I>, <I> IL</I>, <I> BE</I>, <I> PAN</I>, <I> JPP</I><BR>Contra:<I>PSD</I><BR>Abstenção:<I>L</I>, <I> PCP</I>, <I> CDS-PP</I>",,,
356302,13,Votação na generalidade,2026-03-20,Aprovado,"A Favor: <I>PS</I>, <I> IL</I>, <I> L</I>, <I> PCP</I>, <I> BE</I>, <I> PAN</I>, <I> JPP</I><BR>Contra:<I>CH</I>, <I> CDS-PP</I><BR>Abstenção:<I>PSD</I>",,,
356273,73,Votação Deliberação,2026-04-10,Rejeitado,"A Favor: <I>CH</I>, <I> BE</I>, <I> PAN</I>, <I> JPP</I><BR>Contra:<I>PSD</I>, <I> IL</I>, <I> CDS-PP</I><BR>Abstenção:<I>PS</I>, <I> L</I>, <I> PCP</I>",,,
356524,13,Votação na generalidade,2026-04-24,Aprovado,"A Favor: <I>CH</I>, <I> PS</I>, <I> IL</I>, <I> L</I>, <I> PCP</I>, <I> BE</I>, <I> PAN</I>, <I> JPP</I><BR>Abstenção:<I>PSD</I>, <I> CDS-PP</I>",,,
356524,18,Votação final global,2026-07-17,Aprovado,"A Favor: <I>CH</I>, <I> PS</I>, <I> IL</I>, <I> L</I>, <I> PCP</I>, <I> BE</I>, <I> PAN</I>, <I> JPP</I><BR>Abstenção:<I>PSD</I>, <I> CDS-PP</I>",,,
356305,13,Votação na generalidade,2026-03-20,Rejeitado,"A Favor: <I>L</I>, <I> PCP</I>, <I> BE</I><BR>Contra:<I>PSD</I>, <I> CH</I>, <I> PS</I>, <I> IL</I>, <I> CDS-PP</I><BR>Abstenção:<I>PAN</I>, <I> JPP</I>",,,
356351,73,Votação Deliberação,2026-07-17,Rejeitado,"A Favor: <I>L</I>, <I> PCP</I>, <I> BE</I>, <I> PAN</I>, <I> JPP</I><BR>Contra:<I>PSD</I>, <I> CH</I>, <I> PS</I>, <I> IL</I>, <I> CDS-PP</I>",,,
356575,13,Votação na generalidade,2026-05-08,Aprovado,"A Favor: <I>CH</I>, <I> CDS-PP</I>, <I> BE</I>, <I> PAN</I>, <I> JPP</I><BR>Abstenção:<I>PSD</I>, <I> PS</I>, <I> IL</I>, <I> L</I>, <I> PCP</I>",,,
356575,18,Votação final global,2026-06-19,Aprovado,"A Favor: <I>CH</I>, <I> CDS-PP</I>, <I> PAN</I>, <I> JPP</I><BR>Abstenção:<I>PSD</I>, <I> PS</I>, <I> IL</I>, <I> L</I>, <I> PCP</I>, <I> BE</I>",,,
356574,73,Votação Deliberação,2026-05-22,Aprovado,"A Favor: <I>CH</I>, <I> PS</I>, <I> L</I>, <I> PAN</I>, <I> JPP</I><BR>Abstenção:<I>PSD</I>, <I> IL</I>, <I> PCP</I>, <I> CDS-PP</I>, <I> BE</I>",,,
356397,73,Votação Deliberação,2026-04-17,Rejeitado,"A Favor: <I>CH</I>, <I> JPP</I><BR>Contra:<I>PSD</I>, <I> PS</I>, <I> L</I>, <I> CDS-PP</I>, <I> BE</I>, <I> PAN</I><BR>Abstenção:<I>IL</I>, <I> PCP</I>",,,
315315,13,Votação na generalidade,2025-07-11,Aprovado,"A Favor: <I>PSD</I>, <I> CH</I>, <I> PS</I>, <I> IL</I>, <I> CDS-PP</I>, <I> PAN</I>, <I> JPP</I><BR>Contra:<I>L</I>, <I> PCP</I>, <I> BE</I>",,,
315315,18,Votação final global,2025-12-12,Aprovado,"A Favor: <I>PSD</I>, <I> CH</I>, <I> PS</I>, <I> IL</I>, <I> L</I>, <I> CDS-PP</I>, <I> PAN</I>, <I> JPP</I><BR>Contra:<I>PCP</I>",,,
356672,13,Votação na generalidade,2026-05-08,Aprovado,"A Favor: <I>PSD</I>, <I> CH</I>, <I> PS</I>, <I> IL</I>, <I> CDS-PP</I>, <I> JPP</I><BR>Contra:<I>PAN</I><BR>Abstenção:<I>L</I>, <I> PCP</I>, <I> BE</I>",,,
356672,18,Votação final global,2026-06-19,Aprovado,"A Favor: <I>PSD</I>, <I> CH</I>, <I> PS</I>, <I> IL</I>, <I> L</I>, <I> PCP</I>, <I> CDS-PP</I>, <I> BE</I>, <I> JPP</I><BR>Contra:<I>PAN</I>",,,
356628,13,Votação na generalidade,2026-05-14,Aprovado,"A Favor: <I>CH</I>, <I> PS</I>, <I> L</I>, <I> PCP</I>, <I> BE</I>, <I> PAN</I>, <I> JPP</I><BR>Contra:<I>PSD</I>, <I> CDS-PP</I><BR>Abstenção:<I>IL</I>",,,
356690,13,Votação na generalidade,2026-05-22,Aprovado,"A Favor: <I>CH</I>, <I> PS</I>, <I> IL</I>, <I> L</I>, <I> PCP</I>, <I> BE</I>, <I> PAN</I>, <I> JPP</I><BR>Contra:<I>PSD</I>, <I> CDS-PP</I>",,,
356690,18,Votação final global,2026-07-17,Aprovado,"A Favor: <I>CH</I>, <I> PS</I>, <I> IL</I>, <I> L</I>, <I> PCP</I>, <I> CDS-PP</I>, <I> BE</I>, <I> PAN</I>, <I> JPP</I><BR>Abstenção:<I>PSD</I>",,,
356493,13,Votação na generalidade,2026-05-15,Aprovado,"A Favor: <I>PS</I>, <I> IL</I>, <I> L</I>, <I> PCP</I>, <I> BE</I>, <I> PAN</I>, <I> JPP</I><BR>Abstenção:<I>PSD</I>, <I> CH</I>, <I> CDS-PP</I>",,,
356474,13,Votação na generalidade,2026-04-24,Aprovado,"A Favor: <I>CH</I>, <I> PS</I>, <I> IL</I>, <I> L</I>, <I> PCP</I>, <I> BE</I>, <I> PAN</I>, <I> JPP</I><BR>Abstenção:<I>PSD</I>, <I> CDS-PP</I>",,,
356756,13,Votação na generalidade,2026-05-29,Aprovado,,,,
356756,18,Votação final global,2026-06-25,Aprovado,,,,
315381,122,Requerimento Baixa Comissão sem Votação (Generalidade),2026-02-25,Aprovado,,,,
315381,152,Requerimento,2026-04-24,Aprovado,"A Favor: <I>CH</I>, <I> PS</I>, <I> IL</I>, <I> L</I>, <I> PCP</I>, <I> CDS-PP</I>, <I> BE</I>, <I> PAN</I>, <I> JPP</I><BR>Abstenção:<I>PSD</I>",,,
315381,13,Votação na generalidade,2026-06-03,Aprovado,"A Favor: <I>PSD</I>, <I> CH</I>, <I> PS</I>, <I> L</I>, <I> BE</I>, <I> PAN</I>, <I> JPP</I><BR>Abstenção:<I>IL</I>, <I> PCP</I>, <I> CDS-PP</I>",,,
315381,34,Votação na especialidade,2026-06-03,Aprovado,"A Favor: <I>PSD</I>, <I> CH</I>, <I> PS</I>, <I> L</I>, <I> PCP</I>, <I> BE</I>, <I> PAN</I>, <I> JPP</I><BR>Abstenção:<I>IL</I>, <I> CDS-PP</I>",,,
315381,18,Votação final global,2026-06-03,Aprovado,"A Favor: <I>PSD</I>, <I> CH</I>, <I> PS</I>, <I> L</I>, <I> BE</I>, <I> PAN</I>, <I> JPP</I><BR>Abstenção:<I>IL</I>, <I> PCP</I>, <I> CDS-PP</I>",,,
315322,13,Votação na generalidade,2025-07-11,Aprovado,"A Favor: <I>PSD</I>, <I> CH</I>, <I> PS</I>, <I> IL</I>, <I> L</I>, <I> CDS-PP</I>, <I> PAN</I>, <I> JPP</I><BR>Contra:<I>PCP</I>, <I> BE</I>",,,
315322,18,Votação final global,2025-12-12,Aprovado,"A Favor: <I>PSD</I>, <I> CH</I>, <I> PS</I>, <I> IL</I>, <I> L</I>, <I> CDS-PP</I>, <I> PAN</I>, <I> JPP</I><BR>Contra:<I>PCP</I>",,,
356731,13,Votação na generalidade,2026-05-14,Aprovado,"A Favor: <I>CH</I>, <I> PS</I>, <I> IL</I>, <I> L</I>, <I> PCP</I>, <I> BE</I>, <I> PAN</I>, <I> JPP</I><BR>Abstenção:<I>PSD</I>, <I> CDS-PP</I>",,,
356731,18,Votação final global,2026-06-25,Aprovado,,,,
356761,13,Votação na generalidade,2026-05-29,Aprovado,,,,
356761,18,Votação final global,2026-06-25,Aprovado,,,,
356627,73,Votação Deliberação,2026-05-29,Aprovado,"A Favor: <I>PSD</I>, <I> IL</I>, <I> CDS-PP</I><BR>Contra:<I>PS</I>, <I> L</I>, <I> PCP</I>, <I> BE</I><BR>Abstenção:<I>CH</I>, <I> PAN</I>, <I> JPP</I>",,,
356458,73,Votação Deliberação,2026-05-15,Rejeitado,"A Favor: <I>L</I>, <I> PCP</I>, <I> BE</I>, <I> PAN</I>, <I> JPP</I><BR>Contra:<I>PSD</I>, <I> CH</I>, <I> IL</I>, <I> CDS-PP</I><BR>Abstenção:<I>PS</I>",,,
356526,13,Votação na generalidade,2026-04-24,Rejeitado,"A Favor: <I>PS</I>, <I> L</I>, <I> PCP</I>, <I> BE</I>, <I> PAN</I>, <I> JPP</I><BR>Contra:<I>PSD</I>, <I> CDS-PP</I><BR>Abstenção:<I>CH</I>, <I> IL</I>",,,
356539,13,Votação na generalidade,2026-04-24,Aprovado,"A Favor: <I>PS</I>, <I> IL</I>, <I> L</I>, <I> PCP</I>, <I> BE</I>, <I> PAN</I>, <I> JPP</I><BR>Abstenção:<I>PSD</I>, <I> CH</I>, <I> CDS-PP</I>",,,
356528,13,Votação na generalidade,2026-04-24,Aprovado,"A Favor: <I>PS</I>, <I> IL</I>, <I> L</I>, <I> PCP</I>, <I> BE</I>, <I> PAN</I>, <I> JPP</I><BR>Abstenção:<I>PSD</I>, <I> CH</I>, <I> CDS-PP</I>",,,
356481,13,Votação na generalidade,2026-04-17,Rejeitado,"A Favor: <I>PS</I>, <I> L</I>, <I> BE</I>, <I> PAN</I>, <I> JPP</I><BR>Contra:<I>PSD</I>, <I> CH</I>, <I> CDS-PP</I><BR>Abstenção:<I>IL</I>, <I> PCP</I>",,,
356478,13,Votação na generalidade,2026-04-24,Rejeitado,"A Favor: <I>PS</I>, <I> IL</I>, <I> L</I>, <I> BE</I>, <I> PAN</I>, <I> JPP</I><BR>Contra:<I>PSD</I>, <I> CDS-PP</I><BR>Abstenção:<I>CH</I>, <I> PCP</I>",,,
356521,73,Votação Deliberação,2026-05-15,Rejeitado,"A Favor: <I>PS</I>, <I> IL</I>, <I> L</I>, <I> BE</I>, <I> PAN</I>, <I> JPP</I><BR>Contra:<I>PSD</I>, <I> CH</I>, <I> PCP</I>, <I> CDS-PP</I>",,,
356484,13,Votação na generalidade,2026-04-17,Rejeitado,"A Favor: <I>PS</I>, <I> L</I>, <I> BE</I>, <I> PAN</I>, <I> JPP</I><BR>Contra:<I>PSD</I>, <I> IL</I>, <I> CDS-PP</I><BR>Abstenção:<I>CH</I>, <I> PCP</I>",,,
356530,13,Votação na generalidade,2026-04-24,Aprovado,"A Favor: <I>CH</I>, <I> PS</I>, <I> IL</I>, <I> L</I>, <I> PCP</I>, <I> BE</I>, <I> PAN</I>, <I> JPP</I><BR>Abstenção:<I>PSD</I>, <I> CDS-PP</I>",,,
356577,13,Votação na generalidade,2026-05-08,Aprovado,"A Favor: <I>CH</I>, <I> PS</I>, <I> IL</I>, <I> BE</I>, <I> PAN</I>, <I> JPP</I><BR>Abstenção:<I>PSD</I>, <I> L</I>, <I> PCP</I>, <I> CDS-PP</I>",,,
356553,13,Votação na generalidade,2026-05-22,Rejeitado,"A Favor: <I>CH</I>, <I> IL</I>, <I> L</I>, <I> PCP</I>, <I> BE</I>, <I> PAN</I>, <I> JPP</I><BR>Contra:<I>PSD</I>, <I> CDS-PP</I><BR>Abstenção:<I>PS</I>",,,
356534,13,Votação na generalidade,2026-04-24,Rejeitado,"A Favor: <I>IL</I>, <I> L</I>, <I> PCP</I>, <I> BE</I>, <I> PAN</I>, <I> JPP</I><BR>Contra:<I>PSD</I>, <I> CDS-PP</I><BR>Abstenção:<I>CH</I>, <I> PS</I>",,,
356693,73,Votação Deliberação,2026-05-22,Aprovado,"A Favor: <I>CH</I>, <I> PS</I>, <I> L</I>, <I> PCP</I>, <I> BE</I>, <I> PAN</I>, <I> JPP</I><BR>Contra:<I>PSD</I>, <I> CDS-PP</I><BR>Abstenção:<I>IL</I>",,,
356492,13,Votação na generalidade,2026-04-10,Rejeitado,"A Favor: <I>CH</I>, <I> IL</I>, <I> PAN</I>, <I> JPP</I><BR>Contra:<I>PSD</I>, <I> PS</I>, <I> L</I>, <I> PCP</I>, <I> BE</I><BR>Abstenção:<I>CDS-PP</I>",,,
356738,73,Votação Deliberação,2026-05-29,Aprovado,"A Favor: <I>PS</I>, <I> L</I>, <I> PCP</I>, <I> BE</I>, <I> PAN</I>, <I> JPP</I><BR>Contra:<I>CH</I><BR>Abstenção:<I>PSD</I>, <I> IL</I>, <I> CDS-PP</I>",,,
356498,13,Votação na generalidade,2026-04-10,Rejeitado,"A Favor: <I>PS</I>, <I> PCP</I>, <I> BE</I>, <I> JPP</I><BR>Contra:<I>PSD</I>, <I> IL</I>, <I> CDS-PP</I><BR>Abstenção:<I>CH</I>, <I> L</I>, <I> PAN</I>",,,
356748,73,Votação Deliberação,2026-06-25,Aprovado,"A Favor: <I>PSD</I>, <I> CH</I>, <I> PS</I>, <I> PAN</I>, <I> JPP</I><BR>Abstenção:<I>IL</I>, <I> L</I>, <I> PCP</I>, <I> CDS-PP</I>, <I> BE</I>",,,
356647,73,Votação Deliberação,2026-05-08,Aprovado,"A Favor: <I>PSD</I>, <I> CH</I>, <I> PS</I>, <I> CDS-PP</I>, <I> PAN</I>, <I> JPP</I><BR>Abstenção:<I>IL</I>, <I> L</I>, <I> PCP</I>, <I> BE</I>",,,
356757,73,Votação Deliberação,2026-06-03,Aprovado,"A Favor: <I>CH</I>, <I> PS</I>, <I> CDS-PP</I>, <I> BE</I>, <I> PAN</I>, <I> JPP</I><BR>Abstenção:<I>PSD</I>, <I> IL</I>, <I> L</I>, <I> PCP</I>",,,
356770,73,Votação Deliberação,2026-07-17,Aprovado,"A Favor: <I>CH</I>, <I> PS</I>, <I> L</I>, <I> PCP</I>, <I> BE</I>, <I> PAN</I>, <I> JPP</I><BR>Contra:<I>PSD</I>, <I> CDS-PP</I><BR>Abstenção:<I>IL</I>",,,
356569,73,Votação Deliberação,2026-06-12,Rejeitado,"A Favor: <I>CH</I>, <I> JPP</I><BR>Contra:<I>PSD</I>, <I> IL</I>, <I> CDS-PP</I><BR>Abstenção:<I>PS</I>, <I> L</I>, <I> PCP</I>, <I> BE</I>, <I> PAN</I>",,,
356512,13,Votação na generalidade,2026-04-17,Rejeitado,"A Favor: <I>PS</I>, <I> L</I>, <I> BE</I>, <I> PAN</I>, <I> JPP</I><BR>Contra:<I>PSD</I>, <I> IL</I>, <I> CDS-PP</I><BR>Abstenção:<I>CH</I>, <I> PCP</I>",,,
356676,13,Votação na generalidade,2026-05-22,Aprovado,"A Favor: <I>CH</I>, <I> L</I>, <I> PCP</I>, <I> BE</I>, <I> PAN</I>, <I> JPP</I><BR>Abstenção:<I>PSD</I>, <I> PS</I>, <I> IL</I>, <I> CDS-PP</I>",,,
356510,13,Votação na generalidade,2026-04-24,Rejeitado,"A Favor: <I>CH</I>, <I> IL</I>, <I> PAN</I>, <I> JPP</I><BR>Contra:<I>PSD</I><BR>Abstenção:<I>PS</I>, <I> L</I>, <I> PCP</I>, <I> CDS-PP</I>, <I> BE</I>",,,
356685,13,Votação na generalidade,2026-05-22,Aprovado,"A Favor: <I>PSD</I>, <I> CH</I>, <I> IL</I>, <I> L</I>, <I> PCP</I>, <I> CDS-PP</I>, <I> BE</I>, <I> PAN</I>, <I> JPP</I><BR>Abstenção:<I>PS</I>",,,
356580,13,Votação na generalidade,2026-05-08,Aprovado,"A Favor: <I>PS</I>, <I> L</I>, <I> PCP</I>, <I> BE</I>, <I> PAN</I>, <I> JPP</I><BR>Contra:<I>IL</I><BR>Abstenção:<I>PSD</I>, <I> CH</I>, <I> CDS-PP</I>",,,
356644,73,Votação Deliberação,2026-04-30,Aprovado,,,,
356622,73,Votação Deliberação,2026-04-24,Aprovado,,,,
356753,73,Votação Deliberação,2026-05-29,Aprovado,"A Favor: <I>PSD</I>, <I> CH</I>, <I> PS</I>, <I> IL</I>, <I> CDS-PP</I>, <I> PAN</I>, <I> JPP</I><BR>Contra:<I>PCP</I>, <I> BE</I><BR>Abstenção:<I>L</I>",,,
356645,13,Votação na generalidade,2026-05-22,Aprovado,,,,
356910,13,Votação na generalidade,2026-06-19,Aprovado,"A Favor: <I>PSD</I>, <I> CH</I>, <I> IL</I>, <I> CDS-PP</I>, <I> BE</I>, <I> PAN</I>, <I> JPP</I><BR>Abstenção:<I>PS</I>, <I> L</I>, <I> PCP</I>",,,
356910,18,Votação final global,2026-07-17,Aprovado,"A Favor: <I>PSD</I>, <I> CH</I>, <I> IL</I>, <I> CDS-PP</I>, <I> BE</I>, <I> PAN</I>, <I> JPP</I><BR>Abstenção:<I>PS</I>, <I> L</I>, <I> PCP</I>",,,
356648,13,Votação na generalidade,2026-05-22,Aprovado,"A Favor: <I>PSD</I>, <I> PS</I>, <I> IL</I>, <I> L</I>, <I> PCP</I>, <I> CDS-PP</I>, <I> BE</I>, <I> PAN</I>, <I> JPP</I><BR>Abstenção:<I>CH</I>",,,
356928,73,Votação Deliberação,2026-07-17,Aprovado,"A Favor: <I>PSD</I>, <I> CH</I>, <I> PS</I>, <I> L</I>, <I> CDS-PP</I>, <I> BE</I>, <I> PAN</I>, <I> JPP</I><BR>Abstenção:<I>IL</I>, <I> PCP</I>",,,
356716,13,Votação na generalidade,2026-05-22,Aprovado,"A Favor: <I>CH</I>, <I> L</I>, <I> PCP</I>, <I> BE</I>, <I> PAN</I>, <I> JPP</I><BR>Abstenção:<I>PSD</I>, <I> PS</I>, <I> IL</I>, <I> CDS-PP</I>",,,
356579,13,Votação na generalidade,2026-04-30,Rejeitado,"A Favor: <I>CH</I>, <I> L</I>, <I> PCP</I>, <I> BE</I>, <I> PAN</I>, <I> JPP</I><BR>Contra:<I>PSD</I>, <I> PS</I>, <I> IL</I>, <I> CDS-PP</I>",,,
356823,73,Votação Deliberação,2026-06-19,Aprovado,"A Favor: <I>CH</I>, <I> PS</I>, <I> JPP</I><BR>Contra:<I>PAN</I><BR>Abstenção:<I>PSD</I>, <I> IL</I>, <I> L</I>, <I> PCP</I>, <I> CDS-PP</I>, <I> BE</I>",,,
356697,13,Votação na generalidade,2026-05-22,Aprovado,"A Favor: <I>CH</I>, <I> PS</I>, <I> L</I>, <I> BE</I>, <I> PAN</I>, <I> JPP</I><BR>Contra:<I>PSD</I>, <I> IL</I>, <I> CDS-PP</I><BR>Abstenção:<I>PCP</I>",,,
356697,18,Votação final global,2026-06-03,Rejeitado,"A Favor: <I>CH</I>, <I> L</I>, <I> BE</I>, <I> PAN</I>, <I> JPP</I><BR>Contra:<I>PSD</I>, <I> PS</I>, <I> IL</I>, <I> CDS-PP</I><BR>Abstenção:<I>PCP</I>",,,
356592,13,Votação na generalidade,2026-05-08,Rejeitado,"A Favor: <I>PS</I>, <I> L</I>, <I> BE</I>, <I> PAN</I>, <I> JPP</I><BR>Contra:<I>PSD</I>, <I> CH</I>, <I> PCP</I>, <I> CDS-PP</I><BR>Abstenção:<I>IL</I>",,,
356736,13,Votação na generalidade,2026-05-14,Aprovado,"A Favor: <I>CH</I>, <I> PS</I>, <I> L</I>, <I> PCP</I>, <I> BE</I>, <I> PAN</I>, <I> JPP</I><BR>Contra:<I>PSD</I>, <I> IL</I>, <I> CDS-PP</I>",,,
356600,13,Votação na generalidade,2026-05-08,Rejeitado,"A Favor: <I>PS</I>, <I> L</I>, <I> BE</I>, <I> PAN</I>, <I> JPP</I><BR>Contra:<I>PSD</I>, <I> CH</I>, <I> PCP</I>, <I> CDS-PP</I><BR>Abstenção:<I>IL</I>",,,
356638,73,Votação Deliberação,2026-05-29,Rejeitado,"A Favor: <I>L</I>, <I> PCP</I>, <I> BE</I>, <I> PAN</I>, <I> JPP</I><BR>Contra:<I>PSD</I>, <I> CH</I>, <I> CDS-PP</I><BR>Abstenção:<I>PS</I>, <I> IL</I>",,,
356779,13,Votação na generalidade,2026-07-02,Aprovado,"A Favor: <I>PS</I>, <I> L</I>, <I> PCP</I>, <I> BE</I>, <I> PAN</I>, <I> JPP</I><BR>Abstenção:<I>PSD</I>, <I> CH</I>, <I> IL</I>, <I> CDS-PP</I>",,,
356651,73,Votação Deliberação,2026-05-29,Rejeitado,"A Favor: <I>PS</I>, <I> L</I>, <I> PCP</I>, <I> BE</I>, <I> JPP</I><BR>Contra:<I>PSD</I>, <I> IL</I>, <I> CDS-PP</I><BR>Abstenção:<I>CH</I>, <I> PAN</I>",,,
356598,73,Votação Deliberação,2026-05-15,Rejeitado,"A Favor: <I>PS</I>, <I> IL</I>, <I> L</I>, <I> PCP</I>, <I> BE</I>, <I> PAN</I>, <I> JPP</I><BR>Contra:<I>PSD</I>, <I> CH</I>, <I> CDS-PP</I>",,,
356666,73,Votação Deliberação,2026-07-17,Rejeitado,"A Favor: <I>PS</I>, <I> PAN</I>, <I> JPP</I><BR>Contra:<I>PSD</I>, <I> CH</I>, <I> IL</I>, <I> PCP</I>, <I> CDS-PP</I><BR>Abstenção:<I>L</I>, <I> BE</I>",,,
356548,73,Votação Deliberação,2026-04-10,Rejeitado,"A Favor: <I>PCP</I>, <I> BE</I>, <I> PAN</I>, <I> JPP</I><BR>Contra:<I>PSD</I>, <I> CH</I>, <I> IL</I>, <I> CDS-PP</I><BR>Abstenção:<I>PS</I>, <I> L</I>",,,
356698,13,Votação na generalidade,2026-05-22,Aprovado,"A Favor: <I>CH</I>, <I> PS</I>, <I> IL</I>, <I> L</I>, <I> PCP</I>, <I> BE</I>, <I> PAN</I>, <I> JPP</I><BR>Abstenção:<I>PSD</I>, <I> CDS-PP</I>",,,
315103,13,Votação na generalidade,2025-12-18,Aprovado,"A Favor: <I>CH</I>, <I> PS</I>, <I> IL</I>, <I> BE</I>, <I> PAN</I>, <I> JPP</I><BR>Contra:<I>PSD</I><BR>Abstenção:<I>L</I>, <I> PCP</I>, <I> CDS-PP</I>",,,
315103,18,Votação final global,2026-06-25,Aprovado,"A Favor: <I>CH</I>, <I> PS</I>, <I> IL</I>, <I> BE</I>, <I> PAN</I>, <I> JPP</I><BR>Abstenção:<I>PSD</I>, <I> L</I>, <I> PCP</I>, <I> CDS-PP</I>",,,
356930,73,Votação Deliberação,2026-06-19,Aprovado,,,,
356946,13,Votação na generalidade,2026-06-25,Aprovado,"A Favor: <I>CH</I>, <I> PS</I>, <I> IL</I>, <I> CDS-PP</I>, <I> PAN</I>, <I> JPP</I><BR>Contra:<I>PSD</I>, <I> PCP</I>, <I> BE</I><BR>Abstenção:<I>L</I>",,,
356943,73,Votação Deliberação,2026-06-19,Aprovado,,,,
315053,122,Requerimento Baixa Comissão sem Votação (Generalidade),2026-01-30,Aprovado,,,,
315053,152,Requerimento,2026-04-01,Aprovado,,,,
315053,152,Requerimento,2026-06-17,Aprovado,,,,
356973,13,Votação na generalidade,2026-07-02,Aprovado,"A Favor: <I>CH</I>, <I> PS</I>, <I> BE</I>, <I> JPP</I><BR>Contra:<I>PSD</I>, <I> PCP</I>, <I> CDS-PP</I><BR>Abstenção:<I>IL</I>, <I> L</I>, <I> PAN</I>",,,
315509,13,Votação na generalidade,2025-09-25,Aprovado,"A Favor: <I>CH</I>, <I> PS</I>, <I> L</I>, <I> PCP</I>, <I> BE</I>, <I> PAN</I>, <I> JPP</I><BR>Contra:<I>PSD</I>, <I> IL</I>, <I> CDS-PP</I>",,,
315509,15,Requerimento avocação plenário,2026-07-01,Aprovado,"A Favor: <I>CH</I>, <I> PS</I>, <I> L</I>, <I> PCP</I>, <I> BE</I>, <I> PAN</I>, <I> JPP</I><BR>Contra:<I>PSD</I>, <I> CDS-PP</I><BR>Abstenção:<I>IL</I>",,,
315509,18,Votação final global,2026-07-03,Aprovado,"A Favor: <I>CH</I>, <I> PS</I>, <I> L</I>, <I> PCP</I>, <I> BE</I>, <I> PAN</I>, <I> JPP</I><BR>Abstenção:<I>PSD</I>, <I> IL</I>, <I> CDS-PP</I>",,,
315579,122,Requerimento Baixa Comissão sem Votação (Generalidade),2025-09-19,Aprovado,Ausência: <I>BE</I>,,,
315579,13,Votação na generalidade,2026-04-24,Aprovado,"A Favor: <I>CH</I>, <I> PS</I>, <I> L</I>, <I> PAN</I>, <I> JPP</I><BR>Contra:<I>PCP</I><BR>Abstenção:<I>PSD</I>, <I> IL</I>, <I> CDS-PP</I>, <I> BE</I>",,,
315579,34,Votação na especialidade,2026-04-24,Aprovado,"A Favor: <I>CH</I>, <I> PS</I>, <I> IL</I>, <I> L</I>, <I> PCP</I>, <I> BE</I>, <I> PAN</I>, <I> JPP</I><BR>Abstenção:<I>PSD</I>, <I> CDS-PP</I>",,,
315579,18,Votação final global,2026-04-24,Aprovado,"A Favor: <I>CH</I>, <I> PS</I>, <I> IL</I>, <I> L</I>, <I> BE</I>, <I> PAN</I>, <I> JPP</I><BR>Contra:<I>PCP</I><BR>Abstenção:<I>PSD</I>, <I> CDS-PP</I>",,,
356880,13,Votação na generalidade,2026-06-12,Rejeitado,"A Favor: <I>CH</I><BR>Contra:<I>PSD</I>, <I> L</I>, <I> BE</I>, <I> PAN</I><BR>Abstenção:<I>PS</I>, <I> IL</I>, <I> PCP</I>, <I> CDS-PP</I>, <I> JPP</I>",,,
356882,13,Votação na generalidade,2026-06-12,Rejeitado,"A Favor: <I>CH</I><BR>Contra:<I>PSD</I>, <I> PS</I>, <I> IL</I>, <I> L</I>, <I> PCP</I>, <I> BE</I>, <I> PAN</I><BR>Abstenção:<I>CDS-PP</I>, <I> JPP</I>",,,
315067,122,Requerimento Baixa Comissão sem Votação (Generalidade),2026-01-23,Aprovado,Ausência: <I>JPP</I>,,,
315067,152,Requerimento,2026-04-01,Aprovado,,,,
315067,152,Requerimento,2026-06-17,Aprovado,,,,
357044,73,Votação Deliberação,2026-07-17,Aprovado,,,,
356879,13,Votação na generalidade,2026-06-12,Rejeitado,"A Favor: <I>CH</I>, <I> PAN</I><BR>Contra:<I>PSD</I>, <I> IL</I>, <I> PCP</I>, <I> CDS-PP</I><BR>Abstenção:<I>PS</I>, <I> L</I>, <I> BE</I>, <I> JPP</I>",,,
356942,73,Votação Deliberação,2026-06-25,Rejeitado,"A Favor: <I>PS</I>, <I> IL</I>, <I> L</I>, <I> PCP</I>, <I> BE</I>, <I> PAN</I>, <I> JPP</I><BR>Contra:<I>PSD</I>, <I> CH</I>, <I> CDS-PP</I>",,,
356932,13,Votação na generalidade,2026-06-25,Rejeitado,"A Favor: <I>IL</I>, <I> L</I>, <I> PCP</I>, <I> BE</I>, <I> PAN</I>, <I> JPP</I><BR>Contra:<I>PSD</I>, <I> CDS-PP</I><BR>Abstenção:<I>CH</I>, <I> PS</I>",,,
356991,13,Votação na generalidade,2026-07-02,Rejeitado,"A Favor: <I>IL</I>, <I> L</I>, <I> PCP</I>, <I> BE</I>, <I> PAN</I>, <I> JPP</I><BR>Contra:<I>PSD</I>, <I> CH</I>, <I> CDS-PP</I><BR>Abstenção:<I>PS</I>",,,
356931,13,Votação na generalidade,2026-06-25,Rejeitado,"A Favor: <I>IL</I>, <I> PAN</I>, <I> JPP</I><BR>Contra:<I>PSD</I>, <I> PS</I>, <I> L</I>, <I> PCP</I>, <I> CDS-PP</I><BR>Abstenção:<I>CH</I>, <I> BE</I>",,,
315034,13,Votação na generalidade,2025-09-26,Aprovado,"A Favor: <I>CH</I>, <I> PS</I>, <I> IL</I>, <I> L</I>, <I> PCP</I>, <I> BE</I>, <I> PAN</I>, <I> JPP</I><BR>Abstenção:<I>PSD</I>, <I> CDS-PP</I>",,,
315095,122,Requerimento Baixa Comissão sem Votação (Generalidade),2025-07-11,Aprovado,,,,
315095,123,Requerimento de adiamento de Votação (Generalidade),2026-01-30,Aprovado,,,,
315095,152,Requerimento,2026-04-30,Aprovado,,,,
357021,73,Votação Deliberação,2026-07-17,Rejeitado,"A Favor: <I>PS</I>, <I> L</I>, <I> PCP</I>, <I> BE</I>, <I> PAN</I>, <I> JPP</I><BR>Contra:<I>PSD</I>, <I> IL</I>, <I> CDS-PP</I><BR>Abstenção:<I>CH</I>",,,
356952,13,Votação na generalidade,2026-06-24,Rejeitado,"A Favor: <I>L</I>, <I> BE</I>, <I> JPP</I><BR>Contra:<I>PSD</I>, <I> CH</I>, <I> IL</I>, <I> CDS-PP</I><BR>Abstenção:<I>PS</I>, <I> PCP</I>, <I> PAN</I>",,,
315066,13,Votação na generalidade,2025-07-11,Aprovado,"A Favor: <I>PSD</I>, <I> CH</I>, <I> IL</I>, <I> CDS-PP</I><BR>Contra:<I>PS</I>, <I> L</I>, <I> PCP</I>, <I> BE</I>, <I> PAN</I><BR>Abstenção:<I>JPP</I>",,,
357025,73,Votação Deliberação,2026-07-03,Aprovado,,,,
315104,13,Votação na generalidade,2025-07-11,Aprovado,"A Favor: <I>PSD</I>, <I> CH</I>, <I> IL</I>, <I> CDS-PP</I><BR>Contra:<I>PS</I>, <I> L</I>, <I> PCP</I>, <I> BE</I>, <I> PAN</I>, <I> JPP</I>",,,
315043,13,Votação na generalidade,2025-07-11,Aprovado,"A Favor: <I>PSD</I>, <I> CH</I>, <I> 12-PS</I>, <I> IL</I>, <I> L</I>, <I> CDS-PP</I>, <I> BE</I>, <I> PAN</I>, <I> JPP</I>, <I> Pedro Nuno Santos (PS)</I>, <I> Sandra Lopes (PS)</I>, <I> Aida Carvalho (PS)</I>, <I> Catarina Louro (PS)</I>, <I> Eva Cruzeiro (PS)</I>, <I> Miguel Matos (PS)</I>, <I> Sofia Canha (PS)</I>, <I> Sofia Pereira (PS)</I>, <I> José Carlos Barbosa (PS)</I>, <I> Margarida Afonso (PS)</I>, <I> Rui Jorge Santos (PS)</I>, <I> Elza Pais (PS)</I><BR>Abstenção:<I>PS</I>, <I> PCP</I>",,,
356983,13,Votação na generalidade,2026-07-02,Rejeitado,"A Favor: <I>PS</I>, <I> L</I>, <I> PCP</I>, <I> BE</I>, <I> PAN</I>, <I> JPP</I><BR>Contra:<I>PSD</I>, <I> IL</I>, <I> CDS-PP</I><BR>Abstenção:<I>CH</I>",,,
315169,13,Votação na generalidade,2025-07-11,Aprovado,"A Favor: <I>CH</I>, <I> PS</I>, <I> IL</I>, <I> L</I>, <I> PCP</I>, <I> BE</I>, <I> PAN</I>, <I> JPP</I><BR>Abstenção:<I>PSD</I>, <I> CDS-PP</I>",,,
315146,13,Votação na generalidade,2025-09-26,Rejeitado,"A Favor: <I>CH</I>, <I> L</I>, <I> PCP</I>, <I> BE</I>, <I> PAN</I>, <I> JPP</I><BR>Contra:<I>PSD</I>, <I> IL</I>, <I> CDS-PP</I><BR>Abstenção:<I>PS</I>",,,
315599,13,Votação na generalidade,2026-02-20,Aprovado,"A Favor: <I>CH</I>, <I> PS</I>, <I> IL</I>, <I> PAN</I>, <I> JPP</I><BR>Abstenção:<I>PSD</I>, <I> L</I>, <I> PCP</I>, <I> CDS-PP</I>, <I> BE</I>",,,
315599,18,Votação final global,2026-03-26,Aprovado,"A Favor: <I>PSD</I>, <I> CH</I>, <I> PS</I>, <I> IL</I>, <I> PCP</I>, <I> CDS-PP</I>, <I> BE</I>, <I> PAN</I>, <I> JPP</I><BR>Abstenção:<I>L</I>",,,
315650,13,Votação na generalidade,2026-03-26,Aprovado,,,,
315650,34,Votação na especialidade,2026-03-26,Aprovado,,,,
315650,18,Votação final global,2026-03-26,Aprovado,,,,
315652,13,Votação na generalidade,2026-03-26,Aprovado,,,,
315652,34,Votação na especialidade,2026-03-26,Aprovado,,,,
315652,18,Votação final global,2026-03-26,Aprovado,,,,
315077,13,Votação na generalidade,2026-01-23,Rejeitado,"A Favor: <I>L</I>, <I> PCP</I>, <I> BE</I>, <I> PAN</I><BR>Contra:<I>PSD</I>, <I> CH</I>, <I> IL</I>, <I> CDS-PP</I><BR>Abstenção:<I>PS</I>",,,
315656,13,Votação na generalidade,2026-04-01,Aprovado,,,,
315656,34,Votação na especialidade,2026-04-01,Aprovado,,,,
315656,18,Votação final global,2026-04-01,Aprovado,,,,
315602,13,Votação na generalidade,2026-03-20,Aprovado,,,,
315602,34,Votação na especialidade,2026-03-20,Aprovado,,,,
315602,18,Votação final global,2026-03-20,Aprovado,,,,
315658,13,Votação na generalidade,2026-03-20,Aprovado,,,,
315658,34,Votação na especialidade,2026-03-20,Aprovado,,,,
315658,18,Votação final global,2026-03-20,Aprovado,,,,
315771,13,Votação na generalidade,2026-01-09,Aprovado,"A Favor: <I>PSD</I>, <I> PS</I>, <I> IL</I>, <I> L</I>, <I> PCP</I>, <I> BE</I>, <I> PAN</I>, <I> JPP</I><BR>Contra:<I>CH</I><BR>Abstenção:<I>CDS-PP</I>",,,
315771,15,Requerimento avocação plenário,2026-07-02,Aprovado,,,,
315771,18,Votação final global,2026-07-03,Aprovado,"A Favor: <I>PSD</I>, <I> PS</I>, <I> IL</I>, <I> L</I>, <I> PCP</I>, <I> BE</I>, <I> PAN</I>, <I> JPP</I><BR>Contra:<I>CH</I><BR>Abstenção:<I>CDS-PP</I>",,,
315172,13,Votação na generalidade,2025-07-04,Rejeitado,"A Favor: <I>CH</I>, <I> IL</I><BR>Contra:<I>PSD</I>, <I> PS</I>, <I> PCP</I>, <I> CDS-PP</I>, <I> BE</I><BR>Abstenção:<I>L</I>, <I> PAN</I>, <I> JPP</I>",,,
315157,13,Votação na generalidade,2025-12-12,Rejeitado,"A Favor: <I>CH</I>, <I> PAN</I><BR>Contra:<I>PSD</I>, <I> IL</I>, <I> CDS-PP</I><BR>Abstenção:<I>PS</I>, <I> L</I>, <I> PCP</I>, <I> JPP</I>",,,
315819,13,Votação na generalidade,2025-12-18,Aprovado,"A Favor: <I>CH</I>, <I> PS</I>, <I> L</I>, <I> PCP</I>, <I> BE</I>, <I> PAN</I>, <I> JPP</I><BR>Contra:<I>PSD</I><BR>Abstenção:<I>IL</I>, <I> CDS-PP</I>",,,
315819,18,Votação final global,2026-01-23,Aprovado,"A Favor: <I>CH</I>, <I> PS</I>, <I> L</I>, <I> PCP</I>, <I> BE</I>, <I> PAN</I><BR>Contra:<I>PSD</I><BR>Abstenção:<I>IL</I>, <I> CDS-PP</I>",,,
315305,13,Votação na generalidade,2025-07-11,Aprovado,"A Favor: <I>PSD</I>, <I> CH</I>, <I> 12-PS</I>, <I> IL</I>, <I> L</I>, <I> CDS-PP</I>, <I> BE</I>, <I> PAN</I>, <I> JPP</I>, <I> Pedro Nuno Santos (PS)</I>, <I> Sandra Lopes (PS)</I>, <I> Aida Carvalho (PS)</I>, <I> Catarina Louro (PS)</I>, <I> Eva Cruzeiro (PS)</I>, <I> Miguel Matos (PS)</I>, <I> Sofia Canha (PS)</I>, <I> Sofia Pereira (PS)</I>, <I> José Carlos Barbosa (PS)</I>, <I> Margarida Afonso (PS)</I>, <I> Rui Jorge Santos (PS)</I>, <I> Elza Pais (PS)</I><BR>Abstenção:<I>PS</I>, <I> PCP</I>",,,
315877,13,Votação na generalidade,2026-01-09,Aprovado,"A Favor: <I>PSD</I>, <I> PS</I>, <I> L</I>, <I> PCP</I>, <I> BE</I>, <I> PAN</I>, <I> JPP</I><BR>Contra:<I>CH</I>, <I> CDS-PP</I><BR>Abstenção:<I>IL</I>",,,
315877,15,Requerimento avocação plenário,2026-07-02,Aprovado,,,,
315877,18,Votação final global,2026-07-03,Aprovado,"A Favor: <I>PSD</I>, <I> PS</I>, <I> IL</I>, <I> L</I>, <I> PCP</I>, <I> BE</I>, <I> PAN</I>, <I> JPP</I><BR>Contra:<I>CH</I><BR>Abstenção:<I>CDS-PP</I>",,,
315224,13,Votação na generalidade,2025-07-04,Rejeitado,"A Favor: <I>L</I>, <I> PCP</I>, <I> BE</I>, <I> PAN</I>, <I> JPP</I><BR>Contra:<I>PSD</I>, <I> CH</I>, <I> IL</I>, <I> CDS-PP</I><BR>Abstenção:<I>PS</I>",,,
315230,13,Votação na generalidade,2025-07-04,Rejeitado,"A Favor: <I>L</I>, <I> PCP</I>, <I> BE</I>, <I> PAN</I>, <I> JPP</I><BR>Contra:<I>PSD</I>, <I> CH</I>, <I> IL</I>, <I> CDS-PP</I><BR>Abstenção:<I>PS</I>",,,
315423,122,Requerimento Baixa Comissão sem Votação (Generalidade),2026-03-13,Aprovado,,,,
315423,13,Votação na generalidade,2026-06-12,Rejeitado,"A Favor: <I>L</I>, <I> BE</I>, <I> PAN</I>, <I> JPP</I><BR>Contra:<I>PSD</I>, <I> CH</I>, <I> PCP</I>, <I> CDS-PP</I><BR>Abstenção:<I>PS</I>, <I> IL</I>",,,
315243,13,Votação na generalidade,2026-06-12,Rejeitado,"A Favor: <I>CH</I>, <I> IL</I>, <I> PAN</I>, <I> JPP</I><BR>Contra:<I>PSD</I><BR>Abstenção:<I>PS</I>, <I> L</I>, <I> PCP</I>, <I> CDS-PP</I>, <I> BE</I>",,,
315728,13,Votação na generalidade,2026-03-26,Aprovado,,,,
315728,34,Votação na especialidade,2026-03-26,Aprovado,,,,
315728,18,Votação final global,2026-03-26,Aprovado,,,,
315132,13,Votação na generalidade,2025-06-27,Rejeitado,"A Favor: <I>CH</I>, <I> L</I>, <I> PCP</I>, <I> BE</I>, <I> PAN</I>, <I> JPP</I><BR>Contra:<I>PSD</I>, <I> CDS-PP</I><BR>Abstenção:<I>PS</I>, <I> IL</I>",,,
315263,13,Votação na generalidade,2025-09-19,Rejeitado,"A Favor: <I>CH</I>, <I> CDS-PP</I>, <I> PAN</I>, <I> JPP</I><BR>Contra:<I>PSD</I>, <I> PS</I>, <I> IL</I>, <I> L</I>, <I> PCP</I>",,,
335927,13,Votação na generalidade,2026-01-09,Aprovado,"A Favor: <I>PSD</I>, <I> PS</I>, <I> L</I>, <I> PCP</I>, <I> BE</I>, <I> PAN</I>, <I> JPP</I><BR>Contra:<I>CH</I>, <I> IL</I>, <I> CDS-PP</I>",,,
335927,15,Requerimento avocação plenário,2026-07-02,Aprovado,,,,
335927,18,Votação final global,2026-07-03,Aprovado,"A Favor: <I>PSD</I>, <I> PS</I>, <I> IL</I>, <I> L</I>, <I> PCP</I>, <I> BE</I>, <I> PAN</I>, <I> JPP</I><BR>Contra:<I>CH</I><BR>Abstenção:<I>CDS-PP</I>",,,
315403,13,Votação na generalidade,2025-09-26,Rejeitado,"A Favor: <I>PS</I>, <I> L</I>, <I> PCP</I>, <I> BE</I>, <I> PAN</I>, <I> JPP</I><BR>Contra:<I>PSD</I>, <I> CDS-PP</I><BR>Abstenção:<I>CH</I>, <I> IL</I>",,,
315277,13,Votação na generalidade,2025-07-11,Rejeitado,"A Favor: <I>PSD</I>, <I> CDS-PP</I><BR>Contra:<I>CH</I>, <I> PS</I>, <I> IL</I>, <I> L</I>, <I> PCP</I>, <I> BE</I>, <I> PAN</I>, <I> JPP</I>",,,
315278,13,Votação na generalidade,2026-05-08,Rejeitado,"A Favor: <I>CH</I>, <I> IL</I>, <I> L</I>, <I> PAN</I>, <I> JPP</I><BR>Contra:<I>PSD</I>, <I> PS</I>, <I> PCP</I>, <I> BE</I><BR>Abstenção:<I>CDS-PP</I>",,,
315391,13,Votação na generalidade,2025-09-25,Rejeitado,"A Favor: <I>CH</I>, <I> L</I>, <I> PCP</I>, <I> BE</I>, <I> PAN</I>, <I> JPP</I><BR>Contra:<I>PSD</I>, <I> IL</I>, <I> CDS-PP</I><BR>Abstenção:<I>PS</I>",,,
315291,13,Votação na generalidade,2025-07-11,Rejeitado,"A Favor: <I>CH</I>, <I> L</I>, <I> PCP</I>, <I> BE</I>, <I> PAN</I>, <I> JPP</I><BR>Contra:<I>PSD</I>, <I> IL</I>, <I> CDS-PP</I><BR>Abstenção:<I>PS</I>",,,
315727,13,Votação na generalidade,2026-03-26,Aprovado,,,,
315727,34,Votação na especialidade,2026-03-26,Aprovado,,,,
315313,13,Votação na generalidade,2025-07-11,Rejeitado,"A Favor: <I>CH</I>, <I> IL</I>, <I> PAN</I>, <I> JPP</I><BR>Contra:<I>PSD</I>, <I> PS</I>, <I> L</I>, <I> PCP</I>, <I> CDS-PP</I><BR>Abstenção:<I>BE</I>",,,
315745,13,Votação na generalidade,2025-10-28,Aprovado,"A Favor: <I>PSD</I>, <I> CH</I>, <I> PS</I>, <I> L</I>, <I> PCP</I>, <I> CDS-PP</I>, <I> BE</I>, <I> PAN</I>, <I> JPP</I><BR>Abstenção:<I>IL</I>",,,
315745,34,Votação na especialidade,2025-10-28,Aprovado,"A Favor: <I>PSD</I>, <I> CH</I>, <I> PS</I>, <I> L</I>, <I> PCP</I>, <I> CDS-PP</I>, <I> BE</I>, <I> PAN</I>, <I> JPP</I><BR>Abstenção:<I>IL</I>",,,
315745,18,Votação final global,2025-10-28,Aprovado,"A Favor: <I>PSD</I>, <I> CH</I>, <I> PS</I>, <I> L</I>, <I> PCP</I>, <I> CDS-PP</I>, <I> BE</I>, <I> PAN</I>, <I> JPP</I><BR>Abstenção:<I>IL</I>",,,
315745,81,Requerimento dispensa redação final,2025-10-28,Aprovado,,,,
315331,13,Votação na generalidade,2026-06-03,Rejeitado,"A Favor: <I>CH</I>, <I> IL</I><BR>Contra:<I>PSD</I>, <I> PS</I>, <I> L</I>, <I> PCP</I>, <I> CDS-PP</I>, <I> BE</I><BR>Abstenção:<I>PAN</I>, <I> JPP</I>",,,
315416,13,Votação na generalidade,2025-09-25,Rejeitado,"A Favor: <I>CH</I>, <I> BE</I>, <I> PAN</I>, <I> JPP</I><BR>Contra:<I>PSD</I>, <I> IL</I>, <I> CDS-PP</I><BR>Abstenção:<I>PS</I>, <I> L</I>, <I> PCP</I>",,,
315228,13,Votação na generalidade,2025-07-04,Rejeitado,"A Favor: <I>IL</I>, <I> L</I>, <I> PCP</I>, <I> BE</I>, <I> PAN</I>, <I> JPP</I><BR>Contra:<I>PSD</I>, <I> CH</I>, <I> CDS-PP</I><BR>Abstenção:<I>PS</I>",,,
315371,13,Votação na generalidade,2025-09-26,Rejeitado,"A Favor: <I>CH</I>, <I> BE</I>, <I> PAN</I>, <I> JPP</I><BR>Contra:<I>PSD</I>, <I> IL</I><BR>Abstenção:<I>PS</I>, <I> L</I>, <I> PCP</I>, <I> CDS-PP</I>",,,
315480,13,Votação na generalidade,2025-09-19,Rejeitado,"A Favor: <I>CH</I>, <I> L</I>, <I> PCP</I>, <I> PAN</I>, <I> JPP</I><BR>Contra:<I>PSD</I>, <I> IL</I>, <I> CDS-PP</I><BR>Abstenção:<I>PS</I>",,,
346022,13,Votação na generalidade,2026-02-27,Aprovado,"A Favor: <I>CH</I>, <I> PS</I>, <I> L</I>, <I> PCP</I>, <I> BE</I>, <I> PAN</I>, <I> JPP</I><BR>Contra:<I>PSD</I>, <I> CDS-PP</I><BR>Abstenção:<I>IL</I>",,,
346022,18,Votação final global,2026-06-19,Aprovado,"A Favor: <I>CH</I>, <I> PS</I>, <I> L</I>, <I> PCP</I>, <I> BE</I>, <I> PAN</I>, <I> JPP</I><BR>Contra:<I>PSD</I>, <I> IL</I>, <I> CDS-PP</I>",,,
335931,13,Votação na generalidade,2026-01-09,Aprovado,"A Favor: <I>CH</I>, <I> PS</I>, <I> IL</I>, <I> L</I>, <I> PCP</I>, <I> BE</I>, <I> PAN</I>, <I> JPP</I><BR>Contra:<I>PSD</I>, <I> CDS-PP</I>",,,
335931,18,Votação final global,2026-03-13,Aprovado,"A Favor: <I>CH</I>, <I> PS</I>, <I> L</I>, <I> PCP</I>, <I> BE</I>, <I> PAN</I>, <I> JPP</I><BR>Contra:<I>PSD</I>, <I> CDS-PP</I><BR>Abstenção:<I>IL</I>",,,
315586,13,Votação na generalidade,2025-10-28,Rejeitado,"A Favor: <I>CH</I>, <I> BE</I>, <I> PAN</I>, <I> JPP</I><BR>Contra:<I>PSD</I>, <I> IL</I>, <I> CDS-PP</I><BR>Abstenção:<I>PS</I>, <I> L</I>, <I> PCP</I>",,,
315415,13,Votação na generalidade,2026-04-10,Rejeitado,"A Favor: <I>L</I>, <I> PCP</I>, <I> BE</I>, <I> PAN</I>, <I> JPP</I><BR>Contra:<I>PSD</I>, <I> IL</I>, <I> CDS-PP</I><BR>Abstenção:<I>CH</I>, <I> PS</I>",,,
315684,13,Votação na generalidade,2026-01-30,Rejeitado,"A Favor: <I>L</I>, <I> PCP</I>, <I> BE</I>, <I> PAN</I><BR>Contra:<I>PSD</I>, <I> CH</I>, <I> IL</I>, <I> CDS-PP</I><BR>Abstenção:<I>PS</I>, <I> JPP</I>",,,
356283,13,Votação na generalidade,2026-03-20,Rejeitado,"A Favor: <I>CH</I>, <I> L</I>, <I> PCP</I>, <I> BE</I>, <I> PAN</I>, <I> JPP</I><BR>Contra:<I>PSD</I>, <I> IL</I>, <I> CDS-PP</I><BR>Abstenção:<I>PS</I>",,,
356081,13,Votação na generalidade,2026-07-03,Rejeitado,"A Favor: <I>CH</I>, <I> IL</I>, <I> CDS-PP</I>, <I> BE</I><BR>Contra:<I>PSD</I>, <I> PS</I>, <I> L</I>, <I> PCP</I><BR>Abstenção:<I>PAN</I>, <I> JPP</I>",,,
315679,13,Votação na generalidade,2026-04-10,Rejeitado,"A Favor: <I>PS</I>, <I> L</I>, <I> PCP</I>, <I> BE</I>, <I> PAN</I>, <I> JPP</I><BR>Contra:<I>PSD</I>, <I> CDS-PP</I><BR>Abstenção:<I>CH</I>, <I> IL</I>",,,
356250,13,Votação na generalidade,2026-03-13,Aprovado,"A Favor: <I>PSD</I>, <I> CH</I>, <I> CDS-PP</I><BR>Contra:<I>L</I>, <I> PCP</I>, <I> BE</I><BR>Abstenção:<I>PS</I>, <I> IL</I>, <I> PAN</I>, <I> JPP</I>",,,
356250,18,Votação final global,2026-07-17,Aprovado,"A Favor: <I>PSD</I>, <I> CH</I>, <I> CDS-PP</I>, <I> JPP</I><BR>Contra:<I>PS</I>, <I> IL</I>, <I> L</I>, <I> PCP</I>, <I> BE</I>",,,
315866,122,Requerimento Baixa Comissão sem Votação (Generalidade),2025-12-18,Aprovado,,,,
315839,13,Votação na generalidade,2025-12-19,Rejeitado,"A Favor: <I>CH</I>, <I> L</I>, <I> PCP</I>, <I> BE</I>, <I> PAN</I>, <I> JPP</I><BR>Contra:<I>PSD</I>, <I> IL</I>, <I> CDS-PP</I><BR>Abstenção:<I>PS</I>",,,
315725,13,Votação na generalidade,2025-10-17,Rejeitado,"A Favor: <I>PS</I>, <I> IL</I>, <I> L</I>, <I> PCP</I>, <I> BE</I>, <I> PAN</I>, <I> JPP</I><BR>Contra:<I>PSD</I>, <I> CDS-PP</I><BR>Abstenção:<I>CH</I>",,,
315871,122,Requerimento Baixa Comissão sem Votação (Generalidade),2025-12-18,Aprovado,,,,
315823,122,Requerimento Baixa Comissão sem Votação (Generalidade),2025-12-18,Aprovado,,,,
315741,13,Votação na generalidade,2026-01-09,Rejeitado,"A Favor: <I>L</I>, <I> PCP</I>, <I> BE</I>, <I> PAN</I>, <I> JPP</I><BR>Contra:<I>PSD</I>, <I> CH</I>, <I> IL</I>, <I> CDS-PP</I><BR>Abstenção:<I>PS</I>",,,
356058,13,Votação na generalidade,2026-02-12,Aprovado,"A Favor: <I>PSD</I>, <I> PS</I>, <I> PAN</I>, <I> JPP</I><BR>Contra:<I>CH</I>, <I> IL</I><BR>Abstenção:<I>1-PS</I>, <I> L</I>, <I> PCP</I>, <I> CDS-PP</I>, <I> BE</I>",,,
315747,13,Votação na generalidade,2026-02-27,Rejeitado,"A Favor: <I>CH</I>, <I> L</I>, <I> PCP</I>, <I> BE</I>, <I> PAN</I>, <I> JPP</I><BR>Contra:<I>PSD</I>, <I> IL</I>, <I> CDS-PP</I><BR>Abstenção:<I>PS</I>",,,
315862,13,Votação na generalidade,2025-12-18,Rejeitado,"A Favor: <I>CH</I>, <I> L</I>, <I> PCP</I>, <I> BE</I>, <I> PAN</I>, <I> JPP</I><BR>Contra:<I>PSD</I>, <I> CDS-PP</I><BR>Abstenção:<I>PS</I>, <I> IL</I>",,,
356112,13,Votação na generalidade,2026-02-25,Rejeitado,"A Favor: <I>L</I>, <I> PCP</I>, <I> BE</I>, <I> JPP</I><BR>Contra:<I>PSD</I>, <I> IL</I>, <I> CDS-PP</I><BR>Abstenção:<I>CH</I>, <I> PS</I>, <I> PAN</I>",,,
356236,13,Votação na generalidade,2026-05-08,Aprovado,"A Favor: <I>CH</I>, <I> PS</I>, <I> L</I>, <I> JPP</I><BR>Contra:<I>PSD</I>, <I> CDS-PP</I><BR>Abstenção:<I>IL</I>, <I> PCP</I>, <I> BE</I>, <I> PAN</I>",,,
356290,122,Requerimento Baixa Comissão sem Votação (Generalidade),2026-03-20,Aprovado,,,,
356377,13,Votação na generalidade,2026-06-19,Rejeitado,"A Favor: <I>BE</I>, <I> PAN</I><BR>Contra:<I>PSD</I>, <I> CH</I>, <I> PS</I>, <I> IL</I>, <I> PCP</I>, <I> CDS-PP</I><BR>Abstenção:<I>L</I>, <I> JPP</I>",,,
356241,13,Votação na generalidade,2026-03-13,Rejeitado,"A Favor: <I>CH</I>, <I> L</I>, <I> PCP</I>, <I> BE</I>, <I> PAN</I>, <I> JPP</I><BR>Contra:<I>PSD</I>, <I> PS</I>, <I> IL</I>, <I> CDS-PP</I>",,,
356234,13,Votação na generalidade,2026-03-13,Rejeitado,"A Favor: <I>CH</I>, <I> IL</I><BR>Contra:<I>PSD</I>, <I> PS</I>, <I> L</I>, <I> PCP</I>, <I> CDS-PP</I>, <I> BE</I>, <I> PAN</I>, <I> JPP</I>",,,
356251,13,Votação na generalidade,2026-03-06,Rejeitado,"A Favor: <I>CH</I><BR>Contra:<I>PSD</I>, <I> PS</I>, <I> L</I>, <I> CDS-PP</I>, <I> BE</I>, <I> PAN</I>, <I> JPP</I><BR>Abstenção:<I>IL</I>, <I> PCP</I>",,,
356253,13,Votação na generalidade,2026-03-13,Rejeitado,"A Favor: <I>CH</I>, <I> L</I>, <I> PCP</I>, <I> BE</I>, <I> PAN</I>, <I> JPP</I><BR>Contra:<I>PSD</I>, <I> CDS-PP</I><BR>Abstenção:<I>PS</I>, <I> IL</I>",,,
356522,122,Requerimento Baixa Comissão sem Votação (Generalidade),2026-05-21,Aprovado,,,,
356259,13,Votação na generalidade,2026-03-13,Rejeitado,"A Favor: <I>L</I>, <I> PCP</I>, <I> BE</I>, <I> PAN</I>, <I> JPP</I><BR>Contra:<I>PSD</I>, <I> CH</I>, <I> PS</I>, <I> IL</I>, <I> CDS-PP</I>",,,
356298,13,Votação na generalidade,2026-03-20,Aprovado,"A Favor: <I>PSD</I>, <I> CH</I>, <I> CDS-PP</I><BR>Contra:<I>PS</I>, <I> IL</I>, <I> L</I>, <I> PCP</I>, <I> BE</I>, <I> PAN</I>, <I> JPP</I>",,,
356293,13,Votação na generalidade,2026-03-20,Rejeitado,"A Favor: <I>PS</I>, <I> L</I>, <I> PCP</I>, <I> BE</I>, <I> PAN</I>, <I> JPP</I><BR>Contra:<I>PSD</I>, <I> CH</I>, <I> IL</I>, <I> CDS-PP</I>",,,
356321,13,Votação na generalidade,2026-03-20,Rejeitado,"A Favor: <I>PS</I>, <I> L</I>, <I> PCP</I>, <I> BE</I>, <I> PAN</I>, <I> JPP</I><BR>Contra:<I>PSD</I>, <I> IL</I>, <I> CDS-PP</I><BR>Abstenção:<I>CH</I>",,,
356315,13,Votação na generalidade,2026-03-20,Rejeitado,"A Favor: <I>PS</I>, <I> L</I>, <I> BE</I>, <I> PAN</I>, <I> JPP</I><BR>Contra:<I>PSD</I>, <I> CH</I>, <I> IL</I>, <I> CDS-PP</I><BR>Abstenção:<I>PCP</I>",,,
356315,42,Votação do recurso da decisão do PAR,2026-03-20,Rejeitado,"A Favor: <I>PS</I>, <I> L</I>, <I> PCP</I>, <I> BE</I>, <I> PAN</I>, <I> JPP</I><BR>Contra:<I>PSD</I>, <I> CH</I>, <I> CDS-PP</I><BR>Abstenção:<I>IL</I>",,,
356597,122,Requerimento Baixa Comissão sem Votação (Generalidade),2026-05-15,Aprovado,,,,
356597,13,Votação na generalidade,2026-07-17,Rejeitado,"A Favor: <I>PS</I>, <I> L</I>, <I> PCP</I>, <I> BE</I>, <I> PAN</I>, <I> JPP</I><BR>Contra:<I>PSD</I>, <I> CH</I>, <I> CDS-PP</I><BR>Abstenção:<I>IL</I>",,,
356324,13,Votação na generalidade,2026-05-08,Rejeitado,"A Favor: <I>L</I>, <I> BE</I>, <I> PAN</I>, <I> JPP</I><BR>Contra:<I>PSD</I>, <I> IL</I>, <I> PCP</I>, <I> CDS-PP</I><BR>Abstenção:<I>CH</I>, <I> PS</I>",,,
356573,13,Votação na generalidade,2026-05-08,Aprovado,"A Favor: <I>CH</I>, <I> PS</I>, <I> L</I>, <I> PCP</I>, <I> BE</I>, <I> PAN</I>, <I> JPP</I><BR>Contra:<I>PSD</I>, <I> IL</I>, <I> CDS-PP</I>",,,
356583,122,Requerimento Baixa Comissão sem Votação (Generalidade),2026-05-08,Aprovado,,,,
356652,13,Votação na generalidade,2026-06-12,Aprovado,,,,
356585,13,Votação na generalidade,2026-05-08,Rejeitado,"A Favor: <I>CH</I><BR>Contra:<I>PSD</I>, <I> PS</I>, <I> IL</I>, <I> L</I>, <I> PCP</I>, <I> CDS-PP</I>, <I> BE</I>, <I> PAN</I>, <I> JPP</I>",,,
356551,13,Votação na generalidade,2026-07-02,Rejeitado,"A Favor: <I>PS</I>, <I> L</I>, <I> PCP</I>, <I> BE</I>, <I> PAN</I>, <I> JPP</I><BR>Contra:<I>PSD</I>, <I> IL</I>, <I> CDS-PP</I><BR>Abstenção:<I>CH</I>",,,
356471,13,Votação na generalidade,2026-04-10,Rejeitado,"A Favor: <I>CH</I>, <I> L</I>, <I> PCP</I>, <I> BE</I>, <I> PAN</I>, <I> JPP</I><BR>Contra:<I>PSD</I>, <I> CDS-PP</I><BR>Abstenção:<I>PS</I>, <I> IL</I>",,,
335948,15,Requerimento avocação plenário,2026-03-26,Aprovado,,,,
335948,34,Votação na especialidade,2026-03-26,Rejeitado,,,,
335948,18,Votação final global,2026-03-26,Rejeitado,"A Favor: <I>PS</I>, <I> L</I>, <I> PCP</I>, <I> BE</I>, <I> PAN</I>, <I> JPP</I><BR>Contra:<I>PSD</I>, <I> IL</I>, <I> CDS-PP</I><BR>Abstenção:<I>CH</I>",,,
356711,122,Requerimento Baixa Comissão sem Votação (Generalidade),2026-05-22,Aprovado,,,,
356596,13,Votação na generalidade,2026-05-08,Rejeitado,"A Favor: <I>CH</I>, <I> L</I>, <I> BE</I>, <I> PAN</I>, <I> JPP</I><BR>Contra:<I>PSD</I>, <I> CDS-PP</I><BR>Abstenção:<I>PS</I>, <I> IL</I>, <I> PCP</I>",,,
356476,13,Votação na generalidade,2026-04-10,Rejeitado,"A Favor: <I>PS</I>, <I> IL</I>, <I> L</I>, <I> PCP</I>, <I> BE</I>, <I> PAN</I>, <I> JPP</I><BR>Contra:<I>PSD</I>, <I> CH</I>, <I> CDS-PP</I>",,,
356599,13,Votação na generalidade,2026-05-08,Rejeitado,"A Favor: <I>CH</I>, <I> L</I>, <I> BE</I>, <I> PAN</I>, <I> JPP</I><BR>Contra:<I>PSD</I>, <I> IL</I>, <I> CDS-PP</I><BR>Abstenção:<I>PS</I>, <I> PCP</I>",,,
356485,13,Votação na generalidade,2026-04-10,Rejeitado,"A Favor: <I>CH</I>, <I> L</I>, <I> PCP</I>, <I> BE</I>, <I> JPP</I><BR>Contra:<I>PSD</I>, <I> IL</I>, <I> CDS-PP</I><BR>Abstenção:<I>PS</I>, <I> PAN</I>",,,
356497,13,Votação na generalidade,2026-04-17,Rejeitado,"A Favor: <I>PS</I>, <I> L</I>, <I> PCP</I>, <I> BE</I>, <I> PAN</I>, <I> JPP</I><BR>Contra:<I>PSD</I>, <I> CDS-PP</I><BR>Abstenção:<I>CH</I>, <I> IL</I>",,,
356914,13,Votação na generalidade,2026-06-19,Rejeitado,"A Favor: <I>CH</I><BR>Contra:<I>PSD</I>, <I> PS</I>, <I> IL</I>, <I> L</I>, <I> PCP</I>, <I> CDS-PP</I>, <I> BE</I><BR>Abstenção:<I>PAN</I>, <I> JPP</I>",,,
356901,13,Votação na generalidade,2026-06-19,Rejeitado,"A Favor: <I>L</I>, <I> PCP</I>, <I> BE</I>, <I> PAN</I>, <I> JPP</I><BR>Contra:<I>PSD</I>, <I> CDS-PP</I><BR>Abstenção:<I>CH</I>, <I> PS</I>, <I> IL</I>",,,
315437,64,Apreciação,2025-09-17,Aprovado,"A Favor: <I>PSD</I>, <I> CH</I>, <I> IL</I>, <I> L</I>, <I> PCP</I>, <I> CDS-PP</I>, <I> PAN</I>, <I> JPP</I><BR>Abstenção:<I>PS</I>",,,
356911,13,Votação na generalidade,2026-06-19,Rejeitado,"A Favor: <I>L</I>, <I> BE</I>, <I> PAN</I>, <I> JPP</I><BR>Contra:<I>PSD</I>, <I> IL</I>, <I> PCP</I>, <I> CDS-PP</I><BR>Abstenção:<I>CH</I>, <I> PS</I>",,,
356915,13,Votação na generalidade,2026-06-19,Rejeitado,"A Favor: <I>CH</I><BR>Contra:<I>PSD</I>, <I> PS</I>, <I> IL</I>, <I> L</I>, <I> PCP</I>, <I> CDS-PP</I>, <I> BE</I><BR>Abstenção:<I>PAN</I>, <I> JPP</I>",,,
315350,73,Votação Deliberação,2025-07-10,Aprovado,"A Favor: <I>PSD</I>, <I> CH</I>, <I> CDS-PP</I><BR>Contra:<I>PS</I>, <I> IL</I>, <I> L</I>, <I> PCP</I>, <I> BE</I>, <I> PAN</I>, <I> JPP</I>",,,
315096,73,Votação Deliberação,2025-06-18,Rejeitado,"A Favor: <I>PS</I>, <I> L</I>, <I> PCP</I>, <I> BE</I>, <I> JPP</I><BR>Contra:<I>PSD</I>, <I> CH</I>, <I> CDS-PP</I><BR>Abstenção:<I>IL</I>, <I> PAN</I>",,,
315096,73,Votação Deliberação,2025-06-18,Aprovado,"A Favor: <I>PSD</I>, <I> CH</I>, <I> CDS-PP</I><BR>Contra:<I>PS</I>, <I> L</I>, <I> PCP</I>, <I> BE</I>, <I> JPP</I><BR>Abstenção:<I>IL</I>, <I> PAN</I>",,,
356762,73,Votação Deliberação,2026-06-03,Rejeitado,"A Favor: <I>L</I>, <I> PCP</I>, <I> BE</I>, <I> PAN</I><BR>Contra:<I>PSD</I>, <I> CH</I>, <I> PS</I>, <I> IL</I>, <I> CDS-PP</I><BR>Abstenção:<I>JPP</I>",,,
356919,13,Votação na generalidade,2026-06-19,Rejeitado,"A Favor: <I>L</I>, <I> PCP</I>, <I> BE</I>, <I> PAN</I>, <I> JPP</I><BR>Contra:<I>PSD</I>, <I> CH</I>, <I> IL</I>, <I> CDS-PP</I><BR>Abstenção:<I>PS</I>",,,
315765,73,Votação Deliberação,2025-11-21,Aprovado,"A Favor: <I>PSD</I>, <I> CH</I>, <I> PS</I>, <I> IL</I>, <I> L</I>, <I> CDS-PP</I>, <I> PAN</I>, <I> JPP</I><BR>Contra:<I>PCP</I>, <I> BE</I>",,,
315736,73,Votação Deliberação,2025-10-17,Aprovado,,,,
356617,73,Votação Deliberação,2026-05-08,Aprovado,"A Favor: <I>PSD</I>, <I> CH</I>, <I> PS</I>, <I> CDS-PP</I>, <I> PAN</I>, <I> JPP</I><BR>Contra:<I>IL</I>, <I> L</I>, <I> PCP</I>, <I> BE</I>",,,
315170,73,Votação Deliberação,2025-06-27,Aprovado,"A Favor: <I>PSD</I>, <I> CH</I>, <I> PS</I>, <I> IL</I>, <I> L</I>, <I> CDS-PP</I>, <I> BE</I>, <I> PAN</I>, <I> JPP</I><BR>Abstenção:<I>PCP</I>",,,
356386,73,Votação Deliberação,2026-03-19,Aprovado,"A Favor: <I>PSD</I>, <I> CH</I>, <I> IL</I>, <I> L</I>, <I> CDS-PP</I>, <I> BE</I>, <I> PAN</I>, <I> JPP</I><BR>Contra:<I>PCP</I><BR>Abstenção:<I>PS</I>",,,
315768,73,Votação Deliberação,2025-11-21,Aprovado,"A Favor: <I>PSD</I>, <I> CH</I>, <I> PS</I>, <I> IL</I>, <I> L</I>, <I> CDS-PP</I>, <I> PAN</I>, <I> JPP</I><BR>Contra:<I>PCP</I>, <I> BE</I>",,,
315519,73,Votação Deliberação,2025-09-17,Aprovado,"A Favor: <I>PSD</I>, <I> CH</I>, <I> PS</I>, <I> IL</I>, <I> L</I>, <I> PCP</I>, <I> CDS-PP</I><BR>Contra:<I>PAN</I>, <I> JPP</I>",,,
356120,73,Votação Deliberação,2026-02-13,Aprovado,,,,
346032,73,Votação Deliberação,2026-01-23,Rejeitado,"A Favor: <I>PSD</I>, <I> IL</I>, <I> L</I>, <I> PCP</I>, <I> CDS-PP</I>, <I> BE</I><BR>Contra:<I>CH</I>, <I> PS</I><BR>Abstenção:<I>1-PS</I>",,,
315671,13,Votação na generalidade,2025-10-28,Aprovado,"A Favor: <I>PSD</I>, <I> CDS-PP</I><BR>Contra:<I>CH</I>, <I> IL</I>, <I> L</I>, <I> PCP</I>, <I> BE</I><BR>Abstenção:<I>PS</I>, <I> PAN</I>, <I> JPP</I>",,,
315671,18,Votação final global,2025-11-27,Aprovado,"A Favor: <I>PSD</I>, <I> CDS-PP</I><BR>Contra:<I>CH</I>, <I> IL</I>, <I> L</I>, <I> PCP</I>, <I> BE</I>, <I> PAN</I>, <I> JPP</I><BR>Abstenção:<I>PS</I>",,,
315162,122,Requerimento Baixa Comissão sem Votação (Generalidade),2025-07-04,Aprovado,"A Favor: <I>PSD</I>, <I> CH</I>, <I> PS</I>, <I> IL</I>, <I> L</I>, <I> CDS-PP</I>, <I> PAN</I>, <I> JPP</I><BR>Contra:<I>PCP</I>, <I> BE</I>",,,
315162,13,Votação na generalidade,2025-07-16,Aprovado,"A Favor: <I>PSD</I>, <I> CH</I>, <I> IL</I>, <I> CDS-PP</I><BR>Contra:<I>PS</I>, <I> L</I>, <I> PCP</I>, <I> BE</I>, <I> PAN</I>, <I> JPP</I>",,,
315162,34,Votação na especialidade,2025-07-16,Aprovado,"A Favor: <I>PSD</I>, <I> CH</I>, <I> IL</I>, <I> CDS-PP</I><BR>Contra:<I>PS</I>, <I> L</I>, <I> PCP</I>, <I> BE</I>, <I> PAN</I>, <I> JPP</I>",,,
315162,34,Votação na especialidade,2025-07-16,Aprovado,"A Favor: <I>PSD</I>, <I> IL</I>, <I> CDS-PP</I><BR>Contra:<I>PS</I>, <I> L</I>, <I> PCP</I>, <I> BE</I>, <I> PAN</I>, <I> JPP</I><BR>Abstenção:<I>CH</I>",,,
315162,34,Votação na especialidade,2025-07-16,Aprovado,"A Favor: <I>PSD</I>, <I> CH</I>, <I> IL</I>, <I> CDS-PP</I><BR>Contra:<I>PS</I>, <I> L</I>, <I> PCP</I>, <I> BE</I>, <I> PAN</I>, <I> JPP</I>",,,
315162,34,Votação na especialidade,2025-07-16,Aprovado,"A Favor: <I>PSD</I>, <I> CH</I>, <I> PS</I>, <I> L</I>, <I> PCP</I>, <I> CDS-PP</I>, <I> BE</I>, <I> PAN</I>, <I> JPP</I><BR>Contra:<I>IL</I>",,,
315162,34,Votação na especialidade,2025-07-16,Prejudicado,,,,
315162,34,Votação na especialidade,2025-07-16,Aprovado,"A Favor: <I>PSD</I>, <I> CDS-PP</I><BR>Contra:<I>PS</I>, <I> IL</I>, <I> L</I>, <I> PCP</I>, <I> BE</I>, <I> PAN</I>, <I> JPP</I><BR>Abstenção:<I>CH</I>",,,
315162,34,Votação na especialidade,2025-07-16,Aprovado,"A Favor: <I>PSD</I>, <I> PS</I>, <I> IL</I>, <I> CDS-PP</I><BR>Contra:<I>L</I>, <I> PCP</I>, <I> BE</I>, <I> PAN</I><BR>Abstenção:<I>CH</I>, <I> JPP</I>",,,
315162,34,Votação na especialidade,2025-07-16,Aprovado,"A Favor: <I>PSD</I>, <I> CH</I>, <I> PS</I>, <I> IL</I>, <I> PCP</I>, <I> CDS-PP</I>, <I> BE</I>, <I> PAN</I>, <I> JPP</I><BR>Contra:<I>L</I>",,,
315162,18,Votação final global,2025-07-16,Aprovado,"A Favor: <I>PSD</I>, <I> CH</I>, <I> CDS-PP</I><BR>Contra:<I>PS</I>, <I> L</I>, <I> PCP</I>, <I> BE</I>, <I> PAN</I>, <I> JPP</I><BR>Abstenção:<I>IL</I>",,,
315162,152,Requerimento,2025-07-16,Aprovado,"A Favor: <I>PSD</I>, <I> CH</I>, <I> PS</I>, <I> IL</I>, <I> L</I>, <I> CDS-PP</I>, <I> PAN</I>, <I> JPP</I><BR>Contra:<I>PCP</I>, <I> BE</I>",,,
315162,100,Votação novo decreto,2025-09-30,Aprovado,"A Favor: <I>PSD</I>, <I> CH</I>, <I> IL</I>, <I> CDS-PP</I>, <I> JPP</I><BR>Contra:<I>PS</I>, <I> L</I>, <I> PCP</I>, <I> BE</I>, <I> PAN</I>",,,
356278,13,Votação na generalidade,2026-04-17,Aprovado,"A Favor: <I>PSD</I>, <I> CH</I>, <I> L</I>, <I> PCP</I>, <I> CDS-PP</I>, <I> BE</I>, <I> PAN</I>, <I> JPP</I><BR>Abstenção:<I>PS</I>, <I> IL</I>",,,
356278,34,Votação na especialidade,2026-06-12,Aprovado,,,,
356278,18,Votação final global,2026-06-12,Aprovado,"A Favor: <I>77-PSD</I>, <I> 58-CH</I>, <I> 56-PS</I>, <I> 9-IL</I>, <I> 6-L</I>, <I> 3-PCP</I>, <I> 1-CDS-PP</I>, <I> 1-BE</I>, <I> 1-PAN</I>, <I> 1-JPP</I>",,,
315347,13,Votação na generalidade,2026-01-23,Aprovado,"A Favor: <I>PSD</I>, <I> PS</I>, <I> IL</I>, <I> L</I>, <I> CDS-PP</I>, <I> BE</I>, <I> PAN</I><BR>Abstenção:<I>CH</I>, <I> PCP</I>",,,
315347,18,Votação final global,2026-07-17,Aprovado,"A Favor: <I>82-PSD</I>, <I> 59-CH</I>, <I> 53-PS</I>, <I> 9-IL</I>, <I> 2-L</I>, <I> 2-CDS-PP</I>, <I> 1-BE</I>, <I> 1-PAN</I>, <I> 1-JPP</I><BR>Abstenção:<I>3-PCP</I>",,,
315755,13,Votação na generalidade,2025-12-12,Aprovado,"A Favor: <I>PSD</I>, <I> CDS-PP</I><BR>Contra:<I>CH</I>, <I> L</I>, <I> PCP</I>, <I> PAN</I><BR>Abstenção:<I>PS</I>, <I> IL</I>, <I> JPP</I>",,,
315755,18,Votação final global,2025-12-19,Aprovado,"A Favor: <I>PSD</I>, <I> CDS-PP</I><BR>Contra:<I>CH</I>, <I> L</I>, <I> PCP</I>, <I> BE</I>, <I> PAN</I><BR>Abstenção:<I>PS</I>, <I> IL</I>, <I> JPP</I>",,,
315755,135,Requerimento dispensa do prazo previsto Artº 157 RAR,2025-12-19,Aprovado,,,,
356750,13,Votação na generalidade,2026-06-12,Aprovado,"A Favor: <I>PSD</I>, <I> IL</I>, <I> CDS-PP</I><BR>Contra:<I>PS</I>, <I> L</I>, <I> PCP</I>, <I> BE</I><BR>Abstenção:<I>CH</I>, <I> PAN</I>, <I> JPP</I>",,,
356750,15,Requerimento avocação plenário,2026-07-17,Aprovado,,,,
356750,18,Votação final global,2026-07-17,Aprovado,"A Favor: <I>PSD</I>, <I> IL</I>, <I> CDS-PP</I><BR>Contra:<I>PS</I>, <I> L</I>, <I> PCP</I>, <I> BE</I>, <I> PAN</I>, <I> JPP</I><BR>Abstenção:<I>CH</I>",,,
356750,81,Requerimento dispensa redação final,2026-07-17,Rejeitado,"A Favor: <I>PSD</I>, <I> CH</I>, <I> PS</I>, <I> IL</I>, <I> CDS-PP</I>, <I> PAN</I>, <I> JPP</I><BR>Contra:<I>L</I>, <I> PCP</I>, <I> BE</I>",,,
315445,13,Votação na generalidade,2025-09-19,Aprovado,"A Favor: <I>PSD</I>, <I> CDS-PP</I>, <I> JPP</I><BR>Contra:<I>CH</I>, <I> IL</I>, <I> PCP</I><BR>Abstenção:<I>PS</I>, <I> L</I>, <I> PAN</I>",,,
315445,18,Votação final global,2026-02-27,Aprovado,"A Favor: <I>PSD</I>, <I> CDS-PP</I><BR>Contra:<I>CH</I>, <I> IL</I>, <I> PCP</I>, <I> BE</I><BR>Abstenção:<I>PS</I>, <I> L</I>, <I> PAN</I>, <I> JPP</I>",,,
315260,13,Votação na generalidade,2025-07-11,Aprovado,"A Favor: <I>PSD</I>, <I> CH</I>, <I> PS</I>, <I> IL</I>, <I> CDS-PP</I>, <I> PAN</I>, <I> JPP</I><BR>Abstenção:<I>L</I>, <I> PCP</I>, <I> BE</I>",,,
315260,34,Votação na especialidade,2025-07-11,Rejeitado,"A Favor: <I>CH</I>, <I> L</I>, <I> PAN</I>, <I> JPP</I><BR>Contra:<I>PSD</I>, <I> PS</I>, <I> IL</I>, <I> CDS-PP</I><BR>Abstenção:<I>PCP</I>, <I> BE</I>",,,
315260,34,Votação na especialidade,2025-07-11,Rejeitado,"A Favor: <I>L</I>, <I> PAN</I>, <I> JPP</I><BR>Contra:<I>PSD</I>, <I> PS</I>, <I> IL</I>, <I> CDS-PP</I><BR>Abstenção:<I>CH</I>, <I> PCP</I>, <I> BE</I>",,,
315260,34,Votação na especialidade,2025-07-11,Aprovado,"A Favor: <I>PSD</I>, <I> CH</I>, <I> PS</I>, <I> IL</I>, <I> CDS-PP</I>, <I> PAN</I>, <I> JPP</I><BR>Abstenção:<I>L</I>, <I> PCP</I>, <I> BE</I>",,,
315260,18,Votação final global,2025-07-11,Aprovado,"A Favor: <I>PSD</I>, <I> CH</I>, <I> PS</I>, <I> IL</I>, <I> CDS-PP</I>, <I> PAN</I>, <I> JPP</I><BR>Abstenção:<I>L</I>, <I> PCP</I>, <I> BE</I>",,,
315260,152,Requerimento,2025-07-11,Aprovado,,,,
315458,13,Votação na generalidade,2025-09-30,Aprovado,"A Favor: <I>PSD</I>, <I> CH</I>, <I> IL</I>, <I> CDS-PP</I>, <I> PAN</I>, <I> JPP</I><BR>Abstenção:<I>PS</I>, <I> L</I>, <I> PCP</I>, <I> BE</I>",,,
315458,34,Votação na especialidade,2025-09-30,Aprovado,"A Favor: <I>PSD</I>, <I> CH</I>, <I> IL</I>, <I> CDS-PP</I>, <I> PAN</I>, <I> JPP</I><BR>Abstenção:<I>PS</I>, <I> L</I>, <I> PCP</I>, <I> BE</I>",,,
315458,18,Votação final global,2025-09-30,Aprovado,"A Favor: <I>PSD</I>, <I> CH</I>, <I> IL</I>, <I> CDS-PP</I>, <I> PAN</I>, <I> JPP</I><BR>Abstenção:<I>PS</I>, <I> L</I>, <I> PCP</I>, <I> BE</I>",,,
315368,13,Votação na generalidade,2025-10-17,Aprovado,"A Favor: <I>PSD</I>, <I> CH</I>, <I> PS</I>, <I> IL</I>, <I> L</I>, <I> CDS-PP</I>, <I> PAN</I>, <I> JPP</I><BR>Contra:<I>PCP</I><BR>Abstenção:<I>BE</I>",,,
315368,18,Votação final global,2026-01-09,Aprovado,"A Favor: <I>PSD</I>, <I> CH</I>, <I> PS</I>, <I> IL</I>, <I> L</I>, <I> CDS-PP</I>, <I> BE</I>, <I> PAN</I>, <I> JPP</I><BR>Contra:<I>PCP</I>",,,
315387,13,Votação na generalidade,2025-09-30,Aprovado,"A Favor: <I>PSD</I>, <I> CH</I>, <I> PS</I>, <I> CDS-PP</I>, <I> JPP</I><BR>Contra:<I>L</I>, <I> PCP</I>, <I> BE</I><BR>Abstenção:<I>IL</I>, <I> PAN</I>",,,
315387,18,Votação final global,2025-12-19,Aprovado,"A Favor: <I>PSD</I>, <I> PS</I>, <I> CDS-PP</I>, <I> JPP</I><BR>Contra:<I>L</I>, <I> PCP</I>, <I> BE</I><BR>Abstenção:<I>CH</I>, <I> IL</I>, <I> PAN</I>",,,
315387,135,Requerimento dispensa do prazo previsto Artº 157 RAR,2025-12-19,Aprovado,,,,
315354,13,Votação na generalidade,2025-09-19,Aprovado,"A Favor: <I>PSD</I>, <I> CH</I>, <I> IL</I>, <I> CDS-PP</I>, <I> JPP</I><BR>Contra:<I>L</I>, <I> PCP</I><BR>Abstenção:<I>PS</I>, <I> PAN</I>",,,
315354,18,Votação final global,2025-10-17,Aprovado,"A Favor: <I>PSD</I>, <I> CH</I>, <I> IL</I>, <I> CDS-PP</I><BR>Contra:<I>L</I>, <I> PCP</I>, <I> BE</I><BR>Abstenção:<I>PS</I>, <I> PAN</I>, <I> JPP</I>",,,
315354,152,Requerimento,2025-10-17,Rejeitado,"A Favor: <I>PSD</I>, <I> CH</I>, <I> PS</I>, <I> IL</I>, <I> L</I>, <I> CDS-PP</I>, <I> BE</I>, <I> PAN</I>, <I> JPP</I><BR>Contra:<I>PCP</I>",,,
315369,13,Votação na generalidade,2025-09-30,Aprovado,"A Favor: <I>PSD</I>, <I> CH</I>, <I> PS</I>, <I> L</I>, <I> CDS-PP</I>, <I> JPP</I><BR>Contra:<I>PCP</I>, <I> BE</I><BR>Abstenção:<I>IL</I>, <I> PAN</I>",,,
315369,18,Votação final global,2025-12-19,Aprovado,"A Favor: <I>PSD</I>, <I> CH</I>, <I> PS</I>, <I> CDS-PP</I>, <I> JPP</I><BR>Contra:<I>L</I>, <I> PCP</I>, <I> BE</I><BR>Abstenção:<I>IL</I>, <I> PAN</I>",,,
315369,135,Requerimento dispensa do prazo previsto Artº 157 RAR,2025-12-19,Aprovado,,,,
315436,13,Votação na generalidade,2025-09-19,Aprovado,"A Favor: <I>PSD</I>, <I> CH</I>, <I> L</I>, <I> CDS-PP</I>, <I> PAN</I>, <I> JPP</I><BR>Abstenção:<I>PS</I>, <I> IL</I>, <I> PCP</I>",,,
315436,34,Votação na especialidade,2025-09-19,Aprovado,"A Favor: <I>PSD</I>, <I> CH</I>, <I> L</I>, <I> CDS-PP</I>, <I> PAN</I>, <I> JPP</I><BR>Abstenção:<I>PS</I>, <I> IL</I>, <I> PCP</I>",,,
315436,18,Votação final global,2025-09-19,Aprovado,"A Favor: <I>PSD</I>, <I> CH</I>, <I> L</I>, <I> CDS-PP</I>, <I> PAN</I>, <I> JPP</I><BR>Abstenção:<I>PS</I>, <I> IL</I>, <I> PCP</I>",,,
356842,122,Requerimento Baixa Comissão sem Votação (Generalidade),2026-06-11,Aprovado,,,,
356842,13,Votação na generalidade,2026-07-17,Aprovado,"A Favor: <I>PSD</I>, <I> PS</I>, <I> IL</I>, <I> CDS-PP</I>, <I> PAN</I>, <I> JPP</I><BR>Contra:<I>L</I>, <I> PCP</I>, <I> BE</I><BR>Abstenção:<I>CH</I>",,,
356842,34,Votação na especialidade,2026-07-17,Aprovado,"A Favor: <I>PSD</I>, <I> PS</I>, <I> IL</I>, <I> L</I>, <I> PCP</I>, <I> CDS-PP</I>, <I> BE</I>, <I> PAN</I>, <I> JPP</I><BR>Abstenção:<I>CH</I>",,,
356842,18,Votação final global,2026-07-17,Aprovado,"A Favor: <I>PSD</I>, <I> PS</I>, <I> IL</I>, <I> CDS-PP</I>, <I> PAN</I>, <I> JPP</I><BR>Contra:<I>L</I>, <I> PCP</I>, <I> BE</I><BR>Abstenção:<I>CH</I>",,,
356842,81,Requerimento dispensa redação final,2026-07-17,Aprovado,"A Favor: <I>PSD</I>, <I> CH</I>, <I> PS</I>, <I> IL</I>, <I> L</I>, <I> CDS-PP</I>, <I> BE</I>, <I> PAN</I>, <I> JPP</I><BR>Abstenção:<I>PCP</I>",,,
315353,13,Votação na generalidade,2025-09-30,Aprovado,"A Favor: <I>PSD</I>, <I> CH</I>, <I> PS</I>, <I> IL</I>, <I> L</I>, <I> CDS-PP</I>, <I> PAN</I>, <I> JPP</I><BR>Abstenção:<I>PCP</I>, <I> BE</I>",,,
315353,18,Votação final global,2025-12-19,Aprovado,"A Favor: <I>PSD</I>, <I> CH</I>, <I> PS</I>, <I> IL</I>, <I> L</I>, <I> CDS-PP</I>, <I> PAN</I>, <I> JPP</I><BR>Abstenção:<I>PCP</I>, <I> BE</I>",,,
315353,135,Requerimento dispensa do prazo previsto Artº 157 RAR,2025-12-19,Aprovado,,,,
345973,13,Votação na generalidade,2026-02-20,Aprovado,"A Favor: <I>PSD</I>, <I> CH</I>, <I> IL</I>, <I> CDS-PP</I>, <I> JPP</I><BR>Contra:<I>PS</I>, <I> L</I>, <I> PCP</I>, <I> BE</I>, <I> PAN</I>",,,
345973,18,Votação final global,2026-06-12,Aprovado,"A Favor: <I>PSD</I>, <I> CH</I>, <I> IL</I>, <I> CDS-PP</I>, <I> PAN</I><BR>Contra:<I>PS</I>, <I> L</I>, <I> PCP</I>, <I> BE</I>, <I> JPP</I>",,,
345972,13,Votação na generalidade,2026-03-20,Aprovado,"A Favor: <I>PSD</I>, <I> PS</I>, <I> IL</I>, <I> L</I>, <I> CDS-PP</I>, <I> JPP</I><BR>Contra:<I>PCP</I><BR>Abstenção:<I>CH</I>, <I> BE</I>, <I> PAN</I>",,,
345972,18,Votação final global,2026-06-03,Aprovado,"A Favor: <I>PSD</I>, <I> PS</I>, <I> IL</I>, <I> CDS-PP</I><BR>Contra:<I>PCP</I><BR>Abstenção:<I>CH</I>, <I> L</I>, <I> BE</I>, <I> PAN</I>, <I> JPP</I>",,,
356212,13,Votação na generalidade,2026-03-20,Aprovado,"A Favor: <I>PSD</I>, <I> IL</I>, <I> CDS-PP</I><BR>Contra:<I>CH</I>, <I> L</I>, <I> PCP</I>, <I> BE</I><BR>Abstenção:<I>PS</I>, <I> PAN</I>, <I> JPP</I>",,,
356212,18,Votação final global,2026-06-12,Aprovado,"A Favor: <I>PSD</I>, <I> CH</I>, <I> IL</I>, <I> CDS-PP</I><BR>Contra:<I>L</I>, <I> PCP</I>, <I> BE</I><BR>Abstenção:<I>PS</I>, <I> PAN</I>, <I> JPP</I>",,,
356564,13,Votação na generalidade,2026-06-03,Aprovado,"A Favor: <I>PSD</I>, <I> PS</I>, <I> IL</I>, <I> CDS-PP</I><BR>Contra:<I>L</I>, <I> PCP</I>, <I> BE</I><BR>Abstenção:<I>CH</I>, <I> PAN</I>, <I> JPP</I>",,,
356564,18,Votação final global,2026-07-17,Aprovado,"A Favor: <I>PSD</I>, <I> PS</I>, <I> IL</I>, <I> CDS-PP</I>, <I> JPP</I><BR>Contra:<I>L</I>, <I> PCP</I>, <I> BE</I><BR>Abstenção:<I>CH</I>, <I> PAN</I>",,,
346029,13,Votação na generalidade,2026-02-18,Aprovado,"A Favor: <I>6-PSD</I>, <I> CH</I>, <I> PS</I>, <I> L</I>, <I> BE</I>, <I> PAN</I>, <I> Paulo Moniz (PSD)</I>, <I> Francisco Pimentel (PSD)</I>, <I> Nuna Menezes (PSD)</I>, <I> Pedro Coelho (PSD)</I>, <I> Vânia Jesus (PSD)</I>, <I> Paulo Neves (PSD)</I><BR>Contra:<I>PSD</I>, <I> CDS-PP</I>, <I> JPP</I><BR>Abstenção:<I>IL</I>, <I> PCP</I>",,,
315355,56,Votação global,2025-09-30,Aprovado,"A Favor: <I>PSD</I>, <I> PS</I>, <I> IL</I>, <I> L</I>, <I> PCP</I>, <I> CDS-PP</I>, <I> PAN</I>, <I> JPP</I><BR>Abstenção:<I>CH</I>, <I> BE</I>",,,
315356,56,Votação global,2025-09-30,Aprovado,"A Favor: <I>PSD</I>, <I> PS</I>, <I> IL</I>, <I> L</I>, <I> PCP</I>, <I> CDS-PP</I>, <I> JPP</I><BR>Abstenção:<I>CH</I>, <I> BE</I>, <I> PAN</I>",,,
315497,56,Votação global,2025-09-19,Aprovado,"A Favor: <I>PSD</I>, <I> PS</I>, <I> IL</I>, <I> CDS-PP</I><BR>Contra:<I>PCP</I>, <I> PAN</I><BR>Abstenção:<I>CH</I>, <I> L</I>, <I> JPP</I>",,,
356516,56,Votação global,2026-05-08,Aprovado,"A Favor: <I>PSD</I>, <I> PS</I>, <I> IL</I>, <I> L</I>, <I> PCP</I>, <I> CDS-PP</I>, <I> BE</I>, <I> PAN</I>, <I> JPP</I><BR>Abstenção:<I>CH</I>",,,
356517,56,Votação global,2026-04-30,Aprovado,,,,
356118,56,Votação global,2026-03-06,Aprovado,"A Favor: <I>PSD</I>, <I> CH</I>, <I> PS</I>, <I> IL</I>, <I> CDS-PP</I>, <I> PAN</I>, <I> JPP</I><BR>Contra:<I>PCP</I><BR>Abstenção:<I>L</I>, <I> BE</I>",,,
356385,56,Votação global,2026-04-10,Aprovado,"A Favor: <I>PSD</I>, <I> CH</I>, <I> PS</I>, <I> IL</I>, <I> L</I>, <I> CDS-PP</I>, <I> JPP</I><BR>Contra:<I>PCP</I><BR>Abstenção:<I>BE</I>, <I> PAN</I>",,,
356745,56,Votação global,2026-06-03,Aprovado,,,,
335946,56,Votação global,2026-02-13,Aprovado,"A Favor: <I>PSD</I>, <I> CH</I>, <I> PS</I>, <I> IL</I>, <I> L</I>, <I> CDS-PP</I>, <I> PAN</I>, <I> JPP</I><BR>Contra:<I>PCP</I><BR>Abstenção:<I>BE</I>",,,
335945,56,Votação global,2026-02-13,Aprovado,"A Favor: <I>PSD</I>, <I> CH</I>, <I> PS</I>, <I> IL</I>, <I> L</I>, <I> CDS-PP</I>, <I> PAN</I>, <I> JPP</I><BR>Contra:<I>PCP</I><BR>Abstenção:<I>BE</I>",,,
315091,13,Votação na generalidade,2026-01-30,Aprovado,,,,
315091,18,Votação final global,2026-02-27,Aprovado,,,,
315083,13,Votação na generalidade,2026-01-30,Aprovado,"A Favor: <I>CH</I>, <I> PS</I>, <I> IL</I>, <I> CDS-PP</I>, <I> PAN</I>, <I> JPP</I><BR>Contra:<I>PCP</I><BR>Abstenção:<I>PSD</I>, <I> L</I>, <I> BE</I>",,,
315083,18,Votação final global,2026-06-12,Aprovado,"A Favor: <I>CH</I>, <I> PS</I>, <I> IL</I>, <I> L</I>, <I> CDS-PP</I>, <I> JPP</I><BR>Abstenção:<I>PSD</I>, <I> PCP</I>, <I> BE</I>, <I> PAN</I>",,,
315084,13,Votação na generalidade,2026-01-09,Aprovado,"A Favor: <I>PSD</I>, <I> CH</I>, <I> IL</I>, <I> CDS-PP</I><BR>Contra:<I>PS</I>, <I> L</I>, <I> PCP</I>, <I> BE</I><BR>Abstenção:<I>PAN</I>, <I> JPP</I>",,,
315084,18,Votação final global,2026-04-17,Aprovado,"A Favor: <I>PSD</I>, <I> CH</I>, <I> IL</I>, <I> CDS-PP</I><BR>Contra:<I>PS</I>, <I> L</I>, <I> PCP</I>, <I> BE</I>, <I> JPP</I><BR>Abstenção:<I>PAN</I>",,,
315057,73,Votação Deliberação,2026-02-13,Aprovado,"A Favor: <I>PS</I>, <I> L</I>, <I> BE</I>, <I> PAN</I>, <I> JPP</I><BR>Contra:<I>CH</I>, <I> CDS-PP</I><BR>Abstenção:<I>PSD</I>, <I> IL</I>, <I> PCP</I>",,,
315150,73,Votação Deliberação,2025-09-30,Aprovado,"A Favor: <I>CH</I>, <I> PS</I>, <I> IL</I>, <I> BE</I>, <I> PAN</I>, <I> JPP</I><BR>Abstenção:<I>PSD</I>, <I> L</I>, <I> PCP</I>, <I> CDS-PP</I>",,,
315031,73,Votação Deliberação,2025-06-03,Aprovado,,,,
315268,13,Votação na generalidade,2025-07-11,Aprovado,"A Favor: <I>PSD</I>, <I> CH</I>, <I> IL</I>, <I> L</I>, <I> CDS-PP</I>, <I> BE</I>, <I> PAN</I><BR>Abstenção:<I>PS</I>, <I> PCP</I>, <I> JPP</I>",,,
315268,18,Votação final global,2025-10-28,Aprovado,"A Favor: <I>PSD</I>, <I> CH</I>, <I> IL</I>, <I> L</I>, <I> CDS-PP</I>, <I> BE</I>, <I> PAN</I><BR>Abstenção:<I>PS</I>, <I> PCP</I>, <I> JPP</I>",,,
315338,13,Votação na generalidade,2026-04-30,Aprovado,"A Favor: <I>PSD</I>, <I> CH</I>, <I> PS</I>, <I> IL</I>, <I> L</I>, <I> CDS-PP</I>, <I> BE</I>, <I> PAN</I>, <I> JPP</I><BR>Abstenção:<I>PCP</I>",,,
315338,18,Votação final global,2026-06-12,Aprovado,,,,
315041,13,Votação na generalidade,2025-07-11,Rejeitado,"A Favor: <I>13-PS</I>, <I> L</I>, <I> PCP</I>, <I> BE</I>, <I> PAN</I>, <I> JPP</I>, <I> Pedro Nuno Santos (PS)</I>, <I> Luís Graça (PS)</I>, <I> Edite Estrela (PS)</I>, <I> Frederico Francisco (PS)</I>, <I> Pedro Vaz (PS)</I>, <I> Isabel Alves Moreira (PS)</I>, <I> Eva Cruzeiro (PS)</I>, <I> Miguel Matos (PS)</I>, <I> Sofia Pereira (PS)</I>, <I> Dália Miranda (PS)</I>, <I> José Carlos Barbosa (PS)</I>, <I> Marina Gonçalves (PS)</I>, <I> Rui Jorge Santos (PS)</I><BR>Contra:<I>PSD</I>, <I> CH</I>, <I> IL</I>, <I> CDS-PP</I><BR>Abstenção:<I>PS</I>",,,
315290,13,Votação na generalidade,2025-07-11,Aprovado,"A Favor: <I>PS</I>, <I> IL</I>, <I> L</I>, <I> PCP</I>, <I> BE</I>, <I> PAN</I>, <I> JPP</I><BR>Abstenção:<I>PSD</I>, <I> CH</I>, <I> CDS-PP</I>",,,
315290,18,Votação final global,2025-09-26,Aprovado,"A Favor: <I>PS</I>, <I> IL</I>, <I> L</I>, <I> PCP</I>, <I> BE</I>, <I> PAN</I>, <I> JPP</I><BR>Abstenção:<I>PSD</I>, <I> CH</I>, <I> CDS-PP</I>",,,
315310,13,Votação na generalidade,2025-07-11,Aprovado,"A Favor: <I>CH</I>, <I> PS</I>, <I> L</I>, <I> BE</I>, <I> PAN</I>, <I> JPP</I><BR>Contra:<I>IL</I>, <I> CDS-PP</I><BR>Abstenção:<I>PSD</I>, <I> PCP</I>",,,
315310,18,Votação final global,2025-09-19,Aprovado,"A Favor: <I>PSD</I>, <I> CH</I>, <I> PS</I>, <I> L</I>, <I> PAN</I>, <I> JPP</I><BR>Contra:<I>IL</I><BR>Abstenção:<I>PCP</I>, <I> CDS-PP</I>",,,
315359,13,Votação na generalidade,2025-09-19,Aprovado,"A Favor: <I>CH</I>, <I> PS</I>, <I> IL</I>, <I> L</I>, <I> PAN</I>, <I> JPP</I><BR>Contra:<I>PCP</I><BR>Abstenção:<I>PSD</I>, <I> CDS-PP</I>",,,
315359,18,Votação final global,2025-12-19,Aprovado,"A Favor: <I>CH</I>, <I> PS</I>, <I> IL</I>, <I> L</I>, <I> PAN</I>, <I> JPP</I><BR>Contra:<I>PSD</I>, <I> PCP</I>, <I> CDS-PP</I>, <I> BE</I>",,,
315056,13,Votação na generalidade,2026-01-30,Rejeitado,"A Favor: <I>PS</I>, <I> L</I>, <I> BE</I>, <I> PAN</I>, <I> JPP</I><BR>Contra:<I>PSD</I>, <I> CH</I>, <I> IL</I>, <I> CDS-PP</I><BR>Abstenção:<I>PCP</I>",,,
315280,73,Votação Deliberação,2025-09-19,Aprovado,"A Favor: <I>CH</I>, <I> PS</I>, <I> IL</I>, <I> L</I>, <I> PCP</I>, <I> PAN</I>, <I> JPP</I><BR>Contra:<I>PSD</I>, <I> CDS-PP</I>",,,
315324,13,Votação na generalidade,2025-07-11,Aprovado,"A Favor: <I>PSD</I>, <I> CH</I>, <I> PS</I>, <I> L</I>, <I> CDS-PP</I>, <I> BE</I>, <I> JPP</I><BR>Abstenção:<I>IL</I>, <I> PCP</I>, <I> PAN</I>",,,
315324,18,Votação final global,2025-12-05,Aprovado,"A Favor: <I>PSD</I>, <I> CH</I>, <I> PS</I>, <I> L</I>, <I> CDS-PP</I>, <I> BE</I>, <I> PAN</I>, <I> JPP</I><BR>Abstenção:<I>IL</I>, <I> PCP</I>",,,
315075,73,Votação Deliberação,2025-07-04,Rejeitado,"A Favor: <I>CH</I><BR>Contra:<I>PSD</I>, <I> PS</I>, <I> IL</I>, <I> L</I>, <I> PCP</I>, <I> CDS-PP</I>, <I> BE</I>, <I> PAN</I>, <I> JPP</I>",,,
315097,13,Votação na generalidade,2025-12-05,Rejeitado,"A Favor: <I>PS</I>, <I> L</I>, <I> BE</I>, <I> PAN</I>, <I> JPP</I>, <I> João Pedro Louro (PSD)</I><BR>Contra:<I>PSD</I>, <I> CH</I>, <I> IL</I>, <I> CDS-PP</I><BR>Abstenção:<I>PCP</I>",,,
315328,13,Votação na generalidade,2025-07-11,Aprovado,"A Favor: <I>PSD</I>, <I> CH</I>, <I> L</I>, <I> CDS-PP</I>, <I> BE</I>, <I> PAN</I><BR>Abstenção:<I>PS</I>, <I> IL</I>, <I> PCP</I>, <I> JPP</I>",,,
315328,18,Votação final global,2025-10-28,Aprovado,"A Favor: <I>PSD</I>, <I> CH</I>, <I> IL</I>, <I> L</I>, <I> CDS-PP</I>, <I> BE</I>, <I> PAN</I><BR>Abstenção:<I>PS</I>, <I> PCP</I>, <I> JPP</I>",,,
315336,73,Votação Deliberação,2026-04-30,Aprovado,"A Favor: <I>PSD</I>, <I> CH</I>, <I> PS</I>, <I> IL</I>, <I> CDS-PP</I>, <I> BE</I>, <I> JPP</I><BR>Abstenção:<I>L</I>, <I> PCP</I>, <I> PAN</I>",,,
315448,13,Votação na generalidade,2025-12-05,Aprovado,"A Favor: <I>CH</I>, <I> PS</I>, <I> L</I>, <I> PCP</I>, <I> BE</I>, <I> PAN</I>, <I> JPP</I><BR>Contra:<I>PSD</I>, <I> IL</I>, <I> CDS-PP</I>",,,
315448,18,Votação final global,2025-12-19,Aprovado,"A Favor: <I>CH</I>, <I> PS</I>, <I> L</I>, <I> PCP</I>, <I> BE</I>, <I> PAN</I>, <I> JPP</I><BR>Contra:<I>PSD</I>, <I> IL</I>, <I> CDS-PP</I>",,,
315119,13,Votação na generalidade,2025-06-27,Aprovado,"A Favor: <I>CH</I>, <I> PS</I>, <I> IL</I>, <I> L</I>, <I> PCP</I>, <I> BE</I>, <I> PAN</I>, <I> JPP</I><BR>Abstenção:<I>PSD</I>, <I> CDS-PP</I>",,,
315126,13,Votação na generalidade,2025-10-28,Rejeitado,"A Favor: <I>CH</I>, <I> L</I>, <I> PCP</I>, <I> BE</I>, <I> PAN</I>, <I> JPP</I><BR>Contra:<I>PSD</I>, <I> PS</I>, <I> IL</I>, <I> CDS-PP</I>",,,
315345,73,Votação Deliberação,2025-09-19,Aprovado,"A Favor: <I>PSD</I>, <I> CH</I>, <I> PS</I>, <I> L</I>, <I> CDS-PP</I>, <I> PAN</I>, <I> JPP</I><BR>Contra:<I>PCP</I><BR>Abstenção:<I>IL</I>",,,
315111,73,Votação Deliberação,2025-07-11,Rejeitado,"A Favor: <I>PCP</I>, <I> BE</I>, <I> PAN</I><BR>Contra:<I>PSD</I>, <I> CH</I>, <I> PS</I>, <I> IL</I>, <I> CDS-PP</I><BR>Abstenção:<I>L</I>, <I> JPP</I>",,,
315487,13,Votação na generalidade,2025-09-19,Aprovado,"A Favor: <I>CH</I>, <I> PS</I>, <I> L</I>, <I> PCP</I>, <I> PAN</I>, <I> JPP</I><BR>Abstenção:<I>PSD</I>, <I> IL</I>, <I> CDS-PP</I>",,,
315487,18,Votação final global,2025-10-17,Aprovado,"A Favor: <I>CH</I>, <I> PS</I>, <I> L</I>, <I> PCP</I>, <I> BE</I>, <I> PAN</I>, <I> JPP</I><BR>Abstenção:<I>PSD</I>, <I> IL</I>, <I> CDS-PP</I>",,,
315390,73,Votação Deliberação,2025-09-26,Aprovado,"A Favor: <I>PSD</I>, <I> CH</I>, <I> PS</I>, <I> IL</I>, <I> L</I>, <I> CDS-PP</I>, <I> BE</I>, <I> PAN</I>, <I> JPP</I><BR>Abstenção:<I>PCP</I>",,,
315108,13,Votação na generalidade,2025-07-11,Rejeitado,"A Favor: <I>PS</I>, <I> IL</I>, <I> L</I>, <I> BE</I>, <I> PAN</I>, <I> JPP</I><BR>Contra:<I>PSD</I>, <I> CDS-PP</I><BR>Abstenção:<I>CH</I>, <I> PCP</I>",,,
315520,13,Votação na generalidade,2025-09-19,Aprovado,"A Favor: <I>CH</I>, <I> PS</I>, <I> IL</I>, <I> L</I>, <I> PCP</I>, <I> PAN</I>, <I> JPP</I><BR>Contra:<I>PSD</I>, <I> CDS-PP</I>",,,
315520,18,Votação final global,2025-10-17,Aprovado,,,,
315112,13,Votação na generalidade,2025-06-27,Rejeitado,"A Favor: <I>PS</I>, <I> L</I>, <I> PCP</I>, <I> BE</I>, <I> PAN</I>, <I> JPP</I><BR>Contra:<I>PSD</I>, <I> IL</I>, <I> CDS-PP</I><BR>Abstenção:<I>CH</I>",,,
315346,73,Votação Deliberação,2026-05-22,Aprovado,"A Favor: <I>CH</I>, <I> PS</I>, <I> JPP</I><BR>Contra:<I>L</I>, <I> PCP</I>, <I> BE</I>, <I> PAN</I><BR>Abstenção:<I>PSD</I>, <I> IL</I>, <I> CDS-PP</I>",,,
315118,13,Votação na generalidade,2025-06-27,Rejeitado,"A Favor: <I>PS</I>, <I> L</I>, <I> PCP</I>, <I> BE</I>, <I> PAN</I>, <I> JPP</I><BR>Contra:<I>PSD</I>, <I> CDS-PP</I><BR>Abstenção:<I>CH</I>, <I> IL</I>",,,
315113,13,Votação na generalidade,2025-06-27,Rejeitado,"A Favor: <I>CH</I>, <I> L</I>, <I> PCP</I>, <I> BE</I>, <I> PAN</I>, <I> JPP</I><BR>Contra:<I>PSD</I>, <I> CDS-PP</I><BR>Abstenção:<I>PS</I>, <I> IL</I>",,,
315402,73,Votação Deliberação,2026-05-22,Aprovado,"A Favor: <I>CH</I>, <I> PS</I>, <I> IL</I>, <I> L</I>, <I> PAN</I>, <I> JPP</I><BR>Contra:<I>PSD</I>, <I> PCP</I>, <I> CDS-PP</I><BR>Abstenção:<I>BE</I>",,,
356723,42,Votação do recurso da decisão do PAR,2026-06-11,Rejeitado,"A Favor: <I>PS</I>, <I> L</I>, <I> PCP</I>, <I> BE</I>, <I> PAN</I>, <I> JPP</I><BR>Contra:<I>PSD</I>, <I> CH</I>, <I> CDS-PP</I><BR>Abstenção:<I>IL</I>",,,
315130,13,Votação na generalidade,2025-06-27,Rejeitado,"A Favor: <I>PS</I>, <I> L</I>, <I> PCP</I>, <I> BE</I>, <I> PAN</I>, <I> JPP</I><BR>Contra:<I>PSD</I>, <I> IL</I>, <I> CDS-PP</I><BR>Abstenção:<I>CH</I>",,,
315404,73,Votação Deliberação,2025-09-30,Aprovado,"A Favor: <I>CH</I>, <I> PS</I>, <I> IL</I>, <I> PCP</I>, <I> BE</I>, <I> JPP</I><BR>Contra:<I>PSD</I><BR>Abstenção:<I>L</I>, <I> CDS-PP</I>, <I> PAN</I>",,,
315154,13,Votação na generalidade,2025-07-04,Rejeitado,"A Favor: <I>PS</I>, <I> L</I>, <I> PCP</I>, <I> BE</I>, <I> PAN</I>, <I> JPP</I><BR>Contra:<I>PSD</I>, <I> CDS-PP</I><BR>Abstenção:<I>CH</I>, <I> IL</I>",,,
315266,13,Votação na generalidade,2025-07-11,Aprovado,"A Favor: <I>PSD</I>, <I> CH</I>, <I> CDS-PP</I><BR>Contra:<I>PS</I>, <I> L</I>, <I> PCP</I>, <I> BE</I>, <I> PAN</I>, <I> JPP</I><BR>Abstenção:<I>IL</I>",,,
315180,13,Votação na generalidade,2025-07-04,Rejeitado,"A Favor: <I>CH</I>, <I> L</I>, <I> PCP</I>, <I> BE</I>, <I> PAN</I>, <I> JPP</I><BR>Contra:<I>PSD</I>, <I> IL</I>, <I> CDS-PP</I><BR>Abstenção:<I>PS</I>",,,
315410,73,Votação Deliberação,2025-12-05,Aprovado,"A Favor: <I>CH</I>, <I> PS</I>, <I> L</I>, <I> PCP</I>, <I> BE</I>, <I> PAN</I>, <I> JPP</I><BR>Contra:<I>PSD</I>, <I> IL</I>, <I> CDS-PP</I>",,,
315439,73,Votação Deliberação,2026-07-17,Aprovado,"A Favor: <I>CH</I>, <I> PS</I>, <I> L</I>, <I> PCP</I>, <I> BE</I>, <I> PAN</I>, <I> JPP</I><BR>Contra:<I>PSD</I>, <I> CDS-PP</I><BR>Abstenção:<I>IL</I>",,,
315202,13,Votação na generalidade,2025-07-04,Rejeitado,"A Favor: <I>L</I>, <I> PCP</I>, <I> BE</I>, <I> PAN</I>, <I> JPP</I><BR>Contra:<I>PSD</I>, <I> IL</I>, <I> CDS-PP</I><BR>Abstenção:<I>CH</I>, <I> PS</I>",,,
315199,13,Votação na generalidade,2025-07-04,Rejeitado,"A Favor: <I>CH</I>, <I> IL</I>, <I> L</I>, <I> PCP</I>, <I> BE</I>, <I> PAN</I>, <I> JPP</I><BR>Contra:<I>PSD</I>, <I> CDS-PP</I><BR>Abstenção:<I>PS</I>",,,
315196,13,Votação na generalidade,2025-07-04,Rejeitado,"A Favor: <I>CH</I>, <I> IL</I>, <I> L</I>, <I> PCP</I>, <I> BE</I>, <I> PAN</I>, <I> JPP</I><BR>Contra:<I>PSD</I>, <I> CDS-PP</I><BR>Abstenção:<I>PS</I>",,,
315240,73,Votação Deliberação,2025-12-19,Rejeitado,"A Favor: <I>CH</I>, <I> PAN</I>, <I> JPP</I><BR>Contra:<I>PSD</I>, <I> PS</I>, <I> IL</I>, <I> PCP</I>, <I> CDS-PP</I>, <I> BE</I><BR>Abstenção:<I>L</I>",,,
315250,13,Votação na generalidade,2026-04-17,Rejeitado,"A Favor: <I>L</I>, <I> PCP</I>, <I> BE</I>, <I> PAN</I>, <I> JPP</I><BR>Contra:<I>PSD</I>, <I> CH</I>, <I> IL</I>, <I> CDS-PP</I><BR>Abstenção:<I>PS</I>",,,
315591,13,Votação na generalidade,2025-10-16,Aprovado,"A Favor: <I>CH</I>, <I> PS</I>, <I> L</I>, <I> PCP</I>, <I> BE</I>, <I> PAN</I>, <I> JPP</I><BR>Contra:<I>PSD</I>, <I> CDS-PP</I><BR>Abstenção:<I>IL</I>",,,
315591,18,Votação final global,2026-01-09,Aprovado,"A Favor: <I>CH</I>, <I> PS</I>, <I> L</I>, <I> PCP</I>, <I> BE</I>, <I> PAN</I>, <I> JPP</I><BR>Contra:<I>PSD</I>, <I> CDS-PP</I><BR>Abstenção:<I>IL</I>",,,
315201,13,Votação na generalidade,2025-07-04,Rejeitado,"A Favor: <I>CH</I>, <I> L</I>, <I> PCP</I>, <I> BE</I>, <I> PAN</I>, <I> JPP</I><BR>Contra:<I>PSD</I>, <I> IL</I>, <I> CDS-PP</I><BR>Abstenção:<I>PS</I>",,,
315193,13,Votação na generalidade,2025-07-04,Rejeitado,"A Favor: <I>CH</I>, <I> PAN</I>, <I> JPP</I><BR>Contra:<I>PSD</I>, <I> PS</I>, <I> PCP</I>, <I> CDS-PP</I><BR>Abstenção:<I>IL</I>, <I> L</I>, <I> BE</I>",,,
315200,13,Votação na generalidade,2025-07-04,Rejeitado,"A Favor: <I>PS</I>, <I> L</I>, <I> BE</I>, <I> PAN</I>, <I> JPP</I><BR>Contra:<I>PSD</I>, <I> CDS-PP</I><BR>Abstenção:<I>CH</I>, <I> IL</I>, <I> PCP</I>",,,
315191,13,Votação na generalidade,2025-07-04,Rejeitado,"A Favor: <I>CH</I>, <I> PAN</I>, <I> JPP</I><BR>Contra:<I>PSD</I>, <I> PCP</I><BR>Abstenção:<I>PS</I>, <I> IL</I>, <I> L</I>, <I> CDS-PP</I>, <I> BE</I>",,,
315473,73,Votação Deliberação,2025-09-19,Aprovado,"A Favor: <I>CH</I>, <I> IL</I>, <I> PAN</I>, <I> JPP</I><BR>Abstenção:<I>PSD</I>, <I> PS</I>, <I> L</I>, <I> PCP</I>, <I> CDS-PP</I>",,,
315553,13,Votação na generalidade,2025-09-19,Aprovado,"A Favor: <I>PSD</I>, <I> CH</I>, <I> PS</I>, <I> IL</I>, <I> L</I>, <I> CDS-PP</I>, <I> PAN</I>, <I> JPP</I><BR>Abstenção:<I>PCP</I>",,,
315553,18,Votação final global,2025-10-17,Aprovado,"A Favor: <I>PSD</I>, <I> CH</I>, <I> PS</I>, <I> IL</I>, <I> L</I>, <I> CDS-PP</I>, <I> PAN</I>, <I> JPP</I><BR>Abstenção:<I>PCP</I>",,,
315304,13,Votação na generalidade,2025-07-16,Aprovado,"A Favor: <I>CH</I>, <I> PS</I>, <I> L</I>, <I> PCP</I>, <I> BE</I>, <I> PAN</I>, <I> JPP</I><BR>Contra:<I>PSD</I>, <I> CDS-PP</I><BR>Abstenção:<I>IL</I>",,,
315471,73,Votação Deliberação,2025-09-30,Aprovado,"A Favor: <I>CH</I>, <I> PS</I>, <I> L</I>, <I> PCP</I>, <I> BE</I>, <I> PAN</I>, <I> JPP</I><BR>Abstenção:<I>PSD</I>, <I> IL</I>, <I> CDS-PP</I>",,,
315569,13,Votação na generalidade,2025-09-19,Aprovado,"A Favor: <I>PSD</I>, <I> CH</I>, <I> IL</I>, <I> CDS-PP</I>, <I> PAN</I>, <I> JPP</I><BR>Contra:<I>PCP</I><BR>Abstenção:<I>PS</I>, <I> L</I>",,,
315569,18,Votação final global,2025-12-05,Aprovado,"A Favor: <I>PSD</I>, <I> CH</I>, <I> IL</I>, <I> CDS-PP</I>, <I> PAN</I>, <I> JPP</I><BR>Contra:<I>PCP</I><BR>Abstenção:<I>PS</I>, <I> L</I>, <I> BE</I>",,,
315327,13,Votação na generalidade,2025-07-16,Aprovado,"A Favor: <I>CH</I>, <I> PS</I>, <I> IL</I>, <I> L</I>, <I> PCP</I>, <I> CDS-PP</I>, <I> BE</I>, <I> PAN</I>, <I> JPP</I><BR>Abstenção:<I>PSD</I>",,,
315624,13,Votação na generalidade,2025-09-25,Aprovado,"A Favor: <I>PSD</I>, <I> CH</I>, <I> IL</I>, <I> CDS-PP</I>, <I> PAN</I>, <I> JPP</I><BR>Contra:<I>PS</I>, <I> PCP</I>, <I> BE</I><BR>Abstenção:<I>L</I>",,,
315624,18,Votação final global,2025-12-05,Aprovado,"A Favor: <I>PSD</I>, <I> CH</I>, <I> PS</I>, <I> IL</I>, <I> CDS-PP</I>, <I> JPP</I><BR>Contra:<I>PCP</I>, <I> BE</I><BR>Abstenção:<I>L</I>, <I> PAN</I>",,,
315454,73,Votação Deliberação,2025-09-26,Aprovado,"A Favor: <I>CH</I>, <I> PS</I>, <I> L</I>, <I> PCP</I>, <I> BE</I>, <I> PAN</I>, <I> JPP</I><BR>Contra:<I>PSD</I>, <I> IL</I>, <I> CDS-PP</I>",,,
315284,13,Votação na generalidade,2025-07-11,Rejeitado,"A Favor: <I>PS</I>, <I> IL</I>, <I> L</I>, <I> PCP</I>, <I> BE</I>, <I> PAN</I>, <I> JPP</I><BR>Contra:<I>PSD</I>, <I> CDS-PP</I><BR>Abstenção:<I>CH</I>",,,
315332,13,Votação na generalidade,2025-10-17,Rejeitado,"A Favor: <I>CH</I>, <I> IL</I>, <I> BE</I>, <I> PAN</I>, <I> JPP</I><BR>Contra:<I>PSD</I>, <I> CDS-PP</I><BR>Abstenção:<I>PS</I>, <I> L</I>, <I> PCP</I>",,,
315308,73,Votação Deliberação,2025-07-16,Rejeitado,"A Favor: <I>PS</I>, <I> L</I>, <I> BE</I>, <I> PAN</I>, <I> JPP</I><BR>Contra:<I>PSD</I>, <I> CH</I>, <I> CDS-PP</I><BR>Abstenção:<I>IL</I>, <I> PCP</I>",,,
315681,13,Votação na generalidade,2025-12-05,Aprovado,"A Favor: <I>PSD</I>, <I> CH</I>, <I> CDS-PP</I>, <I> PAN</I>, <I> JPP</I><BR>Contra:<I>PCP</I>, <I> BE</I><BR>Abstenção:<I>PS</I>, <I> IL</I>, <I> L</I>",,,
315681,18,Votação final global,2025-12-19,Aprovado,"A Favor: <I>PSD</I>, <I> CH</I>, <I> CDS-PP</I>, <I> PAN</I>, <I> JPP</I><BR>Contra:<I>PCP</I>, <I> BE</I><BR>Abstenção:<I>PS</I>, <I> IL</I>, <I> L</I>",,,
315426,73,Votação Deliberação,2026-07-17,Rejeitado,"A Favor: <I>PS</I>, <I> L</I>, <I> BE</I>, <I> PAN</I>, <I> JPP</I><BR>Contra:<I>PSD</I>, <I> CH</I>, <I> IL</I>, <I> CDS-PP</I><BR>Abstenção:<I>PCP</I>",,,
315379,73,Votação Deliberação,2025-09-19,Rejeitado,"A Favor: <I>CH</I>, <I> PAN</I>, <I> JPP</I><BR>Contra:<I>PSD</I>, <I> IL</I>, <I> CDS-PP</I><BR>Abstenção:<I>PS</I>, <I> L</I>, <I> PCP</I>",,,
315446,13,Votação na generalidade,2026-06-03,Rejeitado,"A Favor: <I>L</I>, <I> BE</I>, <I> PAN</I>, <I> JPP</I><BR>Contra:<I>PSD</I>, <I> CH</I>, <I> CDS-PP</I><BR>Abstenção:<I>PS</I>, <I> IL</I>, <I> PCP</I>",,,
315831,13,Votação na generalidade,2026-02-27,Aprovado,,,,
315831,18,Votação final global,2026-03-20,Aprovado,,,,
315464,73,Votação Deliberação,2026-07-17,Rejeitado,"A Favor: <I>L</I>, <I> PCP</I>, <I> BE</I>, <I> PAN</I>, <I> JPP</I><BR>Contra:<I>PSD</I>, <I> CH</I>, <I> CDS-PP</I><BR>Abstenção:<I>PS</I>, <I> IL</I>",,,
315663,73,Votação Deliberação,2026-02-13,Aprovado,"A Favor: <I>CH</I>, <I> PS</I>, <I> IL</I>, <I> L</I>, <I> PCP</I>, <I> BE</I>, <I> PAN</I>, <I> JPP</I><BR>Contra:<I>PSD</I>, <I> CDS-PP</I>",,,
315527,13,Votação na generalidade,2026-06-03,Aprovado,"A Favor: <I>CH</I>, <I> PS</I>, <I> IL</I>, <I> BE</I>, <I> PAN</I>, <I> JPP</I><BR>Abstenção:<I>PSD</I>, <I> L</I>, <I> PCP</I>, <I> CDS-PP</I>",,,
315827,13,Votação na generalidade,2025-12-19,Aprovado,,,,
315827,18,Votação final global,2026-01-09,Aprovado,,,,
315620,73,Votação Deliberação,2025-09-26,Aprovado,"A Favor: <I>CH</I>, <I> PS</I>, <I> IL</I>, <I> L</I>, <I> PCP</I>, <I> BE</I>, <I> PAN</I>, <I> JPP</I><BR>Contra:<I>PSD</I><BR>Abstenção:<I>CDS-PP</I>",,,
315452,73,Votação Deliberação,2025-09-26,Rejeitado,"A Favor: <I>CH</I>, <I> IL</I>, <I> L</I>, <I> BE</I>, <I> PAN</I>, <I> JPP</I><BR>Contra:<I>PSD</I>, <I> PCP</I>, <I> CDS-PP</I><BR>Abstenção:<I>PS</I>",,,
315731,73,Votação Deliberação,2025-12-19,Aprovado,"A Favor: <I>PSD</I>, <I> CH</I>, <I> PS</I>, <I> IL</I>, <I> L</I>, <I> CDS-PP</I>, <I> PAN</I>, <I> JPP</I><BR>Contra:<I>PCP</I><BR>Abstenção:<I>BE</I>",,,
315815,73,Votação Deliberação,2026-01-30,Aprovado,,,,
315587,73,Votação Deliberação,2025-09-26,Aprovado,,,,
315478,73,Votação Deliberação,2026-04-24,Rejeitado,"A Favor: <I>CH</I>, <I> IL</I>, <I> JPP</I><BR>Contra:<I>PSD</I>, <I> CDS-PP</I>, <I> PAN</I><BR>Abstenção:<I>PS</I>, <I> L</I>, <I> PCP</I>, <I> BE</I>",,,
315507,13,Votação na generalidade,2025-09-19,Rejeitado,"A Favor: <I>CH</I>, <I> IL</I>, <I> L</I>, <I> PCP</I>, <I> PAN</I>, <I> JPP</I><BR>Contra:<I>PSD</I>, <I> PS</I><BR>Abstenção:<I>CDS-PP</I>",,,
315522,73,Votação Deliberação,2025-09-26,Rejeitado,"A Favor: <I>CH</I><BR>Contra:<I>PSD</I>, <I> PS</I>, <I> L</I>, <I> PCP</I>, <I> BE</I>, <I> PAN</I>, <I> JPP</I><BR>Abstenção:<I>IL</I>, <I> CDS-PP</I>",,,
315790,73,Votação Deliberação,2025-12-12,Aprovado,"A Favor: <I>CH</I>, <I> PS</I>, <I> L</I>, <I> PAN</I>, <I> JPP</I><BR>Contra:<I>PSD</I>, <I> PCP</I>, <I> CDS-PP</I><BR>Abstenção:<I>IL</I>",,,
315676,13,Votação na generalidade,2026-01-09,Rejeitado,"A Favor: <I>IL</I>, <I> PAN</I>, <I> JPP</I><BR>Contra:<I>PSD</I>, <I> CH</I>, <I> PS</I>, <I> PCP</I>, <I> BE</I><BR>Abstenção:<I>1-PS</I>, <I> L</I>, <I> CDS-PP</I>",,,
346037,13,Votação na generalidade,2026-04-17,Aprovado,"A Favor: <I>CH</I>, <I> PS</I>, <I> BE</I>, <I> PAN</I>, <I> JPP</I><BR>Contra:<I>PSD</I>, <I> IL</I>, <I> CDS-PP</I><BR>Abstenção:<I>L</I>, <I> PCP</I>",,,
346037,18,Votação final global,2026-06-19,Aprovado,"A Favor: <I>CH</I>, <I> PS</I>, <I> BE</I>, <I> PAN</I>, <I> JPP</I><BR>Contra:<I>PSD</I>, <I> IL</I>, <I> CDS-PP</I><BR>Abstenção:<I>L</I>, <I> PCP</I>",,,
315571,13,Votação na generalidade,2025-09-19,Rejeitado,"A Favor: <I>CH</I>, <I> IL</I>, <I> L</I>, <I> PCP</I>, <I> PAN</I>, <I> JPP</I><BR>Contra:<I>PSD</I>, <I> PS</I><BR>Abstenção:<I>CDS-PP</I>",,,
315814,73,Votação Deliberação,2025-12-19,Rejeitado,"A Favor: <I>CH</I>, <I> IL</I>, <I> L</I>, <I> BE</I>, <I> PAN</I>, <I> JPP</I><BR>Contra:<I>PSD</I>, <I> PCP</I><BR>Abstenção:<I>PS</I>, <I> CDS-PP</I>",,,
315636,73,Votação Deliberação,2026-01-09,Rejeitado,"A Favor: <I>CH</I>, <I> IL</I>, <I> L</I>, <I> BE</I>, <I> PAN</I>, <I> JPP</I><BR>Contra:<I>PSD</I>, <I> PS</I>, <I> PCP</I><BR>Abstenção:<I>CDS-PP</I>",,,
315630,73,Votação Deliberação,2025-12-19,Rejeitado,"A Favor: <I>PS</I>, <I> L</I>, <I> PCP</I>, <I> BE</I>, <I> PAN</I>, <I> JPP</I><BR>Contra:<I>PSD</I>, <I> CDS-PP</I><BR>Abstenção:<I>CH</I>, <I> IL</I>",,,
315695,13,Votação na generalidade,2025-10-28,Aprovado,"A Favor: <I>CH</I>, <I> L</I>, <I> PCP</I>, <I> BE</I>, <I> PAN</I>, <I> JPP</I><BR>Abstenção:<I>PSD</I>, <I> PS</I>, <I> IL</I>, <I> CDS-PP</I>",,,
315564,13,Votação na generalidade,2025-09-26,Rejeitado,"A Favor: <I>L</I>, <I> PCP</I>, <I> BE</I>, <I> PAN</I>, <I> JPP</I><BR>Contra:<I>PSD</I>, <I> IL</I>, <I> CDS-PP</I><BR>Abstenção:<I>CH</I>, <I> PS</I>",,,
315691,73,Votação Deliberação,2026-01-09,Rejeitado,"A Favor: <I>CH</I>, <I> L</I>, <I> BE</I>, <I> PAN</I>, <I> JPP</I><BR>Contra:<I>PSD</I>, <I> CDS-PP</I><BR>Abstenção:<I>PS</I>, <I> IL</I>, <I> PCP</I>",,,
315614,73,Votação Deliberação,2025-09-19,Rejeitado,"A Favor: <I>L</I>, <I> PCP</I>, <I> PAN</I><BR>Contra:<I>PSD</I>, <I> CH</I>, <I> IL</I>, <I> CDS-PP</I><BR>Abstenção:<I>PS</I>, <I> JPP</I>",,,
315880,73,Votação Deliberação,2025-12-19,Aprovado,"A Favor: <I>PSD</I>, <I> CH</I>, <I> PS</I>, <I> IL</I>, <I> L</I>, <I> CDS-PP</I>, <I> BE</I>, <I> PAN</I>, <I> JPP</I><BR>Contra:<I>PCP</I>",,,
315739,73,Votação Deliberação,2025-10-28,Aprovado,,,,
315784,13,Votação na generalidade,2025-12-12,Rejeitado,"A Favor: <I>CH</I>, <I> L</I>, <I> PCP</I>, <I> PAN</I>, <I> JPP</I><BR>Contra:<I>PSD</I>, <I> IL</I>, <I> CDS-PP</I><BR>Abstenção:<I>PS</I>",,,
315802,73,Votação Deliberação,2026-05-08,Rejeitado,"A Favor: <I>PS</I>, <I> L</I>, <I> BE</I>, <I> PAN</I>, <I> JPP</I><BR>Contra:<I>PSD</I>, <I> CH</I>, <I> CDS-PP</I><BR>Abstenção:<I>IL</I>, <I> PCP</I>",,,
315878,73,Votação Deliberação,2025-12-19,Aprovado,,,,
356063,73,Votação Deliberação,2026-03-06,Aprovado,"A Favor: <I>PSD</I>, <I> CH</I>, <I> PS</I>, <I> L</I>, <I> PCP</I>, <I> CDS-PP</I>, <I> BE</I>, <I> PAN</I>, <I> JPP</I><BR>Abstenção:<I>IL</I>",,,
315704,13,Votação na generalidade,2025-10-17,Rejeitado,"A Favor: <I>L</I>, <I> PCP</I>, <I> BE</I>, <I> PAN</I>, <I> JPP</I><BR>Contra:<I>PSD</I>, <I> IL</I>, <I> CDS-PP</I><BR>Abstenção:<I>CH</I>, <I> PS</I>",,,
315876,73,Votação Deliberação,2025-12-19,Aprovado,,,,
315793,13,Votação na generalidade,2025-12-12,Rejeitado,"A Favor: <I>CH</I>, <I> L</I>, <I> PAN</I>, <I> JPP</I><BR>Contra:<I>PSD</I>, <I> IL</I>, <I> CDS-PP</I><BR>Abstenção:<I>PS</I>, <I> PCP</I>",,,
315884,73,Votação Deliberação,2026-04-24,Rejeitado,"A Favor: <I>IL</I>, <I> JPP</I><BR>Contra:<I>PSD</I>, <I> PS</I>, <I> PCP</I><BR>Abstenção:<I>CH</I>, <I> L</I>, <I> CDS-PP</I>, <I> BE</I>, <I> PAN</I>",,,
356168,13,Votação na generalidade,2026-02-20,Aprovado,,,,
356168,18,Votação final global,2026-07-17,Aprovado,,,,
315909,13,Votação na generalidade,2026-05-22,Rejeitado,"A Favor: <I>CH</I>, <I> PAN</I>, <I> JPP</I><BR>Contra:<I>PSD</I>, <I> PS</I>, <I> IL</I><BR>Abstenção:<I>L</I>, <I> PCP</I>, <I> CDS-PP</I>, <I> BE</I>",,,
345963,73,Votação Deliberação,2026-02-27,Rejeitado,"A Favor: <I>L</I>, <I> PCP</I>, <I> BE</I>, <I> PAN</I>, <I> JPP</I><BR>Contra:<I>PSD</I>, <I> CH</I>, <I> PS</I>, <I> IL</I>, <I> CDS-PP</I>",,,
315842,13,Votação na generalidade,2025-12-19,Rejeitado,"A Favor: <I>PS</I>, <I> L</I>, <I> PCP</I>, <I> BE</I>, <I> PAN</I>, <I> JPP</I><BR>Contra:<I>PSD</I>, <I> CH</I>, <I> IL</I>, <I> CDS-PP</I>",,,
335937,73,Votação Deliberação,2026-01-30,Rejeitado,"A Favor: <I>PS</I>, <I> L</I>, <I> PCP</I>, <I> BE</I>, <I> PAN</I>, <I> JPP</I><BR>Contra:<I>PSD</I>, <I> CH</I>, <I> CDS-PP</I><BR>Abstenção:<I>IL</I>",,,
346019,73,Votação Deliberação,2026-01-23,Aprovado,Ausência: <I>JPP</I>,,,
315911,73,Votação Deliberação,2026-02-20,Rejeitado,"A Favor: <I>CH</I>, <I> PAN</I>, <I> JPP</I><BR>Contra:<I>PSD</I>, <I> IL</I>, <I> CDS-PP</I><BR>Abstenção:<I>PS</I>, <I> L</I>, <I> PCP</I>, <I> BE</I>",,,
315848,73,Votação Deliberação,2025-12-19,Rejeitado,"A Favor: <I>CH</I>, <I> L</I>, <I> PCP</I>, <I> BE</I>, <I> PAN</I>, <I> JPP</I><BR>Contra:<I>PSD</I>, <I> IL</I>, <I> CDS-PP</I><BR>Abstenção:<I>PS</I>",,,
346027,73,Votação Deliberação,2026-01-23,Aprovado,Ausência: <I>JPP</I>,,,
356176,73,Votação Deliberação,2026-04-24,Aprovado,"A Favor: <I>CH</I>, <I> PS</I>, <I> IL</I>, <I> BE</I>, <I> PAN</I>, <I> JPP</I><BR>Abstenção:<I>PSD</I>, <I> L</I>, <I> PCP</I>, <I> CDS-PP</I>",,,
356381,13,Votação na generalidade,2026-05-22,Aprovado,"A Favor: <I>CH</I>, <I> PS</I>, <I> IL</I>, <I> L</I>, <I> PCP</I>, <I> BE</I>, <I> PAN</I>, <I> JPP</I><BR>Contra:<I>PSD</I>, <I> CDS-PP</I>",,,
356381,18,Votação final global,2026-07-17,Aprovado,"A Favor: <I>CH</I>, <I> PS</I>, <I> IL</I>, <I> L</I>, <I> PCP</I>, <I> CDS-PP</I>, <I> BE</I>, <I> PAN</I>, <I> JPP</I><BR>Abstenção:<I>PSD</I>",,,
356175,73,Votação Deliberação,2026-04-24,Aprovado,"A Favor: <I>CH</I>, <I> PAN</I>, <I> JPP</I><BR>Abstenção:<I>PSD</I>, <I> PS</I>, <I> IL</I>, <I> L</I>, <I> PCP</I>, <I> CDS-PP</I>, <I> BE</I>",,,
356151,73,Votação Deliberação,2026-02-20,Aprovado,"A Favor: <I>PS</I>, <I> L</I>, <I> PCP</I>, <I> BE</I>, <I> PAN</I>, <I> JPP</I><BR>Contra:<I>CH</I>, <I> CDS-PP</I><BR>Abstenção:<I>PSD</I>, <I> IL</I>",,,
356191,13,Votação na generalidade,2026-02-20,Aprovado,"A Favor: <I>CH</I>, <I> PS</I>, <I> IL</I>, <I> L</I>, <I> PCP</I>, <I> BE</I>, <I> PAN</I>, <I> JPP</I><BR>Contra:<I>PSD</I>, <I> CDS-PP</I>",,,
356191,18,Votação final global,2026-03-20,Aprovado,"A Favor: <I>CH</I>, <I> PS</I>, <I> IL</I>, <I> L</I>, <I> PCP</I>, <I> BE</I>, <I> PAN</I>, <I> JPP</I><BR>Contra:<I>PSD</I>, <I> CDS-PP</I>",,,
356286,13,Votação na generalidade,2026-03-20,Aprovado,"A Favor: <I>CH</I>, <I> IL</I>, <I> CDS-PP</I>, <I> BE</I>, <I> PAN</I>, <I> JPP</I><BR>Contra:<I>PS</I><BR>Abstenção:<I>PSD</I>, <I> L</I>, <I> PCP</I>",,,
356286,18,Votação final global,2026-06-12,Aprovado,"A Favor: <I>CH</I>, <I> PS</I>, <I> IL</I>, <I> PAN</I>, <I> JPP</I><BR>Abstenção:<I>PSD</I>, <I> L</I>, <I> PCP</I>, <I> CDS-PP</I>, <I> BE</I>",,,
346016,13,Votação na generalidade,2026-01-30,Rejeitado,"A Favor: <I>PS</I>, <I> IL</I>, <I> L</I>, <I> PAN</I><BR>Contra:<I>PSD</I>, <I> CDS-PP</I><BR>Abstenção:<I>CH</I>, <I> PCP</I>, <I> BE</I>, <I> JPP</I>",,,
356108,13,Votação na generalidade,2026-02-27,Aprovado,"A Favor: <I>CH</I>, <I> IL</I>, <I> CDS-PP</I>, <I> PAN</I>, <I> JPP</I><BR>Abstenção:<I>PSD</I>, <I> PS</I>, <I> L</I>, <I> PCP</I>, <I> BE</I>",,,
356126,73,Votação Deliberação,2026-02-13,Aprovado,,,,
356380,73,Votação Deliberação,2026-04-10,Aprovado,"A Favor: <I>CH</I>, <I> PS</I>, <I> IL</I>, <I> L</I>, <I> PCP</I>, <I> BE</I>, <I> PAN</I>, <I> JPP</I><BR>Abstenção:<I>PSD</I>, <I> CDS-PP</I>",,,
356154,13,Votação na generalidade,2026-02-27,Aprovado,"A Favor: <I>CH</I>, <I> PS</I>, <I> L</I>, <I> PCP</I>, <I> CDS-PP</I>, <I> BE</I>, <I> PAN</I>, <I> JPP</I><BR>Abstenção:<I>PSD</I>, <I> IL</I>",,,
356111,73,Votação Deliberação,2026-06-25,Rejeitado,"A Favor: <I>CH</I>, <I> PAN</I>, <I> JPP</I><BR>Contra:<I>PSD</I>, <I> CDS-PP</I><BR>Abstenção:<I>PS</I>, <I> IL</I>, <I> L</I>, <I> PCP</I>, <I> BE</I>",,,
346043,73,Votação Deliberação,2026-01-30,Rejeitado,"A Favor: <I>PS</I>, <I> L</I>, <I> PCP</I>, <I> BE</I>, <I> PAN</I>, <I> JPP</I><BR>Contra:<I>PSD</I>, <I> CH</I>, <I> IL</I>, <I> CDS-PP</I>",,,
356334,73,Votação Deliberação,2026-04-10,Aprovado,"A Favor: <I>CH</I>, <I> PS</I>, <I> IL</I>, <I> BE</I>, <I> PAN</I>, <I> JPP</I><BR>Contra:<I>PSD</I>, <I> CDS-PP</I><BR>Abstenção:<I>L</I>, <I> PCP</I>",,,
356160,13,Votação na generalidade,2026-02-27,Aprovado,"A Favor: <I>CH</I>, <I> L</I>, <I> PCP</I>, <I> CDS-PP</I>, <I> BE</I>, <I> PAN</I>, <I> JPP</I><BR>Abstenção:<I>PSD</I>, <I> PS</I>, <I> IL</I>",,,
356353,73,Votação Deliberação,2026-04-24,Aprovado,"A Favor: <I>CH</I>, <I> PS</I>, <I> IL</I>, <I> BE</I>, <I> PAN</I>, <I> JPP</I><BR>Contra:<I>PCP</I><BR>Abstenção:<I>PSD</I>, <I> L</I>, <I> CDS-PP</I>",,,
356161,13,Votação na generalidade,2026-02-27,Aprovado,"A Favor: <I>CH</I>, <I> IL</I>, <I> L</I>, <I> PCP</I>, <I> CDS-PP</I>, <I> BE</I>, <I> PAN</I>, <I> JPP</I><BR>Abstenção:<I>PSD</I>, <I> PS</I>",,,
356171,13,Votação na generalidade,2026-02-25,Rejeitado,"A Favor: <I>L</I>, <I> BE</I>, <I> PAN</I>, <I> JPP</I><BR>Contra:<I>PSD</I>, <I> CDS-PP</I><BR>Abstenção:<I>CH</I>, <I> PS</I>, <I> IL</I>, <I> PCP</I>",,,
356141,13,Votação na generalidade,2026-02-20,Rejeitado,"A Favor: <I>PS</I>, <I> L</I>, <I> PCP</I>, <I> BE</I>, <I> PAN</I>, <I> JPP</I><BR>Contra:<I>PSD</I>, <I> CDS-PP</I><BR>Abstenção:<I>CH</I>, <I> IL</I>",,,
356360,73,Votação Deliberação,2026-04-24,Aprovado,"A Favor: <I>PSD</I>, <I> PS</I>, <I> IL</I>, <I> L</I>, <I> CDS-PP</I>, <I> BE</I>, <I> PAN</I>, <I> JPP</I><BR>Abstenção:<I>CH</I>, <I> PCP</I>",,,
356129,13,Votação na generalidade,2026-02-27,Rejeitado,"A Favor: <I>CH</I>, <I> PAN</I>, <I> JPP</I><BR>Contra:<I>PSD</I>, <I> PS</I><BR>Abstenção:<I>IL</I>, <I> L</I>, <I> PCP</I>, <I> CDS-PP</I>, <I> BE</I>",,,
356279,73,Votação Deliberação,2026-03-06,Aprovado,,,,
356392,13,Votação na generalidade,2026-07-02,Aprovado,"A Favor: <I>CH</I>, <I> PS</I>, <I> L</I>, <I> PCP</I>, <I> BE</I>, <I> PAN</I>, <I> JPP</I><BR>Contra:<I>PSD</I>, <I> CDS-PP</I><BR>Abstenção:<I>IL</I>",,,
356221,13,Votação na generalidade,2026-02-25,Rejeitado,"A Favor: <I>PS</I>, <I> IL</I>, <I> L</I>, <I> PCP</I>, <I> BE</I>, <I> PAN</I>, <I> JPP</I><BR>Contra:<I>PSD</I>, <I> CDS-PP</I><BR>Abstenção:<I>CH</I>",,,
356544,13,Votação na generalidade,2026-04-24,Aprovado,"A Favor: <I>PS</I>, <I> IL</I>, <I> L</I>, <I> PCP</I>, <I> BE</I>, <I> PAN</I>, <I> JPP</I><BR>Abstenção:<I>PSD</I>, <I> CH</I>, <I> CDS-PP</I>",,,
356544,18,Votação final global,2026-07-17,Aprovado,"A Favor: <I>CH</I>, <I> PS</I>, <I> IL</I>, <I> L</I>, <I> PCP</I>, <I> BE</I>, <I> PAN</I>, <I> JPP</I><BR>Abstenção:<I>PSD</I>, <I> CDS-PP</I>",,,
356311,13,Votação na generalidade,2026-03-20,Aprovado,"A Favor: <I>PS</I>, <I> IL</I>, <I> L</I>, <I> PCP</I>, <I> BE</I>, <I> PAN</I>, <I> JPP</I><BR>Abstenção:<I>PSD</I>, <I> CH</I>, <I> CDS-PP</I>",,,
356235,13,Votação na generalidade,2026-03-06,Rejeitado,"A Favor: <I>PS</I>, <I> L</I>, <I> PCP</I>, <I> BE</I>, <I> PAN</I>, <I> JPP</I><BR>Contra:<I>PSD</I>, <I> IL</I>, <I> CDS-PP</I><BR>Abstenção:<I>CH</I>",,,
356233,13,Votação na generalidade,2026-03-13,Rejeitado,"A Favor: <I>CH</I>, <I> PAN</I><BR>Contra:<I>PSD</I>, <I> L</I>, <I> BE</I>, <I> JPP</I><BR>Abstenção:<I>PSD</I>, <I> IL</I>, <I> PCP</I>, <I> CDS-PP</I>",,,
356260,13,Votação na generalidade,2026-03-13,Rejeitado,"A Favor: <I>L</I>, <I> PCP</I>, <I> BE</I>, <I> PAN</I>, <I> JPP</I><BR>Contra:<I>PSD</I>, <I> IL</I>, <I> CDS-PP</I><BR>Abstenção:<I>CH</I>, <I> PS</I>",,,
356262,13,Votação na generalidade,2026-03-13,Rejeitado,"A Favor: <I>L</I>, <I> PCP</I>, <I> BE</I>, <I> PAN</I>, <I> JPP</I><BR>Contra:<I>PSD</I>, <I> CH</I>, <I> PS</I>, <I> IL</I>, <I> CDS-PP</I>",,,
356333,13,Votação na generalidade,2026-03-26,Rejeitado,"A Favor: <I>PS</I>, <I> L</I>, <I> PCP</I>, <I> BE</I>, <I> PAN</I>, <I> JPP</I><BR>Contra:<I>PSD</I>, <I> CH</I>, <I> IL</I>, <I> CDS-PP</I>",,,
356263,13,Votação na generalidade,2026-03-06,Rejeitado,"A Favor: <I>PS</I>, <I> L</I>, <I> PCP</I>, <I> BE</I>, <I> PAN</I>, <I> JPP</I><BR>Contra:<I>PSD</I>, <I> IL</I>, <I> CDS-PP</I><BR>Abstenção:<I>CH</I>",,,
356264,13,Votação na generalidade,2026-03-13,Rejeitado,"A Favor: <I>L</I>, <I> BE</I>, <I> PAN</I>, <I> JPP</I><BR>Contra:<I>PSD</I>, <I> CH</I>, <I> PS</I>, <I> IL</I>, <I> CDS-PP</I><BR>Abstenção:<I>PCP</I>",,,
356370,73,Votação Deliberação,2026-06-12,Rejeitado,"A Favor: <I>CH</I>, <I> BE</I>, <I> JPP</I><BR>Contra:<I>PSD</I>, <I> CDS-PP</I><BR>Abstenção:<I>PS</I>, <I> IL</I>, <I> L</I>, <I> PCP</I>, <I> PAN</I>",,,
356418,13,Votação na generalidade,2026-07-17,Aprovado,"A Favor: <I>CH</I>, <I> PS</I>, <I> BE</I>, <I> PAN</I>, <I> JPP</I><BR>Abstenção:<I>PSD</I>, <I> IL</I>, <I> L</I>, <I> PCP</I>, <I> CDS-PP</I>",,,
356339,13,Votação na generalidade,2026-03-26,Rejeitado,"A Favor: <I>PS</I>, <I> L</I>, <I> PCP</I>, <I> BE</I>, <I> PAN</I>, <I> JPP</I><BR>Contra:<I>PSD</I>, <I> CH</I>, <I> IL</I>, <I> CDS-PP</I>",,,
356362,73,Votação Deliberação,2026-04-17,Rejeitado,"A Favor: <I>CH</I>, <I> PAN</I>, <I> JPP</I><BR>Contra:<I>PSD</I>, <I> PS</I>, <I> L</I>, <I> PCP</I>, <I> BE</I><BR>Abstenção:<I>IL</I>, <I> CDS-PP</I>",,,
315247,13,Votação na generalidade,2026-02-20,Aprovado,"A Favor: <I>PSD</I>, <I> PS</I>, <I> IL</I>, <I> PCP</I>, <I> CDS-PP</I>, <I> BE</I>, <I> PAN</I>, <I> JPP</I><BR>Abstenção:<I>CH</I>, <I> L</I>",,,
315247,18,Votação final global,2026-03-26,Aprovado,"A Favor: <I>PSD</I>, <I> CH</I>, <I> PS</I>, <I> IL</I>, <I> PCP</I>, <I> CDS-PP</I>, <I> BE</I>, <I> PAN</I>, <I> JPP</I><BR>Abstenção:<I>L</I>",,,
356554,73,Votação Deliberação,2026-06-12,Aprovado,"A Favor: <I>PSD</I>, <I> CH</I>, <I> PS</I>, <I> IL</I>, <I> L</I>, <I> PCP</I>, <I> BE</I>, <I> PAN</I>, <I> JPP</I><BR>Abstenção:<I>CDS-PP</I>",,,
356393,73,Votação Deliberação,2026-04-10,Rejeitado,"A Favor: <I>PS</I>, <I> L</I>, <I> PCP</I>, <I> BE</I>, <I> PAN</I>, <I> JPP</I><BR>Contra:<I>PSD</I>, <I> CDS-PP</I><BR>Abstenção:<I>CH</I>, <I> IL</I>",,,
356511,73,Votação Deliberação,2026-04-10,Aprovado,,,,
356343,73,Votação Deliberação,2026-03-13,Rejeitado,"A Favor: <I>L</I>, <I> PCP</I>, <I> BE</I>, <I> PAN</I>, <I> JPP</I><BR>Contra:<I>PSD</I>, <I> CH</I>, <I> IL</I>, <I> CDS-PP</I><BR>Abstenção:<I>PS</I>",,,
356435,13,Votação na generalidade,2026-04-24,Aprovado,"A Favor: <I>CH</I>, <I> PS</I>, <I> IL</I>, <I> L</I>, <I> PCP</I>, <I> BE</I>, <I> PAN</I>, <I> JPP</I><BR>Abstenção:<I>PSD</I>, <I> CDS-PP</I>",,,
356496,13,Votação na generalidade,2026-04-10,Rejeitado,"A Favor: <I>L</I>, <I> PCP</I>, <I> BE</I>, <I> PAN</I>, <I> JPP</I><BR>Contra:<I>PSD</I>, <I> CH</I>, <I> PS</I>, <I> IL</I>, <I> CDS-PP</I>",,,
356566,13,Votação na generalidade,2026-06-24,Rejeitado,"A Favor: <I>PS</I>, <I> L</I>, <I> PCP</I>, <I> BE</I>, <I> JPP</I><BR>Contra:<I>PSD</I>, <I> CH</I>, <I> CDS-PP</I><BR>Abstenção:<I>IL</I>, <I> PAN</I>",,,
356649,13,Votação na generalidade,2026-05-15,Aprovado,"A Favor: <I>CH</I>, <I> IL</I>, <I> BE</I>, <I> PAN</I>, <I> JPP</I><BR>Abstenção:<I>PSD</I>, <I> PS</I>, <I> L</I>, <I> PCP</I>, <I> CDS-PP</I>",,,
356686,13,Votação na generalidade,2026-05-22,Aprovado,,,,
356689,13,Votação na generalidade,2026-05-22,Aprovado,"A Favor: <I>L</I>, <I> PCP</I>, <I> BE</I>, <I> PAN</I>, <I> JPP</I><BR>Abstenção:<I>PSD</I>, <I> CH</I>, <I> PS</I>, <I> IL</I>, <I> CDS-PP</I>",,,
356754,73,Votação Deliberação,2026-06-12,Aprovado,"A Favor: <I>CH</I>, <I> PS</I>, <I> IL</I>, <I> CDS-PP</I>, <I> BE</I>, <I> PAN</I>, <I> JPP</I><BR>Contra:<I>PCP</I><BR>Abstenção:<I>PSD</I>, <I> L</I>",,,
356671,122,Requerimento Baixa Comissão sem Votação (Generalidade),2026-05-22,Aprovado,,,,
315145,13,Votação na generalidade,2025-12-05,Aprovado,"A Favor: <I>PSD</I>, <I> CH</I>, <I> PS</I>, <I> CDS-PP</I>, <I> JPP</I><BR>Contra:<I>IL</I>, <I> PCP</I>, <I> BE</I><BR>Abstenção:<I>L</I>, <I> PAN</I>",,,
315145,15,Requerimento avocação plenário,2026-05-08,Aprovado,,,,
315145,34,Votação na especialidade,2026-05-08,Rejeitado,"A Favor: <I>PS</I>, <I> L</I>, <I> PCP</I>, <I> BE</I>, <I> PAN</I>, <I> JPP</I><BR>Contra:<I>PSD</I>, <I> CH</I>, <I> IL</I>, <I> CDS-PP</I>",,,
315145,34,Votação na especialidade,2026-05-08,Rejeitado,"A Favor: <I>PS</I>, <I> L</I>, <I> PCP</I>, <I> BE</I>, <I> PAN</I>, <I> JPP</I><BR>Contra:<I>PSD</I>, <I> CH</I>, <I> IL</I>, <I> CDS-PP</I>",,,
315145,34,Votação na especialidade,2026-05-08,Rejeitado,"A Favor: <I>PS</I>, <I> PCP</I>, <I> PAN</I>, <I> JPP</I><BR>Contra:<I>PSD</I>, <I> CH</I>, <I> IL</I>, <I> CDS-PP</I>, <I> BE</I><BR>Abstenção:<I>L</I>",,,
315145,34,Votação na especialidade,2026-05-08,Rejeitado,"A Favor: <I>PS</I>, <I> PCP</I>, <I> PAN</I>, <I> JPP</I><BR>Contra:<I>PSD</I>, <I> CH</I>, <I> IL</I>, <I> CDS-PP</I>, <I> BE</I><BR>Abstenção:<I>L</I>",,,
315145,34,Votação na especialidade,2026-05-08,Rejeitado,"A Favor: <I>PS</I>, <I> PCP</I>, <I> PAN</I>, <I> JPP</I><BR>Contra:<I>PSD</I>, <I> CH</I>, <I> IL</I>, <I> CDS-PP</I>, <I> BE</I><BR>Abstenção:<I>L</I>",,,
315145,34,Votação na especialidade,2026-05-08,Rejeitado,"A Favor: <I>PS</I>, <I> L</I>, <I> PAN</I>, <I> JPP</I><BR>Contra:<I>PSD</I>, <I> CH</I>, <I> IL</I>, <I> CDS-PP</I><BR>Abstenção:<I>PCP</I>, <I> BE</I>",,,
315145,34,Votação na especialidade,2026-05-08,Rejeitado,"A Favor: <I>PS</I>, <I> L</I>, <I> PCP</I>, <I> BE</I>, <I> PAN</I>, <I> JPP</I><BR>Contra:<I>PSD</I>, <I> CH</I>, <I> IL</I>, <I> CDS-PP</I>",,,
315145,34,Votação na especialidade,2026-05-08,Rejeitado,"A Favor: <I>PS</I>, <I> L</I>, <I> PCP</I>, <I> BE</I>, <I> PAN</I>, <I> JPP</I><BR>Contra:<I>PSD</I>, <I> CH</I>, <I> IL</I>, <I> CDS-PP</I>",,,
315145,34,Votação na especialidade,2026-05-08,Rejeitado,"A Favor: <I>PS</I>, <I> L</I>, <I> PCP</I>, <I> BE</I>, <I> PAN</I>, <I> JPP</I><BR>Contra:<I>PSD</I>, <I> CH</I>, <I> IL</I>, <I> CDS-PP</I>",,,
315145,34,Votação na especialidade,2026-05-08,Rejeitado,"A Favor: <I>PS</I>, <I> L</I>, <I> PCP</I>, <I> BE</I>, <I> PAN</I>, <I> JPP</I><BR>Contra:<I>PSD</I>, <I> CH</I>, <I> IL</I>, <I> CDS-PP</I>",,,
315145,34,Votação na especialidade,2026-05-08,Rejeitado,"A Favor: <I>PS</I>, <I> L</I>, <I> PAN</I>, <I> JPP</I><BR>Contra:<I>PSD</I>, <I> CH</I>, <I> IL</I>, <I> CDS-PP</I><BR>Abstenção:<I>PCP</I>, <I> BE</I>",,,
315145,18,Votação final global,2026-05-08,Aprovado,"A Favor: <I>PSD</I>, <I> CH</I>, <I> IL</I>, <I> CDS-PP</I><BR>Contra:<I>PS</I>, <I> L</I>, <I> PCP</I>, <I> BE</I><BR>Abstenção:<I>PAN</I>, <I> JPP</I>",,,
356532,73,Votação Deliberação,2026-07-17,Rejeitado,"A Favor: <I>PS</I>, <I> BE</I>, <I> PAN</I>, <I> JPP</I><BR>Contra:<I>PSD</I>, <I> IL</I>, <I> PCP</I>, <I> CDS-PP</I><BR>Abstenção:<I>CH</I>, <I> L</I>",,,
356555,73,Votação Deliberação,2026-05-29,Rejeitado,"A Favor: <I>PS</I>, <I> L</I>, <I> PCP</I>, <I> BE</I>, <I> PAN</I>, <I> JPP</I><BR>Contra:<I>PSD</I>, <I> CH</I>, <I> CDS-PP</I><BR>Abstenção:<I>IL</I>",,,
356684,13,Votação na generalidade,2026-05-22,Aprovado,"A Favor: <I>L</I>, <I> PCP</I>, <I> BE</I>, <I> PAN</I>, <I> JPP</I><BR>Abstenção:<I>PSD</I>, <I> CH</I>, <I> PS</I>, <I> IL</I>, <I> CDS-PP</I>",,,
356537,13,Votação na generalidade,2026-04-24,Rejeitado,"A Favor: <I>PS</I>, <I> IL</I>, <I> L</I>, <I> PCP</I>, <I> BE</I>, <I> PAN</I>, <I> JPP</I><BR>Contra:<I>PSD</I>, <I> CDS-PP</I><BR>Abstenção:<I>CH</I>",,,
356527,13,Votação na generalidade,2026-04-24,Rejeitado,"A Favor: <I>L</I>, <I> PCP</I>, <I> BE</I>, <I> PAN</I>, <I> JPP</I><BR>Contra:<I>PSD</I>, <I> IL</I>, <I> CDS-PP</I><BR>Abstenção:<I>CH</I>, <I> PS</I>",,,
356909,13,Votação na generalidade,2026-06-19,Aprovado,"A Favor: <I>CH</I>, <I> IL</I>, <I> L</I><BR>Contra:<I>PAN</I><BR>Abstenção:<I>PSD</I>, <I> PS</I>, <I> PCP</I>, <I> CDS-PP</I>, <I> BE</I>, <I> JPP</I>",,,
356909,18,Votação final global,2026-07-17,Aprovado,"A Favor: <I>PSD</I>, <I> CH</I>, <I> PS</I>, <I> IL</I>, <I> L</I>, <I> CDS-PP</I>, <I> JPP</I><BR>Contra:<I>PAN</I><BR>Abstenção:<I>PCP</I>, <I> BE</I>",,,
356646,73,Votação Deliberação,2026-04-30,Aprovado,,,,
315378,13,Votação na generalidade,2026-01-30,Aprovado,"A Favor: <I>PSD</I>, <I> PS</I>, <I> IL</I>, <I> L</I>, <I> PCP</I>, <I> CDS-PP</I>, <I> BE</I>, <I> PAN</I>, <I> JPP</I><BR>Abstenção:<I>CH</I>",,,
315378,18,Votação final global,2026-02-13,Aprovado,"A Favor: <I>PSD</I>, <I> PS</I>, <I> IL</I>, <I> L</I>, <I> PCP</I>, <I> CDS-PP</I>, <I> BE</I>, <I> PAN</I>, <I> JPP</I><BR>Abstenção:<I>CH</I>",,,
356567,13,Votação na generalidade,2026-05-08,Rejeitado,"A Favor: <I>L</I>, <I> PCP</I>, <I> BE</I>, <I> PAN</I>, <I> JPP</I><BR>Contra:<I>PSD</I>, <I> IL</I>, <I> CDS-PP</I><BR>Abstenção:<I>CH</I>, <I> PS</I>",,,
356734,13,Votação na generalidade,2026-05-14,Aprovado,"A Favor: <I>CH</I>, <I> PS</I>, <I> L</I>, <I> PCP</I>, <I> BE</I>, <I> PAN</I>, <I> JPP</I><BR>Contra:<I>PSD</I>, <I> CDS-PP</I><BR>Abstenção:<I>IL</I>",,,
356613,73,Votação Deliberação,2026-05-29,Rejeitado,"A Favor: <I>CH</I>, <I> JPP</I><BR>Contra:<I>PSD</I>, <I> CDS-PP</I><BR>Abstenção:<I>PS</I>, <I> IL</I>, <I> L</I>, <I> PCP</I>, <I> BE</I>, <I> PAN</I>",,,
356825,73,Votação Deliberação,2026-07-17,Aprovado,,,,
315208,13,Votação na generalidade,2025-07-04,Aprovado,"A Favor: <I>PSD</I>, <I> CH</I>, <I> CDS-PP</I><BR>Contra:<I>PS</I>, <I> L</I>, <I> PCP</I>, <I> BE</I>, <I> PAN</I><BR>Abstenção:<I>IL</I>, <I> JPP</I>",,,
315208,18,Votação final global,2025-07-16,Aprovado,"A Favor: <I>PSD</I>, <I> CH</I>, <I> IL</I>, <I> CDS-PP</I><BR>Contra:<I>L</I>, <I> PCP</I>, <I> BE</I>, <I> PAN</I><BR>Abstenção:<I>PS</I>, <I> JPP</I>",,,
315208,152,Requerimento,2025-07-16,Aprovado,"A Favor: <I>PSD</I>, <I> CH</I>, <I> PS</I>, <I> IL</I>, <I> L</I>, <I> CDS-PP</I>, <I> PAN</I>, <I> JPP</I><BR>Contra:<I>PCP</I>, <I> BE</I>",,,
356999,73,Votação Deliberação,2026-07-17,Aprovado,"A Favor: <I>CH</I>, <I> PS</I>, <I> L</I>, <I> PCP</I>, <I> BE</I>, <I> PAN</I>, <I> JPP</I><BR>Contra:<I>PSD</I>, <I> IL</I>, <I> CDS-PP</I>",,,
357020,73,Votação Deliberação,2026-07-17,Aprovado,"A Favor: <I>CH</I>, <I> PS</I>, <I> L</I>, <I> PCP</I>, <I> BE</I>, <I> PAN</I>, <I> JPP</I><BR>Abstenção:<I>PSD</I>, <I> IL</I>, <I> CDS-PP</I>",,,
356707,13,Votação na generalidade,2026-05-22,Rejeitado,"A Favor: <I>IL</I><BR>Contra:<I>PSD</I>, <I> L</I>, <I> PCP</I>, <I> CDS-PP</I>, <I> BE</I>, <I> PAN</I><BR>Abstenção:<I>CH</I>, <I> PS</I>, <I> JPP</I>",,,
356760,73,Votação Deliberação,2026-05-15,Aprovado,,,,
315251,13,Votação na generalidade,2025-12-05,Aprovado,"A Favor: <I>PSD</I>, <I> PS</I>, <I> L</I>, <I> CDS-PP</I>, <I> BE</I>, <I> PAN</I>, <I> JPP</I><BR>Abstenção:<I>CH</I>, <I> IL</I>, <I> PCP</I>",,,
315251,18,Votação final global,2026-01-30,Aprovado,"A Favor: <I>PSD</I>, <I> CH</I>, <I> PS</I>, <I> IL</I>, <I> L</I>, <I> CDS-PP</I>, <I> BE</I>, <I> PAN</I>, <I> JPP</I><BR>Abstenção:<I>PCP</I>",,,
356717,13,Votação na generalidade,2026-05-22,Rejeitado,"A Favor: <I>L</I>, <I> BE</I>, <I> JPP</I><BR>Contra:<I>PSD</I>, <I> PS</I>, <I> IL</I>, <I> CDS-PP</I><BR>Abstenção:<I>CH</I>, <I> PCP</I>, <I> PAN</I>",,,
315680,122,Requerimento Baixa Comissão sem Votação (Generalidade),2026-03-13,Aprovado,"A Favor: <I>PSD</I>, <I> CH</I>, <I> PS</I>, <I> IL</I>, <I> L</I>, <I> CDS-PP</I>, <I> PAN</I>, <I> JPP</I><BR>Contra:<I>PCP</I>, <I> BE</I>",,,
315680,13,Votação na generalidade,2026-04-17,Aprovado,"A Favor: <I>PSD</I>, <I> CH</I>, <I> CDS-PP</I><BR>Contra:<I>PS</I>, <I> L</I>, <I> PCP</I>, <I> BE</I>, <I> PAN</I><BR>Abstenção:<I>IL</I>, <I> JPP</I>",,,
315680,34,Votação na especialidade,2026-04-17,Aprovado,"A Favor: <I>PSD</I>, <I> CH</I>, <I> CDS-PP</I><BR>Contra:<I>PS</I>, <I> L</I>, <I> PCP</I>, <I> BE</I>, <I> PAN</I><BR>Abstenção:<I>IL</I>, <I> JPP</I>",,,
315680,18,Votação final global,2026-04-17,Aprovado,"A Favor: <I>PSD</I>, <I> CH</I>, <I> CDS-PP</I><BR>Contra:<I>PS</I>, <I> L</I>, <I> PCP</I>, <I> BE</I>, <I> PAN</I><BR>Abstenção:<I>IL</I>, <I> JPP</I>",,,
356806,13,Votação na generalidade,2026-06-03,Rejeitado,"A Favor: <I>L</I>, <I> PCP</I>, <I> BE</I><BR>Contra:<I>PSD</I>, <I> CH</I>, <I> PS</I>, <I> IL</I>, <I> CDS-PP</I><BR>Abstenção:<I>PAN</I>, <I> JPP</I>",,,
315362,13,Votação na generalidade,2025-12-12,Aprovado,"A Favor: <I>PSD</I>, <I> CH</I>, <I> PS</I>, <I> CDS-PP</I><BR>Abstenção:<I>1-PS</I>, <I> IL</I>, <I> L</I>, <I> PCP</I>, <I> PAN</I>, <I> JPP</I>, <I> Pedro Delgado Alves (PS)</I>",,,
315362,18,Votação final global,2026-02-20,Aprovado,"A Favor: <I>PSD</I>, <I> CH</I>, <I> CDS-PP</I><BR>Abstenção:<I>PS</I>, <I> IL</I>, <I> L</I>, <I> PCP</I>, <I> BE</I>, <I> PAN</I>, <I> JPP</I>",,,
356905,13,Votação na generalidade,2026-06-19,Rejeitado,"A Favor: <I>L</I>, <I> PCP</I>, <I> BE</I>, <I> PAN</I>, <I> JPP</I><BR>Contra:<I>PSD</I>, <I> PS</I>, <I> IL</I>, <I> CDS-PP</I><BR>Abstenção:<I>CH</I>",,,
356889,13,Votação na generalidade,2026-06-25,Rejeitado,"A Favor: <I>PS</I>, <I> L</I>, <I> PCP</I>, <I> BE</I>, <I> PAN</I>, <I> JPP</I><BR>Contra:<I>PSD</I>, <I> CDS-PP</I><BR>Abstenção:<I>CH</I>, <I> IL</I>",,,
356953,13,Votação na generalidade,2026-06-24,Rejeitado,"A Favor: <I>PS</I>, <I> IL</I>, <I> L</I>, <I> BE</I>, <I> PAN</I>, <I> JPP</I><BR>Contra:<I>PSD</I>, <I> CH</I>, <I> CDS-PP</I><BR>Abstenção:<I>PCP</I>",,,
315047,13,Votação na generalidade,2025-07-11,Aprovado,"A Favor: <I>PSD</I>, <I> CH</I>, <I> 11-PS</I>, <I> L</I>, <I> CDS-PP</I>, <I> BE</I>, <I> PAN</I>, <I> JPP</I>, <I> Pedro Nuno Santos (PS)</I>, <I> Sandra Lopes (PS)</I>, <I> Catarina Louro (PS)</I>, <I> Eva Cruzeiro (PS)</I>, <I> Miguel Matos (PS)</I>, <I> Sofia Canha (PS)</I>, <I> Sofia Pereira (PS)</I>, <I> José Carlos Barbosa (PS)</I>, <I> Margarida Afonso (PS)</I>, <I> Rui Jorge Santos (PS)</I>, <I> Elza Pais (PS)</I><BR>Abstenção:<I>PS</I>, <I> IL</I>, <I> PCP</I>",,,
356959,13,Votação na generalidade,2026-07-02,Rejeitado,"A Favor: <I>PS</I>, <I> L</I>, <I> PCP</I>, <I> BE</I>, <I> PAN</I>, <I> JPP</I><BR>Contra:<I>PSD</I>, <I> IL</I>, <I> CDS-PP</I><BR>Abstenção:<I>CH</I>",,,
356986,13,Votação na generalidade,2026-07-03,Rejeitado,"A Favor: <I>IL</I><BR>Contra:<I>PSD</I>, <I> PS</I>, <I> L</I>, <I> PCP</I>, <I> BE</I><BR>Abstenção:<I>CH</I>, <I> CDS-PP</I>, <I> PAN</I>, <I> JPP</I>",,,
315040,122,Requerimento Baixa Comissão sem Votação (Generalidade),2025-07-11,Aprovado,,,,
315090,13,Votação na generalidade,2025-09-19,Aprovado,"A Favor: <I>CH</I>, <I> PS</I>, <I> L</I>, <I> PCP</I>, <I> BE</I>, <I> PAN</I>, <I> JPP</I><BR>Abstenção:<I>PSD</I>, <I> IL</I>, <I> CDS-PP</I>",,,
356979,13,Votação na generalidade,2026-07-03,Rejeitado,"A Favor: <I>CH</I>, <I> L</I>, <I> PAN</I>, <I> JPP</I><BR>Contra:<I>PSD</I>, <I> PS</I>, <I> PCP</I>, <I> CDS-PP</I><BR>Abstenção:<I>IL</I>, <I> BE</I>",,,
315039,13,Votação na generalidade,2026-03-13,Rejeitado,"A Favor: <I>L</I>, <I> PCP</I>, <I> BE</I>, <I> PAN</I>, <I> JPP</I><BR>Contra:<I>PSD</I>, <I> CH</I>, <I> PS</I>, <I> IL</I>, <I> CDS-PP</I>",,,
315048,13,Votação na generalidade,2026-03-13,Rejeitado,"A Favor: <I>CH</I>, <I> L</I>, <I> PCP</I>, <I> BE</I>, <I> PAN</I>, <I> JPP</I><BR>Contra:<I>PSD</I>, <I> IL</I>, <I> CDS-PP</I><BR>Abstenção:<I>PS</I>",,,
315223,122,Requerimento Baixa Comissão sem Votação (Generalidade),2025-07-04,Rejeitado,"A Favor: <I>IL</I>, <I> L</I>, <I> PCP</I>, <I> BE</I>, <I> PAN</I>, <I> JPP</I><BR>Contra:<I>PSD</I>, <I> CH</I>, <I> PS</I>, <I> CDS-PP</I>",,,
315223,13,Votação na generalidade,2025-07-04,Rejeitado,"A Favor: <I>L</I>, <I> BE</I>, <I> PAN</I><BR>Contra:<I>PSD</I>, <I> CH</I>, <I> PS</I>, <I> IL</I>, <I> CDS-PP</I><BR>Abstenção:<I>PCP</I>, <I> JPP</I>",,,
315655,13,Votação na generalidade,2026-03-26,Aprovado,,,,
315655,34,Votação na especialidade,2026-03-26,Aprovado,,,,
315655,18,Votação final global,2026-03-26,Aprovado,,,,
315654,13,Votação na generalidade,2026-04-01,Aprovado,,,,
315654,34,Votação na especialidade,2026-04-01,Aprovado,,,,
315654,18,Votação final global,2026-04-01,Aprovado,,,,
315163,13,Votação na generalidade,2026-02-27,Rejeitado,"A Favor: <I>IL</I><BR>Contra:<I>PSD</I>, <I> CH</I>, <I> L</I>, <I> PCP</I>, <I> CDS-PP</I>, <I> BE</I><BR>Abstenção:<I>PS</I>, <I> PAN</I>, <I> JPP</I>",,,
315173,13,Votação na generalidade,2025-07-04,Rejeitado,"A Favor: <I>CH</I>, <I> IL</I><BR>Contra:<I>PSD</I>, <I> PS</I>, <I> L</I>, <I> PCP</I>, <I> CDS-PP</I>, <I> BE</I><BR>Abstenção:<I>PAN</I>, <I> JPP</I>",,,
315195,13,Votação na generalidade,2025-07-04,Rejeitado,"A Favor: <I>CH</I>, <I> L</I>, <I> PCP</I>, <I> BE</I>, <I> PAN</I>, <I> JPP</I><BR>Contra:<I>PSD</I>, <I> IL</I>, <I> CDS-PP</I><BR>Abstenção:<I>PS</I>",,,
315188,13,Votação na generalidade,2025-07-04,Rejeitado,"A Favor: <I>CH</I>, <I> L</I>, <I> PCP</I>, <I> BE</I>, <I> PAN</I>, <I> JPP</I><BR>Contra:<I>PSD</I>, <I> PS</I>, <I> CDS-PP</I><BR>Abstenção:<I>IL</I>",,,
315205,13,Votação na generalidade,2025-07-04,Rejeitado,"A Favor: <I>L</I>, <I> BE</I><BR>Contra:<I>PSD</I>, <I> CH</I>, <I> IL</I>, <I> CDS-PP</I><BR>Abstenção:<I>PS</I>, <I> PCP</I>, <I> PAN</I>, <I> JPP</I>",,,
315187,13,Votação na generalidade,2025-07-04,Rejeitado,"A Favor: <I>CH</I>, <I> L</I>, <I> PCP</I>, <I> BE</I>, <I> PAN</I>, <I> JPP</I><BR>Contra:<I>PSD</I>, <I> PS</I>, <I> CDS-PP</I><BR>Abstenção:<I>IL</I>",,,
315434,13,Votação na generalidade,2026-06-12,Aprovado,"A Favor: <I>PSD</I>, <I> PS</I>, <I> IL</I>, <I> L</I>, <I> PCP</I>, <I> CDS-PP</I>, <I> BE</I>, <I> PAN</I>, <I> JPP</I><BR>Abstenção:<I>CH</I>",,,
315300,13,Votação na generalidade,2025-07-11,Aprovado,"A Favor: <I>CH</I>, <I> PS</I>, <I> L</I>, <I> PCP</I>, <I> BE</I>, <I> PAN</I>, <I> JPP</I><BR>Abstenção:<I>PSD</I>, <I> IL</I>, <I> CDS-PP</I>",,,
315134,13,Votação na generalidade,2025-06-27,Rejeitado,"A Favor: <I>CH</I>, <I> L</I>, <I> PCP</I>, <I> BE</I>, <I> PAN</I>, <I> JPP</I><BR>Contra:<I>PSD</I>, <I> IL</I>, <I> CDS-PP</I><BR>Abstenção:<I>PS</I>",,,
315189,13,Votação na generalidade,2025-07-04,Rejeitado,"A Favor: <I>L</I><BR>Contra:<I>PSD</I>, <I> CH</I>, <I> PS</I>, <I> IL</I>, <I> PCP</I>, <I> CDS-PP</I>, <I> PAN</I>, <I> JPP</I><BR>Abstenção:<I>BE</I>",,,
315194,13,Votação na generalidade,2025-07-04,Rejeitado,"A Favor: <I>L</I>, <I> PCP</I>, <I> BE</I>, <I> PAN</I>, <I> JPP</I><BR>Contra:<I>PSD</I>, <I> IL</I>, <I> CDS-PP</I><BR>Abstenção:<I>CH</I>, <I> PS</I>",,,
335932,13,Votação na generalidade,2026-01-09,Aprovado,"A Favor: <I>PSD</I>, <I> PS</I>, <I> L</I>, <I> PCP</I>, <I> BE</I>, <I> PAN</I>, <I> JPP</I><BR>Contra:<I>CH</I>, <I> CDS-PP</I><BR>Abstenção:<I>IL</I>",,,
335932,15,Requerimento avocação plenário,2026-07-02,Aprovado,,,,
335932,18,Votação final global,2026-07-03,Aprovado,"A Favor: <I>PSD</I>, <I> PS</I>, <I> IL</I>, <I> L</I>, <I> PCP</I>, <I> BE</I>, <I> PAN</I>, <I> JPP</I><BR>Contra:<I>CH</I><BR>Abstenção:<I>CDS-PP</I>",,,
315232,13,Votação na generalidade,2025-07-04,Rejeitado,"A Favor: <I>IL</I>, <I> PAN</I><BR>Contra:<I>PSD</I>, <I> CH</I>, <I> PS</I>, <I> CDS-PP</I><BR>Abstenção:<I>L</I>, <I> PCP</I>, <I> BE</I>, <I> JPP</I>",,,
315234,13,Votação na generalidade,2025-07-04,Rejeitado,"A Favor: <I>PS</I>, <I> L</I>, <I> PCP</I>, <I> BE</I>, <I> PAN</I>, <I> JPP</I><BR>Contra:<I>PSD</I>, <I> CH</I>, <I> IL</I>, <I> CDS-PP</I>",,,
315264,13,Votação na generalidade,2025-07-11,Rejeitado,"A Favor: <I>CH</I><BR>Contra:<I>PSD</I>, <I> PS</I>, <I> IL</I>, <I> L</I>, <I> PCP</I>, <I> BE</I>, <I> PAN</I><BR>Abstenção:<I>CDS-PP</I>, <I> JPP</I>",,,
315135,13,Votação na generalidade,2025-06-27,Rejeitado,"A Favor: <I>L</I>, <I> PCP</I>, <I> BE</I>, <I> PAN</I>, <I> JPP</I><BR>Contra:<I>PSD</I>, <I> CH</I>, <I> PS</I>, <I> IL</I>, <I> CDS-PP</I>",,,
315603,13,Votação na generalidade,2026-01-30,Rejeitado,"A Favor: <I>CH</I>, <I> IL</I>, <I> PAN</I><BR>Contra:<I>PSD</I>, <I> PCP</I>, <I> BE</I><BR>Abstenção:<I>PS</I>, <I> L</I>, <I> CDS-PP</I>, <I> JPP</I>",,,
315822,13,Votação na generalidade,2025-12-18,Aprovado,"A Favor: <I>CH</I>, <I> PS</I>, <I> L</I>, <I> PCP</I>, <I> BE</I>, <I> PAN</I>, <I> JPP</I><BR>Contra:<I>PSD</I>, <I> CDS-PP</I><BR>Abstenção:<I>IL</I>",,,
315822,18,Votação final global,2026-06-25,Aprovado,"A Favor: <I>CH</I>, <I> PS</I>, <I> L</I>, <I> PCP</I>, <I> BE</I>, <I> PAN</I>, <I> JPP</I><BR>Contra:<I>PSD</I>, <I> CDS-PP</I><BR>Abstenção:<I>IL</I>",,,
315325,13,Votação na generalidade,2025-07-11,Rejeitado,"A Favor: <I>PS</I>, <I> L</I>, <I> PCP</I>, <I> BE</I>, <I> PAN</I>, <I> JPP</I><BR>Contra:<I>PSD</I>, <I> CDS-PP</I><BR>Abstenção:<I>CH</I>, <I> IL</I>",,,
315294,13,Votação na generalidade,2025-07-11,Rejeitado,"A Favor: <I>PS</I>, <I> L</I>, <I> BE</I>, <I> PAN</I>, <I> JPP</I><BR>Contra:<I>PSD</I>, <I> CH</I>, <I> CDS-PP</I><BR>Abstenção:<I>IL</I>, <I> PCP</I>",,,
346045,13,Votação na generalidade,2026-03-13,Aprovado,"A Favor: <I>PSD</I>, <I> CH</I>, <I> CDS-PP</I><BR>Contra:<I>PS</I>, <I> L</I>, <I> PCP</I>, <I> BE</I>, <I> PAN</I>, <I> JPP</I><BR>Abstenção:<I>IL</I>",,,
346045,18,Votação final global,2026-07-17,Aprovado,"A Favor: <I>PSD</I>, <I> CH</I>, <I> CDS-PP</I>, <I> JPP</I><BR>Contra:<I>PS</I>, <I> IL</I>, <I> L</I>, <I> PCP</I>, <I> BE</I>",,,
315888,13,Votação na generalidade,2026-04-17,Aprovado,"A Favor: <I>CH</I>, <I> PS</I>, <I> L</I>, <I> PCP</I>, <I> BE</I>, <I> PAN</I>, <I> JPP</I><BR>Contra:<I>PSD</I>, <I> IL</I>, <I> CDS-PP</I>",,,
315888,18,Votação final global,2026-06-19,Aprovado,"A Favor: <I>CH</I>, <I> PS</I>, <I> L</I>, <I> PCP</I>, <I> BE</I>, <I> PAN</I>, <I> JPP</I><BR>Contra:<I>PSD</I>, <I> IL</I>, <I> CDS-PP</I>",,,
315229,13,Votação na generalidade,2025-07-04,Rejeitado,"A Favor: <I>IL</I>, <I> L</I>, <I> PCP</I>, <I> BE</I>, <I> PAN</I>, <I> JPP</I><BR>Contra:<I>PSD</I>, <I> CH</I>, <I> CDS-PP</I><BR>Abstenção:<I>PS</I>",,,
315468,13,Votação na generalidade,2025-09-25,Rejeitado,"A Favor: <I>PAN</I><BR>Contra:<I>PSD</I>, <I> CH</I>, <I> PS</I>, <I> IL</I>, <I> L</I>, <I> CDS-PP</I>, <I> BE</I><BR>Abstenção:<I>PCP</I>, <I> JPP</I>",,,
315443,13,Votação na generalidade,2026-02-20,Rejeitado,"A Favor: <I>CH</I>, <I> CDS-PP</I><BR>Contra:<I>PS</I>, <I> IL</I>, <I> L</I>, <I> PCP</I>, <I> BE</I>, <I> PAN</I><BR>Abstenção:<I>PSD</I>, <I> JPP</I>",,,
315607,122,Requerimento Baixa Comissão sem Votação (Generalidade),2025-09-26,Aprovado,,,,
315607,13,Votação na generalidade,2026-04-30,Rejeitado,"A Favor: <I>L</I>, <I> PCP</I>, <I> BE</I>, <I> PAN</I>, <I> JPP</I><BR>Contra:<I>PSD</I>, <I> IL</I>, <I> CDS-PP</I><BR>Abstenção:<I>CH</I>, <I> PS</I>",,,
315609,122,Requerimento Baixa Comissão sem Votação (Generalidade),2025-09-26,Aprovado,,,,
315609,13,Votação na generalidade,2026-04-30,Rejeitado,"A Favor: <I>L</I>, <I> PCP</I>, <I> BE</I>, <I> PAN</I>, <I> JPP</I><BR>Contra:<I>PSD</I>, <I> IL</I>, <I> CDS-PP</I><BR>Abstenção:<I>CH</I>, <I> PS</I>",,,
315608,122,Requerimento Baixa Comissão sem Votação (Generalidade),2025-09-26,Aprovado,,,,
315608,13,Votação na generalidade,2026-04-30,Rejeitado,"A Favor: <I>L</I>, <I> BE</I>, <I> PAN</I>, <I> JPP</I><BR>Contra:<I>PSD</I>, <I> IL</I>, <I> CDS-PP</I><BR>Abstenção:<I>CH</I>, <I> PS</I>, <I> PCP</I>",,,
315524,13,Votação na generalidade,2026-01-09,Rejeitado,"A Favor: <I>CH</I>, <I> IL</I>, <I> JPP</I><BR>Contra:<I>PSD</I>, <I> PS</I>, <I> L</I>, <I> PCP</I>, <I> CDS-PP</I>, <I> BE</I><BR>Abstenção:<I>PAN</I>",,,
315598,122,Requerimento Baixa Comissão sem Votação (Generalidade),2025-10-16,Aprovado,,,,
315598,13,Votação na generalidade,2026-07-03,Rejeitado,"A Favor: <I>PS</I>, <I> IL</I>, <I> L</I>, <I> BE</I>, <I> PAN</I>, <I> JPP</I><BR>Contra:<I>PSD</I>, <I> CH</I>, <I> CDS-PP</I><BR>Abstenção:<I>PCP</I>",,,
315503,13,Votação na generalidade,2025-09-25,Rejeitado,"A Favor: <I>CH</I>, <I> PAN</I>, <I> JPP</I><BR>Contra:<I>PSD</I>, <I> PS</I>, <I> IL</I>, <I> PCP</I>, <I> CDS-PP</I>, <I> BE</I><BR>Abstenção:<I>L</I>",,,
356345,13,Votação na generalidade,2026-04-17,Aprovado,"A Favor: <I>PS</I>, <I> L</I>, <I> PCP</I>, <I> BE</I>, <I> PAN</I>, <I> JPP</I><BR>Contra:<I>CH</I>, <I> 2-PS</I>, <I> CDS-PP</I>, <I> Pedro Delgado Alves (PS)</I>, <I> Pedro Vaz (PS)</I><BR>Abstenção:<I>PSD</I>, <I> 1-PS</I>, <I> IL</I>, <I> Filipe Neto Brandão (PS)</I>",,,
356345,15,Requerimento avocação plenário,2026-07-16,Aprovado,"A Favor: <I>CH</I>, <I> PS</I>, <I> IL</I>, <I> L</I>, <I> PCP</I>, <I> BE</I>, <I> PAN</I>, <I> JPP</I><BR>Contra:<I>PSD</I>, <I> CDS-PP</I>",,,
356345,34,Votação na especialidade,2026-07-17,Aprovado,"A Favor: <I>CH</I>, <I> PS</I>, <I> L</I>, <I> PCP</I>, <I> BE</I>, <I> PAN</I>, <I> JPP</I><BR>Contra:<I>PSD</I>, <I> CDS-PP</I><BR>Abstenção:<I>IL</I>",,,
356345,18,Votação final global,2026-07-17,Aprovado,"A Favor: <I>CH</I>, <I> PS</I>, <I> L</I>, <I> PCP</I>, <I> BE</I>, <I> PAN</I>, <I> JPP</I><BR>Contra:<I>PSD</I>, <I> CDS-PP</I><BR>Abstenção:<I>IL</I>",,,
315549,13,Votação na generalidade,2025-09-26,Rejeitado,"A Favor: <I>L</I>, <I> PCP</I>, <I> BE</I>, <I> PAN</I>, <I> JPP</I><BR>Contra:<I>PSD</I>, <I> IL</I>, <I> CDS-PP</I><BR>Abstenção:<I>CH</I>, <I> PS</I>",,,
315638,13,Votação na generalidade,2026-01-30,Aprovado,"A Favor: <I>CH</I>, <I> PS</I>, <I> L</I>, <I> PCP</I>, <I> BE</I>, <I> PAN</I>, <I> JPP</I><BR>Contra:<I>PSD</I>, <I> IL</I>, <I> CDS-PP</I>",,,
315585,13,Votação na generalidade,2025-09-25,Rejeitado,"A Favor: <I>CH</I>, <I> BE</I>, <I> PAN</I>, <I> JPP</I><BR>Contra:<I>PSD</I>, <I> PS</I>, <I> IL</I>, <I> CDS-PP</I><BR>Abstenção:<I>L</I>, <I> PCP</I>",,,
356137,13,Votação na generalidade,2026-02-20,Aprovado,"A Favor: <I>PS</I>, <I> L</I>, <I> PCP</I>, <I> BE</I>, <I> PAN</I>, <I> JPP</I><BR>Contra:<I>IL</I><BR>Abstenção:<I>PSD</I>, <I> CH</I>, <I> CDS-PP</I>",,,
356137,18,Votação final global,2026-03-26,Aprovado,"A Favor: <I>PSD</I>, <I> CH</I>, <I> PS</I>, <I> IL</I>, <I> PCP</I>, <I> CDS-PP</I>, <I> BE</I>, <I> PAN</I>, <I> JPP</I><BR>Abstenção:<I>L</I>",,,
315580,13,Votação na generalidade,2025-09-26,Aprovado,"A Favor: <I>CH</I>, <I> PS</I>, <I> IL</I>, <I> L</I>, <I> PCP</I>, <I> BE</I>, <I> PAN</I>, <I> JPP</I><BR>Abstenção:<I>PSD</I>, <I> CDS-PP</I>",,,
315543,13,Votação na generalidade,2026-03-13,Rejeitado,"A Favor: <I>CH</I>, <I> L</I>, <I> PCP</I>, <I> BE</I>, <I> PAN</I>, <I> JPP</I><BR>Contra:<I>PSD</I>, <I> IL</I>, <I> CDS-PP</I><BR>Abstenção:<I>PS</I>",,,
315583,13,Votação na generalidade,2026-01-30,Rejeitado,"A Favor: <I>L</I>, <I> PCP</I>, <I> BE</I>, <I> PAN</I><BR>Contra:<I>PSD</I>, <I> CH</I>, <I> PS</I>, <I> IL</I>, <I> CDS-PP</I><BR>Abstenção:<I>JPP</I>",,,
315574,13,Votação na generalidade,2025-09-26,Rejeitado,"A Favor: <I>L</I>, <I> PCP</I>, <I> BE</I>, <I> PAN</I>, <I> JPP</I><BR>Contra:<I>PSD</I>, <I> CDS-PP</I><BR>Abstenção:<I>CH</I>, <I> PS</I>, <I> IL</I>",,,
315669,122,Requerimento Baixa Comissão sem Votação (Generalidade),2026-05-15,Aprovado,"A Favor: <I>PSD</I>, <I> CH</I>, <I> PS</I>, <I> IL</I>, <I> CDS-PP</I>, <I> PAN</I>, <I> JPP</I><BR>Abstenção:<I>L</I>, <I> PCP</I>, <I> BE</I>",,,
315627,13,Votação na generalidade,2025-09-26,Rejeitado,"A Favor: <I>L</I>, <I> PCP</I>, <I> BE</I>, <I> PAN</I><BR>Contra:<I>PSD</I>, <I> CH</I>, <I> IL</I>, <I> CDS-PP</I><BR>Abstenção:<I>PS</I>, <I> JPP</I>",,,
315535,13,Votação na generalidade,2025-09-19,Rejeitado,"A Favor: <I>PS</I>, <I> L</I>, <I> PCP</I>, <I> PAN</I>, <I> JPP</I><BR>Contra:<I>PSD</I>, <I> CDS-PP</I><BR>Abstenção:<I>CH</I>, <I> IL</I>",,,
315628,13,Votação na generalidade,2025-09-26,Rejeitado,"A Favor: <I>L</I>, <I> PCP</I>, <I> BE</I>, <I> PAN</I><BR>Contra:<I>PSD</I>, <I> CH</I>, <I> IL</I>, <I> CDS-PP</I><BR>Abstenção:<I>PS</I>, <I> JPP</I>",,,
315557,13,Votação na generalidade,2025-09-26,Rejeitado,"A Favor: <I>PS</I>, <I> IL</I>, <I> L</I>, <I> PCP</I>, <I> BE</I>, <I> PAN</I>, <I> JPP</I><BR>Contra:<I>PSD</I>, <I> CDS-PP</I><BR>Abstenção:<I>CH</I>",,,
315561,13,Votação na generalidade,2025-09-26,Rejeitado,"A Favor: <I>CH</I>, <I> BE</I>, <I> PAN</I>, <I> JPP</I><BR>Contra:<I>PSD</I>, <I> IL</I>, <I> CDS-PP</I><BR>Abstenção:<I>PS</I>, <I> L</I>, <I> PCP</I>",,,
315565,13,Votação na generalidade,2025-09-26,Rejeitado,"A Favor: <I>L</I>, <I> BE</I>, <I> PAN</I>, <I> JPP</I><BR>Contra:<I>CH</I><BR>Abstenção:<I>PSD</I>, <I> PS</I>, <I> IL</I>, <I> PCP</I>, <I> CDS-PP</I>",,,
315743,13,Votação na generalidade,2026-06-12,Aprovado,"A Favor: <I>CH</I>, <I> PS</I>, <I> L</I>, <I> PCP</I>, <I> BE</I>, <I> PAN</I>, <I> JPP</I><BR>Contra:<I>PSD</I><BR>Abstenção:<I>IL</I>, <I> CDS-PP</I>",,,
315694,13,Votação na generalidade,2025-10-28,Rejeitado,"A Favor: <I>L</I>, <I> PCP</I>, <I> BE</I>, <I> PAN</I>, <I> JPP</I><BR>Contra:<I>PSD</I>, <I> IL</I>, <I> CDS-PP</I><BR>Abstenção:<I>CH</I>, <I> PS</I>",,,
356114,13,Votação na generalidade,2026-07-17,Aprovado,"A Favor: <I>PSD</I>, <I> CH</I>, <I> PS</I>, <I> IL</I>, <I> L</I>, <I> CDS-PP</I>, <I> BE</I>, <I> PAN</I>, <I> JPP</I><BR>Contra:<I>PCP</I><BR>Abstenção:<I>1-PSD</I>",,,
356114,34,Votação na especialidade,2026-07-17,Aprovado,"A Favor: <I>PSD</I>, <I> CH</I>, <I> PS</I>, <I> IL</I>, <I> L</I>, <I> CDS-PP</I>, <I> BE</I>, <I> PAN</I>, <I> JPP</I><BR>Contra:<I>PCP</I><BR>Abstenção:<I>1-PSD</I>",,,
356114,18,Votação final global,2026-07-17,Aprovado,"A Favor: <I>PSD</I>, <I> CH</I>, <I> PS</I>, <I> IL</I>, <I> L</I>, <I> CDS-PP</I>, <I> BE</I>, <I> PAN</I>, <I> JPP</I><BR>Contra:<I>PCP</I><BR>Abstenção:<I>1-PSD</I>",,,
356200,13,Votação na generalidade,2026-05-14,Rejeitado,"A Favor: <I>CH</I>, <I> 3-PS</I>, <I> BE</I>, <I> PAN</I>, <I> JPP</I>, <I> Francisco César (PS)</I>, <I> Emanuel Câmara (PS)</I>, <I> Carlos Pereira (PS)</I><BR>Contra:<I>PSD</I>, <I> CDS-PP</I><BR>Abstenção:<I>PS</I>, <I> IL</I>, <I> L</I>, <I> PCP</I>",,,
315688,13,Votação na generalidade,2025-10-16,Rejeitado,"A Favor: <I>IL</I>, <I> L</I>, <I> BE</I>, <I> PAN</I>, <I> JPP</I><BR>Contra:<I>PSD</I><BR>Abstenção:<I>CH</I>, <I> PS</I>, <I> PCP</I>, <I> CDS-PP</I>",,,
315619,13,Votação na generalidade,2025-09-26,Rejeitado,"A Favor: <I>L</I>, <I> PCP</I>, <I> PAN</I><BR>Contra:<I>PSD</I>, <I> CH</I>, <I> IL</I>, <I> CDS-PP</I><BR>Abstenção:<I>PS</I>, <I> BE</I>, <I> JPP</I>",,,
315706,13,Votação na generalidade,2025-10-28,Rejeitado,"A Favor: <I>L</I>, <I> PCP</I>, <I> BE</I>, <I> PAN</I>, <I> JPP</I><BR>Contra:<I>PSD</I>, <I> IL</I>, <I> CDS-PP</I><BR>Abstenção:<I>CH</I>, <I> PS</I>",,,
356128,13,Votação na generalidade,2026-03-13,Rejeitado,"A Favor: <I>CH</I>, <I> CDS-PP</I><BR>Contra:<I>PSD</I>, <I> PS</I>, <I> IL</I>, <I> L</I>, <I> PCP</I>, <I> BE</I>, <I> PAN</I>, <I> JPP</I>",,,
315700,13,Votação na generalidade,2025-12-05,Rejeitado,"A Favor: <I>PS</I>, <I> PAN</I>, <I> JPP</I><BR>Contra:<I>PSD</I>, <I> CH</I>, <I> IL</I>, <I> CDS-PP</I><BR>Abstenção:<I>L</I>, <I> PCP</I>, <I> BE</I>",,,
315712,13,Votação na generalidade,2025-10-17,Rejeitado,"A Favor: <I>CH</I>, <I> PAN</I>, <I> JPP</I><BR>Contra:<I>PSD</I>, <I> PS</I>, <I> IL</I>, <I> BE</I><BR>Abstenção:<I>L</I>, <I> PCP</I>, <I> CDS-PP</I>",,,
315677,13,Votação na generalidade,2025-12-05,Rejeitado,"A Favor: <I>PCP</I>, <I> BE</I><BR>Contra:<I>PSD</I>, <I> CH</I>, <I> PS</I>, <I> IL</I>, <I> CDS-PP</I><BR>Abstenção:<I>L</I>, <I> PAN</I>, <I> JPP</I>",,,
315714,13,Votação na generalidade,2025-10-16,Rejeitado,"A Favor: <I>PS</I>, <I> IL</I>, <I> L</I>, <I> BE</I>, <I> PAN</I>, <I> JPP</I><BR>Contra:<I>PSD</I>, <I> CDS-PP</I><BR>Abstenção:<I>CH</I>, <I> PCP</I>",,,
315678,13,Votação na generalidade,2025-10-16,Rejeitado,"A Favor: <I>PS</I>, <I> L</I>, <I> BE</I>, <I> PAN</I>, <I> JPP</I><BR>Contra:<I>PSD</I>, <I> CH</I>, <I> IL</I>, <I> PCP</I>, <I> CDS-PP</I>",,,
315690,13,Votação na generalidade,2025-10-17,Rejeitado,"A Favor: <I>CH</I>, <I> L</I>, <I> PAN</I>, <I> JPP</I><BR>Contra:<I>PSD</I>, <I> IL</I>, <I> CDS-PP</I>, <I> BE</I><BR>Abstenção:<I>PS</I>, <I> PCP</I>",,,
315703,13,Votação na generalidade,2025-10-16,Rejeitado,"A Favor: <I>CH</I>, <I> L</I>, <I> PCP</I>, <I> BE</I>, <I> PAN</I>, <I> JPP</I><BR>Contra:<I>PSD</I>, <I> IL</I>, <I> CDS-PP</I><BR>Abstenção:<I>PS</I>",,,
315746,13,Votação na generalidade,2026-02-27,Rejeitado,"A Favor: <I>CH</I>, <I> L</I>, <I> PCP</I>, <I> BE</I>, <I> PAN</I>, <I> JPP</I><BR>Contra:<I>PSD</I>, <I> IL</I>, <I> CDS-PP</I><BR>Abstenção:<I>PS</I>",,,
315750,13,Votação na generalidade,2025-12-18,Rejeitado,"A Favor: <I>CH</I>, <I> L</I>, <I> PCP</I>, <I> BE</I>, <I> PAN</I>, <I> JPP</I><BR>Contra:<I>PSD</I>, <I> IL</I>, <I> CDS-PP</I><BR>Abstenção:<I>PS</I>",,,
356468,122,Requerimento Baixa Comissão sem Votação (Generalidade),2026-04-17,Aprovado,,,,
315808,13,Votação na generalidade,2025-12-11,Rejeitado,"A Favor: <I>CH</I>, <I> IL</I>, <I> PAN</I>, <I> JPP</I><BR>Contra:<I>PSD</I>, <I> L</I>, <I> PCP</I>, <I> CDS-PP</I>, <I> BE</I><BR>Abstenção:<I>PS</I>",,,
315817,13,Votação na generalidade,2025-12-18,Rejeitado,"A Favor: <I>PS</I>, <I> L</I>, <I> PCP</I>, <I> BE</I>, <I> PAN</I>, <I> JPP</I><BR>Contra:<I>PSD</I>, <I> CDS-PP</I><BR>Abstenção:<I>CH</I>, <I> IL</I>",,,
315809,13,Votação na generalidade,2025-12-11,Rejeitado,"A Favor: <I>IL</I><BR>Contra:<I>PSD</I>, <I> PS</I>, <I> L</I>, <I> PCP</I>, <I> CDS-PP</I>, <I> BE</I>, <I> PAN</I>, <I> JPP</I><BR>Abstenção:<I>CH</I>",,,
315818,13,Votação na generalidade,2025-12-18,Rejeitado,"A Favor: <I>PS</I>, <I> IL</I>, <I> L</I>, <I> PCP</I>, <I> BE</I>, <I> PAN</I>, <I> JPP</I><BR>Contra:<I>PSD</I>, <I> CDS-PP</I><BR>Abstenção:<I>CH</I>",,,
346059,122,Requerimento Baixa Comissão sem Votação (Generalidade),2026-03-20,Aprovado,,,,
346059,13,Votação na generalidade,2026-05-29,Rejeitado,"A Favor: <I>PS</I>, <I> L</I>, <I> PCP</I>, <I> BE</I>, <I> PAN</I><BR>Contra:<I>PSD</I>, <I> CH</I>, <I> IL</I>, <I> CDS-PP</I><BR>Abstenção:<I>JPP</I>",,,
315811,13,Votação na generalidade,2025-12-11,Rejeitado,"A Favor: <I>CH</I>, <I> IL</I><BR>Contra:<I>PSD</I>, <I> PS</I>, <I> L</I>, <I> PCP</I>, <I> BE</I><BR>Abstenção:<I>CDS-PP</I>, <I> PAN</I>, <I> JPP</I>",,,
315845,13,Votação na generalidade,2025-12-19,Rejeitado,"A Favor: <I>CH</I>, <I> L</I>, <I> PCP</I>, <I> BE</I>, <I> PAN</I>, <I> JPP</I><BR>Contra:<I>PSD</I>, <I> IL</I>, <I> CDS-PP</I><BR>Abstenção:<I>PS</I>",,,
315921,13,Votação na generalidade,2026-01-09,Rejeitado,"A Favor: <I>L</I>, <I> PCP</I>, <I> BE</I>, <I> PAN</I>, <I> JPP</I><BR>Contra:<I>PSD</I>, <I> CH</I>, <I> IL</I>, <I> CDS-PP</I><BR>Abstenção:<I>PS</I>",,,
315916,13,Votação na generalidade,2026-01-09,Rejeitado,"A Favor: <I>PS</I>, <I> L</I>, <I> BE</I>, <I> PAN</I>, <I> JPP</I><BR>Contra:<I>PSD</I>, <I> CH</I>, <I> IL</I>, <I> PCP</I>, <I> CDS-PP</I>",,,
315922,13,Votação na generalidade,2026-01-09,Rejeitado,"A Favor: <I>L</I>, <I> BE</I>, <I> PAN</I>, <I> JPP</I><BR>Contra:<I>PSD</I>, <I> CH</I>, <I> PS</I>, <I> IL</I>, <I> CDS-PP</I><BR>Abstenção:<I>PCP</I>",,,
345975,13,Votação na generalidade,2026-04-10,Rejeitado,"A Favor: <I>PS</I>, <I> IL</I>, <I> L</I>, <I> PCP</I>, <I> BE</I>, <I> PAN</I>, <I> JPP</I><BR>Contra:<I>PSD</I>, <I> CDS-PP</I><BR>Abstenção:<I>CH</I>",,,
356292,122,Requerimento Baixa Comissão sem Votação (Generalidade),2026-03-20,Aprovado,,,,
356292,13,Votação na generalidade,2026-06-03,Rejeitado,"A Favor: <I>PS</I>, <I> L</I>, <I> BE</I>, <I> PAN</I>, <I> JPP</I><BR>Contra:<I>PSD</I>, <I> CDS-PP</I><BR>Abstenção:<I>CH</I>, <I> IL</I>, <I> PCP</I>",,,
356891,13,Votação na generalidade,2026-06-12,Aprovado,"A Favor: <I>CH</I>, <I> PS</I>, <I> L</I>, <I> PCP</I>, <I> BE</I>, <I> PAN</I>, <I> JPP</I><BR>Contra:<I>PSD</I>, <I> CDS-PP</I><BR>Abstenção:<I>IL</I>",,,
356891,18,Votação final global,2026-07-03,Aprovado,,,,
356891,81,Requerimento dispensa redação final,2026-07-03,Aprovado,,,,
356134,13,Votação na generalidade,2026-02-20,Aprovado,"A Favor: <I>PS</I>, <I> L</I>, <I> PCP</I>, <I> BE</I>, <I> PAN</I>, <I> JPP</I><BR>Contra:<I>IL</I><BR>Abstenção:<I>PSD</I>, <I> CH</I>, <I> CDS-PP</I>",,,
356135,13,Votação na generalidade,2026-02-20,Aprovado,"A Favor: <I>CH</I>, <I> L</I>, <I> BE</I>, <I> PAN</I>, <I> JPP</I><BR>Abstenção:<I>PSD</I>, <I> PS</I>, <I> IL</I>, <I> PCP</I>, <I> CDS-PP</I>",,,
356163,122,Requerimento Baixa Comissão sem Votação (Generalidade),2026-02-20,Aprovado,,,,
345999,13,Votação na generalidade,2026-01-30,Rejeitado,"A Favor: <I>CH</I>, <I> IL</I>, <I> PAN</I><BR>Contra:<I>PSD</I>, <I> PCP</I>, <I> CDS-PP</I>, <I> BE</I><BR>Abstenção:<I>PS</I>, <I> L</I>, <I> JPP</I>",,,
345995,13,Votação na generalidade,2026-01-30,Rejeitado,"A Favor: <I>L</I>, <I> PCP</I>, <I> BE</I>, <I> PAN</I><BR>Contra:<I>PSD</I>, <I> CH</I>, <I> PS</I>, <I> IL</I>, <I> CDS-PP</I><BR>Abstenção:<I>JPP</I>",,,
356082,13,Votação na generalidade,2026-03-13,Rejeitado,"A Favor: <I>CH</I>, <I> L</I>, <I> PCP</I>, <I> BE</I>, <I> PAN</I>, <I> JPP</I><BR>Contra:<I>PSD</I>, <I> IL</I>, <I> CDS-PP</I><BR>Abstenção:<I>PS</I>",,,
356184,18,Votação final global,2026-03-06,Aprovado,"A Favor: <I>CH</I>, <I> PS</I>, <I> L</I>, <I> PCP</I>, <I> BE</I>, <I> PAN</I>, <I> JPP</I><BR>Contra:<I>PSD</I>, <I> IL</I>, <I> CDS-PP</I>",,,
356184,152,Requerimento,2026-03-06,Rejeitado,"A Favor: <I>CH</I>, <I> PS</I>, <I> L</I>, <I> PCP</I>, <I> BE</I>, <I> PAN</I>, <I> JPP</I><BR>Contra:<I>PSD</I>, <I> IL</I>, <I> CDS-PP</I>",,,
356131,13,Votação na generalidade,2026-02-27,Rejeitado,"A Favor: <I>CH</I>, <I> BE</I>, <I> PAN</I>, <I> JPP</I><BR>Contra:<I>PSD</I>, <I> IL</I>, <I> CDS-PP</I><BR>Abstenção:<I>PS</I>, <I> L</I>, <I> PCP</I>",,,
356201,13,Votação na generalidade,2026-02-25,Rejeitado,"A Favor: <I>CH</I>, <I> IL</I>, <I> BE</I>, <I> PAN</I>, <I> JPP</I><BR>Contra:<I>PSD</I>, <I> PS</I>, <I> CDS-PP</I><BR>Abstenção:<I>L</I>, <I> PCP</I>",,,
356252,13,Votação na generalidade,2026-03-13,Rejeitado,"A Favor: <I>L</I>, <I> PCP</I>, <I> BE</I>, <I> PAN</I>, <I> JPP</I><BR>Contra:<I>PSD</I>, <I> CH</I>, <I> PS</I>, <I> IL</I>, <I> CDS-PP</I>",,,
356453,13,Votação na generalidade,2026-04-10,Rejeitado,"A Favor: <I>CH</I>, <I> BE</I>, <I> PAN</I>, <I> JPP</I><BR>Contra:<I>PSD</I>, <I> CDS-PP</I><BR>Abstenção:<I>PS</I>, <I> IL</I>, <I> L</I>, <I> PCP</I>",,,
356454,13,Votação na generalidade,2026-04-10,Rejeitado,"A Favor: <I>CH</I>, <I> BE</I>, <I> PAN</I>, <I> JPP</I><BR>Contra:<I>PSD</I>, <I> CDS-PP</I><BR>Abstenção:<I>PS</I>, <I> IL</I>, <I> L</I>, <I> PCP</I>",,,
356469,13,Votação na generalidade,2026-04-17,Rejeitado,"A Favor: <I>PS</I>, <I> L</I>, <I> BE</I>, <I> PAN</I>, <I> JPP</I><BR>Contra:<I>PSD</I>, <I> IL</I>, <I> CDS-PP</I><BR>Abstenção:<I>CH</I>, <I> PCP</I>",,,
356464,13,Votação na generalidade,2026-04-10,Rejeitado,"A Favor: <I>PS</I>, <I> IL</I>, <I> L</I>, <I> PCP</I>, <I> BE</I>, <I> PAN</I>, <I> JPP</I><BR>Contra:<I>PSD</I>, <I> CH</I><BR>Abstenção:<I>CDS-PP</I>",,,
356475,13,Votação na generalidade,2026-04-17,Rejeitado,"A Favor: <I>L</I>, <I> BE</I>, <I> PAN</I>, <I> JPP</I><BR>Contra:<I>PSD</I>, <I> CDS-PP</I><BR>Abstenção:<I>CH</I>, <I> PS</I>, <I> IL</I>, <I> PCP</I>",,,
356565,13,Votação na generalidade,2026-06-24,Rejeitado,"A Favor: <I>L</I>, <I> PCP</I>, <I> BE</I>, <I> PAN</I>, <I> JPP</I><BR>Contra:<I>PSD</I>, <I> CH</I>, <I> CDS-PP</I><BR>Abstenção:<I>PS</I>, <I> IL</I>",,,
356586,13,Votação na generalidade,2026-05-08,Rejeitado,"A Favor: <I>CH</I>, <I> PAN</I>, <I> JPP</I><BR>Contra:<I>PSD</I>, <I> PCP</I>, <I> CDS-PP</I><BR>Abstenção:<I>PS</I>, <I> IL</I>, <I> L</I>, <I> BE</I>",,,
356695,122,Requerimento Baixa Comissão sem Votação (Generalidade),2026-05-22,Aprovado,,,,
356590,13,Votação na generalidade,2026-04-30,Rejeitado,"A Favor: <I>L</I>, <I> PCP</I>, <I> BE</I>, <I> PAN</I>, <I> JPP</I><BR>Contra:<I>PSD</I>, <I> PS</I>, <I> IL</I>, <I> CDS-PP</I><BR>Abstenção:<I>CH</I>",,,
356479,13,Votação na generalidade,2026-04-17,Rejeitado,"A Favor: <I>L</I>, <I> PCP</I>, <I> BE</I>, <I> PAN</I>, <I> JPP</I><BR>Contra:<I>PSD</I>, <I> CH</I>, <I> CDS-PP</I><BR>Abstenção:<I>PS</I>, <I> IL</I>",,,
356483,13,Votação na generalidade,2026-04-10,Rejeitado,"A Favor: <I>CH</I>, <I> L</I>, <I> BE</I>, <I> PAN</I>, <I> JPP</I><BR>Contra:<I>PSD</I>, <I> IL</I>, <I> CDS-PP</I><BR>Abstenção:<I>PS</I>, <I> PCP</I>",,,
356494,13,Votação na generalidade,2026-04-10,Rejeitado,"A Favor: <I>PS</I>, <I> IL</I>, <I> L</I>, <I> PCP</I>, <I> BE</I>, <I> PAN</I>, <I> JPP</I><BR>Contra:<I>PSD</I>, <I> CDS-PP</I><BR>Abstenção:<I>CH</I>",,,
356700,13,Votação na generalidade,2026-05-14,Rejeitado,"A Favor: <I>CH</I>, <I> BE</I>, <I> PAN</I>, <I> JPP</I><BR>Contra:<I>PSD</I>, <I> CDS-PP</I><BR>Abstenção:<I>PS</I>, <I> IL</I>, <I> L</I>, <I> PCP</I>",,,
356958,13,Votação na generalidade,2026-07-02,Aprovado,"A Favor: <I>CH</I>, <I> PS</I>, <I> L</I>, <I> BE</I>, <I> PAN</I>, <I> JPP</I><BR>Contra:<I>PSD</I>, <I> IL</I>, <I> CDS-PP</I><BR>Abstenção:<I>PCP</I>",,,
356591,13,Votação na generalidade,2026-05-08,Rejeitado,"A Favor: <I>L</I>, <I> PCP</I>, <I> BE</I>, <I> PAN</I>, <I> JPP</I><BR>Contra:<I>PSD</I>, <I> IL</I>, <I> CDS-PP</I><BR>Abstenção:<I>CH</I>, <I> PS</I>",,,
356696,13,Votação na generalidade,2026-05-22,Rejeitado,"A Favor: <I>PS</I>, <I> L</I>, <I> PCP</I>, <I> BE</I>, <I> PAN</I>, <I> JPP</I><BR>Contra:<I>PSD</I>, <I> IL</I>, <I> CDS-PP</I><BR>Abstenção:<I>CH</I>",,,
356808,122,Requerimento Baixa Comissão sem Votação (Generalidade),2026-06-12,Aprovado,"A Favor: <I>PSD</I>, <I> CH</I>, <I> PS</I>, <I> IL</I>, <I> CDS-PP</I>, <I> PAN</I>, <I> JPP</I><BR>Abstenção:<I>L</I>, <I> PCP</I>, <I> BE</I>",,,
356814,13,Votação na generalidade,2026-06-12,Rejeitado,"A Favor: <I>PS</I>, <I> L</I>, <I> PCP</I>, <I> BE</I>, <I> PAN</I>, <I> JPP</I><BR>Contra:<I>PSD</I>, <I> CH</I>, <I> IL</I>, <I> CDS-PP</I>",,,
356929,13,Votação na generalidade,2026-06-25,Aprovado,"A Favor: <I>PSD</I>, <I> CH</I>, <I> PS</I>, <I> IL</I>, <I> CDS-PP</I>, <I> PAN</I>, <I> JPP</I><BR>Contra:<I>PCP</I>, <I> BE</I><BR>Abstenção:<I>L</I>",,,
356947,13,Votação na generalidade,2026-06-25,Aprovado,"A Favor: <I>CH</I>, <I> PS</I>, <I> IL</I>, <I> L</I>, <I> PCP</I>, <I> BE</I>, <I> PAN</I>, <I> JPP</I><BR>Contra:<I>PSD</I>, <I> CDS-PP</I>",,,
356965,122,Requerimento Baixa Comissão sem Votação (Generalidade),2026-07-03,Aprovado,,,,
356660,13,Votação na generalidade,2026-06-12,Rejeitado,"A Favor: <I>CH</I>, <I> IL</I>, <I> PAN</I><BR>Contra:<I>PSD</I>, <I> PS</I>, <I> L</I>, <I> PCP</I>, <I> BE</I><BR>Abstenção:<I>CDS-PP</I>, <I> JPP</I>",,,
356805,13,Votação na generalidade,2026-06-12,Rejeitado,"A Favor: <I>L</I>, <I> PCP</I>, <I> BE</I>, <I> PAN</I>, <I> JPP</I><BR>Contra:<I>PSD</I>, <I> IL</I>, <I> CDS-PP</I><BR>Abstenção:<I>CH</I>, <I> PS</I>",,,
356964,13,Votação na generalidade,2026-07-03,Rejeitado,"A Favor: <I>CH</I><BR>Contra:<I>PSD</I>, <I> PS</I>, <I> IL</I>, <I> L</I>, <I> PCP</I>, <I> CDS-PP</I>, <I> BE</I><BR>Abstenção:<I>PAN</I>, <I> JPP</I>",,,
356720,13,Votação na generalidade,2026-05-14,Rejeitado,"A Favor: <I>CH</I>, <I> JPP</I><BR>Contra:<I>PS</I>, <I> L</I>, <I> PCP</I>, <I> BE</I><BR>Abstenção:<I>PSD</I>, <I> IL</I>, <I> CDS-PP</I>, <I> PAN</I>",,,
356752,13,Votação na generalidade,2026-06-19,Rejeitado,"A Favor: <I>CH</I>, <I> L</I>, <I> PCP</I>, <I> BE</I>, <I> PAN</I>, <I> JPP</I><BR>Contra:<I>PSD</I>, <I> CDS-PP</I><BR>Abstenção:<I>PS</I>, <I> IL</I>",,,
356813,13,Votação na generalidade,2026-06-12,Rejeitado,"A Favor: <I>L</I>, <I> PCP</I>, <I> BE</I>, <I> PAN</I>, <I> JPP</I><BR>Contra:<I>PSD</I>, <I> CDS-PP</I><BR>Abstenção:<I>CH</I>, <I> PS</I>, <I> IL</I>",,,
356985,13,Votação na generalidade,2026-07-02,Rejeitado,"A Favor: <I>IL</I>, <I> JPP</I><BR>Contra:<I>PSD</I>, <I> PS</I>, <I> L</I>, <I> PCP</I>, <I> CDS-PP</I>, <I> BE</I><BR>Abstenção:<I>CH</I>, <I> PAN</I>",,,
356892,13,Votação na generalidade,2026-06-25,Rejeitado,"A Favor: <I>IL</I>, <I> L</I>, <I> BE</I>, <I> PAN</I>, <I> JPP</I><BR>Contra:<I>PSD</I>, <I> CDS-PP</I><BR>Abstenção:<I>CH</I>, <I> PS</I>, <I> PCP</I>",,,
315596,73,Votação Deliberação,2025-10-16,Aprovado,"A Favor: <I>PSD</I>, <I> CH</I>, <I> PS</I>, <I> L</I>, <I> CDS-PP</I>, <I> BE</I>, <I> PAN</I>, <I> JPP</I><BR>Contra:<I>IL</I><BR>Abstenção:<I>PCP</I>",,,
356913,13,Votação na generalidade,2026-06-19,Rejeitado,"A Favor: <I>PSD</I>, <I> IL</I>, <I> CDS-PP</I><BR>Contra:<I>CH</I>, <I> PS</I>, <I> L</I>, <I> PCP</I>, <I> BE</I>, <I> PAN</I>, <I> JPP</I>",,,
315647,73,Votação Deliberação,2025-09-30,Rejeitado,"A Favor: <I>IL</I>, <I> L</I>, <I> BE</I>, <I> PAN</I>, <I> JPP</I><BR>Contra:<I>PSD</I>, <I> PS</I>, <I> CDS-PP</I><BR>Abstenção:<I>CH</I>, <I> PCP</I>",,,
315737,73,Votação Deliberação,2025-10-17,Aprovado,,,,
356847,73,Votação Deliberação,2026-06-02,Aprovado,"A Favor: <I>PSD</I>, <I> IL</I>, <I> CDS-PP</I><BR>Abstenção:<I>CH</I>, <I> PS</I>, <I> L</I>, <I> PCP</I>, <I> BE</I>, <I> PAN</I>, <I> JPP</I>",,,
356387,73,Votação Deliberação,2026-03-19,Aprovado,"A Favor: <I>PSD</I>, <I> CH</I>, <I> IL</I>, <I> L</I>, <I> CDS-PP</I>, <I> BE</I>, <I> PAN</I>, <I> JPP</I><BR>Contra:<I>PCP</I><BR>Abstenção:<I>PS</I>",,,
315766,73,Votação Deliberação,2025-11-21,Aprovado,"A Favor: <I>PSD</I>, <I> CH</I>, <I> PS</I>, <I> IL</I>, <I> L</I>, <I> CDS-PP</I>, <I> PAN</I>, <I> JPP</I><BR>Contra:<I>PCP</I>, <I> BE</I>",,,
356848,73,Votação Deliberação,2026-06-02,Aprovado,"A Favor: <I>PSD</I>, <I> IL</I>, <I> CDS-PP</I><BR>Contra:<I>PCP</I>, <I> BE</I><BR>Abstenção:<I>CH</I>, <I> PS</I>, <I> L</I>, <I> PAN</I>, <I> JPP</I>",,,
356547,73,Votação Deliberação,2026-04-09,Aprovado,,,,
315259,13,Votação na generalidade,2025-07-11,Aprovado,"A Favor: <I>PSD</I>, <I> CH</I>, <I> PS</I>, <I> IL</I>, <I> L</I>, <I> PCP</I>, <I> CDS-PP</I>, <I> PAN</I>, <I> JPP</I><BR>Abstenção:<I>BE</I>",,,
315259,34,Votação na especialidade,2025-07-11,Aprovado,"A Favor: <I>PSD</I>, <I> CH</I>, <I> PS</I>, <I> IL</I>, <I> L</I>, <I> PCP</I>, <I> CDS-PP</I>, <I> PAN</I>, <I> JPP</I><BR>Abstenção:<I>BE</I>",,,
315259,18,Votação final global,2025-07-11,Aprovado,"A Favor: <I>PSD</I>, <I> CH</I>, <I> PS</I>, <I> IL</I>, <I> L</I>, <I> PCP</I>, <I> CDS-PP</I>, <I> PAN</I>, <I> JPP</I><BR>Abstenção:<I>BE</I>",,,
315259,152,Requerimento,2025-07-11,Aprovado,,,,
356841,122,Requerimento Baixa Comissão sem Votação (Generalidade),2026-06-11,Aprovado,,,,
356841,13,Votação na generalidade,2026-07-17,Aprovado,"A Favor: <I>PSD</I>, <I> PS</I>, <I> IL</I>, <I> L</I>, <I> PCP</I>, <I> CDS-PP</I>, <I> BE</I>, <I> PAN</I>, <I> JPP</I><BR>Abstenção:<I>CH</I>",,,
356841,34,Votação na especialidade,2026-07-17,Aprovado,"A Favor: <I>PSD</I>, <I> PS</I>, <I> IL</I>, <I> L</I>, <I> PCP</I>, <I> CDS-PP</I>, <I> BE</I>, <I> PAN</I>, <I> JPP</I><BR>Abstenção:<I>CH</I>",,,
356841,18,Votação final global,2026-07-17,Aprovado,"A Favor: <I>PSD</I>, <I> PS</I>, <I> IL</I>, <I> L</I>, <I> PCP</I>, <I> CDS-PP</I>, <I> BE</I>, <I> PAN</I>, <I> JPP</I><BR>Abstenção:<I>CH</I>",,,
356841,81,Requerimento dispensa redação final,2026-07-17,Aprovado,,,,
315422,122,Requerimento Baixa Comissão sem Votação (Generalidade),2026-04-17,Aprovado,,,,
315422,13,Votação na generalidade,2026-06-19,Rejeitado,"A Favor: <I>5-PSD</I>, <I> 3-PS</I>, <I> L</I>, <I> PCP</I>, <I> BE</I>, <I> PAN</I>, <I> JPP</I>, <I> Francisco César (PS)</I>, <I> Paulo Moniz (PSD)</I>, <I> Francisco Pimentel (PSD)</I>, <I> Nuna Menezes (PSD)</I>, <I> Emanuel Câmara (PS)</I>, <I> Pedro Coelho (PSD)</I>, <I> Vânia Jesus (PSD)</I>, <I> Carlos Pereira (PS)</I><BR>Contra:<I>PSD</I>, <I> IL</I>, <I> CDS-PP</I><BR>Abstenção:<I>CH</I>, <I> PS</I>",,,
315756,13,Votação na generalidade,2025-12-12,Aprovado,"A Favor: <I>PSD</I>, <I> CH</I>, <I> PS</I>, <I> IL</I>, <I> L</I>, <I> CDS-PP</I>, <I> PAN</I>, <I> JPP</I><BR>Contra:<I>PCP</I>",,,
315756,18,Votação final global,2026-01-30,Aprovado,"A Favor: <I>PSD</I>, <I> CH</I>, <I> PS</I>, <I> IL</I>, <I> L</I>, <I> CDS-PP</I>, <I> PAN</I>, <I> JPP</I><BR>Contra:<I>PCP</I><BR>Abstenção:<I>BE</I>",,,
335944,13,Votação na generalidade,2026-02-13,Aprovado,"A Favor: <I>PSD</I>, <I> CDS-PP</I>, <I> PAN</I><BR>Contra:<I>IL</I><BR>Abstenção:<I>CH</I>, <I> PS</I>, <I> L</I>, <I> PCP</I>, <I> BE</I>, <I> JPP</I>",,,
335944,18,Votação final global,2026-06-12,Aprovado,"A Favor: <I>PSD</I>, <I> CH</I>, <I> CDS-PP</I><BR>Contra:<I>PS</I>, <I> IL</I>, <I> BE</I><BR>Abstenção:<I>L</I>, <I> PCP</I>, <I> PAN</I>, <I> JPP</I>",,,
356119,13,Votação na generalidade,2026-02-20,Aprovado,"A Favor: <I>PSD</I>, <I> CH</I>, <I> PS</I>, <I> IL</I>, <I> L</I>, <I> CDS-PP</I>, <I> PAN</I>, <I> JPP</I><BR>Abstenção:<I>PCP</I>, <I> BE</I>",,,
356119,15,Requerimento avocação plenário,2026-02-25,Aprovado,,,,
356119,18,Votação final global,2026-02-25,Aprovado,"A Favor: <I>PSD</I>, <I> CH</I>, <I> PS</I>, <I> IL</I>, <I> L</I>, <I> CDS-PP</I>, <I> PAN</I>, <I> JPP</I><BR>Abstenção:<I>PCP</I>, <I> BE</I>",,,
356119,81,Requerimento dispensa redação final,2026-02-25,Aprovado,,,,
315506,13,Votação na generalidade,2025-09-19,Aprovado,"A Favor: <I>PSD</I>, <I> CH</I>, <I> IL</I>, <I> CDS-PP</I><BR>Contra:<I>PCP</I><BR>Abstenção:<I>PS</I>, <I> L</I>, <I> PAN</I>, <I> JPP</I>",,,
315506,18,Votação final global,2025-10-17,Aprovado,"A Favor: <I>PSD</I>, <I> CH</I>, <I> IL</I>, <I> CDS-PP</I><BR>Contra:<I>PCP</I>, <I> BE</I><BR>Abstenção:<I>PS</I>, <I> L</I>, <I> PAN</I>, <I> JPP</I>",,,
315506,152,Requerimento,2025-10-17,Aprovado,,,,
315594,13,Votação na generalidade,2025-10-17,Aprovado,"A Favor: <I>PSD</I>, <I> CH</I>, <I> PS</I>, <I> L</I>, <I> CDS-PP</I>, <I> PAN</I>, <I> JPP</I><BR>Contra:<I>BE</I><BR>Abstenção:<I>IL</I>, <I> PCP</I>",,,
315594,18,Votação final global,2025-12-05,Aprovado,"A Favor: <I>PSD</I>, <I> CH</I>, <I> PS</I>, <I> L</I>, <I> CDS-PP</I>, <I> PAN</I>, <I> JPP</I><BR>Abstenção:<I>IL</I>, <I> PCP</I>, <I> BE</I>",,,
315594,135,Requerimento dispensa do prazo previsto Artº 157 RAR,2025-12-05,Aprovado,,,,
315595,13,Votação na generalidade,2025-10-17,Aprovado,"A Favor: <I>PSD</I>, <I> CH</I>, <I> PS</I>, <I> IL</I>, <I> L</I>, <I> CDS-PP</I>, <I> PAN</I>, <I> JPP</I><BR>Contra:<I>PCP</I>, <I> BE</I>",,,
315595,18,Votação final global,2025-12-05,Aprovado,"A Favor: <I>PSD</I>, <I> CH</I>, <I> PS</I>, <I> IL</I>, <I> CDS-PP</I>, <I> PAN</I>, <I> JPP</I><BR>Contra:<I>PCP</I>, <I> BE</I><BR>Abstenção:<I>L</I>",,,
315595,135,Requerimento dispensa do prazo previsto Artº 157 RAR,2025-12-05,Aprovado,,,,
356382,13,Votação na generalidade,2026-04-10,Aprovado,"A Favor: <I>PSD</I>, <I> CH</I>, <I> IL</I>, <I> L</I>, <I> CDS-PP</I>, <I> PAN</I>, <I> JPP</I><BR>Contra:<I>PCP</I><BR>Abstenção:<I>PS</I>, <I> BE</I>",,,
356382,18,Votação final global,2026-04-17,Aprovado,"A Favor: <I>PSD</I>, <I> CH</I>, <I> IL</I>, <I> CDS-PP</I>, <I> PAN</I>, <I> JPP</I><BR>Contra:<I>PS</I>, <I> PCP</I>, <I> BE</I><BR>Abstenção:<I>L</I>",,,
315360,13,Votação na generalidade,2026-04-30,Aprovado,,,,
356515,13,Votação na generalidade,2026-05-08,Aprovado,"A Favor: <I>PSD</I>, <I> CH</I>, <I> IL</I>, <I> L</I>, <I> CDS-PP</I>, <I> PAN</I>, <I> JPP</I><BR>Abstenção:<I>PS</I>, <I> PCP</I>, <I> BE</I>",,,
356515,18,Votação final global,2026-06-25,Aprovado,"A Favor: <I>PSD</I>, <I> CH</I>, <I> PS</I>, <I> IL</I>, <I> L</I>, <I> CDS-PP</I>, <I> BE</I>, <I> PAN</I>, <I> JPP</I><BR>Abstenção:<I>PCP</I>",,,
356639,13,Votação na generalidade,2026-05-22,Aprovado,"A Favor: <I>PSD</I>, <I> IL</I>, <I> CDS-PP</I><BR>Contra:<I>CH</I>, <I> 1-PS</I>, <I> L</I>, <I> PCP</I>, <I> BE</I>, <I> PAN</I>, <I> Pedro Vaz (PS)</I><BR>Abstenção:<I>PS</I>, <I> JPP</I>",,,
315625,13,Votação na generalidade,2025-12-12,Aprovado,"A Favor: <I>PSD</I>, <I> CH</I>, <I> PS</I>, <I> L</I>, <I> CDS-PP</I>, <I> PAN</I>, <I> JPP</I><BR>Abstenção:<I>IL</I>, <I> PCP</I>",,,
315625,34,Votação na especialidade,2025-12-12,Aprovado,"A Favor: <I>PSD</I>, <I> CH</I>, <I> PS</I>, <I> L</I>, <I> CDS-PP</I>, <I> PAN</I>, <I> JPP</I><BR>Abstenção:<I>IL</I>, <I> PCP</I>",,,
315625,18,Votação final global,2025-12-12,Aprovado,"A Favor: <I>PSD</I>, <I> CH</I>, <I> PS</I>, <I> L</I>, <I> CDS-PP</I>, <I> PAN</I>, <I> JPP</I><BR>Abstenção:<I>IL</I>, <I> PCP</I>",,,
356749,13,Votação na generalidade,2026-06-12,Aprovado,,,,
356749,18,Votação final global,2026-07-03,Aprovado,,,,
356749,81,Requerimento dispensa redação final,2026-07-03,Aprovado,,,,
315143,13,Votação na generalidade,2025-06-27,Aprovado,"A Favor: <I>PSD</I>, <I> PS</I>, <I> IL</I>, <I> L</I>, <I> PCP</I>, <I> CDS-PP</I>, <I> BE</I>, <I> JPP</I><BR>Abstenção:<I>CH</I>, <I> PAN</I>",,,
315143,18,Votação final global,2025-12-19,Aprovado,"A Favor: <I>CH</I>, <I> PS</I>, <I> IL</I>, <I> L</I>, <I> PCP</I>, <I> CDS-PP</I>, <I> BE</I>, <I> PAN</I>, <I> JPP</I><BR>Abstenção:<I>PSD</I>",,,
315181,13,Votação na generalidade,2025-07-04,Aprovado,"A Favor: <I>CH</I>, <I> PS</I>, <I> L</I>, <I> PCP</I>, <I> BE</I>, <I> PAN</I>, <I> JPP</I><BR>Abstenção:<I>PSD</I>, <I> IL</I>, <I> CDS-PP</I>",,,
315181,18,Votação final global,2026-02-13,Aprovado,"A Favor: <I>CH</I>, <I> PS</I>, <I> IL</I>, <I> L</I>, <I> PCP</I>, <I> BE</I>, <I> PAN</I>, <I> JPP</I><BR>Abstenção:<I>PSD</I>, <I> CDS-PP</I>",,,
315184,13,Votação na generalidade,2025-07-04,Aprovado,"A Favor: <I>CH</I>, <I> PS</I>, <I> L</I>, <I> PCP</I>, <I> BE</I>, <I> PAN</I>, <I> JPP</I><BR>Abstenção:<I>PSD</I>, <I> IL</I>, <I> CDS-PP</I>",,,
315184,18,Votação final global,2025-09-19,Aprovado,"A Favor: <I>CH</I>, <I> PS</I>, <I> L</I>, <I> PCP</I>, <I> PAN</I>, <I> JPP</I><BR>Abstenção:<I>PSD</I>, <I> IL</I>, <I> CDS-PP</I>",,,
315207,13,Votação na generalidade,2025-07-04,Aprovado,"A Favor: <I>PSD</I>, <I> CH</I>, <I> IL</I>, <I> L</I>, <I> CDS-PP</I>, <I> PAN</I>, <I> JPP</I><BR>Contra:<I>PCP</I><BR>Abstenção:<I>PS</I>, <I> BE</I>",,,
315207,18,Votação final global,2025-09-19,Aprovado,"A Favor: <I>PSD</I>, <I> CH</I>, <I> IL</I>, <I> L</I>, <I> CDS-PP</I>, <I> PAN</I>, <I> JPP</I><BR>Abstenção:<I>PS</I>, <I> PCP</I>",,,
315288,13,Votação na generalidade,2025-07-11,Aprovado,"A Favor: <I>PS</I>, <I> IL</I>, <I> L</I>, <I> BE</I>, <I> PAN</I>, <I> JPP</I><BR>Abstenção:<I>PSD</I>, <I> CH</I>, <I> PCP</I>, <I> CDS-PP</I>",,,
315288,18,Votação final global,2026-03-26,Aprovado,"A Favor: <I>CH</I>, <I> PS</I>, <I> L</I>, <I> BE</I>, <I> PAN</I>, <I> JPP</I><BR>Contra:<I>PSD</I>, <I> CDS-PP</I><BR>Abstenção:<I>IL</I>, <I> PCP</I>",,,
356766,13,Votação na generalidade,2026-06-19,Rejeitado,"A Favor: <I>PSD</I>, <I> IL</I>, <I> CDS-PP</I><BR>Contra:<I>CH</I>, <I> PS</I>, <I> L</I>, <I> PCP</I>, <I> BE</I>, <I> PAN</I>, <I> JPP</I>",,,
315192,13,Votação na generalidade,2025-07-04,Aprovado,"A Favor: <I>CH</I>, <I> PS</I>, <I> BE</I>, <I> PAN</I>, <I> JPP</I><BR>Abstenção:<I>PSD</I>, <I> IL</I>, <I> L</I>, <I> PCP</I>, <I> CDS-PP</I>",,,
315192,18,Votação final global,2026-02-13,Aprovado,"A Favor: <I>CH</I>, <I> PS</I>, <I> IL</I>, <I> L</I>, <I> PCP</I>, <I> BE</I>, <I> PAN</I>, <I> JPP</I><BR>Abstenção:<I>PSD</I>, <I> CDS-PP</I>",,,
315159,73,Votação Deliberação,2026-02-13,Aprovado,"A Favor: <I>CH</I>, <I> IL</I>, <I> L</I>, <I> PCP</I>, <I> BE</I>, <I> PAN</I>, <I> JPP</I><BR>Abstenção:<I>PSD</I>, <I> PS</I>, <I> CDS-PP</I>",,,
315085,13,Votação na generalidade,2026-04-24,Aprovado,"A Favor: <I>PSD</I>, <I> CH</I>, <I> IL</I>, <I> L</I>, <I> CDS-PP</I>, <I> BE</I>, <I> PAN</I>, <I> JPP</I><BR>Abstenção:<I>PS</I>, <I> PCP</I>",,,
315274,9,Baixa comissão distribuição inicial generalidade,2025-09-26,Aprovado,"A Favor: <I>CH</I>, <I> PS</I>, <I> CDS-PP</I>, <I> BE</I>, <I> PAN</I>, <I> JPP</I><BR>Abstenção:<I>PSD</I>, <I> IL</I>, <I> L</I>, <I> PCP</I>",,,
315274,18,Votação final global,2025-10-28,Aprovado,"A Favor: <I>PSD</I>, <I> CH</I>, <I> PS</I>, <I> CDS-PP</I>, <I> BE</I>, <I> PAN</I>, <I> JPP</I><BR>Abstenção:<I>IL</I>, <I> L</I>, <I> PCP</I>",,,
315293,13,Votação na generalidade,2025-07-11,Aprovado,"A Favor: <I>PSD</I>, <I> CH</I>, <I> IL</I>, <I> CDS-PP</I><BR>Contra:<I>PS</I>, <I> PCP</I><BR>Abstenção:<I>L</I>, <I> BE</I>, <I> PAN</I>, <I> JPP</I>",,,
315293,18,Votação final global,2025-10-17,Aprovado,"A Favor: <I>PSD</I>, <I> CH</I>, <I> PS</I>, <I> IL</I>, <I> CDS-PP</I>, <I> JPP</I><BR>Contra:<I>PCP</I><BR>Abstenção:<I>L</I>, <I> BE</I>, <I> PAN</I>",,,
315289,13,Votação na generalidade,2025-07-11,Aprovado,"A Favor: <I>PSD</I>, <I> L</I>, <I> CDS-PP</I>, <I> BE</I>, <I> PAN</I>, <I> JPP</I><BR>Contra:<I>CH</I>, <I> IL</I>, <I> PCP</I><BR>Abstenção:<I>PS</I>",,,
315289,18,Votação final global,2025-12-05,Aprovado,"A Favor: <I>PSD</I>, <I> CH</I>, <I> PS</I>, <I> IL</I>, <I> L</I>, <I> CDS-PP</I>, <I> BE</I>, <I> PAN</I>, <I> JPP</I><BR>Contra:<I>PCP</I>",,,
315115,13,Votação na generalidade,2026-03-13,Aprovado,"A Favor: <I>CH</I>, <I> PS</I>, <I> IL</I><BR>Contra:<I>L</I>, <I> PCP</I>, <I> BE</I><BR>Abstenção:<I>PSD</I>, <I> CDS-PP</I>, <I> PAN</I>, <I> JPP</I>",,,
315151,13,Votação na generalidade,2025-07-11,Rejeitado,"A Favor: <I>CH</I>, <I> IL</I>, <I> BE</I>, <I> JPP</I><BR>Contra:<I>PSD</I>, <I> CDS-PP</I><BR>Abstenção:<I>PS</I>, <I> L</I>, <I> PCP</I>, <I> PAN</I>",,,
315486,13,Votação na generalidade,2025-09-19,Aprovado,"A Favor: <I>CH</I>, <I> IL</I>, <I> L</I>, <I> PCP</I>, <I> PAN</I>, <I> JPP</I><BR>Contra:<I>PS</I><BR>Abstenção:<I>PSD</I>, <I> CDS-PP</I>",,,
315486,18,Votação final global,2025-10-17,Aprovado,,,,
315299,73,Votação Deliberação,2025-07-11,Aprovado,"A Favor: <I>PSD</I>, <I> PS</I>, <I> L</I>, <I> CDS-PP</I>, <I> BE</I>, <I> PAN</I>, <I> JPP</I><BR>Contra:<I>CH</I>, <I> PCP</I><BR>Abstenção:<I>IL</I>",,,
315374,73,Votação Deliberação,2025-09-19,Aprovado,"A Favor: <I>PSD</I>, <I> CH</I>, <I> PS</I>, <I> L</I>, <I> PCP</I>, <I> CDS-PP</I>, <I> PAN</I>, <I> JPP</I><BR>Contra:<I>IL</I>",,,
315167,13,Votação na generalidade,2025-07-04,Rejeitado,"A Favor: <I>CH</I>, <I> IL</I>, <I> PCP</I>, <I> PAN</I>, <I> JPP</I><BR>Contra:<I>PSD</I>, <I> CDS-PP</I><BR>Abstenção:<I>PS</I>, <I> L</I>, <I> BE</I>",,,
315488,13,Votação na generalidade,2025-09-19,Aprovado,"A Favor: <I>CH</I>, <I> PS</I>, <I> L</I>, <I> PCP</I>, <I> PAN</I>, <I> JPP</I><BR>Abstenção:<I>PSD</I>, <I> IL</I>, <I> CDS-PP</I>",,,
315488,18,Votação final global,2025-10-28,Aprovado,"A Favor: <I>CH</I>, <I> PS</I>, <I> L</I>, <I> PCP</I>, <I> BE</I>, <I> PAN</I>, <I> JPP</I><BR>Contra:<I>PSD</I><BR>Abstenção:<I>IL</I>, <I> CDS-PP</I>",,,
315141,13,Votação na generalidade,2025-06-27,Aprovado,,,,
315256,64,Apreciação,2025-07-11,Rejeitado,"A Favor: <I>PS</I>, <I> L</I>, <I> PCP</I>, <I> BE</I>, <I> PAN</I>, <I> JPP</I><BR>Contra:<I>PSD</I>, <I> CH</I>, <I> IL</I>, <I> CDS-PP</I>",,,
315256,73,Votação Deliberação,2025-07-11,Aprovado,"A Favor: <I>PSD</I>, <I> CH</I>, <I> IL</I>, <I> CDS-PP</I><BR>Contra:<I>PS</I>, <I> L</I>, <I> PCP</I>, <I> BE</I><BR>Abstenção:<I>PAN</I>, <I> JPP</I>",,,
315149,73,Votação Deliberação,2025-06-27,Aprovado,,,,
315510,13,Votação na generalidade,2025-09-19,Aprovado,"A Favor: <I>CH</I>, <I> PS</I>, <I> L</I>, <I> PCP</I>, <I> PAN</I>, <I> JPP</I><BR>Contra:<I>PSD</I>, <I> IL</I>, <I> CDS-PP</I>",,,
315510,18,Votação final global,2025-10-17,Aprovado,"A Favor: <I>CH</I>, <I> PS</I>, <I> L</I>, <I> PCP</I>, <I> BE</I>, <I> PAN</I>, <I> JPP</I><BR>Contra:<I>PSD</I>, <I> IL</I>, <I> CDS-PP</I>",,,
315323,73,Votação Deliberação,2025-07-11,Aprovado,"A Favor: <I>PSD</I>, <I> CH</I>, <I> IL</I>, <I> CDS-PP</I><BR>Contra:<I>L</I>, <I> PCP</I>, <I> BE</I>, <I> PAN</I><BR>Abstenção:<I>PS</I>, <I> JPP</I>",,,
315514,13,Votação na generalidade,2026-05-08,Aprovado,"A Favor: <I>PSD</I>, <I> CH</I>, <I> PS</I>, <I> IL</I>, <I> L</I>, <I> PCP</I>, <I> CDS-PP</I>, <I> BE</I>, <I> JPP</I><BR>Contra:<I>PAN</I>",,,
315514,18,Votação final global,2026-06-19,Aprovado,"A Favor: <I>PSD</I>, <I> CH</I>, <I> PS</I>, <I> IL</I>, <I> L</I>, <I> PCP</I>, <I> CDS-PP</I>, <I> BE</I>, <I> JPP</I><BR>Contra:<I>PAN</I>",,,
315539,13,Votação na generalidade,2025-12-19,Aprovado,"A Favor: <I>CH</I>, <I> PS</I>, <I> BE</I>, <I> PAN</I>, <I> JPP</I><BR>Contra:<I>PSD</I>, <I> CDS-PP</I><BR>Abstenção:<I>IL</I>, <I> L</I>, <I> PCP</I>",,,
315429,73,Votação Deliberação,2026-02-13,Rejeitado,"A Favor: <I>CH</I>, <I> L</I>, <I> BE</I>, <I> PAN</I>, <I> JPP</I><BR>Contra:<I>PSD</I>, <I> IL</I>, <I> CDS-PP</I><BR>Abstenção:<I>PS</I>, <I> PCP</I>",,,
315501,13,Votação na generalidade,2025-09-25,Rejeitado,"A Favor: <I>CH</I>, <I> BE</I>, <I> PAN</I>, <I> JPP</I><BR>Contra:<I>PSD</I>, <I> IL</I>, <I> CDS-PP</I><BR>Abstenção:<I>PS</I>, <I> L</I>, <I> PCP</I>",,,
335947,13,Votação na generalidade,2026-05-15,Aprovado,"A Favor: <I>PS</I>, <I> L</I>, <I> PCP</I>, <I> BE</I>, <I> JPP</I><BR>Contra:<I>IL</I>, <I> PAN</I><BR>Abstenção:<I>PSD</I>, <I> CH</I>, <I> CDS-PP</I>",,,
335947,18,Votação final global,2026-06-25,Aprovado,"A Favor: <I>CH</I>, <I> PS</I>, <I> L</I>, <I> PCP</I>, <I> BE</I>, <I> JPP</I><BR>Abstenção:<I>PSD</I>, <I> IL</I>, <I> CDS-PP</I>, <I> PAN</I>",,,
346047,13,Votação na generalidade,2026-02-25,Aprovado,"A Favor: <I>PSD</I>, <I> CH</I>, <I> PS</I>, <I> IL</I>, <I> L</I>, <I> CDS-PP</I>, <I> BE</I>, <I> PAN</I>, <I> JPP</I><BR>Abstenção:<I>PCP</I>",,,
346047,18,Votação final global,2026-03-20,Aprovado,"A Favor: <I>PSD</I>, <I> CH</I>, <I> PS</I>, <I> IL</I>, <I> L</I>, <I> CDS-PP</I>, <I> BE</I>, <I> PAN</I>, <I> JPP</I><BR>Abstenção:<I>PCP</I>",,,
315859,73,Votação Deliberação,2026-01-23,Aprovado,"A Favor: <I>CH</I>, <I> PS</I>, <I> IL</I>, <I> L</I>, <I> PCP</I>, <I> BE</I>, <I> PAN</I><BR>Contra:<I>PSD</I>, <I> CDS-PP</I>",,,
315675,13,Votação na generalidade,2026-01-09,Rejeitado,"A Favor: <I>CH</I>, <I> IL</I>, <I> L</I>, <I> PAN</I>, <I> JPP</I><BR>Contra:<I>PSD</I>, <I> PS</I>, <I> PCP</I>, <I> BE</I><BR>Abstenção:<I>1-PS</I>, <I> CDS-PP</I>",,,
315861,73,Votação Deliberação,2026-01-30,Aprovado,,,,
315555,13,Votação na generalidade,2025-09-26,Rejeitado,"A Favor: <I>PS</I>, <I> L</I>, <I> PCP</I>, <I> BE</I>, <I> PAN</I>, <I> JPP</I><BR>Contra:<I>PSD</I>, <I> CDS-PP</I><BR>Abstenção:<I>CH</I>, <I> IL</I>",,,
345969,13,Votação na generalidade,2026-02-27,Aprovado,,,,
345969,18,Votação final global,2026-03-20,Aprovado,,,,
335963,13,Votação na generalidade,2026-01-30,Aprovado,"A Favor: <I>CH</I>, <I> PS</I>, <I> IL</I>, <I> BE</I>, <I> PAN</I>, <I> JPP</I><BR>Contra:<I>PSD</I>, <I> CDS-PP</I><BR>Abstenção:<I>L</I>, <I> PCP</I>",,,
335963,18,Votação final global,2026-02-27,Aprovado,"A Favor: <I>CH</I>, <I> PS</I>, <I> IL</I>, <I> BE</I>, <I> PAN</I>, <I> JPP</I><BR>Contra:<I>PSD</I><BR>Abstenção:<I>L</I>, <I> PCP</I>, <I> CDS-PP</I>",,,
315570,73,Votação Deliberação,2025-09-19,Rejeitado,"A Favor: <I>PS</I>, <I> L</I>, <I> PAN</I>, <I> JPP</I><BR>Contra:<I>PSD</I>, <I> CH</I>, <I> IL</I>, <I> PCP</I>, <I> CDS-PP</I>",,,
346004,13,Votação na generalidade,2026-01-30,Aprovado,"A Favor: <I>PS</I>, <I> L</I>, <I> PCP</I>, <I> BE</I>, <I> PAN</I>, <I> JPP</I><BR>Abstenção:<I>PSD</I>, <I> CH</I>, <I> IL</I>, <I> CDS-PP</I>",,,
346004,18,Votação final global,2026-02-27,Aprovado,"A Favor: <I>CH</I>, <I> PS</I>, <I> IL</I>, <I> L</I>, <I> PCP</I>, <I> BE</I>, <I> PAN</I>, <I> JPP</I><BR>Abstenção:<I>PSD</I>, <I> CDS-PP</I>",,,
346013,13,Votação na generalidade,2026-01-30,Aprovado,"A Favor: <I>CH</I>, <I> PS</I>, <I> L</I>, <I> BE</I>, <I> PAN</I>, <I> JPP</I><BR>Contra:<I>PSD</I>, <I> IL</I>, <I> PCP</I>, <I> CDS-PP</I>",,,
346013,18,Votação final global,2026-06-12,Aprovado,"A Favor: <I>CH</I>, <I> PS</I>, <I> IL</I>, <I> L</I>, <I> CDS-PP</I>, <I> JPP</I><BR>Abstenção:<I>PSD</I>, <I> PCP</I>, <I> BE</I>, <I> PAN</I>",,,
315668,13,Votação na generalidade,2025-10-28,Rejeitado,"A Favor: <I>CH</I>, <I> IL</I>, <I> JPP</I><BR>Contra:<I>PSD</I>, <I> PS</I>, <I> CDS-PP</I><BR>Abstenção:<I>L</I>, <I> PCP</I>, <I> BE</I>, <I> PAN</I>",,,
356103,122,Requerimento Baixa Comissão sem Votação (Generalidade),2026-02-20,Aprovado,,,,
356103,73,Votação Deliberação,2026-03-20,Aprovado,"A Favor: <I>PSD</I>, <I> CH</I>, <I> PS</I>, <I> L</I>, <I> PCP</I>, <I> CDS-PP</I>, <I> BE</I>, <I> PAN</I>, <I> JPP</I><BR>Abstenção:<I>IL</I>",,,
315667,13,Votação na generalidade,2025-10-16,Rejeitado,"A Favor: <I>CH</I>, <I> BE</I>, <I> PAN</I>, <I> JPP</I><BR>Contra:<I>PSD</I>, <I> CDS-PP</I><BR>Abstenção:<I>PS</I>, <I> IL</I>, <I> L</I>, <I> PCP</I>",,,
315686,13,Votação na generalidade,2025-12-05,Rejeitado,"A Favor: <I>L</I>, <I> PCP</I>, <I> BE</I>, <I> PAN</I><BR>Contra:<I>PSD</I>, <I> CH</I>, <I> PS</I>, <I> IL</I>, <I> CDS-PP</I>, <I> JPP</I>",,,
315698,13,Votação na generalidade,2025-12-05,Rejeitado,"A Favor: <I>PAN</I>, <I> JPP</I><BR>Contra:<I>PSD</I>, <I> IL</I>, <I> PCP</I>, <I> CDS-PP</I>, <I> BE</I><BR>Abstenção:<I>CH</I>, <I> PS</I>, <I> L</I>",,,
335955,73,Votação Deliberação,2026-02-13,Rejeitado,"A Favor: <I>PS</I>, <I> L</I>, <I> PCP</I>, <I> BE</I>, <I> PAN</I>, <I> JPP</I><BR>Contra:<I>PSD</I>, <I> CH</I>, <I> IL</I>, <I> CDS-PP</I>",,,
335955,73,Votação Deliberação,2026-02-13,Rejeitado,"A Favor: <I>PS</I>, <I> L</I>, <I> PCP</I>, <I> BE</I>, <I> PAN</I>, <I> JPP</I><BR>Contra:<I>PSD</I>, <I> CH</I>, <I> CDS-PP</I><BR>Abstenção:<I>IL</I>",,,
335955,73,Votação Deliberação,2026-02-13,Rejeitado,"A Favor: <I>PS</I>, <I> IL</I>, <I> L</I>, <I> PCP</I>, <I> BE</I>, <I> PAN</I>, <I> JPP</I><BR>Contra:<I>PSD</I>, <I> CH</I>, <I> CDS-PP</I>",,,
335955,73,Votação Deliberação,2026-02-13,Aprovado,,,,
315801,13,Votação na generalidade,2025-12-12,Rejeitado,"A Favor: <I>CH</I>, <I> L</I>, <I> PCP</I>, <I> PAN</I>, <I> JPP</I><BR>Contra:<I>PSD</I>, <I> IL</I>, <I> CDS-PP</I><BR>Abstenção:<I>PS</I>",,,
356153,13,Votação na generalidade,2026-02-27,Aprovado,"A Favor: <I>CH</I>, <I> PS</I>, <I> IL</I>, <I> L</I>, <I> PCP</I>, <I> BE</I>, <I> PAN</I>, <I> JPP</I><BR>Contra:<I>PSD</I>, <I> CDS-PP</I>",,,
356153,18,Votação final global,2026-03-20,Aprovado,"A Favor: <I>CH</I>, <I> PS</I>, <I> IL</I>, <I> L</I>, <I> PCP</I>, <I> BE</I>, <I> PAN</I>, <I> JPP</I><BR>Contra:<I>PSD</I>, <I> CDS-PP</I>",,,
335941,73,Votação Deliberação,2026-01-09,Aprovado,,,,
356067,73,Votação Deliberação,2026-02-13,Aprovado,"A Favor: <I>CH</I>, <I> PS</I>, <I> L</I>, <I> PCP</I>, <I> BE</I>, <I> PAN</I>, <I> JPP</I><BR>Abstenção:<I>PSD</I>, <I> IL</I>, <I> CDS-PP</I>",,,
356219,13,Votação na generalidade,2026-02-25,Aprovado,,,,
356219,18,Votação final global,2026-03-20,Aprovado,,,,
315832,13,Votação na generalidade,2025-12-19,Rejeitado,"A Favor: <I>PS</I>, <I> IL</I>, <I> L</I>, <I> BE</I>, <I> PAN</I>, <I> JPP</I><BR>Contra:<I>PSD</I><BR>Abstenção:<I>CH</I>, <I> CDS-PP</I>",,,
315900,13,Votação na generalidade,2026-01-09,Aprovado,"A Favor: <I>CH</I>, <I> PS</I>, <I> IL</I>, <I> L</I>, <I> PCP</I>, <I> BE</I>, <I> PAN</I>, <I> JPP</I><BR>Contra:<I>PSD</I>, <I> CDS-PP</I>",,,
315875,73,Votação Deliberação,2025-12-19,Aprovado,,,,
345966,73,Votação Deliberação,2026-02-13,Aprovado,"A Favor: <I>PS</I>, <I> IL</I>, <I> L</I>, <I> PCP</I>, <I> BE</I>, <I> PAN</I>, <I> JPP</I><BR>Contra:<I>CDS-PP</I><BR>Abstenção:<I>PSD</I>, <I> CH</I>",,,
345966,73,Votação Deliberação,2026-02-13,Aprovado,"A Favor: <I>PS</I>, <I> IL</I>, <I> L</I>, <I> PCP</I>, <I> BE</I>, <I> PAN</I>, <I> JPP</I><BR>Contra:<I>CH</I>, <I> CDS-PP</I><BR>Abstenção:<I>PSD</I>",,,
345966,73,Votação Deliberação,2026-02-13,Aprovado,"A Favor: <I>PS</I>, <I> L</I>, <I> PCP</I>, <I> BE</I>, <I> PAN</I>, <I> JPP</I><BR>Contra:<I>CH</I>, <I> CDS-PP</I><BR>Abstenção:<I>PSD</I>, <I> IL</I>",,,
345966,73,Votação Deliberação,2026-02-13,Aprovado,"A Favor: <I>PS</I>, <I> IL</I>, <I> L</I>, <I> PCP</I>, <I> BE</I>, <I> PAN</I>, <I> JPP</I><BR>Contra:<I>CH</I><BR>Abstenção:<I>PSD</I>, <I> CDS-PP</I>",,,
356167,13,Votação na generalidade,2026-02-20,Aprovado,"A Favor: <I>PSD</I>, <I> PS</I>, <I> IL</I>, <I> L</I>, <I> PCP</I>, <I> CDS-PP</I>, <I> BE</I>, <I> PAN</I>, <I> JPP</I><BR>Abstenção:<I>CH</I>",,,
356167,18,Votação final global,2026-07-17,Aprovado,,,,
356099,73,Votação Deliberação,2026-06-25,Aprovado,,,,
315914,13,Votação na generalidade,2026-01-09,Aprovado,"A Favor: <I>CH</I>, <I> PS</I>, <I> IL</I>, <I> L</I>, <I> PCP</I>, <I> BE</I>, <I> PAN</I>, <I> JPP</I><BR>Abstenção:<I>PSD</I>, <I> CDS-PP</I>",,,
315838,13,Votação na generalidade,2025-12-19,Rejeitado,"A Favor: <I>PS</I>, <I> L</I>, <I> BE</I>, <I> PAN</I>, <I> JPP</I><BR>Contra:<I>PSD</I>, <I> IL</I>, <I> CDS-PP</I><BR>Abstenção:<I>CH</I>, <I> PCP</I>",,,
356091,73,Votação Deliberação,2026-02-27,Aprovado,"A Favor: <I>CH</I>, <I> PS</I>, <I> IL</I>, <I> L</I>, <I> BE</I>, <I> PAN</I>, <I> JPP</I><BR>Contra:<I>PSD</I>, <I> CDS-PP</I><BR>Abstenção:<I>PCP</I>",,,
356182,13,Votação na generalidade,2026-02-20,Aprovado,"A Favor: <I>CH</I>, <I> PS</I>, <I> L</I>, <I> PCP</I>, <I> BE</I>, <I> PAN</I>, <I> JPP</I><BR>Contra:<I>PSD</I>, <I> CDS-PP</I><BR>Abstenção:<I>IL</I>",,,
356182,18,Votação final global,2026-03-26,Aprovado,"A Favor: <I>CH</I>, <I> PS</I>, <I> IL</I>, <I> L</I>, <I> PCP</I>, <I> BE</I>, <I> PAN</I>, <I> JPP</I><BR>Contra:<I>PSD</I>, <I> CDS-PP</I>",,,
356095,73,Votação Deliberação,2026-03-06,Aprovado,"A Favor: <I>CH</I>, <I> PS</I>, <I> L</I>, <I> PCP</I>, <I> BE</I>, <I> PAN</I>, <I> JPP</I><BR>Contra:<I>PSD</I><BR>Abstenção:<I>IL</I>, <I> CDS-PP</I>",,,
315925,13,Votação na generalidade,2026-01-09,Aprovado,"A Favor: <I>CH</I>, <I> PS</I>, <I> IL</I>, <I> L</I>, <I> PCP</I>, <I> BE</I>, <I> PAN</I>, <I> JPP</I><BR>Contra:<I>PSD</I>, <I> CDS-PP</I>",,,
335925,13,Votação na generalidade,2026-01-09,Aprovado,"A Favor: <I>CH</I>, <I> PS</I>, <I> IL</I>, <I> L</I>, <I> PCP</I>, <I> BE</I>, <I> PAN</I>, <I> JPP</I><BR>Contra:<I>PSD</I>, <I> CDS-PP</I>",,,
315847,13,Votação na generalidade,2025-12-19,Rejeitado,"A Favor: <I>CH</I>, <I> L</I>, <I> PCP</I>, <I> BE</I>, <I> PAN</I>, <I> JPP</I><BR>Contra:<I>PSD</I>, <I> IL</I>, <I> CDS-PP</I><BR>Abstenção:<I>PS</I>",,,
356100,73,Votação Deliberação,2026-06-25,Aprovado,,,,
315895,13,Votação na generalidade,2026-01-09,Rejeitado,"A Favor: <I>CH</I>, <I> IL</I>, <I> L</I>, <I> PAN</I>, <I> JPP</I><BR>Contra:<I>PSD</I>, <I> PS</I>, <I> PCP</I>, <I> BE</I><BR>Abstenção:<I>1-PS</I>, <I> CDS-PP</I>",,,
356185,73,Votação Deliberação,2026-03-06,Aprovado,"A Favor: <I>PS</I>, <I> L</I>, <I> PCP</I>, <I> BE</I>, <I> PAN</I>, <I> JPP</I><BR>Contra:<I>CH</I>, <I> CDS-PP</I><BR>Abstenção:<I>PSD</I>, <I> IL</I>",,,
335928,13,Votação na generalidade,2026-01-09,Rejeitado,"A Favor: <I>PS</I>, <I> L</I>, <I> BE</I>, <I> PAN</I>, <I> JPP</I><BR>Contra:<I>PSD</I>, <I> CH</I>, <I> IL</I>, <I> CDS-PP</I><BR>Abstenção:<I>PCP</I>",,,
356062,13,Votação na generalidade,2026-02-27,Rejeitado,"A Favor: <I>CH</I>, <I> BE</I>, <I> JPP</I><BR>Contra:<I>PSD</I>, <I> CDS-PP</I><BR>Abstenção:<I>PS</I>, <I> IL</I>, <I> L</I>, <I> PCP</I>, <I> PAN</I>",,,
356329,13,Votação na generalidade,2026-04-10,Aprovado,"A Favor: <I>CH</I>, <I> PS</I>, <I> IL</I>, <I> BE</I>, <I> PAN</I>, <I> JPP</I><BR>Abstenção:<I>PSD</I>, <I> L</I>, <I> PCP</I>, <I> CDS-PP</I>",,,
356329,18,Votação final global,2026-05-15,Aprovado,"A Favor: <I>CH</I>, <I> PS</I>, <I> IL</I>, <I> BE</I>, <I> PAN</I>, <I> JPP</I><BR>Abstenção:<I>PSD</I>, <I> L</I>, <I> PCP</I>, <I> CDS-PP</I>",,,
356310,13,Votação na generalidade,2026-03-20,Aprovado,"A Favor: <I>PSD</I>, <I> PS</I>, <I> IL</I>, <I> L</I>, <I> CDS-PP</I>, <I> BE</I>, <I> PAN</I>, <I> JPP</I><BR>Contra:<I>PCP</I><BR>Abstenção:<I>CH</I>",,,
356310,18,Votação final global,2026-04-01,Aprovado,"A Favor: <I>PSD</I>, <I> CH</I>, <I> PS</I>, <I> IL</I>, <I> L</I>, <I> CDS-PP</I>, <I> BE</I>, <I> PAN</I>, <I> JPP</I><BR>Contra:<I>PCP</I>",,,
356071,13,Votação na generalidade,2026-02-27,Aprovado,"A Favor: <I>PSD</I>, <I> CH</I>, <I> PS</I>, <I> IL</I>, <I> L</I>, <I> CDS-PP</I>, <I> BE</I>, <I> PAN</I>, <I> JPP</I><BR>Contra:<I>PCP</I>",,,
346010,13,Votação na generalidade,2026-01-30,Rejeitado,"A Favor: <I>PS</I>, <I> IL</I>, <I> L</I>, <I> PCP</I>, <I> BE</I>, <I> PAN</I>, <I> JPP</I><BR>Contra:<I>PSD</I>, <I> CDS-PP</I><BR>Abstenção:<I>CH</I>",,,
345997,13,Votação na generalidade,2026-01-30,Rejeitado,"A Favor: <I>PS</I>, <I> L</I>, <I> PCP</I>, <I> BE</I>, <I> PAN</I>, <I> JPP</I><BR>Contra:<I>PSD</I>, <I> IL</I>, <I> CDS-PP</I><BR>Abstenção:<I>CH</I>",,,
356105,73,Votação Deliberação,2026-02-13,Aprovado,,,,
356122,13,Votação na generalidade,2026-02-27,Aprovado,"A Favor: <I>CH</I>, <I> IL</I>, <I> BE</I>, <I> PAN</I>, <I> JPP</I><BR>Abstenção:<I>PSD</I>, <I> PS</I>, <I> L</I>, <I> PCP</I>, <I> CDS-PP</I>",,,
346005,13,Votação na generalidade,2026-03-13,Rejeitado,"A Favor: <I>PS</I>, <I> L</I>, <I> BE</I>, <I> PAN</I>, <I> JPP</I><BR>Contra:<I>PSD</I>, <I> PCP</I>, <I> CDS-PP</I><BR>Abstenção:<I>CH</I>, <I> IL</I>",,,
356440,13,Votação na generalidade,2026-05-22,Aprovado,"A Favor: <I>CH</I>, <I> PS</I>, <I> IL</I>, <I> BE</I>, <I> PAN</I>, <I> JPP</I><BR>Contra:<I>PSD</I>, <I> CDS-PP</I><BR>Abstenção:<I>L</I>, <I> PCP</I>",,,
356440,18,Votação final global,2026-06-03,Aprovado,"A Favor: <I>CH</I>, <I> PS</I>, <I> BE</I>, <I> PAN</I>, <I> JPP</I><BR>Contra:<I>PSD</I>, <I> CDS-PP</I><BR>Abstenção:<I>IL</I>, <I> L</I>, <I> PCP</I>",,,
356308,73,Votação Deliberação,2026-03-26,Aprovado,"A Favor: <I>CH</I>, <I> PS</I>, <I> L</I>, <I> PCP</I>, <I> BE</I>, <I> PAN</I>, <I> JPP</I><BR>Contra:<I>PSD</I>, <I> CDS-PP</I><BR>Abstenção:<I>IL</I>",,,
356077,73,Votação Deliberação,2026-02-27,Rejeitado,"A Favor: <I>PS</I>, <I> L</I>, <I> PCP</I>, <I> BE</I>, <I> PAN</I>, <I> JPP</I><BR>Contra:<I>PSD</I>, <I> CDS-PP</I><BR>Abstenção:<I>CH</I>, <I> IL</I>",,,
356157,13,Votação na generalidade,2026-02-27,Aprovado,,,,
356124,73,Votação Deliberação,2026-07-03,Rejeitado,"A Favor: <I>L</I>, <I> BE</I>, <I> PAN</I>, <I> JPP</I><BR>Contra:<I>PSD</I>, <I> CDS-PP</I><BR>Abstenção:<I>CH</I>, <I> PS</I>, <I> IL</I>, <I> PCP</I>",,,
356146,73,Votação Deliberação,2026-03-06,Rejeitado,"A Favor: <I>CH</I>, <I> L</I>, <I> PCP</I>, <I> BE</I>, <I> PAN</I>, <I> JPP</I><BR>Contra:<I>PSD</I>, <I> CDS-PP</I><BR>Abstenção:<I>PS</I>, <I> IL</I>",,,
356146,73,Votação Deliberação,2026-03-06,Rejeitado,"A Favor: <I>CH</I>, <I> L</I>, <I> PCP</I>, <I> BE</I>, <I> PAN</I>, <I> JPP</I><BR>Contra:<I>PSD</I>, <I> IL</I>, <I> CDS-PP</I><BR>Abstenção:<I>PS</I>",,,
356165,13,Votação na generalidade,2026-02-27,Aprovado,"A Favor: <I>CH</I>, <I> PS</I>, <I> IL</I>, <I> L</I>, <I> PCP</I>, <I> CDS-PP</I>, <I> BE</I>, <I> PAN</I>, <I> JPP</I><BR>Abstenção:<I>PSD</I>",,,
356142,13,Votação na generalidade,2026-02-27,Rejeitado,"A Favor: <I>CH</I>, <I> L</I>, <I> PCP</I>, <I> BE</I>, <I> PAN</I>, <I> JPP</I><BR>Contra:<I>PSD</I><BR>Abstenção:<I>PS</I>, <I> IL</I>, <I> CDS-PP</I>",,,
356193,13,Votação na generalidade,2026-02-20,Rejeitado,"A Favor: <I>L</I>, <I> PCP</I>, <I> BE</I>, <I> PAN</I>, <I> JPP</I><BR>Contra:<I>PSD</I>, <I> IL</I>, <I> CDS-PP</I><BR>Abstenção:<I>CH</I>, <I> PS</I>",,,
356218,13,Votação na generalidade,2026-02-25,Rejeitado,"A Favor: <I>CH</I>, <I> IL</I>, <I> L</I>, <I> JPP</I><BR>Contra:<I>PSD</I>, <I> PS</I>, <I> PCP</I>, <I> CDS-PP</I>, <I> BE</I><BR>Abstenção:<I>PAN</I>",,,
356307,42,Votação do recurso da decisão do PAR,2026-03-19,Rejeitado,"A Favor: <I>L</I>, <I> PCP</I>, <I> BE</I>, <I> PAN</I>, <I> JPP</I><BR>Contra:<I>PSD</I>, <I> CH</I>, <I> IL</I>, <I> CDS-PP</I><BR>Abstenção:<I>PS</I>",,,
356275,73,Votação Deliberação,2026-07-03,Rejeitado,"A Favor: <I>L</I>, <I> BE</I>, <I> PAN</I>, <I> JPP</I><BR>Contra:<I>PSD</I>, <I> CH</I>, <I> CDS-PP</I><BR>Abstenção:<I>PS</I>, <I> IL</I>, <I> PCP</I>",,,
356224,13,Votação na generalidade,2026-03-13,Rejeitado,"A Favor: <I>CH</I>, <I> PAN</I><BR>Contra:<I>PSD</I>, <I> IL</I>, <I> L</I>, <I> CDS-PP</I><BR>Abstenção:<I>PS</I>, <I> PCP</I>, <I> BE</I>, <I> JPP</I>",,,
315165,13,Votação na generalidade,2025-07-11,Aprovado,"A Favor: <I>PSD</I>, <I> CH</I>, <I> PS</I>, <I> IL</I>, <I> CDS-PP</I>, <I> PAN</I>, <I> JPP</I><BR>Contra:<I>PCP</I>, <I> BE</I><BR>Abstenção:<I>L</I>",,,
315165,18,Votação final global,2025-12-12,Aprovado,"A Favor: <I>PSD</I>, <I> CH</I>, <I> PS</I>, <I> IL</I>, <I> L</I>, <I> CDS-PP</I>, <I> PAN</I>, <I> JPP</I><BR>Contra:<I>PCP</I>",,,
356237,13,Votação na generalidade,2026-03-13,Rejeitado,"A Favor: <I>PS</I>, <I> L</I>, <I> BE</I>, <I> PAN</I>, <I> JPP</I><BR>Contra:<I>PSD</I>, <I> CH</I>, <I> IL</I>, <I> CDS-PP</I><BR>Abstenção:<I>PCP</I>",,,
356350,13,Votação na generalidade,2026-05-08,Rejeitado,"A Favor: <I>L</I>, <I> BE</I>, <I> PAN</I>, <I> JPP</I><BR>Contra:<I>PSD</I>, <I> IL</I>, <I> CDS-PP</I><BR>Abstenção:<I>CH</I>, <I> PS</I>, <I> PCP</I>",,,
356244,13,Votação na generalidade,2026-03-13,Rejeitado,"A Favor: <I>CH</I>, <I> L</I>, <I> PCP</I>, <I> BE</I>, <I> PAN</I>, <I> JPP</I><BR>Contra:<I>PSD</I>, <I> CDS-PP</I><BR>Abstenção:<I>PS</I>, <I> IL</I>",,,
356245,13,Votação na generalidade,2026-03-13,Rejeitado,"A Favor: <I>PS</I>, <I> L</I>, <I> BE</I>, <I> PAN</I>, <I> JPP</I><BR>Contra:<I>PSD</I>, <I> CDS-PP</I><BR>Abstenção:<I>CH</I>, <I> IL</I>, <I> PCP</I>",,,
356276,73,Votação Deliberação,2026-04-10,Rejeitado,"A Favor: <I>PAN</I>, <I> JPP</I><BR>Contra:<I>PSD</I>, <I> PS</I>, <I> PCP</I>, <I> CDS-PP</I>, <I> BE</I><BR>Abstenção:<I>CH</I>, <I> IL</I>, <I> L</I>",,,
356330,73,Votação Deliberação,2026-04-17,Rejeitado,"A Favor: <I>CH</I>, <I> PAN</I>, <I> JPP</I><BR>Contra:<I>PSD</I>, <I> CDS-PP</I><BR>Abstenção:<I>PS</I>, <I> IL</I>, <I> L</I>, <I> PCP</I>, <I> BE</I>",,,
356255,13,Votação na generalidade,2026-03-13,Rejeitado,"A Favor: <I>L</I>, <I> PCP</I>, <I> BE</I>, <I> PAN</I>, <I> JPP</I><BR>Contra:<I>PSD</I>, <I> CH</I>, <I> IL</I>, <I> CDS-PP</I><BR>Abstenção:<I>PS</I>",,,
356594,13,Votação na generalidade,2026-05-08,Aprovado,"A Favor: <I>PSD</I>, <I> CH</I>, <I> IL</I>, <I> CDS-PP</I><BR>Contra:<I>PCP</I>, <I> BE</I><BR>Abstenção:<I>PS</I>, <I> L</I>, <I> PAN</I>, <I> JPP</I>",,,
356594,18,Votação final global,2026-06-12,Aprovado,"A Favor: <I>PSD</I>, <I> PS</I>, <I> IL</I>, <I> L</I>, <I> CDS-PP</I>, <I> PAN</I>, <I> JPP</I><BR>Contra:<I>PCP</I><BR>Abstenção:<I>CH</I>, <I> BE</I>",,,
356560,13,Votação na generalidade,2026-05-08,Aprovado,"A Favor: <I>PSD</I>, <I> CH</I>, <I> PS</I>, <I> IL</I>, <I> L</I>, <I> CDS-PP</I>, <I> BE</I>, <I> PAN</I>, <I> JPP</I><BR>Contra:<I>PCP</I>",,,
356560,18,Votação final global,2026-06-12,Aprovado,"A Favor: <I>PSD</I>, <I> PS</I>, <I> IL</I>, <I> L</I>, <I> CDS-PP</I>, <I> PAN</I>, <I> JPP</I><BR>Contra:<I>PCP</I><BR>Abstenção:<I>CH</I>, <I> BE</I>",,,
356568,13,Votação na generalidade,2026-05-08,Aprovado,"A Favor: <I>CH</I>, <I> IL</I>, <I> CDS-PP</I>, <I> JPP</I><BR>Contra:<I>PS</I>, <I> L</I>, <I> PCP</I>, <I> BE</I>, <I> PAN</I><BR>Abstenção:<I>PSD</I>",,,
356568,18,Votação final global,2026-06-12,Aprovado,"A Favor: <I>PSD</I>, <I> PS</I>, <I> IL</I>, <I> L</I>, <I> CDS-PP</I>, <I> PAN</I>, <I> JPP</I><BR>Contra:<I>PCP</I><BR>Abstenção:<I>CH</I>, <I> BE</I>",,,
356261,73,Votação Deliberação,2026-03-13,Rejeitado,"A Favor: <I>L</I>, <I> PCP</I>, <I> BE</I>, <I> PAN</I>, <I> JPP</I><BR>Contra:<I>PSD</I>, <I> CH</I>, <I> IL</I>, <I> CDS-PP</I><BR>Abstenção:<I>PS</I>",,,
356406,13,Votação na generalidade,2026-04-10,Rejeitado,"A Favor: <I>L</I>, <I> PCP</I>, <I> BE</I>, <I> PAN</I>, <I> JPP</I><BR>Contra:<I>PSD</I>, <I> IL</I>, <I> CDS-PP</I><BR>Abstenção:<I>CH</I>, <I> PS</I>",,,
356581,13,Votação na generalidade,2026-05-08,Aprovado,"A Favor: <I>PS</I>, <I> IL</I>, <I> L</I>, <I> PAN</I>, <I> JPP</I><BR>Contra:<I>CH</I>, <I> PCP</I>, <I> CDS-PP</I><BR>Abstenção:<I>PSD</I>, <I> BE</I>",,,
356581,18,Votação final global,2026-06-12,Aprovado,"A Favor: <I>PSD</I>, <I> PS</I>, <I> IL</I>, <I> L</I>, <I> CDS-PP</I>, <I> PAN</I>, <I> JPP</I><BR>Contra:<I>PCP</I><BR>Abstenção:<I>CH</I>, <I> BE</I>",,,
356316,13,Votação na generalidade,2026-03-20,Rejeitado,"A Favor: <I>PS</I>, <I> IL</I>, <I> L</I>, <I> BE</I>, <I> PAN</I>, <I> JPP</I><BR>Contra:<I>PSD</I>, <I> CH</I>, <I> CDS-PP</I><BR>Abstenção:<I>PCP</I>",,,
356572,73,Votação Deliberação,2026-06-25,Aprovado,"A Favor: <I>CH</I>, <I> PS</I>, <I> IL</I>, <I> BE</I>, <I> PAN</I>, <I> JPP</I><BR>Contra:<I>PSD</I>, <I> CDS-PP</I><BR>Abstenção:<I>L</I>, <I> PCP</I>",,,
356578,13,Votação na generalidade,2026-05-08,Aprovado,"A Favor: <I>CH</I>, <I> PS</I>, <I> L</I>, <I> PCP</I>, <I> BE</I>, <I> PAN</I>, <I> JPP</I><BR>Contra:<I>IL</I>, <I> CDS-PP</I><BR>Abstenção:<I>PSD</I>",,,
356578,18,Votação final global,2026-06-19,Aprovado,"A Favor: <I>CH</I>, <I> PS</I>, <I> L</I>, <I> PCP</I>, <I> BE</I>, <I> PAN</I>, <I> JPP</I><BR>Abstenção:<I>PSD</I>, <I> IL</I>, <I> CDS-PP</I>",,,
356558,13,Votação na generalidade,2026-05-08,Aprovado,"A Favor: <I>PSD</I>, <I> CH</I>, <I> PS</I>, <I> L</I>, <I> CDS-PP</I>, <I> BE</I>, <I> PAN</I>, <I> JPP</I><BR>Abstenção:<I>IL</I>, <I> PCP</I>",,,
356558,18,Votação final global,2026-06-19,Aprovado,"A Favor: <I>PSD</I>, <I> CH</I>, <I> PS</I>, <I> L</I>, <I> CDS-PP</I>, <I> BE</I>, <I> PAN</I>, <I> JPP</I><BR>Abstenção:<I>IL</I>, <I> PCP</I>",,,
356584,13,Votação na generalidade,2026-05-08,Aprovado,"A Favor: <I>PS</I>, <I> IL</I>, <I> L</I>, <I> BE</I>, <I> PAN</I>, <I> JPP</I><BR>Abstenção:<I>PSD</I>, <I> CH</I>, <I> PCP</I>, <I> CDS-PP</I>",,,
356584,18,Votação final global,2026-05-29,Aprovado,"A Favor: <I>PS</I>, <I> IL</I>, <I> L</I>, <I> BE</I>, <I> PAN</I>, <I> JPP</I><BR>Abstenção:<I>PSD</I>, <I> CH</I>, <I> PCP</I>, <I> CDS-PP</I>",,,
356546,73,Votação Deliberação,2026-05-08,Aprovado,"A Favor: <I>CH</I>, <I> PS</I>, <I> IL</I>, <I> CDS-PP</I>, <I> BE</I>, <I> PAN</I>, <I> JPP</I><BR>Abstenção:<I>PSD</I>, <I> L</I>, <I> PCP</I>",,,
356529,73,Votação Deliberação,2026-06-03,Aprovado,"A Favor: <I>PS</I>, <I> L</I>, <I> PCP</I>, <I> BE</I>, <I> JPP</I><BR>Abstenção:<I>PSD</I>, <I> CH</I>, <I> IL</I>, <I> CDS-PP</I>, <I> PAN</I>",,,
356642,73,Votação Deliberação,2026-06-25,Aprovado,"A Favor: <I>CH</I>, <I> PS</I>, <I> IL</I>, <I> BE</I>, <I> PAN</I>, <I> JPP</I><BR>Contra:<I>PSD</I>, <I> CDS-PP</I><BR>Abstenção:<I>L</I>, <I> PCP</I>",,,
356506,73,Votação Deliberação,2026-04-17,Aprovado,"A Favor: <I>L</I>, <I> BE</I>, <I> PAN</I>, <I> JPP</I><BR>Contra:<I>PCP</I><BR>Abstenção:<I>PSD</I>, <I> CH</I>, <I> PS</I>, <I> IL</I>, <I> CDS-PP</I>",,,
356361,73,Votação Deliberação,2026-04-17,Rejeitado,"A Favor: <I>CH</I>, <I> IL</I>, <I> PAN</I><BR>Contra:<I>PSD</I>, <I> PS</I><BR>Abstenção:<I>L</I>, <I> PCP</I>, <I> CDS-PP</I>, <I> BE</I>, <I> JPP</I>",,,
356668,13,Votação na generalidade,2026-05-22,Aprovado,"A Favor: <I>CH</I>, <I> PS</I>, <I> IL</I>, <I> BE</I>, <I> PAN</I>, <I> JPP</I><BR>Contra:<I>PSD</I>, <I> CDS-PP</I><BR>Abstenção:<I>L</I>, <I> PCP</I>",,,
356668,18,Votação final global,2026-07-17,Aprovado,"A Favor: <I>CH</I>, <I> PS</I>, <I> IL</I>, <I> L</I>, <I> PCP</I>, <I> CDS-PP</I>, <I> BE</I>, <I> PAN</I>, <I> JPP</I><BR>Abstenção:<I>PSD</I>",,,
356719,13,Votação na generalidade,2026-05-22,Aprovado,"A Favor: <I>CH</I>, <I> PS</I>, <I> L</I>, <I> PCP</I>, <I> BE</I>, <I> PAN</I>, <I> JPP</I><BR>Abstenção:<I>PSD</I>, <I> IL</I>, <I> CDS-PP</I>",,,
356719,18,Votação final global,2026-06-25,Aprovado,"A Favor: <I>CH</I>, <I> PS</I>, <I> IL</I>, <I> L</I>, <I> PCP</I>, <I> BE</I>, <I> PAN</I>, <I> JPP</I><BR>Abstenção:<I>PSD</I>, <I> CDS-PP</I>",,,
356726,13,Votação na generalidade,2026-05-22,Aprovado,"A Favor: <I>CH</I>, <I> PS</I>, <I> IL</I>, <I> L</I>, <I> PCP</I>, <I> BE</I>, <I> PAN</I>, <I> JPP</I><BR>Abstenção:<I>PSD</I>, <I> CDS-PP</I>",,,
356726,18,Votação final global,2026-06-25,Aprovado,"A Favor: <I>CH</I>, <I> PS</I>, <I> IL</I>, <I> L</I>, <I> PCP</I>, <I> BE</I>, <I> PAN</I>, <I> JPP</I><BR>Abstenção:<I>PSD</I>, <I> CDS-PP</I>",,,
356429,13,Votação na generalidade,2026-05-08,Rejeitado,"A Favor: <I>L</I>, <I> PCP</I>, <I> BE</I><BR>Contra:<I>PSD</I>, <I> CH</I>, <I> IL</I>, <I> CDS-PP</I><BR>Abstenção:<I>PS</I>, <I> PAN</I>, <I> JPP</I>",,,
356735,13,Votação na generalidade,2026-05-14,Aprovado,"A Favor: <I>PSD</I>, <I> PS</I>, <I> IL</I>, <I> L</I>, <I> PCP</I>, <I> CDS-PP</I>, <I> BE</I>, <I> PAN</I>, <I> JPP</I><BR>Abstenção:<I>CH</I>",,,
356735,18,Votação final global,2026-06-25,Aprovado,,,,
356781,13,Votação na generalidade,2026-05-29,Aprovado,"A Favor: <I>PSD</I>, <I> CH</I>, <I> PS</I>, <I> IL</I>, <I> CDS-PP</I>, <I> BE</I>, <I> JPP</I><BR>Abstenção:<I>L</I>, <I> PCP</I>, <I> PAN</I>",,,
356781,18,Votação final global,2026-06-25,Aprovado,,,,
356777,13,Votação na generalidade,2026-05-29,Aprovado,,,,
356777,18,Votação final global,2026-06-25,Aprovado,,,,
356763,13,Votação na generalidade,2026-05-22,Aprovado,,,,
356763,18,Votação final global,2026-07-17,Aprovado,"A Favor: <I>CH</I>, <I> PS</I>, <I> IL</I>, <I> L</I>, <I> PCP</I>, <I> CDS-PP</I>, <I> BE</I>, <I> PAN</I>, <I> JPP</I><BR>Abstenção:<I>PSD</I>",,,
356463,73,Votação Deliberação,2026-04-24,Rejeitado,"A Favor: <I>PS</I>, <I> L</I>, <I> PCP</I>, <I> BE</I>, <I> JPP</I><BR>Contra:<I>PSD</I>, <I> CDS-PP</I><BR>Abstenção:<I>CH</I>, <I> IL</I>, <I> PAN</I>",,,
356443,13,Votação na generalidade,2026-04-24,Rejeitado,"A Favor: <I>CH</I>, <I> BE</I>, <I> PAN</I>, <I> JPP</I><BR>Contra:<I>PSD</I>, <I> IL</I>, <I> CDS-PP</I><BR>Abstenção:<I>PS</I>, <I> L</I>, <I> PCP</I>",,,
356509,13,Votação na generalidade,2026-04-24,Aprovado,"A Favor: <I>CH</I>, <I> PS</I>, <I> IL</I>, <I> BE</I>, <I> PAN</I>, <I> JPP</I><BR>Abstenção:<I>PSD</I>, <I> L</I>, <I> PCP</I>, <I> CDS-PP</I>",,,
356641,13,Votação na generalidade,2026-06-12,Rejeitado,"A Favor: <I>CH</I>, <I> IL</I>, <I> BE</I>, <I> PAN</I>, <I> JPP</I><BR>Contra:<I>PSD</I>, <I> CDS-PP</I><BR>Abstenção:<I>PS</I>, <I> L</I>, <I> PCP</I>",,,
356480,13,Votação na generalidade,2026-04-24,Rejeitado,"A Favor: <I>PS</I>, <I> L</I>, <I> PCP</I>, <I> BE</I>, <I> PAN</I>, <I> JPP</I><BR>Contra:<I>PSD</I>, <I> CDS-PP</I><BR>Abstenção:<I>CH</I>, <I> IL</I>",,,
356487,13,Votação na generalidade,2026-04-10,Rejeitado,"A Favor: <I>L</I>, <I> PCP</I>, <I> BE</I>, <I> PAN</I>, <I> JPP</I><BR>Contra:<I>PSD</I>, <I> CDS-PP</I><BR>Abstenção:<I>CH</I>, <I> PS</I>, <I> IL</I>",,,
356502,13,Votação na generalidade,2026-04-17,Rejeitado,"A Favor: <I>PS</I>, <I> L</I>, <I> BE</I>, <I> PAN</I>, <I> JPP</I><BR>Contra:<I>PSD</I>, <I> CH</I>, <I> IL</I>, <I> CDS-PP</I><BR>Abstenção:<I>PCP</I>",,,
356505,13,Votação na generalidade,2026-04-17,Rejeitado,"A Favor: <I>PS</I>, <I> IL</I>, <I> L</I>, <I> PCP</I>, <I> BE</I>, <I> PAN</I>, <I> JPP</I><BR>Contra:<I>PSD</I>, <I> CDS-PP</I><BR>Abstenção:<I>CH</I>",,,
356500,13,Votação na generalidade,2026-04-17,Rejeitado,"A Favor: <I>PS</I>, <I> IL</I>, <I> L</I>, <I> BE</I>, <I> PAN</I>, <I> JPP</I><BR>Contra:<I>PSD</I>, <I> CDS-PP</I><BR>Abstenção:<I>CH</I>, <I> PCP</I>",,,
356501,73,Votação Deliberação,2026-04-10,Rejeitado,"A Favor: <I>PS</I>, <I> L</I>, <I> PCP</I>, <I> BE</I>, <I> PAN</I>, <I> JPP</I><BR>Contra:<I>PSD</I>, <I> CH</I>, <I> IL</I>, <I> CDS-PP</I>",,,
356542,13,Votação na generalidade,2026-04-24,Rejeitado,"A Favor: <I>PS</I>, <I> L</I>, <I> BE</I>, <I> PAN</I>, <I> JPP</I><BR>Contra:<I>PSD</I>, <I> CH</I>, <I> CDS-PP</I><BR>Abstenção:<I>IL</I>, <I> PCP</I>",,,
356536,13,Votação na generalidade,2026-04-24,Rejeitado,"A Favor: <I>L</I>, <I> PCP</I>, <I> BE</I>, <I> PAN</I>, <I> JPP</I><BR>Contra:<I>PSD</I>, <I> CDS-PP</I><BR>Abstenção:<I>CH</I>, <I> PS</I>, <I> IL</I>",,,
356828,73,Votação Deliberação,2026-07-17,Aprovado,"A Favor: <I>CH</I>, <I> PS</I>, <I> BE</I>, <I> PAN</I>, <I> JPP</I><BR>Contra:<I>PSD</I>, <I> CDS-PP</I><BR>Abstenção:<I>IL</I>, <I> L</I>, <I> PCP</I>",,,
356588,13,Votação na generalidade,2026-05-08,Rejeitado,"A Favor: <I>PS</I>, <I> L</I>, <I> PCP</I>, <I> BE</I>, <I> PAN</I>, <I> JPP</I><BR>Contra:<I>PSD</I>, <I> CDS-PP</I><BR>Abstenção:<I>CH</I>, <I> IL</I>",,,
356675,13,Votação na generalidade,2026-06-12,Rejeitado,"A Favor: <I>L</I>, <I> PCP</I>, <I> BE</I>, <I> PAN</I>, <I> JPP</I><BR>Contra:<I>PSD</I>, <I> IL</I>, <I> CDS-PP</I><BR>Abstenção:<I>CH</I>, <I> PS</I>",,,
356589,13,Votação na generalidade,2026-04-30,Rejeitado,"A Favor: <I>L</I>, <I> PCP</I>, <I> BE</I>, <I> PAN</I>, <I> JPP</I><BR>Contra:<I>PSD</I>, <I> IL</I>, <I> CDS-PP</I><BR>Abstenção:<I>CH</I>, <I> PS</I>",,,
356835,73,Votação Deliberação,2026-06-19,Aprovado,"A Favor: <I>CH</I>, <I> PS</I>, <I> IL</I>, <I> JPP</I><BR>Contra:<I>L</I>, <I> BE</I>, <I> PAN</I><BR>Abstenção:<I>PSD</I>, <I> PCP</I>, <I> CDS-PP</I>",,,
315219,122,Requerimento Baixa Comissão sem Votação (Generalidade),2025-07-04,Aprovado,,,,
315219,13,Votação na generalidade,2026-03-20,Aprovado,"A Favor: <I>PSD</I>, <I> PS</I>, <I> L</I>, <I> CDS-PP</I>, <I> BE</I>, <I> PAN</I>, <I> JPP</I><BR>Contra:<I>PCP</I><BR>Abstenção:<I>CH</I>, <I> IL</I>",,,
315219,34,Votação na especialidade,2026-03-20,Aprovado,"A Favor: <I>PSD</I>, <I> PS</I>, <I> L</I>, <I> PCP</I>, <I> CDS-PP</I>, <I> BE</I>, <I> PAN</I>, <I> JPP</I><BR>Abstenção:<I>CH</I>, <I> IL</I>",,,
315219,18,Votação final global,2026-03-20,Aprovado,"A Favor: <I>PSD</I>, <I> PS</I>, <I> L</I>, <I> CDS-PP</I>, <I> BE</I>, <I> PAN</I>, <I> JPP</I><BR>Contra:<I>PCP</I><BR>Abstenção:<I>CH</I>, <I> IL</I>",,,
356860,73,Votação Deliberação,2026-07-17,Aprovado,"A Favor: <I>CH</I>, <I> PS</I>, <I> L</I>, <I> PCP</I>, <I> BE</I>, <I> PAN</I>, <I> JPP</I><BR>Contra:<I>PSD</I>, <I> CDS-PP</I><BR>Abstenção:<I>IL</I>",,,
315307,122,Requerimento Baixa Comissão sem Votação (Generalidade),2025-07-11,Aprovado,"A Favor: <I>CH</I>, <I> PS</I>, <I> IL</I>, <I> L</I>, <I> PCP</I>, <I> CDS-PP</I>, <I> BE</I>, <I> PAN</I>, <I> JPP</I><BR>Contra:<I>PSD</I>",,,
315307,123,Requerimento de adiamento de Votação (Generalidade),2026-01-30,Aprovado,,,,
315307,152,Requerimento,2026-04-30,Aprovado,,,,
315307,13,Votação na generalidade,2026-07-17,Aprovado,"A Favor: <I>PSD</I>, <I> PS</I>, <I> IL</I>, <I> PCP</I>, <I> CDS-PP</I>, <I> JPP</I><BR>Contra:<I>L</I>, <I> BE</I>, <I> PAN</I><BR>Abstenção:<I>CH</I>",,,
315307,34,Votação na especialidade,2026-07-17,Aprovado,,,,
315307,18,Votação final global,2026-07-17,Aprovado,"A Favor: <I>PSD</I>, <I> PS</I>, <I> IL</I>, <I> PCP</I>, <I> CDS-PP</I>, <I> JPP</I><BR>Contra:<I>L</I>, <I> BE</I>, <I> PAN</I><BR>Abstenção:<I>CH</I>",,,
356677,13,Votação na generalidade,2026-05-22,Aprovado,"A Favor: <I>CH</I>, <I> PS</I>, <I> IL</I>, <I> L</I>, <I> PCP</I>, <I> BE</I>, <I> PAN</I>, <I> JPP</I><BR>Contra:<I>PSD</I>, <I> CDS-PP</I>",,,
356682,13,Votação na generalidade,2026-05-22,Aprovado,"A Favor: <I>IL</I>, <I> L</I>, <I> PCP</I>, <I> BE</I>, <I> PAN</I>, <I> JPP</I><BR>Abstenção:<I>PSD</I>, <I> CH</I>, <I> PS</I>, <I> CDS-PP</I>",,,
356603,13,Votação na generalidade,2026-05-08,Rejeitado,"A Favor: <I>PS</I>, <I> IL</I>, <I> L</I>, <I> PCP</I>, <I> BE</I>, <I> PAN</I>, <I> JPP</I><BR>Contra:<I>PSD</I>, <I> CDS-PP</I><BR>Abstenção:<I>CH</I>",,,
356593,13,Votação na generalidade,2026-05-08,Rejeitado,"A Favor: <I>L</I>, <I> PCP</I>, <I> BE</I>, <I> PAN</I>, <I> JPP</I><BR>Contra:<I>PSD</I>, <I> IL</I>, <I> CDS-PP</I><BR>Abstenção:<I>CH</I>, <I> PS</I>",,,
356688,13,Votação na generalidade,2026-05-22,Aprovado,"A Favor: <I>CH</I>, <I> L</I>, <I> BE</I>, <I> PAN</I>, <I> JPP</I><BR>Abstenção:<I>PSD</I>, <I> PS</I>, <I> IL</I>, <I> PCP</I>, <I> CDS-PP</I>",,,
356701,13,Votação na generalidade,2026-05-22,Aprovado,"A Favor: <I>CH</I>, <I> PS</I>, <I> IL</I>, <I> L</I>, <I> PCP</I>, <I> BE</I>, <I> PAN</I>, <I> JPP</I><BR>Abstenção:<I>PSD</I>, <I> CDS-PP</I>",,,
356706,13,Votação na generalidade,2026-05-22,Aprovado,"A Favor: <I>PS</I>, <I> IL</I>, <I> L</I>, <I> PCP</I>, <I> BE</I>, <I> PAN</I>, <I> JPP</I><BR>Abstenção:<I>PSD</I>, <I> CH</I>, <I> CDS-PP</I>",,,
315166,13,Votação na generalidade,2025-10-17,Aprovado,"A Favor: <I>PSD</I>, <I> CH</I>, <I> IL</I>, <I> CDS-PP</I><BR>Contra:<I>PS</I>, <I> L</I>, <I> PCP</I>, <I> BE</I><BR>Abstenção:<I>PAN</I>, <I> JPP</I>",,,
315166,18,Votação final global,2026-07-17,Aprovado,"A Favor: <I>PSD</I>, <I> CH</I>, <I> IL</I>, <I> CDS-PP</I><BR>Contra:<I>PS</I>, <I> L</I>, <I> PCP</I>, <I> BE</I>, <I> JPP</I><BR>Abstenção:<I>PAN</I>",,,
356950,73,Votação Deliberação,2026-06-25,Aprovado,"A Favor: <I>PS</I>, <I> IL</I>, <I> L</I>, <I> PCP</I>, <I> BE</I>, <I> PAN</I>, <I> JPP</I><BR>Abstenção:<I>PSD</I>, <I> CH</I>, <I> CDS-PP</I>",,,
356683,13,Votação na generalidade,2026-05-22,Rejeitado,"A Favor: <I>L</I>, <I> PCP</I>, <I> BE</I>, <I> PAN</I>, <I> JPP</I><BR>Contra:<I>PSD</I>, <I> IL</I>, <I> CDS-PP</I><BR>Abstenção:<I>CH</I>, <I> PS</I>",,,
356669,13,Votação na generalidade,2026-05-22,Rejeitado,"A Favor: <I>CH</I>, <I> IL</I>, <I> BE</I>, <I> PAN</I>, <I> JPP</I><BR>Contra:<I>PSD</I>, <I> CDS-PP</I><BR>Abstenção:<I>PS</I>, <I> L</I>, <I> PCP</I>",,,
356785,13,Votação na generalidade,2026-06-03,Aprovado,"A Favor: <I>PSD</I>, <I> IL</I>, <I> CDS-PP</I>, <I> JPP</I><BR>Contra:<I>PS</I>, <I> L</I>, <I> PCP</I>, <I> BE</I><BR>Abstenção:<I>CH</I>, <I> PAN</I>",,,
356789,13,Votação na generalidade,2026-06-03,Aprovado,"A Favor: <I>CH</I>, <I> PS</I>, <I> L</I>, <I> PCP</I>, <I> BE</I>, <I> PAN</I>, <I> JPP</I><BR>Abstenção:<I>PSD</I>, <I> IL</I>, <I> CDS-PP</I>",,,
356787,13,Votação na generalidade,2026-06-03,Aprovado,"A Favor: <I>CH</I>, <I> CDS-PP</I><BR>Abstenção:<I>PSD</I>, <I> PS</I>, <I> IL</I>, <I> L</I>, <I> PCP</I>, <I> BE</I>, <I> PAN</I>, <I> JPP</I>",,,
356691,13,Votação na generalidade,2026-05-22,Rejeitado,"A Favor: <I>CH</I>, <I> 1-PS</I>, <I> L</I>, <I> PCP</I>, <I> BE</I>, <I> PAN</I>, <I> JPP</I>, <I> Sofia Pereira (PS)</I><BR>Contra:<I>PSD</I>, <I> CDS-PP</I><BR>Abstenção:<I>PS</I>, <I> IL</I>",,,
356692,13,Votação na generalidade,2026-05-22,Rejeitado,"A Favor: <I>L</I>, <I> PCP</I>, <I> BE</I>, <I> PAN</I>, <I> JPP</I><BR>Contra:<I>PSD</I>, <I> IL</I>, <I> CDS-PP</I><BR>Abstenção:<I>CH</I>, <I> PS</I>",,,
356739,73,Votação Deliberação,2026-07-17,Rejeitado,"A Favor: <I>CH</I>, <I> IL</I><BR>Contra:<I>PSD</I>, <I> PS</I>, <I> L</I>, <I> BE</I><BR>Abstenção:<I>PCP</I>, <I> CDS-PP</I>, <I> PAN</I>, <I> JPP</I>",,,
356972,73,Votação Deliberação,2026-07-17,Aprovado,"A Favor: <I>PSD</I>, <I> CH</I>, <I> PS</I>, <I> L</I>, <I> PCP</I>, <I> CDS-PP</I>, <I> BE</I>, <I> PAN</I>, <I> JPP</I><BR>Abstenção:<I>IL</I>",,,
356783,13,Votação na generalidade,2026-06-03,Aprovado,,,,
357000,73,Votação Deliberação,2026-07-17,Aprovado,"A Favor: <I>CH</I>, <I> PS</I>, <I> L</I>, <I> PCP</I>, <I> BE</I>, <I> PAN</I>, <I> JPP</I><BR>Contra:<I>PSD</I>, <I> CDS-PP</I><BR>Abstenção:<I>IL</I>",,,
356694,13,Votação na generalidade,2026-05-22,Rejeitado,"A Favor: <I>IL</I>, <I> L</I>, <I> BE</I>, <I> PAN</I>, <I> JPP</I><BR>Contra:<I>PSD</I>, <I> PS</I><BR>Abstenção:<I>CH</I>, <I> PCP</I>, <I> CDS-PP</I>",,,
356807,13,Votação na generalidade,2026-06-03,Aprovado,,,,
356863,13,Votação na generalidade,2026-07-17,Aprovado,"A Favor: <I>CH</I>, <I> PS</I>, <I> L</I>, <I> PCP</I>, <I> BE</I>, <I> PAN</I>, <I> JPP</I><BR>Abstenção:<I>PSD</I>, <I> IL</I>, <I> CDS-PP</I>",,,
356811,13,Votação na generalidade,2026-06-03,Aprovado,"A Favor: <I>CH</I>, <I> PS</I>, <I> IL</I>, <I> L</I>, <I> PCP</I>, <I> BE</I>, <I> PAN</I>, <I> JPP</I><BR>Abstenção:<I>PSD</I>, <I> CDS-PP</I>",,,
356765,13,Votação na generalidade,2026-06-12,Rejeitado,"A Favor: <I>PS</I>, <I> IL</I>, <I> L</I>, <I> PCP</I>, <I> BE</I>, <I> PAN</I>, <I> JPP</I><BR>Contra:<I>PSD</I>, <I> CDS-PP</I><BR>Abstenção:<I>CH</I>",,,
356715,13,Votação na generalidade,2026-05-22,Rejeitado,"A Favor: <I>PS</I>, <I> L</I>, <I> PCP</I>, <I> BE</I>, <I> PAN</I>, <I> JPP</I><BR>Contra:<I>PSD</I>, <I> CDS-PP</I><BR>Abstenção:<I>CH</I>, <I> IL</I>",,,
356710,13,Votação na generalidade,2026-05-22,Rejeitado,"A Favor: <I>PS</I>, <I> L</I>, <I> PCP</I>, <I> BE</I>, <I> PAN</I>, <I> JPP</I><BR>Contra:<I>PSD</I>, <I> IL</I>, <I> CDS-PP</I><BR>Abstenção:<I>CH</I>",,,
315269,13,Votação na generalidade,2025-07-11,Aprovado,"A Favor: <I>PSD</I>, <I> CH</I>, <I> PS</I>, <I> IL</I>, <I> CDS-PP</I><BR>Contra:<I>L</I>, <I> PCP</I>, <I> BE</I>, <I> PAN</I><BR>Abstenção:<I>JPP</I>",,,
315269,18,Votação final global,2025-10-28,Aprovado,"A Favor: <I>PSD</I>, <I> PS</I>, <I> IL</I>, <I> CDS-PP</I>, <I> JPP</I><BR>Contra:<I>CH</I>, <I> L</I>, <I> PCP</I>, <I> BE</I><BR>Abstenção:<I>PAN</I>",,,
356840,13,Votação na generalidade,2026-06-12,Rejeitado,"A Favor: <I>L</I>, <I> PCP</I>, <I> BE</I>, <I> PAN</I>, <I> JPP</I><BR>Contra:<I>PSD</I>, <I> IL</I>, <I> CDS-PP</I><BR>Abstenção:<I>CH</I>, <I> PS</I>",,,
356862,73,Votação Deliberação,2026-06-19,Rejeitado,"A Favor: <I>PCP</I><BR>Contra:<I>IL</I>, <I> L</I>, <I> PAN</I><BR>Abstenção:<I>PSD</I>, <I> CH</I>, <I> PS</I>, <I> CDS-PP</I>, <I> BE</I>, <I> JPP</I>",,,
356821,73,Votação Deliberação,2026-06-25,Rejeitado,"A Favor: <I>CH</I>, <I> IL</I>, <I> BE</I>, <I> PAN</I>, <I> JPP</I><BR>Contra:<I>PSD</I>, <I> CDS-PP</I><BR>Abstenção:<I>PS</I>, <I> L</I>, <I> PCP</I>",,,
356865,13,Votação na generalidade,2026-06-12,Aprovado,"A Favor: <I>CH</I>, <I> PS</I>, <I> IL</I>, <I> BE</I>, <I> PAN</I>, <I> JPP</I><BR>Contra:<I>PSD</I><BR>Abstenção:<I>L</I>, <I> PCP</I>, <I> CDS-PP</I>",,,
356801,13,Votação na generalidade,2026-06-03,Rejeitado,"A Favor: <I>PS</I>, <I> L</I>, <I> PCP</I>, <I> BE</I>, <I> PAN</I>, <I> JPP</I><BR>Contra:<I>PSD</I>, <I> CH</I>, <I> IL</I>, <I> CDS-PP</I>",,,
356927,13,Votação na generalidade,2026-06-25,Aprovado,"A Favor: <I>PSD</I>, <I> CH</I>, <I> IL</I>, <I> CDS-PP</I>, <I> PAN</I>, <I> JPP</I><BR>Contra:<I>PCP</I>, <I> BE</I><BR>Abstenção:<I>PS</I>, <I> L</I>",,,
356934,13,Votação na generalidade,2026-07-02,Aprovado,"A Favor: <I>CH</I>, <I> PS</I>, <I> PAN</I>, <I> JPP</I><BR>Contra:<I>PSD</I>, <I> PCP</I>, <I> CDS-PP</I><BR>Abstenção:<I>IL</I>, <I> L</I>, <I> BE</I>",,,
356912,13,Votação na generalidade,2026-06-19,Rejeitado,"A Favor: <I>CH</I>, <I> L</I>, <I> PCP</I>, <I> BE</I>, <I> PAN</I>, <I> JPP</I><BR>Contra:<I>PSD</I>, <I> CDS-PP</I><BR>Abstenção:<I>PS</I>, <I> IL</I>",,,
356881,13,Votação na generalidade,2026-06-12,Rejeitado,"A Favor: <I>CH</I><BR>Contra:<I>PS</I>, <I> L</I>, <I> BE</I>, <I> PAN</I><BR>Abstenção:<I>PSD</I>, <I> IL</I>, <I> PCP</I>, <I> CDS-PP</I>, <I> JPP</I>",,,
356894,13,Votação na generalidade,2026-06-12,Rejeitado,"A Favor: <I>L</I>, <I> PCP</I>, <I> BE</I>, <I> PAN</I>, <I> JPP</I><BR>Contra:<I>PSD</I>, <I> IL</I>, <I> CDS-PP</I><BR>Abstenção:<I>CH</I>, <I> PS</I>",,,
315496,13,Votação na generalidade,2025-09-17,Aprovado,"A Favor: <I>PSD</I>, <I> PS</I>, <I> L</I>, <I> CDS-PP</I>, <I> PAN</I>, <I> JPP</I><BR>Contra:<I>CH</I>, <I> IL</I><BR>Abstenção:<I>PCP</I>",,,
315496,18,Votação final global,2025-12-05,Aprovado,"A Favor: <I>PSD</I>, <I> CH</I>, <I> PS</I>, <I> L</I>, <I> CDS-PP</I>, <I> BE</I>, <I> PAN</I>, <I> JPP</I><BR>Contra:<I>IL</I><BR>Abstenção:<I>PCP</I>",,,
315073,122,Requerimento Baixa Comissão sem Votação (Generalidade),2025-07-04,Aprovado,"A Favor: <I>PSD</I>, <I> CH</I>, <I> PS</I>, <I> IL</I>, <I> L</I>, <I> CDS-PP</I>, <I> PAN</I>, <I> JPP</I><BR>Contra:<I>PCP</I>, <I> BE</I>",,,
315073,13,Votação na generalidade,2025-10-28,Rejeitado,"A Favor: <I>CH</I><BR>Contra:<I>PSD</I>, <I> PS</I>, <I> IL</I>, <I> L</I>, <I> PCP</I>, <I> CDS-PP</I>, <I> BE</I>, <I> PAN</I><BR>Abstenção:<I>JPP</I>",,,
315508,13,Votação na generalidade,2025-09-19,Aprovado,"A Favor: <I>PS</I>, <I> L</I>, <I> PCP</I>, <I> JPP</I><BR>Abstenção:<I>PSD</I>, <I> CH</I>, <I> IL</I>, <I> CDS-PP</I>, <I> PAN</I>",,,
315508,18,Votação final global,2025-10-17,Aprovado,"A Favor: <I>CH</I>, <I> PS</I>, <I> L</I>, <I> PCP</I>, <I> BE</I>, <I> PAN</I>, <I> JPP</I><BR>Abstenção:<I>PSD</I>, <I> IL</I>, <I> CDS-PP</I>",,,
356980,73,Votação Deliberação,2026-07-17,Rejeitado,"A Favor: <I>CH</I>, <I> PAN</I>, <I> JPP</I><BR>Contra:<I>PSD</I><BR>Abstenção:<I>PS</I>, <I> IL</I>, <I> L</I>, <I> PCP</I>, <I> CDS-PP</I>, <I> BE</I>",,,
357023,73,Votação Deliberação,2026-07-17,Rejeitado,"A Favor: <I>PS</I>, <I> L</I>, <I> PCP</I>, <I> BE</I>, <I> PAN</I>, <I> JPP</I><BR>Contra:<I>PSD</I>, <I> CH</I>, <I> CDS-PP</I><BR>Abstenção:<I>IL</I>",,,
315133,13,Votação na generalidade,2025-12-19,Rejeitado,"A Favor: <I>CH</I>, <I> PCP</I>, <I> BE</I>, <I> PAN</I>, <I> JPP</I><BR>Contra:<I>PSD</I>, <I> IL</I>, <I> CDS-PP</I><BR>Abstenção:<I>PS</I>, <I> L</I>",,,
315722,13,Votação na generalidade,2025-12-05,Aprovado,"A Favor: <I>CH</I>, <I> PS</I>, <I> L</I>, <I> PAN</I>, <I> JPP</I><BR>Contra:<I>IL</I>, <I> PCP</I>, <I> BE</I><BR>Abstenção:<I>PSD</I>, <I> CDS-PP</I>",,,
315722,15,Requerimento avocação plenário,2026-05-08,Aprovado,,,,
315722,34,Votação na especialidade,2026-05-08,Rejeitado,"A Favor: <I>PS</I>, <I> L</I>, <I> PCP</I>, <I> BE</I>, <I> PAN</I>, <I> JPP</I><BR>Contra:<I>PSD</I>, <I> CH</I>, <I> IL</I>, <I> CDS-PP</I>",,,
315722,34,Votação na especialidade,2026-05-08,Rejeitado,"A Favor: <I>PS</I>, <I> L</I>, <I> PCP</I>, <I> BE</I>, <I> PAN</I>, <I> JPP</I><BR>Contra:<I>PSD</I>, <I> CH</I>, <I> IL</I>, <I> CDS-PP</I>",,,
315722,34,Votação na especialidade,2026-05-08,Rejeitado,"A Favor: <I>PS</I>, <I> PCP</I>, <I> PAN</I>, <I> JPP</I><BR>Contra:<I>PSD</I>, <I> CH</I>, <I> IL</I>, <I> CDS-PP</I>, <I> BE</I><BR>Abstenção:<I>L</I>",,,
315722,34,Votação na especialidade,2026-05-08,Rejeitado,"A Favor: <I>PS</I>, <I> PCP</I>, <I> PAN</I>, <I> JPP</I><BR>Contra:<I>PSD</I>, <I> CH</I>, <I> IL</I>, <I> CDS-PP</I>, <I> BE</I><BR>Abstenção:<I>L</I>",,,
315722,34,Votação na especialidade,2026-05-08,Rejeitado,"A Favor: <I>PS</I>, <I> PCP</I>, <I> PAN</I>, <I> JPP</I><BR>Contra:<I>PSD</I>, <I> CH</I>, <I> IL</I>, <I> CDS-PP</I>, <I> BE</I><BR>Abstenção:<I>L</I>",,,
315722,34,Votação na especialidade,2026-05-08,Rejeitado,"A Favor: <I>PS</I>, <I> L</I>, <I> PAN</I>, <I> JPP</I><BR>Contra:<I>PSD</I>, <I> CH</I>, <I> IL</I>, <I> CDS-PP</I><BR>Abstenção:<I>PCP</I>, <I> BE</I>",,,
315722,34,Votação na especialidade,2026-05-08,Rejeitado,"A Favor: <I>PS</I>, <I> L</I>, <I> PCP</I>, <I> BE</I>, <I> PAN</I>, <I> JPP</I><BR>Contra:<I>PSD</I>, <I> CH</I>, <I> IL</I>, <I> CDS-PP</I>",,,
315722,34,Votação na especialidade,2026-05-08,Rejeitado,"A Favor: <I>PS</I>, <I> L</I>, <I> PCP</I>, <I> BE</I>, <I> PAN</I>, <I> JPP</I><BR>Contra:<I>PSD</I>, <I> CH</I>, <I> IL</I>, <I> CDS-PP</I>",,,
315722,34,Votação na especialidade,2026-05-08,Rejeitado,"A Favor: <I>PS</I>, <I> L</I>, <I> PCP</I>, <I> BE</I>, <I> PAN</I>, <I> JPP</I><BR>Contra:<I>PSD</I>, <I> CH</I>, <I> IL</I>, <I> CDS-PP</I>",,,
315722,34,Votação na especialidade,2026-05-08,Rejeitado,"A Favor: <I>PS</I>, <I> L</I>, <I> PCP</I>, <I> BE</I>, <I> PAN</I>, <I> JPP</I><BR>Contra:<I>PSD</I>, <I> CH</I>, <I> IL</I>, <I> CDS-PP</I>",,,
315722,34,Votação na especialidade,2026-05-08,Rejeitado,"A Favor: <I>PS</I>, <I> L</I>, <I> PAN</I>, <I> JPP</I><BR>Contra:<I>PSD</I>, <I> CH</I>, <I> IL</I>, <I> CDS-PP</I><BR>Abstenção:<I>PCP</I>, <I> BE</I>",,,
315722,18,Votação final global,2026-05-08,Aprovado,"A Favor: <I>PSD</I>, <I> CH</I>, <I> IL</I>, <I> CDS-PP</I><BR>Contra:<I>PS</I>, <I> L</I>, <I> PCP</I>, <I> BE</I><BR>Abstenção:<I>PAN</I>, <I> JPP</I>",,,
345994,13,Votação na generalidade,2026-01-30,Aprovado,"A Favor: <I>PSD</I>, <I> PS</I>, <I> L</I>, <I> PCP</I>, <I> BE</I>, <I> PAN</I>, <I> JPP</I><BR>Abstenção:<I>CH</I>, <I> IL</I>, <I> CDS-PP</I>",,,
345994,18,Votação final global,2026-02-13,Aprovado,"A Favor: <I>PSD</I>, <I> PS</I>, <I> IL</I>, <I> L</I>, <I> PCP</I>, <I> CDS-PP</I>, <I> BE</I>, <I> PAN</I>, <I> JPP</I><BR>Abstenção:<I>CH</I>",,,
315689,13,Votação na generalidade,2025-10-17,Rejeitado,"A Favor: <I>L</I>, <I> BE</I>, <I> PAN</I>, <I> JPP</I><BR>Contra:<I>PSD</I>, <I> PCP</I>, <I> CDS-PP</I><BR>Abstenção:<I>CH</I>, <I> PS</I>, <I> IL</I>",,,
315772,122,Requerimento Baixa Comissão sem Votação (Generalidade),2026-07-03,Aprovado,,,,
315702,13,Votação na generalidade,2025-10-16,Rejeitado,"A Favor: <I>L</I>, <I> BE</I>, <I> PAN</I>, <I> JPP</I><BR>Contra:<I>PSD</I>, <I> CH</I>, <I> IL</I>, <I> CDS-PP</I><BR>Abstenção:<I>PS</I>, <I> PCP</I>",,,
315709,13,Votação na generalidade,2025-12-05,Rejeitado,"A Favor: <I>PCP</I>, <I> BE</I>, <I> PAN</I><BR>Contra:<I>PSD</I>, <I> CH</I>, <I> PS</I>, <I> IL</I>, <I> CDS-PP</I><BR>Abstenção:<I>L</I>, <I> JPP</I>",,,
315693,13,Votação na generalidade,2025-12-18,Rejeitado,"A Favor: <I>CH</I>, <I> L</I>, <I> PCP</I>, <I> BE</I>, <I> PAN</I>, <I> JPP</I><BR>Contra:<I>PSD</I>, <I> CDS-PP</I><BR>Abstenção:<I>PS</I>, <I> IL</I>",,,
315713,13,Votação na generalidade,2025-10-16,Rejeitado,"A Favor: <I>L</I>, <I> PCP</I>, <I> BE</I>, <I> PAN</I>, <I> JPP</I><BR>Contra:<I>PSD</I>, <I> CDS-PP</I><BR>Abstenção:<I>CH</I>, <I> PS</I>, <I> IL</I>",,,
346015,122,Requerimento Baixa Comissão sem Votação (Generalidade),2026-01-30,Aprovado,,,,
346015,152,Requerimento,2026-04-01,Aprovado,,,,
346015,152,Requerimento,2026-06-17,Aprovado,,,,
315732,13,Votação na generalidade,2026-01-09,Rejeitado,"A Favor: <I>PS</I>, <I> IL</I>, <I> L</I>, <I> PCP</I>, <I> BE</I>, <I> PAN</I>, <I> JPP</I><BR>Contra:<I>PSD</I>, <I> CDS-PP</I><BR>Abstenção:<I>CH</I>",,,
356473,13,Votação na generalidade,2026-04-17,Aprovado,"A Favor: <I>L</I>, <I> PCP</I>, <I> BE</I>, <I> PAN</I>, <I> JPP</I><BR>Abstenção:<I>PSD</I>, <I> CH</I>, <I> PS</I>, <I> IL</I>, <I> CDS-PP</I>",,,
356473,18,Votação final global,2026-07-17,Aprovado,,,,
315740,13,Votação na generalidade,2026-03-20,Rejeitado,"A Favor: <I>PSD</I>, <I> BE</I>, <I> PAN</I>, <I> JPP</I><BR>Contra:<I>PSD</I>, <I> CH</I>, <I> IL</I>, <I> CDS-PP</I><BR>Abstenção:<I>PS</I>, <I> L</I>",,,
315760,13,Votação na generalidade,2026-06-12,Rejeitado,"A Favor: <I>PS</I>, <I> L</I>, <I> PCP</I>, <I> BE</I>, <I> PAN</I>, <I> JPP</I><BR>Contra:<I>PSD</I>, <I> CH</I>, <I> IL</I>, <I> CDS-PP</I><BR>Abstenção:<I>1-PS</I>",,,
315715,13,Votação na generalidade,2025-10-17,Rejeitado,"A Favor: <I>L</I>, <I> BE</I>, <I> PAN</I>, <I> JPP</I><BR>Contra:<I>PSD</I>, <I> CH</I>, <I> PCP</I>, <I> CDS-PP</I><BR>Abstenção:<I>PS</I>, <I> IL</I>",,,
346018,123,Requerimento de adiamento de Votação (Generalidade),2026-01-30,Aprovado,"A Favor: <I>PSD</I>, <I> CH</I>, <I> PS</I>, <I> IL</I>, <I> L</I>, <I> PCP</I>, <I> CDS-PP</I>, <I> PAN</I>, <I> JPP</I><BR>Contra:<I>BE</I>",,,
346018,13,Votação na generalidade,2026-03-26,Rejeitado,"A Favor: <I>CH</I>, <I> IL</I><BR>Contra:<I>PSD</I>, <I> PS</I>, <I> L</I>, <I> PCP</I>, <I> BE</I>, <I> PAN</I>, <I> JPP</I><BR>Abstenção:<I>CDS-PP</I>",,,
335929,122,Requerimento Baixa Comissão sem Votação (Generalidade),2026-01-09,Aprovado,,,,
335929,13,Votação na generalidade,2026-02-20,Rejeitado,"A Favor: <I>PS</I>, <I> L</I>, <I> PAN</I>, <I> JPP</I><BR>Contra:<I>PSD</I>, <I> CH</I>, <I> IL</I>, <I> CDS-PP</I><BR>Abstenção:<I>PCP</I>, <I> BE</I>",,,
315789,13,Votação na generalidade,2025-12-12,Rejeitado,"A Favor: <I>CH</I>, <I> L</I>, <I> PAN</I><BR>Contra:<I>PSD</I>, <I> IL</I>, <I> CDS-PP</I><BR>Abstenção:<I>PS</I>, <I> PCP</I>, <I> JPP</I>",,,
315807,13,Votação na generalidade,2025-12-11,Rejeitado,"A Favor: <I>IL</I><BR>Contra:<I>PSD</I>, <I> PS</I>, <I> L</I>, <I> PCP</I>, <I> BE</I><BR>Abstenção:<I>CH</I>, <I> CDS-PP</I>, <I> PAN</I>, <I> JPP</I>",,,
356563,13,Votação na generalidade,2026-06-12,Aprovado,"A Favor: <I>CH</I>, <I> PS</I>, <I> L</I>, <I> PCP</I>, <I> BE</I>, <I> PAN</I>, <I> JPP</I><BR>Abstenção:<I>PSD</I>, <I> IL</I>, <I> CDS-PP</I>",,,
356563,18,Votação final global,2026-07-03,Aprovado,,,,
356563,81,Requerimento dispensa redação final,2026-07-03,Aprovado,,,,
346007,122,Requerimento Baixa Comissão sem Votação (Generalidade),2026-01-23,Aprovado,Ausência: <I>JPP</I>,,,
346007,152,Requerimento,2026-04-01,Aprovado,,,,
346007,152,Requerimento,2026-06-17,Aprovado,,,,
315810,13,Votação na generalidade,2025-12-11,Rejeitado,"A Favor: <I>IL</I><BR>Contra:<I>PSD</I>, <I> PS</I>, <I> L</I>, <I> PCP</I>, <I> CDS-PP</I>, <I> BE</I>, <I> JPP</I><BR>Abstenção:<I>CH</I>, <I> PAN</I>",,,
315829,13,Votação na generalidade,2025-12-19,Rejeitado,"A Favor: <I>CH</I>, <I> BE</I>, <I> PAN</I>, <I> JPP</I><BR>Contra:<I>PSD</I>, <I> IL</I>, <I> CDS-PP</I><BR>Abstenção:<I>PS</I>, <I> L</I>, <I> PCP</I>",,,
315836,13,Votação na generalidade,2025-12-19,Rejeitado,"A Favor: <I>CH</I>, <I> L</I>, <I> PCP</I>, <I> BE</I>, <I> PAN</I>, <I> JPP</I><BR>Contra:<I>PSD</I>, <I> IL</I>, <I> CDS-PP</I><BR>Abstenção:<I>PS</I>",,,
346025,13,Votação na generalidade,2026-03-20,Aprovado,"A Favor: <I>PSD</I>, <I> CH</I>, <I> CDS-PP</I><BR>Contra:<I>PS</I>, <I> IL</I>, <I> L</I>, <I> PCP</I>, <I> BE</I>, <I> PAN</I>, <I> JPP</I>",,,
315870,13,Votação na generalidade,2025-12-18,Rejeitado,"A Favor: <I>CH</I>, <I> IL</I>, <I> L</I>, <I> BE</I>, <I> PAN</I>, <I> JPP</I><BR>Contra:<I>PSD</I>, <I> CDS-PP</I><BR>Abstenção:<I>PS</I>, <I> PCP</I>",,,
315865,13,Votação na generalidade,2025-12-18,Rejeitado,"A Favor: <I>IL</I>, <I> L</I>, <I> PCP</I>, <I> BE</I>, <I> PAN</I>, <I> JPP</I><BR>Contra:<I>PSD</I>, <I> CDS-PP</I><BR>Abstenção:<I>CH</I>, <I> PS</I>",,,
315840,13,Votação na generalidade,2025-12-19,Rejeitado,"A Favor: <I>CH</I>, <I> L</I>, <I> PCP</I>, <I> BE</I>, <I> PAN</I>, <I> JPP</I><BR>Contra:<I>PSD</I>, <I> IL</I>, <I> CDS-PP</I><BR>Abstenção:<I>PS</I>",,,
315821,13,Votação na generalidade,2025-12-18,Rejeitado,"A Favor: <I>PS</I>, <I> L</I>, <I> PCP</I>, <I> BE</I>, <I> PAN</I>, <I> JPP</I><BR>Contra:<I>PSD</I>, <I> CDS-PP</I><BR>Abstenção:<I>CH</I>, <I> IL</I>",,,
315830,13,Votação na generalidade,2025-12-19,Rejeitado,"A Favor: <I>CH</I>, <I> BE</I>, <I> PAN</I>, <I> JPP</I><BR>Contra:<I>PSD</I>, <I> IL</I>, <I> CDS-PP</I><BR>Abstenção:<I>PS</I>, <I> L</I>, <I> PCP</I>",,,
315923,13,Votação na generalidade,2026-01-09,Rejeitado,"A Favor: <I>L</I>, <I> PCP</I>, <I> BE</I>, <I> PAN</I>, <I> JPP</I><BR>Contra:<I>PSD</I>, <I> CH</I>, <I> IL</I>, <I> CDS-PP</I><BR>Abstenção:<I>PS</I>",,,
315924,13,Votação na generalidade,2026-01-09,Rejeitado,"A Favor: <I>CH</I>, <I> L</I>, <I> PCP</I>, <I> BE</I>, <I> PAN</I>, <I> JPP</I><BR>Contra:<I>PSD</I>, <I> CDS-PP</I><BR>Abstenção:<I>PS</I>, <I> IL</I>",,,
356079,13,Votação na generalidade,2026-06-12,Aprovado,"A Favor: <I>PSD</I>, <I> PS</I>, <I> IL</I>, <I> L</I>, <I> PCP</I>, <I> CDS-PP</I>, <I> BE</I>, <I> PAN</I>, <I> JPP</I><BR>Abstenção:<I>CH</I>",,,
345983,13,Votação na generalidade,2026-04-17,Rejeitado,"A Favor: <I>PS</I>, <I> L</I>, <I> PCP</I>, <I> BE</I>, <I> PAN</I>, <I> JPP</I><BR>Contra:<I>PSD</I>, <I> CDS-PP</I><BR>Abstenção:<I>CH</I>, <I> IL</I>",,,
335960,15,Requerimento avocação plenário,2026-04-09,Aprovado,"A Favor: <I>PSD</I>, <I> CH</I>, <I> PS</I>, <I> IL</I>, <I> L</I>, <I> CDS-PP</I>, <I> BE</I>, <I> PAN</I>, <I> JPP</I><BR>Abstenção:<I>PCP</I>",,,
335960,34,Votação na especialidade,2026-04-10,Rejeitado,"A Favor: <I>PSD</I>, <I> IL</I>, <I> CDS-PP</I><BR>Contra:<I>3-PSD</I>, <I> CH</I>, <I> PS</I>, <I> L</I>, <I> BE</I>, <I> PAN</I>, <I> JPP</I>, <I> Paulo Moniz (PSD)</I>, <I> Francisco Pimentel (PSD)</I>, <I> Nuna Menezes (PSD)</I><BR>Abstenção:<I>PCP</I>",,,
335960,18,Votação final global,2026-04-10,Aprovado,"A Favor: <I>6-PSD</I>, <I> CH</I>, <I> PS</I>, <I> L</I>, <I> BE</I>, <I> PAN</I>, <I> JPP</I>, <I> Paulo Moniz (PSD)</I>, <I> Francisco Pimentel (PSD)</I>, <I> Nuna Menezes (PSD)</I>, <I> Pedro Coelho (PSD)</I>, <I> Vânia Jesus (PSD)</I>, <I> Paulo Neves (PSD)</I><BR>Contra:<I>PSD</I><BR>Abstenção:<I>IL</I>, <I> PCP</I>, <I> CDS-PP</I>",,,
345996,122,Requerimento Baixa Comissão sem Votação (Generalidade),2026-01-23,Aprovado,Ausência: <I>JPP</I>,,,
345996,152,Requerimento,2026-04-01,Aprovado,,,,
345996,152,Requerimento,2026-06-17,Aprovado,,,,
346036,13,Votação na generalidade,2026-05-14,Rejeitado,"A Favor: <I>CH</I>, <I> BE</I>, <I> PAN</I>, <I> JPP</I><BR>Contra:<I>PSD</I>, <I> CDS-PP</I><BR>Abstenção:<I>PS</I>, <I> IL</I>, <I> L</I>, <I> PCP</I>",,,
346000,13,Votação na generalidade,2026-01-30,Rejeitado,"A Favor: <I>CH</I>, <I> L</I>, <I> PCP</I>, <I> PAN</I><BR>Contra:<I>PSD</I>, <I> PS</I>, <I> IL</I>, <I> CDS-PP</I><BR>Abstenção:<I>BE</I>, <I> JPP</I>",,,
346008,13,Votação na generalidade,2026-01-30,Rejeitado,"A Favor: <I>PS</I>, <I> L</I>, <I> BE</I>, <I> PAN</I>, <I> JPP</I><BR>Contra:<I>PSD</I>, <I> CH</I>, <I> IL</I>, <I> PCP</I>, <I> CDS-PP</I>",,,
346040,13,Votação na generalidade,2026-02-27,Rejeitado,"A Favor: <I>L</I>, <I> PCP</I>, <I> BE</I>, <I> PAN</I>, <I> JPP</I><BR>Contra:<I>PSD</I>, <I> CDS-PP</I><BR>Abstenção:<I>CH</I>, <I> PS</I>, <I> IL</I>",,,
315920,13,Votação na generalidade,2026-01-09,Rejeitado,"A Favor: <I>CH</I><BR>Contra:<I>PSD</I>, <I> PS</I>, <I> L</I>, <I> PCP</I>, <I> CDS-PP</I>, <I> BE</I>, <I> PAN</I>, <I> JPP</I><BR>Abstenção:<I>IL</I>",,,
356854,13,Votação na generalidade,2026-07-03,Aprovado,,,,
356854,18,Votação final global,2026-07-17,Aprovado,,,,
356854,81,Requerimento dispensa redação final,2026-07-17,Aprovado,,,,
345970,13,Votação na generalidade,2026-01-30,Rejeitado,"A Favor: <I>CH</I>, <I> PAN</I><BR>Contra:<I>PSD</I>, <I> PS</I>, <I> IL</I>, <I> CDS-PP</I><BR>Abstenção:<I>L</I>, <I> PCP</I>, <I> BE</I>, <I> JPP</I>",,,
356089,13,Votação na generalidade,2026-02-18,Aprovado,"A Favor: <I>6-PSD</I>, <I> CH</I>, <I> PS</I>, <I> BE</I>, <I> JPP</I>, <I> Paulo Moniz (PSD)</I>, <I> Francisco Pimentel (PSD)</I>, <I> Nuna Menezes (PSD)</I>, <I> Pedro Coelho (PSD)</I>, <I> Vânia Jesus (PSD)</I>, <I> Paulo Neves (PSD)</I><BR>Contra:<I>PSD</I>, <I> IL</I>, <I> PCP</I>, <I> CDS-PP</I><BR>Abstenção:<I>L</I>, <I> PAN</I>",,,
356703,13,Votação na generalidade,2026-05-22,Rejeitado,"A Favor: <I>CH</I><BR>Contra:<I>PSD</I>, <I> 1-PS</I>, <I> IL</I>, <I> L</I>, <I> PCP</I>, <I> CDS-PP</I>, <I> BE</I>, <I> Pedro Vaz (PS)</I><BR>Abstenção:<I>PS</I>, <I> PAN</I>, <I> JPP</I>",,,
356130,13,Votação na generalidade,2026-02-27,Rejeitado,"A Favor: <I>CH</I>, <I> BE</I>, <I> PAN</I>, <I> JPP</I><BR>Contra:<I>PSD</I>, <I> IL</I>, <I> CDS-PP</I><BR>Abstenção:<I>PS</I>, <I> L</I>, <I> PCP</I>",,,
356194,122,Requerimento Baixa Comissão sem Votação (Generalidade),2026-02-20,Aprovado,,,,
356207,13,Votação na generalidade,2026-02-25,Rejeitado,"A Favor: <I>CH</I>, <I> IL</I>, <I> L</I>, <I> PCP</I>, <I> BE</I>, <I> PAN</I>, <I> JPP</I><BR>Contra:<I>PSD</I>, <I> CDS-PP</I><BR>Abstenção:<I>PS</I>",,,
356210,13,Votação na generalidade,2026-02-25,Rejeitado,"A Favor: <I>CH</I>, <I> L</I>, <I> PCP</I>, <I> BE</I>, <I> PAN</I>, <I> JPP</I><BR>Contra:<I>PSD</I>, <I> CDS-PP</I><BR>Abstenção:<I>PS</I>, <I> IL</I>",,,
356230,13,Votação na generalidade,2026-04-10,Aprovado,"A Favor: <I>CH</I>, <I> PS</I>, <I> IL</I>, <I> L</I>, <I> PCP</I>, <I> BE</I>, <I> PAN</I>, <I> JPP</I><BR>Contra:<I>PSD</I><BR>Abstenção:<I>CDS-PP</I>",,,
356090,13,Votação na generalidade,2026-02-13,Rejeitado,"A Favor: <I>CH</I>, <I> IL</I><BR>Contra:<I>PSD</I>, <I> PS</I>, <I> L</I>, <I> PCP</I>, <I> CDS-PP</I>, <I> BE</I>, <I> JPP</I><BR>Abstenção:<I>PAN</I>",,,
356195,122,Requerimento Baixa Comissão sem Votação (Generalidade),2026-02-20,Aprovado,,,,
356420,122,Requerimento Baixa Comissão sem Votação (Generalidade),2026-05-22,Aprovado,,,,
356280,13,Votação na generalidade,2026-03-20,Rejeitado,"A Favor: <I>PCP</I><BR>Contra:<I>PSD</I>, <I> CH</I>, <I> PS</I>, <I> IL</I>, <I> CDS-PP</I>, <I> PAN</I><BR>Abstenção:<I>L</I>, <I> BE</I>, <I> JPP</I>",,,
356287,13,Votação na generalidade,2026-03-20,Aprovado,"A Favor: <I>PSD</I>, <I> CH</I>, <I> CDS-PP</I><BR>Contra:<I>PS</I>, <I> IL</I>, <I> L</I>, <I> PCP</I>, <I> BE</I>, <I> PAN</I>, <I> JPP</I>",,,
356138,13,Votação na generalidade,2026-02-27,Rejeitado,"A Favor: <I>L</I>, <I> BE</I>, <I> PAN</I>, <I> JPP</I><BR>Contra:<I>PSD</I>, <I> CDS-PP</I><BR>Abstenção:<I>CH</I>, <I> PS</I>, <I> IL</I>, <I> PCP</I>",,,
356294,13,Votação na generalidade,2026-03-20,Rejeitado,"A Favor: <I>PS</I>, <I> L</I>, <I> PCP</I>, <I> BE</I>, <I> PAN</I>, <I> JPP</I><BR>Contra:<I>PSD</I>, <I> CH</I>, <I> IL</I>, <I> CDS-PP</I>",,,
356147,13,Votação na generalidade,2026-02-27,Rejeitado,"A Favor: <I>L</I>, <I> PCP</I>, <I> BE</I>, <I> PAN</I>, <I> JPP</I><BR>Contra:<I>PSD</I>, <I> CDS-PP</I><BR>Abstenção:<I>CH</I>, <I> PS</I>, <I> IL</I>",,,
356331,13,Votação na generalidade,2026-04-17,Rejeitado,"A Favor: <I>CH</I>, <I> PAN</I>, <I> JPP</I><BR>Contra:<I>PSD</I>, <I> IL</I>, <I> PCP</I><BR>Abstenção:<I>PS</I>, <I> L</I>, <I> CDS-PP</I>, <I> BE</I>",,,
345993,13,Votação na generalidade,2026-01-23,Rejeitado,"A Favor: <I>L</I>, <I> PCP</I>, <I> BE</I><BR>Contra:<I>PSD</I>, <I> CH</I>, <I> IL</I>, <I> CDS-PP</I><BR>Abstenção:<I>PAN</I>",,,
356180,13,Votação na generalidade,2026-04-10,Rejeitado,"A Favor: <I>PS</I>, <I> IL</I>, <I> L</I>, <I> PCP</I>, <I> BE</I>, <I> PAN</I>, <I> JPP</I><BR>Contra:<I>PSD</I>, <I> CH</I><BR>Abstenção:<I>CDS-PP</I>",,,
356208,13,Votação na generalidade,2026-02-25,Rejeitado,"A Favor: <I>CH</I>, <I> L</I>, <I> PCP</I>, <I> BE</I>, <I> PAN</I>, <I> JPP</I><BR>Contra:<I>PSD</I>, <I> IL</I>, <I> CDS-PP</I><BR>Abstenção:<I>PS</I>",,,
356148,13,Votação na generalidade,2026-02-27,Rejeitado,"A Favor: <I>CH</I>, <I> L</I>, <I> PCP</I>, <I> BE</I>, <I> PAN</I>, <I> JPP</I><BR>Contra:<I>PSD</I>, <I> CDS-PP</I><BR>Abstenção:<I>PS</I>, <I> IL</I>",,,
356314,13,Votação na generalidade,2026-03-20,Rejeitado,"A Favor: <I>PS</I>, <I> L</I>, <I> PCP</I>, <I> BE</I>, <I> PAN</I>, <I> JPP</I><BR>Contra:<I>PSD</I>, <I> CDS-PP</I><BR>Abstenção:<I>CH</I>, <I> IL</I>",,,
356328,13,Votação na generalidade,2026-04-10,Aprovado,"A Favor: <I>PS</I>, <I> IL</I>, <I> L</I>, <I> PAN</I>, <I> JPP</I><BR>Contra:<I>PCP</I><BR>Abstenção:<I>PSD</I>, <I> CH</I>, <I> CDS-PP</I>, <I> BE</I>",,,
356215,13,Votação na generalidade,2026-03-13,Rejeitado,"A Favor: <I>CH</I>, <I> IL</I><BR>Contra:<I>PSD</I>, <I> PS</I>, <I> L</I>, <I> PCP</I>, <I> BE</I>, <I> PAN</I>, <I> JPP</I><BR>Abstenção:<I>CDS-PP</I>",,,
356357,13,Votação na generalidade,2026-07-02,Rejeitado,"A Favor: <I>L</I>, <I> PCP</I>, <I> BE</I>, <I> PAN</I><BR>Contra:<I>PSD</I>, <I> CH</I>, <I> PS</I>, <I> IL</I>, <I> CDS-PP</I><BR>Abstenção:<I>JPP</I>",,,
356232,13,Votação na generalidade,2026-03-13,Rejeitado,"A Favor: <I>CH</I>, <I> BE</I>, <I> PAN</I>, <I> JPP</I><BR>Contra:<I>PSD</I>, <I> IL</I>, <I> CDS-PP</I><BR>Abstenção:<I>PS</I>, <I> L</I>, <I> PCP</I>",,,
356378,13,Votação na generalidade,2026-06-19,Rejeitado,"A Favor: <I>L</I>, <I> BE</I>, <I> PAN</I>, <I> JPP</I><BR>Contra:<I>PSD</I>, <I> IL</I>, <I> PCP</I>, <I> CDS-PP</I><BR>Abstenção:<I>CH</I>, <I> PS</I>",,,
356242,13,Votação na generalidade,2026-06-19,Rejeitado,"A Favor: <I>CH</I>, <I> L</I>, <I> PCP</I>, <I> BE</I>, <I> PAN</I>, <I> JPP</I><BR>Contra:<I>PSD</I>, <I> CDS-PP</I><BR>Abstenção:<I>PS</I>, <I> IL</I>",,,
356412,13,Votação na generalidade,2026-05-08,Rejeitado,"A Favor: <I>PS</I>, <I> L</I>, <I> BE</I>, <I> PAN</I>, <I> JPP</I><BR>Contra:<I>PSD</I>, <I> IL</I>, <I> PCP</I>, <I> CDS-PP</I><BR>Abstenção:<I>CH</I>",,,
356243,13,Votação na generalidade,2026-04-10,Rejeitado,"A Favor: <I>PS</I>, <I> IL</I>, <I> L</I>, <I> PCP</I>, <I> BE</I>, <I> PAN</I>, <I> JPP</I><BR>Contra:<I>PSD</I>, <I> CH</I>, <I> CDS-PP</I>",,,
356543,122,Requerimento Baixa Comissão sem Votação (Generalidade),2026-04-24,Aprovado,,,,
356258,13,Votação na generalidade,2026-03-13,Rejeitado,"A Favor: <I>L</I>, <I> BE</I>, <I> PAN</I>, <I> JPP</I><BR>Contra:<I>PSD</I>, <I> PS</I>, <I> IL</I>, <I> CDS-PP</I><BR>Abstenção:<I>CH</I>, <I> PCP</I>",,,
356249,13,Votação na generalidade,2026-03-20,Rejeitado,"A Favor: <I>CH</I>, <I> PAN</I>, <I> JPP</I><BR>Contra:<I>PS</I>, <I> IL</I>, <I> L</I>, <I> BE</I><BR>Abstenção:<I>PSD</I>, <I> PCP</I>, <I> CDS-PP</I>",,,
356256,13,Votação na generalidade,2026-03-13,Rejeitado,"A Favor: <I>CH</I>, <I> IL</I>, <I> L</I>, <I> BE</I>, <I> PAN</I>, <I> JPP</I><BR>Contra:<I>PSD</I>, <I> CDS-PP</I><BR>Abstenção:<I>PS</I>, <I> PCP</I>",,,
356254,13,Votação na generalidade,2026-03-06,Rejeitado,"A Favor: <I>PS</I>, <I> L</I>, <I> BE</I>, <I> PAN</I>, <I> JPP</I><BR>Contra:<I>PSD</I>, <I> CH</I>, <I> IL</I>, <I> CDS-PP</I><BR>Abstenção:<I>PCP</I>",,,
356495,13,Votação na generalidade,2026-04-17,Aprovado,"A Favor: <I>PS</I>, <I> L</I>, <I> BE</I>, <I> PAN</I>, <I> JPP</I><BR>Abstenção:<I>PSD</I>, <I> CH</I>, <I> IL</I>, <I> PCP</I>, <I> CDS-PP</I>",,,
356538,13,Votação na generalidade,2026-04-24,Rejeitado,"A Favor: <I>PS</I>, <I> L</I>, <I> PCP</I>, <I> BE</I>, <I> PAN</I>, <I> JPP</I><BR>Contra:<I>PSD</I>, <I> CH</I>, <I> IL</I>, <I> CDS-PP</I>",,,
356540,13,Votação na generalidade,2026-04-24,Rejeitado,"A Favor: <I>PS</I>, <I> L</I>, <I> PCP</I>, <I> BE</I>, <I> PAN</I>, <I> JPP</I><BR>Contra:<I>PSD</I>, <I> CDS-PP</I><BR>Abstenção:<I>CH</I>, <I> IL</I>",,,
356257,13,Votação na generalidade,2026-03-13,Rejeitado,"A Favor: <I>IL</I><BR>Contra:<I>PSD</I>, <I> PS</I>, <I> L</I>, <I> PCP</I>, <I> CDS-PP</I>, <I> BE</I>, <I> PAN</I>, <I> JPP</I><BR>Abstenção:<I>CH</I>",,,
356681,122,Requerimento Baixa Comissão sem Votação (Generalidade),2026-05-21,Aprovado,,,,
356884,13,Votação na generalidade,2026-06-12,Aprovado,"A Favor: <I>PSD</I>, <I> CH</I>, <I> CDS-PP</I>, <I> BE</I>, <I> PAN</I>, <I> JPP</I><BR>Abstenção:<I>PS</I>, <I> IL</I>, <I> L</I>, <I> PCP</I>",,,
315171,73,Votação Deliberação,2025-07-11,Aprovado,"A Favor: <I>CH</I>, <I> IL</I>, <I> L</I>, <I> PCP</I>, <I> BE</I>, <I> PAN</I>, <I> JPP</I><BR>Abstenção:<I>PSD</I>, <I> PS</I>, <I> CDS-PP</I>",,,
356702,13,Votação na generalidade,2026-05-22,Rejeitado,"A Favor: <I>CH</I>, <I> JPP</I><BR>Contra:<I>PSD</I>, <I> PS</I>, <I> L</I>, <I> PAN</I><BR>Abstenção:<I>IL</I>, <I> PCP</I>, <I> CDS-PP</I>, <I> BE</I>",,,
356727,13,Votação na generalidade,2026-06-19,Rejeitado,"A Favor: <I>PS</I>, <I> IL</I>, <I> L</I>, <I> PCP</I>, <I> BE</I>, <I> PAN</I>, <I> JPP</I><BR>Contra:<I>PSD</I>, <I> CDS-PP</I><BR>Abstenção:<I>CH</I>",,,
356812,13,Votação na generalidade,2026-06-03,Rejeitado,"A Favor: <I>PS</I>, <I> L</I>, <I> PCP</I>, <I> BE</I>, <I> PAN</I>, <I> JPP</I><BR>Contra:<I>PSD</I>, <I> CH</I>, <I> IL</I>, <I> CDS-PP</I>",,,
356712,13,Votação na generalidade,2026-05-22,Rejeitado,"A Favor: <I>2-PS</I>, <I> L</I>, <I> BE</I>, <I> PAN</I>, <I> JPP</I>, <I> Miguel Matos (PS)</I>, <I> Sofia Pereira (PS)</I><BR>Contra:<I>PSD</I>, <I> CH</I>, <I> PS</I>, <I> IL</I>, <I> CDS-PP</I><BR>Abstenção:<I>1-PS</I>, <I> PCP</I>, <I> Pedro Delgado Alves (PS)</I>",,,
356895,13,Votação na generalidade,2026-06-12,Rejeitado,"A Favor: <I>L</I>, <I> BE</I>, <I> PAN</I>, <I> JPP</I><BR>Contra:<I>PSD</I>, <I> CDS-PP</I><BR>Abstenção:<I>CH</I>, <I> PS</I>, <I> IL</I>, <I> PCP</I>",,,
356875,13,Votação na generalidade,2026-06-12,Rejeitado,"A Favor: <I>IL</I>, <I> L</I>, <I> PAN</I>, <I> JPP</I><BR>Contra:<I>PSD</I><BR>Abstenção:<I>CH</I>, <I> PS</I>, <I> PCP</I>, <I> CDS-PP</I>, <I> BE</I>",,,
356883,13,Votação na generalidade,2026-06-12,Rejeitado,"A Favor: <I>CH</I>, <I> IL</I><BR>Contra:<I>PSD</I>, <I> PS</I>, <I> L</I>, <I> PCP</I>, <I> BE</I><BR>Abstenção:<I>CDS-PP</I>, <I> PAN</I>, <I> JPP</I>",,,
356803,13,Votação na generalidade,2026-06-12,Rejeitado,"A Favor: <I>PS</I>, <I> L</I>, <I> PCP</I>, <I> BE</I>, <I> PAN</I>, <I> JPP</I><BR>Contra:<I>PSD</I>, <I> CH</I>, <I> IL</I>, <I> CDS-PP</I><BR>Abstenção:<I>1-PS</I>",,,
356893,13,Votação na generalidade,2026-06-12,Rejeitado,"A Favor: <I>L</I>, <I> BE</I>, <I> PAN</I>, <I> JPP</I><BR>Contra:<I>PSD</I>, <I> CDS-PP</I><BR>Abstenção:<I>CH</I>, <I> PS</I>, <I> IL</I>, <I> PCP</I>",,,
356718,13,Votação na generalidade,2026-05-14,Rejeitado,"A Favor: <I>CH</I><BR>Contra:<I>PSD</I>, <I> PS</I>, <I> IL</I>, <I> L</I>, <I> PCP</I>, <I> BE</I>, <I> PAN</I><BR>Abstenção:<I>CDS-PP</I>, <I> JPP</I>",,,
356799,13,Votação na generalidade,2026-06-03,Rejeitado,"A Favor: <I>L</I>, <I> PCP</I>, <I> BE</I>, <I> PAN</I>, <I> JPP</I><BR>Contra:<I>PSD</I>, <I> CH</I>, <I> IL</I>, <I> CDS-PP</I><BR>Abstenção:<I>PS</I>",,,
356951,13,Votação na generalidade,2026-06-25,Rejeitado,"A Favor: <I>L</I>, <I> PAN</I>, <I> JPP</I><BR>Contra:<I>PSD</I>, <I> PCP</I>, <I> CDS-PP</I><BR>Abstenção:<I>CH</I>, <I> PS</I>, <I> IL</I>, <I> BE</I>",,,
356988,13,Votação na generalidade,2026-07-02,Rejeitado,"A Favor: <I>PS</I>, <I> L</I>, <I> PCP</I>, <I> BE</I>, <I> PAN</I>, <I> JPP</I><BR>Contra:<I>PSD</I>, <I> CH</I>, <I> IL</I>, <I> CDS-PP</I>",,,
356976,13,Votação na generalidade,2026-07-03,Rejeitado,"A Favor: <I>L</I>, <I> PCP</I>, <I> BE</I>, <I> JPP</I><BR>Contra:<I>PSD</I>, <I> IL</I>, <I> CDS-PP</I><BR>Abstenção:<I>CH</I>, <I> PS</I>, <I> PAN</I>",,,
356996,13,Votação na generalidade,2026-07-03,Rejeitado,"A Favor: <I>CH</I>, <I> IL</I>, <I> PAN</I>, <I> JPP</I><BR>Contra:<I>PSD</I>, <I> PS</I>, <I> L</I>, <I> PCP</I>, <I> CDS-PP</I>, <I> BE</I>",,,
315730,18,Votação final global,2026-02-27,Rejeitado,"A Favor: <I>PSD</I>, <I> IL</I>, <I> CDS-PP</I>, <I> PAN</I><BR>Contra:<I>CH</I>, <I> PS</I>, <I> L</I>, <I> PCP</I>, <I> BE</I><BR>Abstenção:<I>JPP</I>",,,
356981,13,Votação na generalidade,2026-07-03,Rejeitado,"A Favor: <I>CH</I>, <I> L</I>, <I> PCP</I>, <I> BE</I>, <I> PAN</I>, <I> JPP</I><BR>Contra:<I>PSD</I>, <I> PS</I>, <I> CDS-PP</I><BR>Abstenção:<I>IL</I>",,,
356987,13,Votação na generalidade,2026-07-02,Rejeitado,"A Favor: <I>CH</I>, <I> IL</I>, <I> PAN</I>, <I> JPP</I><BR>Contra:<I>PSD</I>, <I> PCP</I>, <I> CDS-PP</I><BR>Abstenção:<I>PS</I>, <I> L</I>, <I> BE</I>",,,
356989,13,Votação na generalidade,2026-07-03,Rejeitado,"A Favor: <I>CH</I>, <I> L</I>, <I> PCP</I>, <I> BE</I>, <I> PAN</I>, <I> JPP</I><BR>Contra:<I>PSD</I>, <I> IL</I>, <I> CDS-PP</I><BR>Abstenção:<I>PS</I>",,,
315348,73,Votação Deliberação,2025-07-10,Aprovado,"A Favor: <I>PSD</I>, <I> CH</I>, <I> IL</I>, <I> CDS-PP</I><BR>Contra:<I>PS</I>, <I> L</I>, <I> PCP</I>, <I> BE</I>, <I> PAN</I>, <I> JPP</I>",,,
356907,13,Votação na generalidade,2026-06-19,Rejeitado,"A Favor: <I>CH</I>, <I> IL</I>, <I> L</I>, <I> PAN</I>, <I> JPP</I><BR>Contra:<I>PSD</I>, <I> PCP</I>, <I> BE</I><BR>Abstenção:<I>PS</I>, <I> CDS-PP</I>",,,
315495,73,Votação Deliberação,2025-09-17,Aprovado,Ausência: <I>BE</I>,,,
356921,13,Votação na generalidade,2026-06-19,Rejeitado,"A Favor: <I>PS</I>, <I> IL</I>, <I> PCP</I>, <I> BE</I>, <I> PAN</I>, <I> JPP</I><BR>Contra:<I>PSD</I><BR>Abstenção:<I>CH</I>, <I> L</I>, <I> CDS-PP</I>",,,
315051,73,Votação Deliberação,2025-06-27,Rejeitado,"A Favor: <I>L</I>, <I> PCP</I>, <I> BE</I>, <I> JPP</I><BR>Contra:<I>PSD</I>, <I> CH</I>, <I> IL</I>, <I> CDS-PP</I><BR>Abstenção:<I>PS</I>, <I> PAN</I>",,,
315051,73,Votação Deliberação,2025-06-27,Rejeitado,"A Favor: <I>L</I>, <I> PCP</I>, <I> BE</I>, <I> JPP</I><BR>Contra:<I>PSD</I>, <I> CH</I>, <I> CDS-PP</I><BR>Abstenção:<I>PS</I>, <I> IL</I>, <I> PAN</I>",,,
356920,13,Votação na generalidade,2026-06-19,Rejeitado,"A Favor: <I>L</I>, <I> PCP</I>, <I> BE</I>, <I> PAN</I>, <I> JPP</I><BR>Contra:<I>PSD</I>, <I> CH</I>, <I> IL</I>, <I> CDS-PP</I><BR>Abstenção:<I>PS</I>",,,
315490,73,Votação Deliberação,2025-09-30,Rejeitado,"A Favor: <I>IL</I>, <I> L</I>, <I> BE</I>, <I> PAN</I>, <I> JPP</I><BR>Contra:<I>PSD</I>, <I> PS</I>, <I> CDS-PP</I><BR>Abstenção:<I>CH</I>, <I> PCP</I>",,,
356898,13,Votação na generalidade,2026-06-19,Rejeitado,"A Favor: <I>L</I>, <I> PCP</I>, <I> BE</I>, <I> PAN</I>, <I> JPP</I><BR>Contra:<I>PSD</I>, <I> IL</I>, <I> CDS-PP</I><BR>Abstenção:<I>CH</I>, <I> PS</I>",,,
315033,73,Votação Deliberação,2025-06-03,Aprovado,,,,
356918,13,Votação na generalidade,2026-06-19,Rejeitado,"A Favor: <I>L</I>, <I> BE</I>, <I> PAN</I>, <I> JPP</I><BR>Contra:<I>PSD</I>, <I> CH</I>, <I> PS</I>, <I> IL</I>, <I> PCP</I>, <I> CDS-PP</I>",,,
315498,73,Votação Deliberação,2025-09-30,Rejeitado,"A Favor: <I>IL</I>, <I> L</I>, <I> BE</I>, <I> PAN</I>, <I> JPP</I><BR>Contra:<I>PSD</I>, <I> PS</I>, <I> CDS-PP</I><BR>Abstenção:<I>CH</I>, <I> PCP</I>",,,
315349,73,Votação Deliberação,2025-07-10,Aprovado,"A Favor: <I>PSD</I>, <I> CH</I>, <I> PS</I>, <I> IL</I>, <I> CDS-PP</I><BR>Contra:<I>L</I>, <I> BE</I>, <I> PAN</I><BR>Abstenção:<I>PCP</I>, <I> JPP</I>",,,
315372,73,Votação Deliberação,2025-07-17,Aprovado,,,,
356917,13,Votação na generalidade,2026-06-19,Rejeitado,"A Favor: <I>IL</I>, <I> L</I>, <I> PAN</I><BR>Contra:<I>PSD</I>, <I> CDS-PP</I><BR>Abstenção:<I>CH</I>, <I> PS</I>, <I> PCP</I>, <I> BE</I>, <I> JPP</I>",,,
356764,73,Votação Deliberação,2026-06-03,Rejeitado,"A Favor: <I>L</I>, <I> PCP</I>, <I> BE</I>, <I> PAN</I>, <I> JPP</I><BR>Contra:<I>PSD</I>, <I> CH</I>, <I> PS</I>, <I> IL</I>, <I> CDS-PP</I>",,,
315344,73,Votação Deliberação,2025-07-09,Aprovado,"A Favor: <I>PSD</I>, <I> CH</I>, <I> PS</I>, <I> IL</I>, <I> L</I>, <I> CDS-PP</I>, <I> PAN</I>, <I> JPP</I><BR>Abstenção:<I>PCP</I>, <I> BE</I>",,,
356849,73,Votação Deliberação,2026-06-02,Aprovado,"A Favor: <I>PSD</I>, <I> IL</I>, <I> CDS-PP</I><BR>Contra:<I>CH</I>, <I> L</I>, <I> PCP</I>, <I> BE</I><BR>Abstenção:<I>PS</I>, <I> PAN</I>, <I> JPP</I>",,,
356670,73,Votação Deliberação,2026-05-08,Aprovado,,,,
356774,73,Votação Deliberação,2026-05-29,Aprovado,,,,
315758,13,Votação na generalidade,2026-01-23,Aprovado,Ausência: <I>JPP</I>,,,
315758,18,Votação final global,2026-04-10,Aprovado,,,,
315770,13,Votação na generalidade,2026-03-13,Aprovado,"A Favor: <I>PSD</I>, <I> CH</I>, <I> PS</I>, <I> L</I>, <I> CDS-PP</I>, <I> BE</I>, <I> PAN</I>, <I> JPP</I><BR>Contra:<I>IL</I><BR>Abstenção:<I>PCP</I>",,,
315770,18,Votação final global,2026-07-17,Aprovado,"A Favor: <I>PSD</I>, <I> CH</I>, <I> CDS-PP</I>, <I> JPP</I><BR>Contra:<I>PS</I>, <I> IL</I>, <I> L</I>, <I> PCP</I>, <I> BE</I>",,,
315164,13,Votação na generalidade,2025-07-04,Aprovado,"A Favor: <I>PSD</I>, <I> CH</I>, <I> IL</I>, <I> CDS-PP</I>, <I> PAN</I>, <I> JPP</I><BR>Contra:<I>L</I>, <I> PCP</I>, <I> BE</I><BR>Abstenção:<I>PS</I>",,,
315164,15,Requerimento avocação plenário,2025-07-11,Aprovado,,,,
315164,15,Requerimento avocação plenário,2025-07-11,Aprovado,,,,
315164,34,Votação na especialidade,2025-07-16,Rejeitado,"A Favor: <I>PS</I>, <I> L</I>, <I> PAN</I>, <I> JPP</I><BR>Contra:<I>PSD</I>, <I> CH</I>, <I> CDS-PP</I><BR>Abstenção:<I>IL</I>, <I> PCP</I>, <I> BE</I>",,,
315164,34,Votação na especialidade,2025-07-16,Aprovado,"A Favor: <I>PSD</I>, <I> CH</I>, <I> IL</I>, <I> CDS-PP</I>, <I> PAN</I><BR>Contra:<I>L</I>, <I> PCP</I>, <I> BE</I><BR>Abstenção:<I>PS</I>, <I> JPP</I>",,,
315164,34,Votação na especialidade,2025-07-16,Aprovado,"A Favor: <I>PSD</I>, <I> CH</I>, <I> IL</I>, <I> CDS-PP</I>, <I> PAN</I><BR>Contra:<I>L</I>, <I> PCP</I>, <I> BE</I><BR>Abstenção:<I>PS</I>, <I> JPP</I>",,,
315164,34,Votação na especialidade,2025-07-16,Rejeitado,"A Favor: <I>PS</I>, <I> L</I>, <I> PAN</I>, <I> JPP</I><BR>Contra:<I>PSD</I>, <I> CH</I>, <I> CDS-PP</I><BR>Abstenção:<I>IL</I>, <I> PCP</I>, <I> BE</I>",,,
315164,34,Votação na especialidade,2025-07-16,Aprovado,"A Favor: <I>PSD</I>, <I> CH</I>, <I> CDS-PP</I>, <I> PAN</I><BR>Contra:<I>L</I>, <I> PCP</I>, <I> BE</I><BR>Abstenção:<I>PS</I>, <I> IL</I>, <I> JPP</I>",,,
315164,34,Votação na especialidade,2025-07-16,Rejeitado,"A Favor: <I>PS</I>, <I> L</I>, <I> PAN</I>, <I> JPP</I><BR>Contra:<I>PSD</I>, <I> CH</I>, <I> CDS-PP</I><BR>Abstenção:<I>IL</I>, <I> PCP</I>, <I> BE</I>",,,
315164,34,Votação na especialidade,2025-07-16,Rejeitado,"A Favor: <I>PS</I>, <I> L</I>, <I> PAN</I>, <I> JPP</I><BR>Contra:<I>PSD</I>, <I> CH</I>, <I> CDS-PP</I><BR>Abstenção:<I>IL</I>, <I> PCP</I>, <I> BE</I>",,,
315164,34,Votação na especialidade,2025-07-16,Rejeitado,"A Favor: <I>PS</I>, <I> L</I>, <I> PAN</I>, <I> JPP</I><BR>Contra:<I>PSD</I>, <I> CH</I>, <I> CDS-PP</I><BR>Abstenção:<I>IL</I>, <I> PCP</I>, <I> BE</I>",,,
315164,34,Votação na especialidade,2025-07-16,Aprovado,"A Favor: <I>PSD</I>, <I> CH</I>, <I> IL</I>, <I> CDS-PP</I>, <I> PAN</I><BR>Contra:<I>L</I>, <I> PCP</I>, <I> BE</I><BR>Abstenção:<I>PS</I>, <I> JPP</I>",,,
315164,18,Votação final global,2025-07-16,Aprovado,"A Favor: <I>PSD</I>, <I> CH</I>, <I> IL</I>, <I> CDS-PP</I>, <I> PAN</I><BR>Contra:<I>L</I>, <I> PCP</I>, <I> BE</I><BR>Abstenção:<I>PS</I>, <I> JPP</I>",,,
315164,152,Requerimento,2025-07-16,Aprovado,,,,
315409,13,Votação na generalidade,2026-05-08,Aprovado,"A Favor: <I>PSD</I>, <I> PS</I>, <I> L</I>, <I> PCP</I>, <I> CDS-PP</I>, <I> BE</I>, <I> PAN</I>, <I> JPP</I><BR>Abstenção:<I>CH</I>, <I> IL</I>",,,
315409,34,Votação na especialidade,2026-07-17,Aprovado,"A Favor: <I>PSD</I>, <I> CH</I>, <I> PS</I>, <I> L</I>, <I> PCP</I>, <I> CDS-PP</I>, <I> BE</I>, <I> PAN</I>, <I> JPP</I><BR>Abstenção:<I>IL</I>",,,
315409,18,Votação final global,2026-07-17,Aprovado,"A Favor: <I>PSD</I>, <I> CH</I>, <I> PS</I>, <I> L</I>, <I> PCP</I>, <I> CDS-PP</I>, <I> BE</I>, <I> PAN</I>, <I> JPP</I><BR>Abstenção:<I>IL</I>",,,
315537,13,Votação na generalidade,2025-12-05,Aprovado,"A Favor: <I>PSD</I>, <I> CH</I>, <I> PS</I>, <I> IL</I>, <I> CDS-PP</I><BR>Contra:<I>L</I>, <I> PCP</I>, <I> BE</I><BR>Abstenção:<I>PAN</I>, <I> JPP</I>",,,
315537,15,Requerimento avocação plenário,2026-05-07,Aprovado,,,,
315537,34,Votação na especialidade,2026-05-08,Rejeitado,"A Favor: <I>PS</I>, <I> L</I>, <I> PCP</I>, <I> BE</I>, <I> PAN</I>, <I> JPP</I><BR>Contra:<I>PSD</I>, <I> CH</I>, <I> IL</I>, <I> CDS-PP</I>",,,
315537,34,Votação na especialidade,2026-05-08,Rejeitado,"A Favor: <I>PS</I>, <I> L</I>, <I> PCP</I>, <I> BE</I>, <I> PAN</I>, <I> JPP</I><BR>Contra:<I>PSD</I>, <I> CH</I>, <I> IL</I>, <I> CDS-PP</I>",,,
315537,34,Votação na especialidade,2026-05-08,Rejeitado,"A Favor: <I>PS</I>, <I> PCP</I>, <I> PAN</I>, <I> JPP</I><BR>Contra:<I>PSD</I>, <I> CH</I>, <I> IL</I>, <I> CDS-PP</I>, <I> BE</I><BR>Abstenção:<I>L</I>",,,
315537,34,Votação na especialidade,2026-05-08,Rejeitado,"A Favor: <I>PS</I>, <I> PCP</I>, <I> PAN</I>, <I> JPP</I><BR>Contra:<I>PSD</I>, <I> CH</I>, <I> IL</I>, <I> CDS-PP</I>, <I> BE</I><BR>Abstenção:<I>L</I>",,,
315537,34,Votação na especialidade,2026-05-08,Rejeitado,"A Favor: <I>PS</I>, <I> PCP</I>, <I> PAN</I>, <I> JPP</I><BR>Contra:<I>PSD</I>, <I> CH</I>, <I> IL</I>, <I> CDS-PP</I>, <I> BE</I><BR>Abstenção:<I>L</I>",,,
315537,34,Votação na especialidade,2026-05-08,Rejeitado,"A Favor: <I>PS</I>, <I> L</I>, <I> PAN</I>, <I> JPP</I><BR>Contra:<I>PSD</I>, <I> CH</I>, <I> IL</I>, <I> CDS-PP</I><BR>Abstenção:<I>PCP</I>, <I> BE</I>",,,
315537,34,Votação na especialidade,2026-05-08,Rejeitado,"A Favor: <I>PS</I>, <I> L</I>, <I> PCP</I>, <I> BE</I>, <I> PAN</I>, <I> JPP</I><BR>Contra:<I>PSD</I>, <I> CH</I>, <I> IL</I>, <I> CDS-PP</I>",,,
315537,34,Votação na especialidade,2026-05-08,Rejeitado,"A Favor: <I>PS</I>, <I> L</I>, <I> PCP</I>, <I> BE</I>, <I> PAN</I>, <I> JPP</I><BR>Contra:<I>PSD</I>, <I> CH</I>, <I> IL</I>, <I> CDS-PP</I>",,,
315537,34,Votação na especialidade,2026-05-08,Rejeitado,"A Favor: <I>PS</I>, <I> L</I>, <I> PCP</I>, <I> BE</I>, <I> PAN</I>, <I> JPP</I><BR>Contra:<I>PSD</I>, <I> CH</I>, <I> IL</I>, <I> CDS-PP</I>",,,
315537,34,Votação na especialidade,2026-05-08,Rejeitado,"A Favor: <I>PS</I>, <I> L</I>, <I> PCP</I>, <I> BE</I>, <I> PAN</I>, <I> JPP</I><BR>Contra:<I>PSD</I>, <I> CH</I>, <I> IL</I>, <I> CDS-PP</I>",,,
315537,34,Votação na especialidade,2026-05-08,Rejeitado,"A Favor: <I>PS</I>, <I> L</I>, <I> PAN</I>, <I> JPP</I><BR>Contra:<I>PSD</I>, <I> CH</I>, <I> IL</I>, <I> CDS-PP</I><BR>Abstenção:<I>PCP</I>, <I> BE</I>",,,
315537,18,Votação final global,2026-05-08,Aprovado,"A Favor: <I>PSD</I>, <I> CH</I>, <I> IL</I>, <I> CDS-PP</I><BR>Contra:<I>PS</I>, <I> L</I>, <I> PCP</I>, <I> BE</I><BR>Abstenção:<I>PAN</I>, <I> JPP</I>",,,
356846,122,Requerimento Baixa Comissão sem Votação (Generalidade),2026-06-12,Aprovado,"A Favor: <I>PSD</I>, <I> CH</I>, <I> PS</I>, <I> IL</I>, <I> CDS-PP</I>, <I> PAN</I>, <I> JPP</I><BR>Contra:<I>1-PS</I>, <I> PCP</I>, <I> BE</I><BR>Abstenção:<I>L</I>",,,
356846,13,Votação na generalidade,2026-06-25,Aprovado,"A Favor: <I>PSD</I>, <I> IL</I>, <I> CDS-PP</I><BR>Contra:<I>CH</I>, <I> L</I>, <I> PCP</I>, <I> BE</I>, <I> PAN</I>, <I> JPP</I><BR>Abstenção:<I>PS</I>",,,
356846,18,Votação final global,2026-06-25,Aprovado,"A Favor: <I>PSD</I>, <I> CDS-PP</I><BR>Contra:<I>CH</I>, <I> L</I>, <I> PCP</I>, <I> BE</I>, <I> PAN</I>, <I> JPP</I><BR>Abstenção:<I>PS</I>, <I> IL</I>",,,
356846,152,Requerimento,2026-06-25,Rejeitado,"A Favor: <I>PSD</I>, <I> CH</I>, <I> PS</I>, <I> IL</I>, <I> L</I>, <I> CDS-PP</I>, <I> PAN</I>, <I> JPP</I><BR>Contra:<I>PCP</I><BR>Abstenção:<I>BE</I>",,,
315161,13,Votação na generalidade,2025-07-04,Aprovado,"A Favor: <I>PSD</I>, <I> CH</I>, <I> IL</I>, <I> CDS-PP</I><BR>Contra:<I>L</I>, <I> BE</I>, <I> PAN</I><BR>Abstenção:<I>PS</I>, <I> PCP</I>, <I> JPP</I>",,,
315161,18,Votação final global,2025-07-16,Aprovado,"A Favor: <I>PSD</I>, <I> CH</I>, <I> IL</I>, <I> CDS-PP</I><BR>Contra:<I>L</I>, <I> PCP</I>, <I> BE</I>, <I> PAN</I><BR>Abstenção:<I>PS</I>, <I> JPP</I>",,,
315161,152,Requerimento,2025-07-16,Aprovado,"A Favor: <I>PSD</I>, <I> CH</I>, <I> PS</I>, <I> IL</I>, <I> L</I>, <I> CDS-PP</I>, <I> PAN</I>, <I> JPP</I><BR>Contra:<I>PCP</I>, <I> BE</I>",,,
315262,13,Votação na generalidade,2025-09-19,Aprovado,"A Favor: <I>PSD</I>, <I> CDS-PP</I>, <I> PAN</I>, <I> JPP</I><BR>Contra:<I>IL</I>, <I> L</I>, <I> PCP</I><BR>Abstenção:<I>CH</I>, <I> PS</I>",,,
315262,18,Votação final global,2025-09-30,Aprovado,"A Favor: <I>PSD</I>, <I> CDS-PP</I>, <I> PAN</I>, <I> JPP</I><BR>Contra:<I>IL</I>, <I> L</I>, <I> PCP</I>, <I> BE</I><BR>Abstenção:<I>CH</I>, <I> PS</I>",,,
315262,81,Requerimento dispensa redação final,2025-09-30,Aprovado,"A Favor: <I>PSD</I>, <I> CH</I>, <I> IL</I>, <I> L</I>, <I> PCP</I>, <I> CDS-PP</I>, <I> BE</I>, <I> PAN</I>, <I> JPP</I><BR>Abstenção:<I>PS</I>",,,
315262,135,Requerimento dispensa do prazo previsto Artº 157 RAR,2025-09-30,Aprovado,"A Favor: <I>PSD</I>, <I> CH</I>, <I> IL</I>, <I> L</I>, <I> PCP</I>, <I> CDS-PP</I>, <I> BE</I>, <I> PAN</I>, <I> JPP</I><BR>Abstenção:<I>PS</I>",,,
315386,13,Votação na generalidade,2025-09-19,Aprovado,"A Favor: <I>PSD</I>, <I> CH</I>, <I> IL</I>, <I> CDS-PP</I>, <I> PAN</I>, <I> JPP</I><BR>Contra:<I>PS</I>, <I> L</I>, <I> PCP</I>",,,
315386,18,Votação final global,2025-10-17,Aprovado,"A Favor: <I>PSD</I>, <I> CH</I>, <I> IL</I>, <I> CDS-PP</I>, <I> PAN</I>, <I> JPP</I><BR>Contra:<I>PS</I>, <I> L</I>, <I> PCP</I>, <I> BE</I>",,,
315386,152,Requerimento,2025-10-17,Rejeitado,"A Favor: <I>PSD</I>, <I> CH</I>, <I> PS</I>, <I> IL</I>, <I> L</I>, <I> CDS-PP</I>, <I> BE</I>, <I> PAN</I>, <I> JPP</I><BR>Contra:<I>PCP</I>",,,
356117,13,Votação na generalidade,2026-03-06,Aprovado,"A Favor: <I>PSD</I>, <I> PS</I>, <I> PCP</I>, <I> CDS-PP</I>, <I> PAN</I>, <I> JPP</I><BR>Contra:<I>CH</I>, <I> IL</I><BR>Abstenção:<I>L</I>, <I> BE</I>",,,
356117,18,Votação final global,2026-04-24,Aprovado,"A Favor: <I>PSD</I>, <I> PS</I>, <I> L</I>, <I> PCP</I>, <I> CDS-PP</I>, <I> BE</I>, <I> JPP</I><BR>Contra:<I>CH</I>, <I> IL</I><BR>Abstenção:<I>PAN</I>",,,
346039,13,Votação na generalidade,2026-03-06,Aprovado,"A Favor: <I>PSD</I>, <I> IL</I>, <I> CDS-PP</I><BR>Abstenção:<I>CH</I>, <I> PS</I>, <I> L</I>, <I> PCP</I>, <I> BE</I>, <I> PAN</I>, <I> JPP</I>",,,
346039,18,Votação final global,2026-05-08,Aprovado,"A Favor: <I>PSD</I>, <I> PS</I>, <I> IL</I>, <I> CDS-PP</I><BR>Abstenção:<I>CH</I>, <I> L</I>, <I> PCP</I>, <I> BE</I>, <I> PAN</I>",,,
315797,13,Votação na generalidade,2026-01-09,Aprovado,"A Favor: <I>PSD</I>, <I> IL</I>, <I> CDS-PP</I><BR>Contra:<I>PS</I>, <I> L</I>, <I> PCP</I>, <I> BE</I><BR>Abstenção:<I>CH</I>, <I> PAN</I>, <I> JPP</I>",,,
315797,18,Votação final global,2026-02-20,Aprovado,"A Favor: <I>PSD</I>, <I> IL</I>, <I> CDS-PP</I><BR>Contra:<I>PS</I>, <I> L</I>, <I> PCP</I>, <I> BE</I><BR>Abstenção:<I>CH</I>, <I> PAN</I>, <I> JPP</I>",,,
315797,81,Requerimento dispensa redação final,2026-02-20,Aprovado,"A Favor: <I>PSD</I>, <I> CH</I>, <I> PS</I>, <I> IL</I>, <I> L</I>, <I> CDS-PP</I>, <I> BE</I>, <I> PAN</I>, <I> JPP</I><BR>Abstenção:<I>PCP</I>",,,
315536,13,Votação na generalidade,2025-10-17,Aprovado,"A Favor: <I>PSD</I>, <I> CH</I>, <I> PS</I>, <I> IL</I>, <I> L</I>, <I> CDS-PP</I>, <I> JPP</I><BR>Contra:<I>BE</I><BR>Abstenção:<I>PCP</I>, <I> PAN</I>",,,
315536,18,Votação final global,2025-12-05,Aprovado,"A Favor: <I>PSD</I>, <I> CH</I>, <I> PS</I>, <I> IL</I>, <I> L</I>, <I> CDS-PP</I>, <I> JPP</I><BR>Abstenção:<I>PCP</I>, <I> BE</I>, <I> PAN</I>",,,
315536,135,Requerimento dispensa do prazo previsto Artº 157 RAR,2025-12-05,Aprovado,,,,
315763,13,Votação na generalidade,2026-01-23,Aprovado,"A Favor: <I>PSD</I>, <I> IL</I>, <I> CDS-PP</I><BR>Contra:<I>PCP</I><BR>Abstenção:<I>CH</I>, <I> PS</I>, <I> L</I>, <I> BE</I>, <I> PAN</I>",,,
315763,18,Votação final global,2026-03-06,Aprovado,"A Favor: <I>PSD</I>, <I> IL</I>, <I> CDS-PP</I><BR>Contra:<I>PCP</I><BR>Abstenção:<I>CH</I>, <I> PS</I>, <I> L</I>, <I> BE</I>, <I> PAN</I>, <I> JPP</I>",,,
335943,13,Votação na generalidade,2026-02-13,Aprovado,"A Favor: <I>PSD</I>, <I> L</I>, <I> CDS-PP</I><BR>Abstenção:<I>CH</I>, <I> PS</I>, <I> IL</I>, <I> PCP</I>, <I> BE</I>, <I> PAN</I>, <I> JPP</I>",,,
335943,18,Votação final global,2026-04-17,Aprovado,"A Favor: <I>PSD</I>, <I> PS</I>, <I> IL</I>, <I> L</I>, <I> CDS-PP</I>, <I> JPP</I><BR>Abstenção:<I>CH</I>, <I> PCP</I>, <I> BE</I>, <I> PAN</I>",,,
315492,13,Votação na generalidade,2025-09-19,Aprovado,Ausência: <I>BE</I>,,,
315492,34,Votação na especialidade,2025-09-19,Aprovado,Ausência: <I>BE</I>,,,
315492,18,Votação final global,2025-09-19,Aprovado,Ausência: <I>BE</I>,,,
315492,135,Requerimento dispensa do prazo previsto Artº 157 RAR,2025-09-19,Aprovado,Ausência: <I>BE</I>,,,
315798,13,Votação na generalidade,2026-01-09,Aprovado,"A Favor: <I>PSD</I>, <I> IL</I>, <I> CDS-PP</I><BR>Contra:<I>L</I>, <I> PCP</I>, <I> BE</I>, <I> PAN</I><BR>Abstenção:<I>CH</I>, <I> PS</I>, <I> JPP</I>",,,
315798,18,Votação final global,2026-02-20,Aprovado,"A Favor: <I>PSD</I>, <I> IL</I>, <I> CDS-PP</I><BR>Contra:<I>L</I>, <I> PCP</I>, <I> BE</I>, <I> PAN</I><BR>Abstenção:<I>CH</I>, <I> PS</I>, <I> JPP</I>",,,
315798,81,Requerimento dispensa redação final,2026-02-20,Aprovado,"A Favor: <I>PSD</I>, <I> CH</I>, <I> PS</I>, <I> IL</I>, <I> L</I>, <I> CDS-PP</I>, <I> BE</I>, <I> PAN</I>, <I> JPP</I><BR>Abstenção:<I>PCP</I>",,,
356383,13,Votação na generalidade,2026-04-10,Aprovado,"A Favor: <I>PSD</I>, <I> CH</I>, <I> PS</I>, <I> L</I>, <I> CDS-PP</I>, <I> BE</I>, <I> PAN</I>, <I> JPP</I><BR>Abstenção:<I>IL</I>, <I> PCP</I>",,,
356383,34,Votação na especialidade,2026-04-17,Aprovado,"A Favor: <I>PSD</I>, <I> CH</I>, <I> PS</I>, <I> CDS-PP</I>, <I> BE</I>, <I> PAN</I>, <I> JPP</I><BR>Contra:<I>PCP</I><BR>Abstenção:<I>IL</I>, <I> L</I>",,,
356383,18,Votação final global,2026-04-17,Aprovado,"A Favor: <I>PSD</I>, <I> CH</I>, <I> PS</I>, <I> CDS-PP</I>, <I> BE</I>, <I> PAN</I>, <I> JPP</I><BR>Contra:<I>PCP</I><BR>Abstenção:<I>IL</I>, <I> L</I>",,,
315140,13,Votação na generalidade,2025-10-16,Aprovado,"A Favor: <I>CH</I>, <I> PS</I>, <I> BE</I>, <I> PAN</I>, <I> JPP</I><BR>Abstenção:<I>PSD</I>, <I> IL</I>, <I> L</I>, <I> PCP</I>, <I> CDS-PP</I>",,,
315140,18,Votação final global,2026-01-09,Aprovado,"A Favor: <I>CH</I>, <I> PS</I>, <I> L</I>, <I> PCP</I>, <I> BE</I>, <I> PAN</I>, <I> JPP</I><BR>Contra:<I>PSD</I>, <I> CDS-PP</I><BR>Abstenção:<I>IL</I>",,,
315147,13,Votação na generalidade,2025-09-19,Aprovado,"A Favor: <I>CH</I>, <I> PS</I>, <I> L</I>, <I> PAN</I>, <I> JPP</I><BR>Contra:<I>PSD</I>, <I> IL</I>, <I> PCP</I>, <I> CDS-PP</I>",,,
315147,18,Votação final global,2025-09-26,Aprovado,"A Favor: <I>CH</I>, <I> PS</I>, <I> L</I>, <I> BE</I>, <I> PAN</I>, <I> JPP</I><BR>Contra:<I>PSD</I>, <I> IL</I>, <I> PCP</I>, <I> CDS-PP</I>",,,
356924,56,Votação global,2026-07-17,Aprovado,"A Favor: <I>PSD</I>, <I> CH</I>, <I> PS</I>, <I> IL</I>, <I> L</I>, <I> CDS-PP</I>, <I> BE</I>, <I> PAN</I>, <I> JPP</I><BR>Abstenção:<I>PCP</I>",,,
356960,56,Votação global,2026-07-17,Aprovado,"A Favor: <I>PSD</I>, <I> CH</I>, <I> PS</I>, <I> L</I>, <I> CDS-PP</I>, <I> PAN</I>, <I> JPP</I><BR>Contra:<I>IL</I>, <I> PCP</I>, <I> BE</I>",,,
315106,13,Votação na generalidade,2025-06-27,Aprovado,"A Favor: <I>CH</I>, <I> PS</I>, <I> BE</I>, <I> PAN</I>, <I> JPP</I><BR>Contra:<I>PSD</I>, <I> IL</I>, <I> CDS-PP</I><BR>Abstenção:<I>L</I>, <I> PCP</I>",,,
315106,18,Votação final global,2026-06-19,Aprovado,"A Favor: <I>CH</I>, <I> PS</I>, <I> BE</I>, <I> PAN</I>, <I> JPP</I><BR>Contra:<I>PSD</I>, <I> IL</I>, <I> CDS-PP</I><BR>Abstenção:<I>L</I>, <I> PCP</I>",,,
315110,13,Votação na generalidade,2025-06-27,Aprovado,"A Favor: <I>CH</I>, <I> PS</I>, <I> IL</I>, <I> BE</I>, <I> PAN</I>, <I> JPP</I><BR>Abstenção:<I>PSD</I>, <I> L</I>, <I> PCP</I>, <I> CDS-PP</I>",,,
315110,18,Votação final global,2025-12-19,Aprovado,"A Favor: <I>CH</I>, <I> PS</I>, <I> IL</I>, <I> L</I>, <I> PCP</I>, <I> CDS-PP</I>, <I> BE</I>, <I> PAN</I>, <I> JPP</I><BR>Abstenção:<I>PSD</I>",,,
315220,13,Votação na generalidade,2025-07-04,Aprovado,"A Favor: <I>PSD</I>, <I> CH</I>, <I> IL</I>, <I> L</I>, <I> PCP</I>, <I> CDS-PP</I>, <I> BE</I>, <I> PAN</I>, <I> JPP</I><BR>Abstenção:<I>PS</I>",,,
315220,18,Votação final global,2025-10-28,Aprovado,,,,
315155,73,Votação Deliberação,2025-07-11,Aprovado,"A Favor: <I>PS</I>, <I> L</I>, <I> PCP</I>, <I> BE</I>, <I> PAN</I>, <I> JPP</I><BR>Abstenção:<I>PSD</I>, <I> CH</I>, <I> IL</I>, <I> CDS-PP</I>",,,
315215,13,Votação na generalidade,2025-07-04,Aprovado,"A Favor: <I>PSD</I>, <I> PS</I>, <I> IL</I>, <I> L</I>, <I> PCP</I>, <I> CDS-PP</I>, <I> BE</I>, <I> PAN</I>, <I> JPP</I><BR>Abstenção:<I>CH</I>",,,
315215,18,Votação final global,2025-10-28,Aprovado,,,,
315275,13,Votação na generalidade,2025-07-11,Aprovado,"A Favor: <I>PS</I>, <I> IL</I>, <I> L</I>, <I> BE</I>, <I> PAN</I>, <I> JPP</I><BR>Contra:<I>CH</I><BR>Abstenção:<I>PSD</I>, <I> PCP</I>, <I> CDS-PP</I>",,,
315275,18,Votação final global,2025-10-28,Aprovado,"A Favor: <I>PS</I>, <I> IL</I>, <I> L</I>, <I> BE</I>, <I> PAN</I>, <I> JPP</I><BR>Contra:<I>CH</I><BR>Abstenção:<I>PSD</I>, <I> PCP</I>, <I> CDS-PP</I>",,,
315042,13,Votação na generalidade,2025-12-05,Rejeitado,"A Favor: <I>PS</I>, <I> L</I>, <I> BE</I>, <I> PAN</I>, <I> JPP</I>, <I> João Pedro Louro (PSD)</I><BR>Contra:<I>PSD</I>, <I> CH</I>, <I> IL</I>, <I> CDS-PP</I><BR>Abstenção:<I>PCP</I>",,,
315282,13,Votação na generalidade,2025-07-11,Aprovado,"A Favor: <I>PS</I>, <I> L</I>, <I> BE</I>, <I> PAN</I>, <I> JPP</I><BR>Contra:<I>CH</I><BR>Abstenção:<I>PSD</I>, <I> IL</I>, <I> PCP</I>, <I> CDS-PP</I>",,,
315282,18,Votação final global,2025-10-28,Aprovado,"A Favor: <I>PS</I>, <I> IL</I>, <I> L</I>, <I> BE</I>, <I> PAN</I>, <I> JPP</I><BR>Contra:<I>CH</I><BR>Abstenção:<I>PSD</I>, <I> PCP</I>, <I> CDS-PP</I>",,,
315279,73,Votação Deliberação,2025-09-19,Aprovado,"A Favor: <I>CH</I>, <I> PS</I>, <I> IL</I>, <I> L</I>, <I> PCP</I>, <I> PAN</I>, <I> JPP</I><BR>Contra:<I>PSD</I>, <I> CDS-PP</I>",,,
315227,73,Votação Deliberação,2025-07-16,Aprovado,"A Favor: <I>CH</I>, <I> PS</I>, <I> IL</I>, <I> L</I>, <I> PCP</I>, <I> BE</I>, <I> PAN</I>, <I> JPP</I><BR>Contra:<I>PSD</I>, <I> CDS-PP</I>",,,
315055,73,Votação Deliberação,2026-02-13,Rejeitado,"A Favor: <I>PS</I>, <I> L</I>, <I> BE</I>, <I> PAN</I>, <I> JPP</I><BR>Contra:<I>PSD</I>, <I> CH</I>, <I> CDS-PP</I><BR>Abstenção:<I>IL</I>, <I> PCP</I>",,,
315425,13,Votação na generalidade,2026-03-13,Aprovado,"A Favor: <I>PS</I>, <I> L</I>, <I> BE</I>, <I> PAN</I>, <I> JPP</I><BR>Abstenção:<I>PSD</I>, <I> CH</I>, <I> IL</I>, <I> PCP</I>, <I> CDS-PP</I>",,,
315425,18,Votação final global,2026-07-03,Aprovado,"A Favor: <I>CH</I>, <I> PS</I>, <I> L</I>, <I> BE</I>, <I> PAN</I>, <I> JPP</I><BR>Abstenção:<I>PSD</I>, <I> IL</I>, <I> PCP</I>, <I> CDS-PP</I>",,,
315393,13,Votação na generalidade,2026-05-15,Aprovado,"A Favor: <I>CH</I>, <I> PS</I>, <I> JPP</I><BR>Contra:<I>IL</I>, <I> PAN</I><BR>Abstenção:<I>PSD</I>, <I> L</I>, <I> PCP</I>, <I> CDS-PP</I>, <I> BE</I>",,,
315393,18,Votação final global,2026-06-25,Aprovado,"A Favor: <I>CH</I>, <I> PS</I>, <I> L</I>, <I> PCP</I>, <I> BE</I>, <I> JPP</I><BR>Abstenção:<I>PSD</I>, <I> IL</I>, <I> CDS-PP</I>, <I> PAN</I>",,,
315054,73,Votação Deliberação,2026-07-17,Rejeitado,"A Favor: <I>PS</I>, <I> L</I>, <I> BE</I>, <I> PAN</I>, <I> JPP</I><BR>Contra:<I>PSD</I>, <I> CH</I>, <I> PCP</I>, <I> CDS-PP</I><BR>Abstenção:<I>IL</I>",,,
315109,13,Votação na generalidade,2025-06-27,Aprovado,"A Favor: <I>PSD</I>, <I> CH</I>, <I> PS</I>, <I> IL</I>, <I> CDS-PP</I>, <I> BE</I>, <I> PAN</I>, <I> JPP</I><BR>Abstenção:<I>L</I>, <I> PCP</I>",,,
315405,13,Votação na generalidade,2026-05-15,Aprovado,"A Favor: <I>CH</I>, <I> PS</I>, <I> L</I>, <I> PCP</I>, <I> BE</I>, <I> JPP</I><BR>Contra:<I>PAN</I><BR>Abstenção:<I>PSD</I>, <I> IL</I>, <I> CDS-PP</I>",,,
315405,18,Votação final global,2026-06-25,Aprovado,"A Favor: <I>CH</I>, <I> PS</I>, <I> L</I>, <I> PCP</I>, <I> BE</I>, <I> JPP</I><BR>Abstenção:<I>PSD</I>, <I> IL</I>, <I> CDS-PP</I>, <I> PAN</I>",,,
315058,73,Votação Deliberação,2026-07-17,Rejeitado,"A Favor: <I>PS</I>, <I> L</I>, <I> BE</I>, <I> PAN</I>, <I> JPP</I><BR>Contra:<I>PSD</I>, <I> CH</I>, <I> IL</I>, <I> CDS-PP</I><BR>Abstenção:<I>PCP</I>",,,
315476,13,Votação na generalidade,2025-10-28,Aprovado,"A Favor: <I>CH</I>, <I> PS</I>, <I> L</I>, <I> PCP</I>, <I> BE</I>, <I> PAN</I>, <I> JPP</I><BR>Contra:<I>PSD</I><BR>Abstenção:<I>IL</I>, <I> CDS-PP</I>",,,
315476,18,Votação final global,2026-01-09,Aprovado,"A Favor: <I>CH</I>, <I> PS</I>, <I> L</I>, <I> PCP</I>, <I> BE</I>, <I> PAN</I>, <I> JPP</I><BR>Contra:<I>PSD</I>, <I> CDS-PP</I><BR>Abstenção:<I>IL</I>",,,
315144,13,Votação na generalidade,2025-06-27,Aprovado,"A Favor: <I>PSD</I>, <I> CH</I>, <I> PS</I>, <I> IL</I>, <I> CDS-PP</I>, <I> PAN</I>, <I> JPP</I><BR>Contra:<I>PCP</I><BR>Abstenção:<I>L</I>, <I> BE</I>",,,
315131,13,Votação na generalidade,2025-06-27,Aprovado,"A Favor: <I>PSD</I>, <I> CH</I>, <I> PS</I>, <I> IL</I>, <I> L</I>, <I> CDS-PP</I>, <I> BE</I>, <I> PAN</I>, <I> JPP</I><BR>Contra:<I>PCP</I>",,,
315116,13,Votação na generalidade,2025-12-05,Rejeitado,"A Favor: <I>IL</I><BR>Contra:<I>PSD</I>, <I> CH</I>, <I> PS</I>, <I> L</I>, <I> PCP</I>, <I> CDS-PP</I>, <I> BE</I>, <I> PAN</I>, <I> JPP</I>",,,
315176,13,Votação na generalidade,2025-07-04,Rejeitado,"A Favor: <I>CH</I>, <I> IL</I><BR>Contra:<I>PSD</I>, <I> PCP</I>, <I> CDS-PP</I>, <I> BE</I><BR>Abstenção:<I>PS</I>, <I> L</I>, <I> PAN</I>, <I> JPP</I>",,,
315210,13,Votação na generalidade,2025-07-04,Rejeitado,"A Favor: <I>L</I>, <I> PCP</I>, <I> BE</I>, <I> PAN</I>, <I> JPP</I><BR>Contra:<I>PSD</I>, <I> IL</I>, <I> CDS-PP</I><BR>Abstenção:<I>CH</I>, <I> PS</I>",,,
315364,73,Votação Deliberação,2025-09-26,Rejeitado,"A Favor: <I>PS</I>, <I> L</I>, <I> BE</I>, <I> PAN</I>, <I> JPP</I><BR>Contra:<I>PSD</I>, <I> CH</I>, <I> IL</I>, <I> PCP</I>, <I> CDS-PP</I>",,,
315212,13,Votação na generalidade,2025-07-04,Rejeitado,"A Favor: <I>L</I>, <I> PCP</I>, <I> BE</I>, <I> PAN</I>, <I> JPP</I><BR>Contra:<I>PSD</I>, <I> CH</I>, <I> IL</I>, <I> CDS-PP</I><BR>Abstenção:<I>PS</I>",,,
315190,13,Votação na generalidade,2025-07-04,Rejeitado,"A Favor: <I>CH</I>, <I> BE</I>, <I> PAN</I>, <I> JPP</I><BR>Contra:<I>PSD</I>, <I> PS</I>, <I> IL</I><BR>Abstenção:<I>L</I>, <I> PCP</I>, <I> CDS-PP</I>",,,
315552,13,Votação na generalidade,2025-09-19,Aprovado,"A Favor: <I>PSD</I>, <I> CH</I>, <I> PS</I>, <I> IL</I>, <I> L</I>, <I> CDS-PP</I>, <I> PAN</I>, <I> JPP</I><BR>Abstenção:<I>PCP</I>",,,
315552,18,Votação final global,2025-10-17,Aprovado,"A Favor: <I>PSD</I>, <I> CH</I>, <I> PS</I>, <I> IL</I>, <I> L</I>, <I> CDS-PP</I>, <I> BE</I>, <I> PAN</I>, <I> JPP</I><BR>Abstenção:<I>PCP</I>",,,
315634,13,Votação na generalidade,2025-12-18,Aprovado,"A Favor: <I>PSD</I>, <I> CH</I>, <I> IL</I>, <I> L</I>, <I> CDS-PP</I>, <I> BE</I>, <I> PAN</I>, <I> JPP</I><BR>Abstenção:<I>PS</I>, <I> PCP</I>",,,
315634,18,Votação final global,2026-02-13,Aprovado,"A Favor: <I>PSD</I>, <I> CH</I>, <I> IL</I>, <I> L</I>, <I> CDS-PP</I>, <I> BE</I>, <I> PAN</I>, <I> JPP</I><BR>Abstenção:<I>PS</I>, <I> PCP</I>",,,
315236,13,Votação na generalidade,2025-07-04,Rejeitado,"A Favor: <I>IL</I>, <I> L</I>, <I> PCP</I>, <I> BE</I>, <I> PAN</I>, <I> JPP</I><BR>Contra:<I>PSD</I>, <I> CDS-PP</I><BR>Abstenção:<I>CH</I>, <I> PS</I>",,,
315235,13,Votação na generalidade,2025-07-04,Rejeitado,"A Favor: <I>L</I>, <I> PAN</I>, <I> JPP</I><BR>Contra:<I>PSD</I>, <I> CH</I>, <I> PS</I>, <I> PCP</I>, <I> CDS-PP</I><BR>Abstenção:<I>IL</I>, <I> BE</I>",,,
315296,13,Votação na generalidade,2025-07-11,Aprovado,"A Favor: <I>PSD</I>, <I> IL</I>, <I> CDS-PP</I><BR>Contra:<I>PS</I>, <I> L</I>, <I> PCP</I>, <I> BE</I>, <I> PAN</I>, <I> JPP</I><BR>Abstenção:<I>CH</I>",,,
315203,13,Votação na generalidade,2025-07-04,Rejeitado,"A Favor: <I>PS</I>, <I> L</I>, <I> BE</I>, <I> PAN</I>, <I> JPP</I><BR>Contra:<I>CH</I>, <I> IL</I>, <I> CDS-PP</I><BR>Abstenção:<I>PSD</I>, <I> PCP</I>",,,
315554,13,Votação na generalidade,2025-09-19,Aprovado,"A Favor: <I>CH</I>, <I> PS</I>, <I> L</I>, <I> PAN</I>, <I> JPP</I><BR>Contra:<I>PSD</I>, <I> PCP</I><BR>Abstenção:<I>IL</I>, <I> CDS-PP</I>",,,
315554,18,Votação final global,2025-12-05,Aprovado,"A Favor: <I>CH</I>, <I> PS</I>, <I> L</I>, <I> BE</I>, <I> PAN</I>, <I> JPP</I><BR>Contra:<I>PSD</I>, <I> PCP</I><BR>Abstenção:<I>IL</I>, <I> CDS-PP</I>",,,
315211,13,Votação na generalidade,2025-07-04,Rejeitado,"A Favor: <I>CH</I>, <I> L</I>, <I> PCP</I>, <I> BE</I>, <I> PAN</I>, <I> JPP</I><BR>Contra:<I>PSD</I>, <I> PS</I>, <I> IL</I>, <I> CDS-PP</I>",,,
315548,13,Votação na generalidade,2025-09-19,Aprovado,"A Favor: <I>CH</I>, <I> PS</I>, <I> IL</I>, <I> PAN</I>, <I> JPP</I><BR>Contra:<I>PSD</I>, <I> CDS-PP</I><BR>Abstenção:<I>L</I>, <I> PCP</I>",,,
315548,18,Votação final global,2026-03-06,Aprovado,"A Favor: <I>CH</I>, <I> PS</I>, <I> IL</I>, <I> BE</I>, <I> PAN</I>, <I> JPP</I><BR>Contra:<I>PSD</I>, <I> CDS-PP</I><BR>Abstenção:<I>L</I>, <I> PCP</I>",,,
315505,73,Votação Deliberação,2026-05-29,Aprovado,"A Favor: <I>CH</I>, <I> PS</I>, <I> IL</I>, <I> CDS-PP</I>, <I> BE</I>, <I> JPP</I><BR>Abstenção:<I>PSD</I>, <I> L</I>, <I> PCP</I>, <I> PAN</I>",,,
315377,73,Votação Deliberação,2025-08-27,Aprovado,,,,
315581,13,Votação na generalidade,2025-09-19,Aprovado,"A Favor: <I>PS</I>, <I> L</I>, <I> PAN</I>, <I> JPP</I><BR>Contra:<I>IL</I>, <I> PCP</I><BR>Abstenção:<I>PSD</I>, <I> CH</I>, <I> CDS-PP</I>",,,
315581,18,Votação final global,2025-10-17,Aprovado,"A Favor: <I>CH</I>, <I> PS</I>, <I> L</I>, <I> PAN</I>, <I> JPP</I><BR>Contra:<I>IL</I>, <I> BE</I><BR>Abstenção:<I>PSD</I>, <I> PCP</I>, <I> CDS-PP</I>",,,
315334,13,Votação na generalidade,2025-07-16,Aprovado,"A Favor: <I>CH</I>, <I> PS</I>, <I> IL</I>, <I> L</I>, <I> PCP</I>, <I> BE</I>, <I> PAN</I>, <I> JPP</I><BR>Contra:<I>PSD</I>, <I> CDS-PP</I>",,,
315312,13,Votação na generalidade,2025-10-17,Rejeitado,"A Favor: <I>L</I>, <I> PCP</I>, <I> BE</I>, <I> PAN</I>, <I> JPP</I><BR>Contra:<I>PSD</I>, <I> CDS-PP</I><BR>Abstenção:<I>CH</I>, <I> PS</I>, <I> IL</I>",,,
315286,13,Votação na generalidade,2025-07-11,Rejeitado,"A Favor: <I>L</I>, <I> BE</I>, <I> PAN</I>, <I> JPP</I><BR>Contra:<I>PSD</I>, <I> CH</I>, <I> IL</I>, <I> CDS-PP</I><BR>Abstenção:<I>PS</I>, <I> PCP</I>",,,
315306,13,Votação na generalidade,2025-07-11,Rejeitado,"A Favor: <I>PS</I>, <I> L</I>, <I> PCP</I>, <I> BE</I>, <I> PAN</I>, <I> JPP</I><BR>Contra:<I>PSD</I>, <I> CH</I>, <I> IL</I>, <I> CDS-PP</I>",,,
315318,13,Votação na generalidade,2025-07-11,Rejeitado,"A Favor: <I>PS</I>, <I> IL</I>, <I> L</I>, <I> PCP</I>, <I> BE</I>, <I> PAN</I>, <I> JPP</I><BR>Contra:<I>PSD</I>, <I> CDS-PP</I><BR>Abstenção:<I>CH</I>",,,
315442,13,Votação na generalidade,2026-05-22,Rejeitado,"A Favor: <I>CH</I>, <I> CDS-PP</I>, <I> JPP</I><BR>Contra:<I>PSD</I>, <I> PS</I>, <I> PCP</I>, <I> PAN</I><BR>Abstenção:<I>IL</I>, <I> L</I>, <I> BE</I>",,,
315489,13,Votação na generalidade,2025-10-28,Aprovado,"A Favor: <I>CH</I>, <I> L</I>, <I> BE</I>, <I> PAN</I>, <I> JPP</I><BR>Contra:<I>IL</I><BR>Abstenção:<I>PSD</I>, <I> PS</I>, <I> PCP</I>, <I> CDS-PP</I>",,,
315363,73,Votação Deliberação,2025-09-19,Rejeitado,"A Favor: <I>L</I>, <I> PCP</I>, <I> PAN</I>, <I> JPP</I><BR>Contra:<I>PSD</I>, <I> IL</I>, <I> CDS-PP</I><BR>Abstenção:<I>CH</I>, <I> PS</I>",,,
315777,13,Votação na generalidade,2025-12-19,Aprovado,,,,
315777,18,Votação final global,2026-01-09,Aprovado,,,,
315366,73,Votação Deliberação,2025-12-19,Rejeitado,"A Favor: <I>PS</I>, <I> L</I>, <I> PCP</I>, <I> BE</I>, <I> PAN</I>, <I> JPP</I><BR>Contra:<I>PSD</I>, <I> CDS-PP</I><BR>Abstenção:<I>CH</I>, <I> IL</I>",,,
315721,13,Votação na generalidade,2025-10-16,Aprovado,"A Favor: <I>PSD</I>, <I> CH</I>, <I> IL</I>, <I> CDS-PP</I>, <I> PAN</I>, <I> JPP</I><BR>Contra:<I>L</I>, <I> PCP</I>, <I> BE</I><BR>Abstenção:<I>PS</I>",,,
315721,18,Votação final global,2026-01-09,Aprovado,"A Favor: <I>CH</I>, <I> PS</I>, <I> IL</I>, <I> L</I>, <I> PCP</I>, <I> BE</I>, <I> PAN</I>, <I> JPP</I><BR>Contra:<I>PSD</I>, <I> CDS-PP</I>",,,
315666,13,Votação na generalidade,2026-01-30,Aprovado,"A Favor: <I>CH</I>, <I> IL</I>, <I> CDS-PP</I>, <I> PAN</I><BR>Contra:<I>PCP</I><BR>Abstenção:<I>PSD</I>, <I> PS</I>, <I> L</I>, <I> BE</I>, <I> JPP</I>",,,
315666,18,Votação final global,2026-06-12,Aprovado,"A Favor: <I>CH</I>, <I> PS</I>, <I> IL</I>, <I> L</I>, <I> CDS-PP</I>, <I> JPP</I><BR>Abstenção:<I>PSD</I>, <I> PCP</I>, <I> BE</I>, <I> PAN</I>",,,
315707,13,Votação na generalidade,2025-10-28,Aprovado,"A Favor: <I>CH</I>, <I> PS</I>, <I> IL</I>, <I> L</I>, <I> PCP</I>, <I> BE</I>, <I> PAN</I>, <I> JPP</I><BR>Contra:<I>PSD</I>, <I> CDS-PP</I>",,,
315707,18,Votação final global,2026-01-09,Aprovado,"A Favor: <I>CH</I>, <I> PS</I>, <I> L</I>, <I> PCP</I>, <I> BE</I>, <I> PAN</I>, <I> JPP</I><BR>Contra:<I>PSD</I>, <I> CDS-PP</I><BR>Abstenção:<I>IL</I>",,,
315786,13,Votação na generalidade,2025-12-12,Aprovado,"A Favor: <I>PSD</I>, <I> CH</I>, <I> CDS-PP</I>, <I> PAN</I>, <I> JPP</I><BR>Contra:<I>IL</I>, <I> PCP</I><BR>Abstenção:<I>PS</I>, <I> L</I>",,,
315786,18,Votação final global,2026-01-09,Aprovado,"A Favor: <I>PSD</I>, <I> CH</I>, <I> CDS-PP</I>, <I> PAN</I><BR>Contra:<I>IL</I>, <I> PCP</I><BR>Abstenção:<I>PS</I>, <I> L</I>, <I> BE</I>, <I> JPP</I>",,,
315424,13,Votação na generalidade,2025-09-19,Rejeitado,"A Favor: <I>PS</I>, <I> L</I>, <I> PCP</I>, <I> PAN</I>, <I> JPP</I><BR>Contra:<I>PSD</I>, <I> CH</I>, <I> CDS-PP</I><BR>Abstenção:<I>IL</I>",,,
315567,73,Votação Deliberação,2025-09-26,Aprovado,,,,
315499,13,Votação na generalidade,2025-09-19,Rejeitado,"A Favor: <I>CH</I>, <I> PAN</I>, <I> JPP</I><BR>Contra:<I>PSD</I>, <I> PS</I>, <I> CDS-PP</I><BR>Abstenção:<I>IL</I>, <I> L</I>, <I> PCP</I>",,,
315660,73,Votação Deliberação,2025-10-17,Aprovado,,,,
315517,13,Votação na generalidade,2025-09-19,Rejeitado,"A Favor: <I>CH</I>, <I> IL</I>, <I> PAN</I>, <I> JPP</I><BR>Contra:<I>PSD</I>, <I> PS</I><BR>Abstenção:<I>L</I>, <I> PCP</I>, <I> CDS-PP</I>",,,
315844,13,Votação na generalidade,2025-12-19,Aprovado,"A Favor: <I>PS</I>, <I> IL</I>, <I> L</I>, <I> BE</I>, <I> PAN</I>, <I> JPP</I><BR>Contra:<I>PCP</I>, <I> CDS-PP</I><BR>Abstenção:<I>PSD</I>, <I> CH</I>",,,
315844,18,Votação final global,2026-04-24,Aprovado,"A Favor: <I>PS</I>, <I> IL</I>, <I> L</I>, <I> PCP</I>, <I> BE</I>, <I> PAN</I>, <I> JPP</I><BR>Abstenção:<I>PSD</I>, <I> CH</I>, <I> CDS-PP</I>",,,
315853,13,Votação na generalidade,2025-12-19,Aprovado,"A Favor: <I>PSD</I>, <I> CH</I>, <I> PS</I>, <I> L</I>, <I> PCP</I>, <I> BE</I>, <I> PAN</I>, <I> JPP</I><BR>Abstenção:<I>IL</I>, <I> CDS-PP</I>",,,
315853,18,Votação final global,2026-01-09,Aprovado,,,,
315538,13,Votação na generalidade,2025-09-26,Rejeitado,"A Favor: <I>CH</I>, <I> BE</I>, <I> PAN</I>, <I> JPP</I><BR>Contra:<I>PSD</I>, <I> CDS-PP</I><BR>Abstenção:<I>PS</I>, <I> IL</I>, <I> L</I>, <I> PCP</I>",,,
315525,73,Votação Deliberação,2025-12-19,Rejeitado,"A Favor: <I>CH</I>, <I> PAN</I><BR>Contra:<I>PSD</I>, <I> PS</I>, <I> IL</I>, <I> L</I>, <I> BE</I>, <I> JPP</I><BR>Abstenção:<I>PCP</I>, <I> CDS-PP</I>",,,
315659,73,Votação Deliberação,2025-10-17,Aprovado,"A Favor: <I>PSD</I>, <I> PS</I>, <I> IL</I>, <I> L</I>, <I> CDS-PP</I>, <I> BE</I>, <I> PAN</I>, <I> JPP</I><BR>Contra:<I>PCP</I><BR>Abstenção:<I>CH</I>",,,
335940,13,Votação na generalidade,2026-03-20,Aprovado,"A Favor: <I>PSD</I>, <I> CH</I>, <I> PS</I>, <I> IL</I>, <I> L</I>, <I> CDS-PP</I>, <I> PAN</I>, <I> JPP</I><BR>Contra:<I>PCP</I><BR>Abstenção:<I>BE</I>",,,
335940,18,Votação final global,2026-04-01,Aprovado,"A Favor: <I>PSD</I>, <I> CH</I>, <I> PS</I>, <I> IL</I>, <I> L</I>, <I> CDS-PP</I>, <I> BE</I>, <I> PAN</I>, <I> JPP</I><BR>Contra:<I>PCP</I>",,,
315540,73,Votação Deliberação,2025-09-10,Aprovado,"A Favor: <I>PSD</I>, <I> PS</I>, <I> IL</I>, <I> L</I>, <I> PCP</I>, <I> CDS-PP</I>, <I> PAN</I>, <I> JPP</I><BR>Contra:<I>CH</I>",,,
315816,73,Votação Deliberação,2025-12-19,Aprovado,"A Favor: <I>CH</I>, <I> PS</I>, <I> IL</I>, <I> L</I>, <I> PCP</I>, <I> BE</I>, <I> PAN</I>, <I> JPP</I><BR>Contra:<I>PSD</I>, <I> CDS-PP</I>",,,
315692,73,Votação Deliberação,2025-10-17,Aprovado,"A Favor: <I>CH</I>, <I> PS</I>, <I> L</I>, <I> BE</I>, <I> PAN</I>, <I> JPP</I><BR>Contra:<I>PSD</I>, <I> IL</I>, <I> CDS-PP</I><BR>Abstenção:<I>PCP</I>",,,
315572,13,Votação na generalidade,2025-09-19,Aprovado,"A Favor: <I>CH</I>, <I> PS</I>, <I> IL</I>, <I> L</I>, <I> PCP</I>, <I> PAN</I>, <I> JPP</I><BR>Contra:<I>PSD</I>, <I> CDS-PP</I>",,,
335951,13,Votação na generalidade,2026-05-08,Aprovado,"A Favor: <I>CH</I>, <I> PS</I>, <I> IL</I>, <I> L</I>, <I> PCP</I>, <I> BE</I>, <I> JPP</I><BR>Contra:<I>PSD</I>, <I> CDS-PP</I>, <I> PAN</I>",,,
335951,18,Votação final global,2026-07-03,Aprovado,"A Favor: <I>PSD</I>, <I> CH</I>, <I> PS</I>, <I> IL</I>, <I> L</I>, <I> PCP</I>, <I> CDS-PP</I>, <I> BE</I>, <I> JPP</I><BR>Contra:<I>PAN</I>",,,
315826,13,Votação na generalidade,2025-12-19,Aprovado,"A Favor: <I>CH</I>, <I> PS</I>, <I> L</I>, <I> PCP</I>, <I> BE</I>, <I> PAN</I>, <I> JPP</I><BR>Contra:<I>IL</I><BR>Abstenção:<I>PSD</I>, <I> CDS-PP</I>",,,
315826,18,Votação final global,2026-02-13,Aprovado,"A Favor: <I>CH</I>, <I> PS</I>, <I> L</I>, <I> PCP</I>, <I> BE</I>, <I> PAN</I>, <I> JPP</I><BR>Abstenção:<I>PSD</I>, <I> IL</I>, <I> CDS-PP</I>",,,
315858,73,Votação Deliberação,2026-02-13,Aprovado,"A Favor: <I>CH</I>, <I> PS</I>, <I> IL</I>, <I> L</I>, <I> PCP</I>, <I> BE</I>, <I> PAN</I>, <I> JPP</I><BR>Abstenção:<I>PSD</I>, <I> CDS-PP</I>",,,
315897,13,Votação na generalidade,2026-01-09,Rejeitado,"A Favor: <I>PS</I>, <I> IL</I>, <I> L</I>, <I> PCP</I>, <I> BE</I>, <I> PAN</I>, <I> JPP</I><BR>Contra:<I>PSD</I>, <I> CDS-PP</I><BR>Abstenção:<I>CH</I>",,,
356220,13,Votação na generalidade,2026-02-25,Aprovado,"A Favor: <I>CH</I>, <I> PS</I>, <I> IL</I>, <I> L</I>, <I> PCP</I>, <I> BE</I>, <I> PAN</I>, <I> JPP</I><BR>Contra:<I>PSD</I>, <I> CDS-PP</I>",,,
356220,18,Votação final global,2026-03-26,Aprovado,"A Favor: <I>CH</I>, <I> PS</I>, <I> IL</I>, <I> L</I>, <I> PCP</I>, <I> BE</I>, <I> PAN</I>, <I> JPP</I><BR>Contra:<I>PSD</I>, <I> CDS-PP</I>",,,
315902,13,Votação na generalidade,2026-01-09,Rejeitado,"A Favor: <I>PAN</I>, <I> JPP</I><BR>Contra:<I>PSD</I>, <I> IL</I>, <I> CDS-PP</I><BR>Abstenção:<I>CH</I>, <I> PS</I>, <I> L</I>, <I> PCP</I>, <I> BE</I>",,,
315869,13,Votação na generalidade,2025-12-18,Rejeitado,"A Favor: <I>PS</I>, <I> L</I>, <I> PCP</I>, <I> BE</I>, <I> PAN</I>, <I> JPP</I><BR>Contra:<I>PSD</I>, <I> CH</I>, <I> CDS-PP</I><BR>Abstenção:<I>IL</I>",,,
356239,13,Votação na generalidade,2026-03-13,Aprovado,"A Favor: <I>PSD</I>, <I> PS</I>, <I> IL</I>, <I> L</I>, <I> CDS-PP</I>, <I> BE</I>, <I> PAN</I>, <I> JPP</I><BR>Contra:<I>PCP</I><BR>Abstenção:<I>CH</I>",,,
356239,18,Votação final global,2026-07-03,Aprovado,"A Favor: <I>PSD</I>, <I> CH</I>, <I> PS</I>, <I> IL</I>, <I> L</I>, <I> CDS-PP</I>, <I> BE</I>, <I> PAN</I>, <I> JPP</I><BR>Contra:<I>PCP</I>",,,
356211,13,Votação na generalidade,2026-03-06,Aprovado,"A Favor: <I>CH</I>, <I> PS</I>, <I> IL</I>, <I> CDS-PP</I>, <I> BE</I>, <I> PAN</I>, <I> JPP</I><BR>Abstenção:<I>PSD</I>, <I> L</I>, <I> PCP</I>",,,
356448,13,Votação na generalidade,2026-04-10,Aprovado,"A Favor: <I>PSD</I>, <I> CH</I>, <I> CDS-PP</I>, <I> PAN</I>, <I> JPP</I><BR>Contra:<I>L</I>, <I> PCP</I>, <I> BE</I><BR>Abstenção:<I>PS</I>, <I> IL</I>",,,
356448,18,Votação final global,2026-05-08,Aprovado,"A Favor: <I>PSD</I>, <I> CH</I>, <I> CDS-PP</I>, <I> PAN</I>, <I> JPP</I><BR>Contra:<I>L</I>, <I> PCP</I>, <I> BE</I><BR>Abstenção:<I>PS</I>, <I> IL</I>",,,
356228,13,Votação na generalidade,2026-04-17,Rejeitado,"A Favor: <I>L</I>, <I> BE</I>, <I> PAN</I>, <I> JPP</I><BR>Contra:<I>PSD</I>, <I> CH</I>, <I> IL</I>, <I> CDS-PP</I><BR>Abstenção:<I>PS</I>, <I> PCP</I>",,,
356408,13,Votação na generalidade,2026-05-08,Aprovado,"A Favor: <I>PS</I>, <I> L</I>, <I> PCP</I>, <I> BE</I>, <I> PAN</I>, <I> JPP</I><BR>Contra:<I>CH</I>, <I> IL</I><BR>Abstenção:<I>PSD</I>, <I> CDS-PP</I>",,,
356409,13,Votação na generalidade,2026-04-10,Rejeitado,"A Favor: <I>PS</I>, <I> L</I>, <I> BE</I>, <I> PAN</I>, <I> JPP</I><BR>Contra:<I>PSD</I>, <I> CDS-PP</I><BR>Abstenção:<I>CH</I>, <I> IL</I>, <I> PCP</I>",,,
356661,13,Votação na generalidade,2026-05-13,Aprovado,"A Favor: <I>PSD</I>, <I> IL</I>, <I> CDS-PP</I><BR>Contra:<I>L</I>, <I> PCP</I>, <I> BE</I>, <I> PAN</I>, <I> JPP</I><BR>Abstenção:<I>CH</I>, <I> PS</I>",,,
356661,18,Votação final global,2026-05-29,Aprovado,"A Favor: <I>PSD</I>, <I> CH</I>, <I> IL</I>, <I> CDS-PP</I><BR>Contra:<I>L</I>, <I> PCP</I>, <I> BE</I>, <I> PAN</I><BR>Abstenção:<I>PS</I>, <I> JPP</I>",,,
315257,13,Votação na generalidade,2025-07-11,Aprovado,"A Favor: <I>PSD</I>, <I> CH</I>, <I> PS</I>, <I> IL</I>, <I> CDS-PP</I>, <I> PAN</I>, <I> JPP</I><BR>Contra:<I>L</I>, <I> PCP</I>, <I> BE</I>",,,
315257,18,Votação final global,2025-12-12,Aprovado,"A Favor: <I>PSD</I>, <I> CH</I>, <I> PS</I>, <I> IL</I>, <I> L</I>, <I> CDS-PP</I>, <I> PAN</I>, <I> JPP</I><BR>Contra:<I>PCP</I>",,,
356346,73,Votação Deliberação,2026-03-13,Rejeitado,"A Favor: <I>L</I>, <I> PCP</I>, <I> BE</I>, <I> PAN</I>, <I> JPP</I><BR>Contra:<I>PSD</I>, <I> CH</I>, <I> IL</I>, <I> CDS-PP</I><BR>Abstenção:<I>PS</I>",,,
356425,13,Votação na generalidade,2026-05-22,Rejeitado,"A Favor: <I>L</I>, <I> PCP</I>, <I> BE</I>, <I> JPP</I><BR>Contra:<I>PSD</I>, <I> PS</I>, <I> IL</I>, <I> CDS-PP</I><BR>Abstenção:<I>CH</I>, <I> PAN</I>",,,
356297,13,Votação na generalidade,2026-03-20,Rejeitado,"A Favor: <I>PS</I>, <I> L</I>, <I> BE</I>, <I> PAN</I>, <I> JPP</I><BR>Contra:<I>PSD</I>, <I> PCP</I>, <I> CDS-PP</I><BR>Abstenção:<I>CH</I>, <I> IL</I>",,,
356623,73,Votação Deliberação,2026-05-29,Aprovado,"A Favor: <I>PSD</I>, <I> CH</I>, <I> CDS-PP</I><BR>Contra:<I>PS</I>, <I> L</I>, <I> PCP</I>, <I> BE</I>, <I> PAN</I><BR>Abstenção:<I>IL</I>, <I> JPP</I>",,,
356624,73,Votação Deliberação,2026-05-29,Aprovado,"A Favor: <I>CH</I>, <I> PS</I>, <I> IL</I>, <I> BE</I>, <I> PAN</I>, <I> JPP</I><BR>Abstenção:<I>PSD</I>, <I> L</I>, <I> PCP</I>, <I> CDS-PP</I>",,,
356419,73,Votação Deliberação,2026-04-17,Rejeitado,"A Favor: <I>CH</I>, <I> CDS-PP</I><BR>Contra:<I>PSD</I>, <I> PS</I>, <I> L</I>, <I> PCP</I>, <I> BE</I>, <I> PAN</I>, <I> JPP</I><BR>Abstenção:<I>IL</I>",,,
356629,13,Votação na generalidade,2026-05-14,Aprovado,"A Favor: <I>CH</I>, <I> PS</I>, <I> L</I>, <I> PCP</I>, <I> BE</I>, <I> PAN</I>, <I> JPP</I><BR>Contra:<I>PSD</I>, <I> CDS-PP</I><BR>Abstenção:<I>IL</I>",,,
356602,73,Votação Deliberação,2026-05-08,Aprovado,"A Favor: <I>PS</I>, <I> L</I>, <I> PCP</I>, <I> BE</I>, <I> PAN</I>, <I> JPP</I><BR>Abstenção:<I>PSD</I>, <I> CH</I>, <I> IL</I>, <I> CDS-PP</I>",,,
356709,13,Votação na generalidade,2026-05-22,Aprovado,"A Favor: <I>PSD</I>, <I> CH</I>, <I> PS</I>, <I> IL</I>, <I> L</I>, <I> CDS-PP</I>, <I> BE</I>, <I> JPP</I><BR>Contra:<I>PCP</I><BR>Abstenção:<I>PAN</I>",,,
356709,18,Votação final global,2026-06-03,Aprovado,"A Favor: <I>PSD</I>, <I> CH</I>, <I> PS</I>, <I> L</I>, <I> CDS-PP</I>, <I> BE</I>, <I> JPP</I><BR>Contra:<I>PCP</I><BR>Abstenção:<I>IL</I>, <I> PAN</I>",,,
315340,13,Votação na generalidade,2025-07-11,Aprovado,"A Favor: <I>PSD</I>, <I> CH</I>, <I> PS</I>, <I> IL</I>, <I> CDS-PP</I>, <I> PAN</I>, <I> JPP</I><BR>Contra:<I>L</I>, <I> PCP</I>, <I> BE</I>",,,
315340,18,Votação final global,2025-12-12,Aprovado,"A Favor: <I>PSD</I>, <I> CH</I>, <I> PS</I>, <I> IL</I>, <I> L</I>, <I> CDS-PP</I>, <I> PAN</I>, <I> JPP</I><BR>Contra:<I>PCP</I>",,,
356491,13,Votação na generalidade,2026-04-24,Aprovado,"A Favor: <I>CH</I>, <I> PS</I>, <I> IL</I>, <I> L</I>, <I> PCP</I>, <I> BE</I>, <I> PAN</I>, <I> JPP</I><BR>Abstenção:<I>PSD</I>, <I> CDS-PP</I>",,,
356737,13,Votação na generalidade,2026-05-14,Aprovado,"A Favor: <I>CH</I>, <I> PS</I>, <I> IL</I>, <I> L</I>, <I> PCP</I>, <I> BE</I>, <I> PAN</I>, <I> JPP</I><BR>Abstenção:<I>PSD</I>, <I> CDS-PP</I>",,,
356737,18,Votação final global,2026-06-25,Aprovado,,,,
356732,13,Votação na generalidade,2026-05-14,Aprovado,"A Favor: <I>PSD</I>, <I> PS</I>, <I> IL</I>, <I> L</I>, <I> PCP</I>, <I> CDS-PP</I>, <I> BE</I>, <I> PAN</I>, <I> JPP</I><BR>Abstenção:<I>CH</I>",,,
356732,18,Votação final global,2026-06-25,Aprovado,,,,
356461,13,Votação na generalidade,2026-04-17,Rejeitado,"A Favor: <I>L</I>, <I> PCP</I>, <I> BE</I>, <I> PAN</I>, <I> JPP</I><BR>Contra:<I>PSD</I>, <I> CDS-PP</I><BR>Abstenção:<I>CH</I>, <I> PS</I>, <I> IL</I>",,,
356482,13,Votação na generalidade,2026-04-17,Rejeitado,"A Favor: <I>CH</I>, <I> IL</I>, <I> L</I>, <I> PCP</I>, <I> BE</I>, <I> PAN</I>, <I> JPP</I><BR>Contra:<I>PSD</I>, <I> PS</I>, <I> CDS-PP</I>",,,
356576,13,Votação na generalidade,2026-05-08,Aprovado,"A Favor: <I>PS</I>, <I> L</I>, <I> PCP</I>, <I> BE</I>, <I> PAN</I>, <I> JPP</I><BR>Abstenção:<I>PSD</I>, <I> CH</I>, <I> IL</I>, <I> CDS-PP</I>",,,
356499,13,Votação na generalidade,2026-04-10,Rejeitado,"A Favor: <I>PS</I>, <I> L</I>, <I> PCP</I>, <I> BE</I>, <I> PAN</I>, <I> JPP</I><BR>Contra:<I>PSD</I>, <I> CH</I>, <I> CDS-PP</I><BR>Abstenção:<I>IL</I>",,,
356535,13,Votação na generalidade,2026-04-24,Aprovado,"A Favor: <I>IL</I>, <I> L</I>, <I> PCP</I>, <I> BE</I>, <I> PAN</I>, <I> JPP</I><BR>Abstenção:<I>PSD</I>, <I> CH</I>, <I> PS</I>, <I> CDS-PP</I>",,,
356941,13,Votação na generalidade,2026-07-17,Aprovado,"A Favor: <I>CH</I>, <I> PS</I>, <I> L</I>, <I> PCP</I>, <I> BE</I>, <I> PAN</I>, <I> JPP</I><BR>Abstenção:<I>PSD</I>, <I> IL</I>, <I> CDS-PP</I>",,,
315400,13,Votação na generalidade,2026-03-06,Aprovado,"A Favor: <I>PS</I>, <I> L</I>, <I> PAN</I>, <I> JPP</I><BR>Contra:<I>CH</I><BR>Abstenção:<I>PSD</I>, <I> IL</I>, <I> PCP</I>, <I> CDS-PP</I>, <I> BE</I>",,,
315400,18,Votação final global,2026-05-08,Aprovado,"A Favor: <I>PSD</I>, <I> PS</I>, <I> IL</I>, <I> CDS-PP</I>, <I> JPP</I><BR>Contra:<I>CH</I><BR>Abstenção:<I>L</I>, <I> PCP</I>, <I> BE</I>, <I> PAN</I>",,,
356853,73,Votação Deliberação,2026-06-03,Aprovado,,,,
315441,13,Votação na generalidade,2026-05-22,Aprovado,"A Favor: <I>CH</I>, <I> PS</I>, <I> BE</I>, <I> PAN</I>, <I> JPP</I><BR>Abstenção:<I>PSD</I>, <I> IL</I>, <I> L</I>, <I> PCP</I>, <I> CDS-PP</I>",,,
315441,18,Votação final global,2026-07-17,Aprovado,"A Favor: <I>PSD</I>, <I> CH</I>, <I> PS</I>, <I> IL</I>, <I> CDS-PP</I>, <I> BE</I>, <I> PAN</I>, <I> JPP</I><BR>Abstenção:<I>L</I>, <I> PCP</I>",,,
356861,13,Votação na generalidade,2026-06-12,Rejeitado,"A Favor: <I>PS</I>, <I> L</I>, <I> PCP</I>, <I> BE</I>, <I> PAN</I>, <I> JPP</I><BR>Contra:<I>PSD</I>, <I> CDS-PP</I><BR>Abstenção:<I>CH</I>, <I> IL</I>",,,
356868,13,Votação na generalidade,2026-06-12,Rejeitado,"A Favor: <I>PS</I>, <I> PAN</I>, <I> JPP</I><BR>Contra:<I>PSD</I>, <I> PCP</I>, <I> CDS-PP</I><BR>Abstenção:<I>CH</I>, <I> IL</I>, <I> L</I>, <I> BE</I>",,,
356873,13,Votação na generalidade,2026-06-12,Rejeitado,"A Favor: <I>CH</I>, <I> L</I>, <I> BE</I>, <I> PAN</I>, <I> JPP</I><BR>Contra:<I>PSD</I>, <I> CDS-PP</I><BR>Abstenção:<I>PS</I>, <I> IL</I>, <I> PCP</I>",,,
356869,13,Votação na generalidade,2026-06-12,Rejeitado,"A Favor: <I>PS</I>, <I> IL</I>, <I> L</I>, <I> BE</I>, <I> PAN</I>, <I> JPP</I><BR>Contra:<I>PSD</I>, <I> CDS-PP</I><BR>Abstenção:<I>CH</I>, <I> PCP</I>",,,
315281,13,Votação na generalidade,2025-07-11,Aprovado,"A Favor: <I>CH</I>, <I> PS</I>, <I> IL</I>, <I> L</I>, <I> PCP</I>, <I> BE</I>, <I> PAN</I>, <I> JPP</I><BR>Contra:<I>PSD</I>, <I> CDS-PP</I>",,,
356888,13,Votação na generalidade,2026-06-12,Rejeitado,"A Favor: <I>L</I>, <I> PCP</I>, <I> BE</I>, <I> PAN</I>, <I> JPP</I><BR>Contra:<I>PSD</I>, <I> IL</I>, <I> CDS-PP</I><BR>Abstenção:<I>CH</I>, <I> PS</I>",,,
356870,13,Votação na generalidade,2026-06-12,Rejeitado,"A Favor: <I>PS</I>, <I> IL</I>, <I> L</I>, <I> PCP</I>, <I> BE</I>, <I> PAN</I>, <I> JPP</I><BR>Contra:<I>PSD</I>, <I> CDS-PP</I><BR>Abstenção:<I>CH</I>",,,
356978,13,Votação na generalidade,2026-07-03,Aprovado,"A Favor: <I>CH</I>, <I> PS</I>, <I> L</I>, <I> BE</I>, <I> PAN</I>, <I> JPP</I><BR>Contra:<I>PSD</I>, <I> PCP</I>, <I> CDS-PP</I><BR>Abstenção:<I>IL</I>",,,
356916,13,Votação na generalidade,2026-06-19,Rejeitado,"A Favor: <I>L</I>, <I> BE</I>, <I> PAN</I>, <I> JPP</I><BR>Contra:<I>PSD</I>, <I> CH</I>, <I> IL</I>, <I> CDS-PP</I><BR>Abstenção:<I>PS</I>, <I> PCP</I>",,,
356872,73,Votação Deliberação,2026-06-12,Rejeitado,"A Favor: <I>IL</I>, <I> L</I>, <I> PCP</I>, <I> BE</I>, <I> PAN</I>, <I> JPP</I><BR>Contra:<I>PSD</I>, <I> CDS-PP</I><BR>Abstenção:<I>CH</I>, <I> PS</I>",,,
315317,13,Votação na generalidade,2025-07-11,Rejeitado,"A Favor: <I>CH</I>, <I> IL</I>, <I> JPP</I><BR>Contra:<I>PSD</I>, <I> PS</I>, <I> PCP</I>, <I> CDS-PP</I>, <I> BE</I><BR>Abstenção:<I>L</I>, <I> PAN</I>",,,
315233,13,Votação na generalidade,2025-07-04,Rejeitado,"A Favor: <I>IL</I>, <I> L</I>, <I> PCP</I>, <I> BE</I>, <I> PAN</I>, <I> JPP</I><BR>Contra:<I>PSD</I>, <I> CH</I>, <I> CDS-PP</I><BR>Abstenção:<I>PS</I>",,,
315329,13,Votação na generalidade,2026-01-30,Rejeitado,"A Favor: <I>CH</I>, <I> PAN</I>, <I> JPP</I><BR>Contra:<I>PSD</I>, <I> PS</I>, <I> IL</I>, <I> L</I>, <I> PCP</I>, <I> BE</I><BR>Abstenção:<I>CDS-PP</I>",,,
315518,13,Votação na generalidade,2026-01-23,Aprovado,"A Favor: <I>CH</I>, <I> PS</I>, <I> IL</I>, <I> L</I>, <I> PCP</I>, <I> BE</I>, <I> PAN</I><BR>Abstenção:<I>PSD</I>, <I> CDS-PP</I>",,,
335942,13,Votação na generalidade,2026-01-09,Aprovado,"A Favor: <I>PSD</I>, <I> CH</I>, <I> PS</I>, <I> L</I>, <I> PCP</I>, <I> CDS-PP</I>, <I> BE</I>, <I> PAN</I>, <I> JPP</I><BR>Abstenção:<I>IL</I>",,,
335942,34,Votação na especialidade,2026-01-09,Aprovado,"A Favor: <I>PSD</I>, <I> CH</I>, <I> PS</I>, <I> L</I>, <I> PCP</I>, <I> CDS-PP</I>, <I> BE</I>, <I> PAN</I>, <I> JPP</I><BR>Abstenção:<I>IL</I>",,,
335942,18,Votação final global,2026-01-09,Aprovado,"A Favor: <I>PSD</I>, <I> CH</I>, <I> PS</I>, <I> L</I>, <I> PCP</I>, <I> CDS-PP</I>, <I> BE</I>, <I> PAN</I>, <I> JPP</I><BR>Abstenção:<I>IL</I>",,,
315433,13,Votação na generalidade,2026-01-30,Rejeitado,"A Favor: <I>L</I>, <I> PCP</I>, <I> BE</I>, <I> PAN</I><BR>Contra:<I>PSD</I>, <I> CH</I>, <I> PS</I>, <I> IL</I>, <I> CDS-PP</I><BR>Abstenção:<I>JPP</I>",,,
315469,13,Votação na generalidade,2025-09-19,Rejeitado,"A Favor: <I>PS</I>, <I> L</I>, <I> PAN</I>, <I> JPP</I><BR>Contra:<I>PSD</I>, <I> CH</I>, <I> IL</I>, <I> PCP</I>, <I> CDS-PP</I>",,,
315575,13,Votação na generalidade,2025-09-26,Aprovado,"A Favor: <I>L</I>, <I> BE</I>, <I> PAN</I>, <I> JPP</I><BR>Abstenção:<I>PSD</I>, <I> CH</I>, <I> PS</I>, <I> IL</I>, <I> PCP</I>, <I> CDS-PP</I>",,,
315610,122,Requerimento Baixa Comissão sem Votação (Generalidade),2025-09-26,Aprovado,,,,
315610,13,Votação na generalidade,2026-04-24,Rejeitado,"A Favor: <I>PS</I>, <I> IL</I>, <I> L</I>, <I> PCP</I>, <I> BE</I>, <I> PAN</I>, <I> JPP</I><BR>Contra:<I>PSD</I>, <I> CDS-PP</I><BR>Abstenção:<I>CH</I>",,,
335953,13,Votação na generalidade,2026-03-20,Aprovado,"A Favor: <I>PSD</I>, <I> PS</I>, <I> IL</I>, <I> L</I>, <I> PCP</I>, <I> BE</I>, <I> PAN</I>, <I> JPP</I><BR>Abstenção:<I>CH</I>, <I> CDS-PP</I>",,,
335953,34,Votação na especialidade,2026-03-20,Aprovado,"A Favor: <I>PSD</I>, <I> PS</I>, <I> IL</I>, <I> L</I>, <I> PCP</I>, <I> BE</I>, <I> PAN</I>, <I> JPP</I><BR>Abstenção:<I>CH</I>, <I> CDS-PP</I>",,,
335953,18,Votação final global,2026-03-20,Aprovado,"A Favor: <I>PSD</I>, <I> PS</I>, <I> IL</I>, <I> L</I>, <I> PCP</I>, <I> BE</I>, <I> PAN</I>, <I> JPP</I><BR>Abstenção:<I>CH</I>, <I> CDS-PP</I>",,,
315500,13,Votação na generalidade,2025-09-25,Rejeitado,"A Favor: <I>CH</I>, <I> PAN</I><BR>Contra:<I>PSD</I>, <I> PS</I>, <I> IL</I>, <I> L</I>, <I> PCP</I>, <I> CDS-PP</I>, <I> BE</I><BR>Abstenção:<I>JPP</I>",,,
315547,13,Votação na generalidade,2025-09-26,Rejeitado,"A Favor: <I>CH</I>, <I> PAN</I>, <I> JPP</I><BR>Contra:<I>PS</I>, <I> IL</I><BR>Abstenção:<I>PSD</I>, <I> L</I>, <I> PCP</I>, <I> CDS-PP</I>, <I> BE</I>",,,
315568,13,Votação na generalidade,2025-09-26,Aprovado,"A Favor: <I>PSD</I>, <I> CH</I>, <I> L</I>, <I> CDS-PP</I>, <I> BE</I>, <I> PAN</I>, <I> JPP</I><BR>Abstenção:<I>PS</I>, <I> IL</I>, <I> PCP</I>",,,
315566,13,Votação na generalidade,2025-09-26,Aprovado,"A Favor: <I>L</I>, <I> PCP</I>, <I> BE</I>, <I> PAN</I>, <I> JPP</I><BR>Abstenção:<I>PSD</I>, <I> CH</I>, <I> PS</I>, <I> IL</I>, <I> CDS-PP</I>",,,
315559,13,Votação na generalidade,2025-09-19,Rejeitado,"A Favor: <I>IL</I>, <I> JPP</I><BR>Contra:<I>PSD</I>, <I> PS</I>, <I> L</I>, <I> PCP</I>, <I> CDS-PP</I><BR>Abstenção:<I>CH</I>, <I> PAN</I>",,,
315550,13,Votação na generalidade,2025-09-19,Rejeitado,"A Favor: <I>CH</I>, <I> L</I>, <I> PAN</I>, <I> JPP</I><BR>Contra:<I>PSD</I>, <I> PCP</I>, <I> CDS-PP</I><BR>Abstenção:<I>PS</I>, <I> IL</I>",,,
315551,13,Votação na generalidade,2025-09-19,Rejeitado,"A Favor: <I>CH</I>, <I> PAN</I>, <I> JPP</I><BR>Contra:<I>PSD</I>, <I> PCP</I>, <I> CDS-PP</I><BR>Abstenção:<I>PS</I>, <I> IL</I>, <I> L</I>",,,
315515,13,Votação na generalidade,2026-01-09,Rejeitado,"A Favor: <I>L</I>, <I> PCP</I>, <I> BE</I>, <I> PAN</I>, <I> JPP</I><BR>Contra:<I>PSD</I>, <I> CH</I>, <I> IL</I>, <I> CDS-PP</I><BR>Abstenção:<I>PS</I>",,,
315633,122,Requerimento Baixa Comissão sem Votação (Generalidade),2026-03-20,Aprovado,,,,
356116,13,Votação na generalidade,2026-07-17,Aprovado,"A Favor: <I>PSD</I>, <I> CH</I>, <I> PS</I>, <I> IL</I>, <I> L</I>, <I> CDS-PP</I>, <I> BE</I>, <I> PAN</I>, <I> JPP</I><BR>Abstenção:<I>PCP</I>",,,
356116,34,Votação na especialidade,2026-07-17,Aprovado,"A Favor: <I>PSD</I>, <I> CH</I>, <I> PS</I>, <I> IL</I>, <I> L</I>, <I> CDS-PP</I>, <I> BE</I>, <I> PAN</I>, <I> JPP</I><BR>Abstenção:<I>PCP</I>",,,
356116,18,Votação final global,2026-07-17,Aprovado,"A Favor: <I>PSD</I>, <I> CH</I>, <I> PS</I>, <I> IL</I>, <I> L</I>, <I> CDS-PP</I>, <I> BE</I>, <I> PAN</I>, <I> JPP</I><BR>Abstenção:<I>PCP</I>",,,
315576,13,Votação na generalidade,2025-09-26,Rejeitado,"A Favor: <I>PS</I>, <I> L</I>, <I> PCP</I>, <I> BE</I>, <I> PAN</I>, <I> JPP</I><BR>Contra:<I>PSD</I>, <I> IL</I>, <I> CDS-PP</I><BR>Abstenção:<I>CH</I>",,,
315577,13,Votação na generalidade,2025-09-19,Rejeitado,"A Favor: <I>PS</I>, <I> L</I>, <I> PAN</I>, <I> JPP</I><BR>Contra:<I>PSD</I>, <I> CH</I>, <I> PCP</I>, <I> CDS-PP</I><BR>Abstenção:<I>IL</I>",,,
356115,13,Votação na generalidade,2026-07-17,Aprovado,"A Favor: <I>PSD</I>, <I> CH</I>, <I> PS</I>, <I> IL</I>, <I> L</I>, <I> CDS-PP</I>, <I> BE</I>, <I> PAN</I>, <I> JPP</I><BR>Abstenção:<I>PCP</I>",,,
356115,34,Votação na especialidade,2026-07-17,Aprovado,"A Favor: <I>PSD</I>, <I> CH</I>, <I> PS</I>, <I> IL</I>, <I> L</I>, <I> CDS-PP</I>, <I> BE</I>, <I> PAN</I>, <I> JPP</I><BR>Abstenção:<I>PCP</I>",,,
356115,18,Votação final global,2026-07-17,Aprovado,"A Favor: <I>PSD</I>, <I> CH</I>, <I> PS</I>, <I> IL</I>, <I> L</I>, <I> CDS-PP</I>, <I> BE</I>, <I> PAN</I>, <I> JPP</I><BR>Abstenção:<I>PCP</I>",,,
315708,13,Votação na generalidade,2025-12-05,Rejeitado,"A Favor: <I>L</I>, <I> PCP</I>, <I> BE</I>, <I> PAN</I>, <I> JPP</I><BR>Contra:<I>PSD</I>, <I> IL</I>, <I> CDS-PP</I><BR>Abstenção:<I>CH</I>, <I> PS</I>",,,
315674,13,Votação na generalidade,2025-10-17,Rejeitado,"A Favor: <I>L</I>, <I> PCP</I>, <I> BE</I>, <I> PAN</I>, <I> JPP</I><BR>Contra:<I>PSD</I>, <I> CDS-PP</I><BR>Abstenção:<I>CH</I>, <I> PS</I>, <I> IL</I>",,,
315611,13,Votação na generalidade,2025-09-26,Rejeitado,"A Favor: <I>PS</I>, <I> L</I>, <I> PCP</I>, <I> BE</I>, <I> PAN</I>, <I> JPP</I><BR>Contra:<I>PSD</I>, <I> IL</I>, <I> CDS-PP</I><BR>Abstenção:<I>CH</I>",,,
315863,13,Votação na generalidade,2025-12-18,Rejeitado,"A Favor: <I>CH</I>, <I> BE</I>, <I> PAN</I>, <I> JPP</I><BR>Contra:<I>PSD</I>, <I> PS</I>, <I> CDS-PP</I><BR>Abstenção:<I>IL</I>, <I> L</I>, <I> PCP</I>",,,
315820,13,Votação na generalidade,2025-12-18,Rejeitado,"A Favor: <I>PS</I>, <I> IL</I>, <I> L</I>, <I> PCP</I>, <I> BE</I>, <I> PAN</I>, <I> JPP</I><BR>Contra:<I>PSD</I>, <I> CDS-PP</I><BR>Abstenção:<I>CH</I>",,,
315864,13,Votação na generalidade,2025-12-18,Rejeitado,"A Favor: <I>CH</I>, <I> IL</I>, <I> L</I>, <I> PCP</I>, <I> BE</I>, <I> PAN</I>, <I> JPP</I><BR>Contra:<I>PSD</I>, <I> PS</I><BR>Abstenção:<I>CDS-PP</I>",,,
315849,13,Votação na generalidade,2025-12-19,Rejeitado,"A Favor: <I>L</I>, <I> PCP</I>, <I> BE</I>, <I> PAN</I>, <I> JPP</I><BR>Contra:<I>PSD</I>, <I> CDS-PP</I><BR>Abstenção:<I>CH</I>, <I> PS</I>, <I> IL</I>",,,
335956,15,Requerimento avocação plenário,2026-04-09,Aprovado,"A Favor: <I>PSD</I>, <I> CH</I>, <I> PS</I>, <I> IL</I>, <I> L</I>, <I> CDS-PP</I>, <I> BE</I>, <I> PAN</I>, <I> JPP</I><BR>Abstenção:<I>PCP</I>",,,
335956,34,Votação na especialidade,2026-04-10,Rejeitado,"A Favor: <I>PSD</I>, <I> IL</I>, <I> CDS-PP</I><BR>Contra:<I>3-PSD</I>, <I> CH</I>, <I> PS</I>, <I> L</I>, <I> BE</I>, <I> PAN</I>, <I> JPP</I>, <I> Paulo Moniz (PSD)</I>, <I> Francisco Pimentel (PSD)</I>, <I> Nuna Menezes (PSD)</I><BR>Abstenção:<I>PCP</I>",,,
335956,18,Votação final global,2026-04-10,Aprovado,"A Favor: <I>6-PSD</I>, <I> CH</I>, <I> PS</I>, <I> L</I>, <I> BE</I>, <I> PAN</I>, <I> JPP</I>, <I> Paulo Moniz (PSD)</I>, <I> Francisco Pimentel (PSD)</I>, <I> Nuna Menezes (PSD)</I>, <I> Pedro Coelho (PSD)</I>, <I> Vânia Jesus (PSD)</I>, <I> Paulo Neves (PSD)</I><BR>Contra:<I>PSD</I><BR>Abstenção:<I>IL</I>, <I> PCP</I>, <I> CDS-PP</I>",,,
345984,13,Votação na generalidade,2026-06-19,Rejeitado,"A Favor: <I>CH</I>, <I> L</I>, <I> PCP</I>, <I> BE</I>, <I> PAN</I>, <I> JPP</I><BR>Contra:<I>PSD</I>, <I> CDS-PP</I><BR>Abstenção:<I>PS</I>, <I> IL</I>",,,
315828,13,Votação na generalidade,2025-12-19,Rejeitado,"A Favor: <I>CH</I>, <I> BE</I>, <I> PAN</I>, <I> JPP</I><BR>Contra:<I>PSD</I>, <I> IL</I>, <I> CDS-PP</I><BR>Abstenção:<I>PS</I>, <I> L</I>, <I> PCP</I>",,,
315872,13,Votação na generalidade,2025-12-18,Rejeitado,"A Favor: <I>L</I>, <I> PCP</I>, <I> BE</I>, <I> PAN</I>, <I> JPP</I><BR>Contra:<I>PSD</I>, <I> IL</I>, <I> CDS-PP</I><BR>Abstenção:<I>CH</I>, <I> PS</I>",,,
315894,13,Votação na generalidade,2026-01-09,Rejeitado,"A Favor: <I>PS</I>, <I> IL</I>, <I> L</I>, <I> PCP</I>, <I> BE</I>, <I> PAN</I>, <I> JPP</I><BR>Contra:<I>PSD</I>, <I> CDS-PP</I><BR>Abstenção:<I>CH</I>",,,
315919,13,Votação na generalidade,2026-01-09,Rejeitado,"A Favor: <I>CH</I>, <I> IL</I>, <I> PAN</I>, <I> JPP</I><BR>Contra:<I>PSD</I>, <I> PCP</I>, <I> CDS-PP</I>, <I> BE</I><BR>Abstenção:<I>PS</I>, <I> L</I>",,,
346012,122,Requerimento Baixa Comissão sem Votação (Generalidade),2026-01-23,Aprovado,Ausência: <I>JPP</I>,,,
346012,13,Votação na generalidade,2026-07-17,Rejeitado,"A Favor: <I>PS</I>, <I> L</I>, <I> BE</I>, <I> PAN</I>, <I> JPP</I><BR>Contra:<I>PSD</I>, <I> IL</I>, <I> CDS-PP</I><BR>Abstenção:<I>CH</I>, <I> PCP</I>",,,
315918,13,Votação na generalidade,2026-01-09,Rejeitado,"A Favor: <I>CH</I>, <I> BE</I>, <I> PAN</I>, <I> JPP</I><BR>Contra:<I>PSD</I>, <I> CDS-PP</I><BR>Abstenção:<I>PS</I>, <I> IL</I>, <I> L</I>, <I> PCP</I>",,,
315927,13,Votação na generalidade,2026-01-09,Rejeitado,"A Favor: <I>CH</I>, <I> IL</I><BR>Contra:<I>PSD</I>, <I> PS</I>, <I> L</I>, <I> PCP</I>, <I> CDS-PP</I>, <I> BE</I>, <I> PAN</I><BR>Abstenção:<I>JPP</I>",,,
345992,122,Requerimento Baixa Comissão sem Votação (Generalidade),2026-01-23,Aprovado,Ausência: <I>JPP</I>,,,
345992,152,Requerimento,2026-04-01,Aprovado,,,,
345992,152,Requerimento,2026-06-17,Aprovado,,,,
315893,13,Votação na generalidade,2026-01-09,Rejeitado,"A Favor: <I>CH</I>, <I> L</I>, <I> BE</I>, <I> PAN</I>, <I> JPP</I><BR>Contra:<I>PSD</I>, <I> PS</I>, <I> IL</I>, <I> CDS-PP</I><BR>Abstenção:<I>PCP</I>",,,
346034,13,Votação na generalidade,2026-05-14,Rejeitado,"A Favor: <I>CH</I>, <I> IL</I>, <I> BE</I>, <I> PAN</I>, <I> JPP</I><BR>Contra:<I>PSD</I><BR>Abstenção:<I>PS</I>, <I> L</I>, <I> PCP</I>, <I> CDS-PP</I>",,,
345998,13,Votação na generalidade,2026-01-30,Rejeitado,"A Favor: <I>CH</I>, <I> IL</I><BR>Contra:<I>PSD</I>, <I> L</I>, <I> PCP</I>, <I> CDS-PP</I>, <I> BE</I><BR>Abstenção:<I>PS</I>, <I> PAN</I>, <I> JPP</I>",,,
356877,13,Votação na generalidade,2026-06-12,Aprovado,"A Favor: <I>CH</I>, <I> PS</I>, <I> BE</I>, <I> PAN</I>, <I> JPP</I><BR>Contra:<I>PSD</I>, <I> CDS-PP</I><BR>Abstenção:<I>IL</I>, <I> L</I>, <I> PCP</I>",,,
356877,18,Votação final global,2026-07-03,Aprovado,,,,
356877,81,Requerimento dispensa redação final,2026-07-03,Aprovado,,,,
356272,13,Votação na generalidade,2026-03-06,Aprovado,"A Favor: <I>IL</I>, <I> CDS-PP</I><BR>Contra:<I>L</I>, <I> PCP</I>, <I> BE</I><BR>Abstenção:<I>PSD</I>, <I> CH</I>, <I> PS</I>, <I> PAN</I>, <I> JPP</I>",,,
356809,13,Votação na generalidade,2026-06-03,Aprovado,"A Favor: <I>PSD</I>, <I> IL</I>, <I> CDS-PP</I><BR>Contra:<I>PCP</I>, <I> PAN</I><BR>Abstenção:<I>CH</I>, <I> PS</I>, <I> L</I>, <I> BE</I>, <I> JPP</I>",,,
356170,13,Votação na generalidade,2026-03-20,Rejeitado,"A Favor: <I>PS</I>, <I> L</I>, <I> PCP</I>, <I> BE</I>, <I> PAN</I>, <I> JPP</I><BR>Contra:<I>PSD</I>, <I> CDS-PP</I><BR>Abstenção:<I>CH</I>, <I> IL</I>",,,
356199,13,Votação na generalidade,2026-04-30,Rejeitado,"A Favor: <I>CH</I>, <I> JPP</I><BR>Contra:<I>PSD</I>, <I> PS</I>, <I> L</I>, <I> PCP</I>, <I> BE</I>, <I> PAN</I><BR>Abstenção:<I>IL</I>, <I> CDS-PP</I>",,,
356149,13,Votação na generalidade,2026-02-20,Aprovado,,,,
356102,13,Votação na generalidade,2026-04-10,Rejeitado,"A Favor: <I>PS</I>, <I> IL</I>, <I> L</I>, <I> PCP</I>, <I> BE</I>, <I> PAN</I>, <I> JPP</I><BR>Contra:<I>PSD</I>, <I> CH</I>, <I> CDS-PP</I>",,,
356083,13,Votação na generalidade,2026-02-13,Rejeitado,"A Favor: <I>CH</I>, <I> PAN</I><BR>Contra:<I>PS</I>, <I> IL</I>, <I> L</I>, <I> BE</I><BR>Abstenção:<I>PSD</I>, <I> PCP</I>, <I> CDS-PP</I>, <I> JPP</I>",,,
346001,13,Votação na generalidade,2026-01-30,Rejeitado,"A Favor: <I>CH</I>, <I> PAN</I>, <I> JPP</I><BR>Contra:<I>PSD</I>, <I> PS</I>, <I> IL</I>, <I> L</I>, <I> PCP</I>, <I> CDS-PP</I>, <I> BE</I>",,,
356206,13,Votação na generalidade,2026-02-25,Rejeitado,"A Favor: <I>CH</I>, <I> L</I>, <I> PCP</I>, <I> BE</I>, <I> PAN</I>, <I> JPP</I><BR>Contra:<I>PSD</I>, <I> IL</I>, <I> CDS-PP</I><BR>Abstenção:<I>PS</I>",,,
346003,13,Votação na generalidade,2026-01-30,Rejeitado,"A Favor: <I>L</I>, <I> PAN</I><BR>Contra:<I>PSD</I>, <I> PS</I>, <I> IL</I>, <I> CDS-PP</I><BR>Abstenção:<I>CH</I>, <I> PCP</I>, <I> BE</I>, <I> JPP</I>",,,
356713,13,Votação na generalidade,2026-05-22,Rejeitado,"A Favor: <I>PS</I>, <I> L</I>, <I> PCP</I>, <I> BE</I>, <I> PAN</I>, <I> JPP</I><BR>Contra:<I>PSD</I>, <I> IL</I>, <I> CDS-PP</I><BR>Abstenção:<I>CH</I>",,,
356225,13,Votação na generalidade,2026-04-10,Aprovado,"A Favor: <I>CH</I>, <I> PS</I>, <I> IL</I>, <I> BE</I>, <I> PAN</I>, <I> JPP</I><BR>Contra:<I>PSD</I>, <I> CDS-PP</I><BR>Abstenção:<I>L</I>, <I> PCP</I>",,,
356136,13,Votação na generalidade,2026-02-20,Rejeitado,"A Favor: <I>PAN</I>, <I> JPP</I><BR>Contra:<I>PSD</I>, <I> PS</I>, <I> IL</I>, <I> CDS-PP</I><BR>Abstenção:<I>CH</I>, <I> 3-PS</I>, <I> PCP</I>, <I> BE</I>",,,
356291,122,Requerimento Baixa Comissão sem Votação (Generalidade),2026-03-20,Aprovado,,,,
356284,13,Votação na generalidade,2026-03-20,Rejeitado,"A Favor: <I>L</I>, <I> PCP</I>, <I> BE</I>, <I> PAN</I>, <I> JPP</I><BR>Contra:<I>PSD</I>, <I> CH</I>, <I> IL</I>, <I> CDS-PP</I><BR>Abstenção:<I>PS</I>",,,
356140,13,Votação na generalidade,2026-02-27,Rejeitado,"A Favor: <I>L</I>, <I> PCP</I>, <I> BE</I>, <I> PAN</I>, <I> JPP</I><BR>Contra:<I>PSD</I>, <I> CDS-PP</I><BR>Abstenção:<I>CH</I>, <I> PS</I>, <I> IL</I>",,,
356295,13,Votação na generalidade,2026-03-20,Rejeitado,"A Favor: <I>L</I>, <I> PCP</I>, <I> BE</I>, <I> PAN</I>, <I> JPP</I><BR>Contra:<I>PSD</I>, <I> CDS-PP</I><BR>Abstenção:<I>CH</I>, <I> PS</I>, <I> IL</I>",,,
356173,13,Votação na generalidade,2026-04-10,Rejeitado,"A Favor: <I>PS</I>, <I> IL</I>, <I> L</I>, <I> PCP</I>, <I> BE</I>, <I> PAN</I>, <I> JPP</I><BR>Contra:<I>PSD</I>, <I> CH</I>, <I> CDS-PP</I>",,,
356162,13,Votação na generalidade,2026-02-20,Rejeitado,"A Favor: <I>CH</I>, <I> PAN</I>, <I> JPP</I><BR>Contra:<I>PS</I>, <I> IL</I><BR>Abstenção:<I>PSD</I>, <I> L</I>, <I> PCP</I>, <I> CDS-PP</I>, <I> BE</I>",,,
356303,13,Votação na generalidade,2026-03-20,Rejeitado,"A Favor: <I>L</I>, <I> PCP</I>, <I> BE</I>, <I> JPP</I><BR>Contra:<I>PSD</I>, <I> IL</I>, <I> CDS-PP</I><BR>Abstenção:<I>CH</I>, <I> PS</I>, <I> PAN</I>",,,
356209,13,Votação na generalidade,2026-02-25,Rejeitado,"A Favor: <I>CH</I>, <I> L</I>, <I> PCP</I>, <I> BE</I>, <I> PAN</I>, <I> JPP</I><BR>Contra:<I>PSD</I>, <I> IL</I>, <I> CDS-PP</I><BR>Abstenção:<I>PS</I>",,,
356337,13,Votação na generalidade,2026-05-08,Aprovado,"A Favor: <I>CH</I>, <I> PS</I>, <I> IL</I>, <I> JPP</I><BR>Contra:<I>PSD</I>, <I> PCP</I>, <I> CDS-PP</I>, <I> BE</I><BR>Abstenção:<I>L</I>, <I> PAN</I>",,,
356318,13,Votação na generalidade,2026-03-20,Rejeitado,"A Favor: <I>L</I>, <I> PCP</I>, <I> BE</I>, <I> PAN</I>, <I> JPP</I><BR>Contra:<I>PSD</I>, <I> CH</I>, <I> IL</I>, <I> CDS-PP</I><BR>Abstenção:<I>PS</I>",,,
356320,122,Requerimento Baixa Comissão sem Votação (Generalidade),2026-03-20,Aprovado,,,,
356349,13,Votação na generalidade,2026-04-10,Rejeitado,"A Favor: <I>L</I>, <I> PCP</I>, <I> BE</I>, <I> PAN</I>, <I> JPP</I><BR>Contra:<I>PSD</I>, <I> PS</I>, <I> IL</I>, <I> CDS-PP</I><BR>Abstenção:<I>CH</I>",,,
356352,13,Votação na generalidade,2026-04-10,Rejeitado,"A Favor: <I>CH</I>, <I> L</I>, <I> BE</I>, <I> PAN</I>, <I> JPP</I><BR>Contra:<I>PSD</I>, <I> CDS-PP</I><BR>Abstenção:<I>PS</I>, <I> IL</I>, <I> PCP</I>",,,
356312,13,Votação na generalidade,2026-03-20,Rejeitado,"A Favor: <I>L</I>, <I> PCP</I>, <I> BE</I>, <I> PAN</I>, <I> JPP</I><BR>Contra:<I>PSD</I>, <I> CH</I>, <I> IL</I>, <I> CDS-PP</I><BR>Abstenção:<I>PS</I>",,,
356304,13,Votação na generalidade,2026-03-20,Rejeitado,"A Favor: <I>L</I>, <I> PCP</I>, <I> BE</I>, <I> JPP</I><BR>Contra:<I>PSD</I>, <I> IL</I>, <I> CDS-PP</I><BR>Abstenção:<I>CH</I>, <I> PS</I>, <I> PAN</I>",,,
356313,13,Votação na generalidade,2026-03-20,Rejeitado,"A Favor: <I>L</I>, <I> PCP</I>, <I> BE</I>, <I> PAN</I>, <I> JPP</I><BR>Contra:<I>PSD</I>, <I> CDS-PP</I><BR>Abstenção:<I>CH</I>, <I> PS</I>, <I> IL</I>",,,
356457,13,Votação na generalidade,2026-04-17,Aprovado,"A Favor: <I>CH</I>, <I> PAN</I>, <I> JPP</I><BR>Contra:<I>2-PS</I>, <I> CDS-PP</I>, <I> Pedro Delgado Alves (PS)</I>, <I> Pedro Vaz (PS)</I><BR>Abstenção:<I>PSD</I>, <I> PS</I>, <I> IL</I>, <I> L</I>, <I> PCP</I>, <I> BE</I>",,,
356601,122,Requerimento Baixa Comissão sem Votação (Generalidade),2026-05-08,Aprovado,,,,
357076,13,Votação na generalidade,2026-07-17,Aprovado,"A Favor: <I>PSD</I>, <I> CH</I>, <I> PS</I>, <I> IL</I>, <I> CDS-PP</I>, <I> PAN</I>, <I> JPP</I><BR>Abstenção:<I>L</I>, <I> PCP</I>, <I> BE</I>",,,
357076,34,Votação na especialidade,2026-07-17,Aprovado,"A Favor: <I>PSD</I>, <I> CH</I>, <I> PS</I>, <I> IL</I>, <I> CDS-PP</I>, <I> PAN</I>, <I> JPP</I><BR>Abstenção:<I>L</I>, <I> PCP</I>, <I> BE</I>",,,
357076,18,Votação final global,2026-07-17,Aprovado,"A Favor: <I>PSD</I>, <I> CH</I>, <I> PS</I>, <I> IL</I>, <I> CDS-PP</I>, <I> PAN</I>, <I> JPP</I><BR>Abstenção:<I>L</I>, <I> PCP</I>, <I> BE</I>",,,
357076,81,Requerimento dispensa redação final,2026-07-17,Aprovado,,,,
356610,122,Requerimento Baixa Comissão sem Votação (Generalidade),2026-05-22,Aprovado,,,,
356356,13,Votação na generalidade,2026-07-02,Rejeitado,"A Favor: <I>PCP</I>, <I> BE</I>, <I> PAN</I><BR>Contra:<I>PSD</I>, <I> CH</I>, <I> PS</I>, <I> IL</I>, <I> CDS-PP</I><BR>Abstenção:<I>L</I>, <I> JPP</I>",,,
356552,13,Votação na generalidade,2026-06-19,Rejeitado,"A Favor: <I>PS</I>, <I> L</I>, <I> PCP</I>, <I> BE</I>, <I> PAN</I>, <I> JPP</I><BR>Contra:<I>PSD</I>, <I> IL</I>, <I> CDS-PP</I><BR>Abstenção:<I>CH</I>",,,
356240,13,Votação na generalidade,2026-03-13,Rejeitado,"A Favor: <I>CH</I>, <I> L</I>, <I> PAN</I>, <I> JPP</I><BR>Contra:<I>PSD</I>, <I> PS</I>, <I> IL</I>, <I> CDS-PP</I><BR>Abstenção:<I>PCP</I>, <I> BE</I>",,,
356663,122,Requerimento Baixa Comissão sem Votação (Generalidade),2026-05-22,Aprovado,,,,
356541,13,Votação na generalidade,2026-04-24,Rejeitado,"A Favor: <I>PS</I>, <I> L</I>, <I> BE</I>, <I> PAN</I>, <I> JPP</I><BR>Contra:<I>PSD</I>, <I> IL</I>, <I> CDS-PP</I><BR>Abstenção:<I>CH</I>, <I> PCP</I>",,,
356488,13,Votação na generalidade,2026-04-10,Rejeitado,"A Favor: <I>PS</I>, <I> L</I>, <I> BE</I>, <I> PAN</I>, <I> JPP</I><BR>Contra:<I>PSD</I>, <I> PCP</I>, <I> CDS-PP</I><BR>Abstenção:<I>CH</I>, <I> IL</I>",,,
356604,13,Votação na generalidade,2026-05-08,Rejeitado,"A Favor: <I>L</I>, <I> BE</I>, <I> PAN</I>, <I> JPP</I><BR>Contra:<I>PSD</I>, <I> IL</I>, <I> PCP</I>, <I> CDS-PP</I><BR>Abstenção:<I>CH</I>, <I> PS</I>",,,
356658,13,Votação na generalidade,2026-06-19,Rejeitado,"A Favor: <I>CH</I>, <I> IL</I>, <I> L</I>, <I> PCP</I>, <I> BE</I>, <I> PAN</I>, <I> JPP</I><BR>Contra:<I>PSD</I>, <I> CDS-PP</I><BR>Abstenção:<I>PS</I>",,,
356714,13,Votação na generalidade,2026-05-22,Rejeitado,"A Favor: <I>1-PS</I>, <I> L</I>, <I> PCP</I>, <I> BE</I>, <I> PAN</I>, <I> JPP</I>, <I> Sofia Pereira (PS)</I><BR>Contra:<I>PSD</I>, <I> CH</I>, <I> IL</I>, <I> CDS-PP</I><BR>Abstenção:<I>PS</I>",,,
356708,13,Votação na generalidade,2026-05-22,Rejeitado,"A Favor: <I>CH</I>, <I> IL</I>, <I> L</I>, <I> BE</I>, <I> PAN</I>, <I> JPP</I><BR>Contra:<I>PSD</I>, <I> CDS-PP</I><BR>Abstenção:<I>PS</I>, <I> PCP</I>",,,
356797,13,Votação na generalidade,2026-06-03,Rejeitado,"A Favor: <I>L</I><BR>Contra:<I>PSD</I>, <I> CH</I>, <I> PS</I>, <I> IL</I>, <I> PCP</I>, <I> CDS-PP</I><BR>Abstenção:<I>BE</I>, <I> PAN</I>, <I> JPP</I>",,,
356890,13,Votação na generalidade,2026-06-12,Rejeitado,"A Favor: <I>PS</I>, <I> IL</I>, <I> L</I>, <I> PCP</I>, <I> BE</I>, <I> PAN</I>, <I> JPP</I><BR>Contra:<I>PSD</I>, <I> CH</I>, <I> CDS-PP</I>",,,
356802,13,Votação na generalidade,2026-06-12,Rejeitado,"A Favor: <I>L</I>, <I> PCP</I>, <I> BE</I>, <I> PAN</I>, <I> JPP</I><BR>Contra:<I>PSD</I>, <I> IL</I>, <I> CDS-PP</I><BR>Abstenção:<I>CH</I>, <I> PS</I>",,,
356975,13,Votação na generalidade,2026-07-03,Rejeitado,"A Favor: <I>CH</I>, <I> L</I>, <I> PCP</I>, <I> BE</I>, <I> PAN</I>, <I> JPP</I><BR>Contra:<I>PSD</I>, <I> PS</I>, <I> IL</I>, <I> CDS-PP</I>",,,
356992,13,Votação na generalidade,2026-07-03,Rejeitado,"A Favor: <I>CH</I>, <I> IL</I><BR>Contra:<I>PSD</I>, <I> PS</I>, <I> L</I>, <I> PCP</I>, <I> CDS-PP</I>, <I> BE</I><BR>Abstenção:<I>PAN</I>, <I> JPP</I>",,,
356885,13,Votação na generalidade,2026-06-12,Rejeitado,"A Favor: <I>L</I>, <I> BE</I>, <I> PAN</I>, <I> JPP</I><BR>Contra:<I>PSD</I>, <I> IL</I>, <I> CDS-PP</I><BR>Abstenção:<I>CH</I>, <I> PS</I>, <I> PCP</I>",,,
356963,13,Votação na generalidade,2026-07-03,Rejeitado,"A Favor: <I>CH</I>, <I> BE</I>, <I> PAN</I>, <I> JPP</I><BR>Contra:<I>PSD</I>, <I> PS</I>, <I> IL</I>, <I> CDS-PP</I><BR>Abstenção:<I>L</I>, <I> PCP</I>",,,
356887,13,Votação na generalidade,2026-06-12,Rejeitado,"A Favor: <I>PS</I>, <I> L</I>, <I> PCP</I>, <I> BE</I>, <I> PAN</I>, <I> JPP</I><BR>Contra:<I>PSD</I>, <I> CH</I>, <I> CDS-PP</I><BR>Abstenção:<I>IL</I>",,,
356866,13,Votação na generalidade,2026-06-12,Rejeitado,"A Favor: <I>L</I>, <I> PCP</I>, <I> BE</I>, <I> JPP</I><BR>Contra:<I>PSD</I>, <I> IL</I>, <I> CDS-PP</I><BR>Abstenção:<I>CH</I>, <I> PS</I>, <I> PAN</I>",,,
356384,56,Votação global,2026-04-10,Aprovado,"A Favor: <I>PSD</I>, <I> CH</I>, <I> PS</I>, <I> IL</I>, <I> L</I>, <I> CDS-PP</I>, <I> JPP</I><BR>Contra:<I>PCP</I><BR>Abstenção:<I>BE</I>, <I> PAN</I>",,,
315082,13,Votação na generalidade,2026-04-10,Aprovado,,,,
315082,18,Votação final global,2026-05-15,Aprovado,,,,
315089,13,Votação na generalidade,2025-09-26,Aprovado,"A Favor: <I>PSD</I>, <I> CH</I>, <I> PS</I>, <I> IL</I>, <I> L</I>, <I> PCP</I>, <I> BE</I>, <I> PAN</I>, <I> JPP</I><BR>Abstenção:<I>CDS-PP</I>",,,
315089,18,Votação final global,2026-07-17,Aprovado,,,,
356923,56,Votação global,2026-07-17,Aprovado,"A Favor: <I>PSD</I>, <I> CH</I>, <I> PS</I>, <I> IL</I>, <I> L</I>, <I> CDS-PP</I>, <I> BE</I>, <I> PAN</I>, <I> JPP</I><BR>Abstenção:<I>PCP</I>",,,
315105,13,Votação na generalidade,2025-06-27,Aprovado,"A Favor: <I>CH</I>, <I> PS</I>, <I> IL</I>, <I> BE</I>, <I> PAN</I>, <I> JPP</I><BR>Abstenção:<I>PSD</I>, <I> L</I>, <I> PCP</I>, <I> CDS-PP</I>",,,
315105,18,Votação final global,2025-12-19,Aprovado,"A Favor: <I>CH</I>, <I> PS</I>, <I> IL</I>, <I> L</I>, <I> PCP</I>, <I> CDS-PP</I>, <I> BE</I>, <I> PAN</I>, <I> JPP</I><BR>Abstenção:<I>PSD</I>",,,
315148,73,Votação Deliberação,2025-10-17,Aprovado,"A Favor: <I>CH</I>, <I> PS</I>, <I> BE</I>, <I> PAN</I>, <I> JPP</I><BR>Contra:<I>PCP</I><BR>Abstenção:<I>PSD</I>, <I> IL</I>, <I> L</I>, <I> CDS-PP</I>",,,
315114,13,Votação na generalidade,2025-06-27,Aprovado,"A Favor: <I>CH</I>, <I> PS</I>, <I> L</I>, <I> PCP</I>, <I> BE</I>, <I> PAN</I>, <I> JPP</I><BR>Contra:<I>PSD</I>, <I> CDS-PP</I><BR>Abstenção:<I>IL</I>",,,
315114,18,Votação final global,2025-12-19,Aprovado,"A Favor: <I>CH</I>, <I> PS</I>, <I> IL</I>, <I> L</I>, <I> PCP</I>, <I> CDS-PP</I>, <I> BE</I>, <I> PAN</I>, <I> JPP</I><BR>Abstenção:<I>PSD</I>",,,
315408,13,Votação na generalidade,2026-01-23,Rejeitado,"A Favor: <I>CH</I>, <I> PAN</I><BR>Contra:<I>PSD</I>, <I> PS</I>, <I> L</I>, <I> BE</I><BR>Abstenção:<I>1-PS</I>, <I> IL</I>, <I> PCP</I>, <I> CDS-PP</I>",,,
315120,13,Votação na generalidade,2025-06-27,Aprovado,"A Favor: <I>CH</I>, <I> IL</I>, <I> PCP</I>, <I> BE</I>, <I> PAN</I>, <I> JPP</I><BR>Abstenção:<I>PSD</I>, <I> PS</I>, <I> L</I>, <I> CDS-PP</I>",,,
315120,18,Votação final global,2026-06-19,Aprovado,"A Favor: <I>CH</I>, <I> IL</I>, <I> L</I>, <I> PCP</I>, <I> BE</I>, <I> PAN</I>, <I> JPP</I><BR>Abstenção:<I>PSD</I>, <I> PS</I>, <I> CDS-PP</I>",,,
315129,13,Votação na generalidade,2025-06-27,Aprovado,"A Favor: <I>CH</I>, <I> PS</I>, <I> L</I>, <I> PCP</I>, <I> BE</I>, <I> PAN</I>, <I> JPP</I><BR>Contra:<I>PSD</I>, <I> CDS-PP</I><BR>Abstenção:<I>IL</I>",,,
315129,18,Votação final global,2026-06-19,Aprovado,"A Favor: <I>CH</I>, <I> PS</I>, <I> L</I>, <I> PCP</I>, <I> BE</I>, <I> PAN</I>, <I> JPP</I><BR>Contra:<I>PSD</I>, <I> CDS-PP</I><BR>Abstenção:<I>IL</I>",,,
315244,13,Votação na generalidade,2025-07-11,Aprovado,"A Favor: <I>PSD</I>, <I> CH</I>, <I> PS</I>, <I> L</I>, <I> PCP</I>, <I> CDS-PP</I>, <I> BE</I>, <I> PAN</I>, <I> JPP</I><BR>Abstenção:<I>IL</I>",,,
315244,18,Votação final global,2025-10-17,Aprovado,"A Favor: <I>PSD</I>, <I> CH</I>, <I> PS</I>, <I> L</I>, <I> PCP</I>, <I> CDS-PP</I>, <I> BE</I>, <I> PAN</I>, <I> JPP</I><BR>Abstenção:<I>IL</I>",,,
345971,13,Votação na generalidade,2026-02-20,Aprovado,"A Favor: <I>PSD</I>, <I> PS</I>, <I> IL</I>, <I> L</I>, <I> CDS-PP</I>, <I> BE</I>, <I> PAN</I>, <I> JPP</I><BR>Abstenção:<I>CH</I>, <I> PCP</I>",,,
315125,13,Votação na generalidade,2025-06-27,Aprovado,"A Favor: <I>CH</I>, <I> L</I>, <I> PCP</I>, <I> BE</I>, <I> PAN</I>, <I> JPP</I><BR>Contra:<I>IL</I><BR>Abstenção:<I>PSD</I>, <I> PS</I>, <I> CDS-PP</I>",,,
315125,18,Votação final global,2026-06-19,Aprovado,"A Favor: <I>CH</I>, <I> L</I>, <I> PCP</I>, <I> BE</I>, <I> PAN</I>, <I> JPP</I><BR>Abstenção:<I>PSD</I>, <I> PS</I>, <I> IL</I>, <I> CDS-PP</I>",,,
315127,13,Votação na generalidade,2025-06-27,Aprovado,"A Favor: <I>CH</I>, <I> PS</I>, <I> IL</I>, <I> L</I>, <I> PCP</I>, <I> BE</I>, <I> PAN</I>, <I> JPP</I><BR>Abstenção:<I>PSD</I>, <I> CDS-PP</I>",,,
315127,18,Votação final global,2025-12-19,Aprovado,"A Favor: <I>CH</I>, <I> PS</I>, <I> IL</I>, <I> L</I>, <I> PCP</I>, <I> CDS-PP</I>, <I> BE</I>, <I> PAN</I>, <I> JPP</I><BR>Abstenção:<I>PSD</I>",,,
315198,13,Votação na generalidade,2025-07-04,Aprovado,"A Favor: <I>CH</I>, <I> PS</I>, <I> L</I>, <I> PCP</I>, <I> BE</I>, <I> PAN</I>, <I> JPP</I><BR>Contra:<I>PSD</I>, <I> IL</I>, <I> CDS-PP</I>",,,
315198,18,Votação final global,2025-09-19,Aprovado,"A Favor: <I>CH</I>, <I> PS</I>, <I> L</I>, <I> PCP</I>, <I> PAN</I>, <I> JPP</I><BR>Contra:<I>PSD</I>, <I> IL</I>, <I> CDS-PP</I>",,,
315177,13,Votação na generalidade,2025-07-04,Aprovado,"A Favor: <I>PSD</I>, <I> CH</I>, <I> PS</I>, <I> IL</I>, <I> L</I>, <I> CDS-PP</I>, <I> BE</I>, <I> PAN</I>, <I> JPP</I><BR>Abstenção:<I>PCP</I>",,,
315177,18,Votação final global,2025-09-19,Aprovado,"A Favor: <I>PSD</I>, <I> CH</I>, <I> PS</I>, <I> IL</I>, <I> L</I>, <I> CDS-PP</I>, <I> PAN</I>, <I> JPP</I><BR>Contra:<I>PCP</I>",,,
315238,13,Votação na generalidade,2025-09-19,Aprovado,"A Favor: <I>CH</I>, <I> PS</I>, <I> IL</I>, <I> PAN</I>, <I> JPP</I><BR>Contra:<I>PCP</I><BR>Abstenção:<I>PSD</I>, <I> L</I>, <I> CDS-PP</I>",,,
315238,18,Votação final global,2025-12-19,Aprovado,"A Favor: <I>CH</I>, <I> PS</I>, <I> IL</I>, <I> L</I>, <I> PAN</I>, <I> JPP</I><BR>Contra:<I>PSD</I>, <I> PCP</I>, <I> CDS-PP</I>, <I> BE</I>",,,
315218,13,Votação na generalidade,2025-07-04,Aprovado,"A Favor: <I>PS</I>, <I> IL</I>, <I> L</I>, <I> PAN</I>, <I> JPP</I><BR>Abstenção:<I>PSD</I>, <I> CH</I>, <I> PCP</I>, <I> CDS-PP</I>, <I> BE</I>",,,
315218,18,Votação final global,2025-09-19,Aprovado,"A Favor: <I>CH</I>, <I> PS</I>, <I> IL</I>, <I> L</I>, <I> PAN</I>, <I> JPP</I><BR>Abstenção:<I>PSD</I>, <I> PCP</I>, <I> CDS-PP</I>",,,
315206,13,Votação na generalidade,2025-07-04,Aprovado,"A Favor: <I>CH</I>, <I> PS</I>, <I> BE</I>, <I> PAN</I>, <I> JPP</I><BR>Abstenção:<I>PSD</I>, <I> IL</I>, <I> L</I>, <I> PCP</I>, <I> CDS-PP</I>",,,
315206,18,Votação final global,2025-09-26,Aprovado,"A Favor: <I>CH</I>, <I> PS</I>, <I> BE</I>, <I> PAN</I>, <I> JPP</I><BR>Abstenção:<I>PSD</I>, <I> IL</I>, <I> L</I>, <I> PCP</I>, <I> CDS-PP</I>",,,
315917,13,Votação na generalidade,2026-01-09,Aprovado,"A Favor: <I>CH</I>, <I> PS</I>, <I> IL</I>, <I> BE</I>, <I> PAN</I>, <I> JPP</I><BR>Contra:<I>PSD</I>, <I> CDS-PP</I><BR>Abstenção:<I>L</I>, <I> PCP</I>",,,
315917,18,Votação final global,2026-01-30,Aprovado,"A Favor: <I>CH</I>, <I> PS</I>, <I> IL</I>, <I> BE</I>, <I> PAN</I>, <I> JPP</I><BR>Contra:<I>PSD</I>, <I> CDS-PP</I><BR>Abstenção:<I>L</I>, <I> PCP</I>",,,
315629,13,Votação na generalidade,2025-09-30,Aprovado,"A Favor: <I>CH</I>, <I> PS</I>, <I> L</I>, <I> PCP</I>, <I> BE</I>, <I> PAN</I>, <I> JPP</I><BR>Abstenção:<I>PSD</I>, <I> IL</I>, <I> CDS-PP</I>",,,
315857,73,Votação Deliberação,2026-06-25,Aprovado,"A Favor: <I>CH</I>, <I> PS</I>, <I> IL</I>, <I> L</I>, <I> PCP</I>, <I> BE</I>, <I> PAN</I>, <I> JPP</I><BR>Abstenção:<I>PSD</I>, <I> CDS-PP</I>",,,
315648,73,Votação Deliberação,2025-09-30,Aprovado,"A Favor: <I>PSD</I>, <I> PS</I>, <I> IL</I>, <I> L</I>, <I> PCP</I>, <I> CDS-PP</I>, <I> BE</I>, <I> PAN</I>, <I> JPP</I><BR>Contra:<I>CH</I>",,,
346050,13,Votação na generalidade,2026-02-25,Aprovado,"A Favor: <I>CH</I>, <I> PS</I>, <I> IL</I>, <I> L</I>, <I> PCP</I>, <I> BE</I>, <I> PAN</I>, <I> JPP</I><BR>Contra:<I>PSD</I>, <I> CDS-PP</I>",,,
346050,18,Votação final global,2026-03-26,Aprovado,"A Favor: <I>CH</I>, <I> PS</I>, <I> IL</I>, <I> L</I>, <I> PCP</I>, <I> BE</I>, <I> PAN</I>, <I> JPP</I><BR>Contra:<I>PSD</I>, <I> CDS-PP</I>",,,
315563,13,Votação na generalidade,2025-09-19,Rejeitado,"A Favor: <I>CH</I>, <I> IL</I>, <I> L</I>, <I> PCP</I>, <I> PAN</I>, <I> JPP</I><BR>Contra:<I>PSD</I>, <I> PS</I><BR>Abstenção:<I>CDS-PP</I>",,,
335954,13,Votação na generalidade,2026-01-23,Aprovado,"A Favor: <I>PSD</I>, <I> CH</I>, <I> PS</I>, <I> IL</I>, <I> L</I>, <I> CDS-PP</I>, <I> BE</I>, <I> PAN</I><BR>Abstenção:<I>PCP</I>",,,
335954,18,Votação final global,2026-02-13,Aprovado,"A Favor: <I>PSD</I>, <I> CH</I>, <I> PS</I>, <I> IL</I>, <I> L</I>, <I> CDS-PP</I>, <I> BE</I>, <I> PAN</I>, <I> JPP</I><BR>Abstenção:<I>PCP</I>",,,
315717,13,Votação na generalidade,2025-10-28,Aprovado,"A Favor: <I>CH</I>, <I> L</I>, <I> PCP</I>, <I> BE</I>, <I> PAN</I>, <I> JPP</I><BR>Abstenção:<I>PSD</I>, <I> PS</I>, <I> IL</I>, <I> CDS-PP</I>",,,
315856,73,Votação Deliberação,2026-06-25,Aprovado,"A Favor: <I>CH</I>, <I> PS</I>, <I> IL</I>, <I> L</I>, <I> PCP</I>, <I> BE</I>, <I> PAN</I>, <I> JPP</I><BR>Abstenção:<I>PSD</I>, <I> CDS-PP</I>",,,
315649,73,Votação Deliberação,2025-12-05,Rejeitado,"A Favor: <I>PS</I>, <I> L</I>, <I> PAN</I>, <I> JPP</I><BR>Contra:<I>PSD</I>, <I> CH</I>, <I> PCP</I>, <I> CDS-PP</I><BR>Abstenção:<I>IL</I>, <I> BE</I>",,,
315882,73,Votação Deliberação,2026-06-03,Aprovado,"A Favor: <I>PS</I>, <I> L</I>, <I> PCP</I>, <I> BE</I>, <I> PAN</I>, <I> JPP</I><BR>Abstenção:<I>PSD</I>, <I> CH</I>, <I> IL</I>, <I> CDS-PP</I>",,,
315735,13,Votação na generalidade,2026-01-09,Rejeitado,"A Favor: <I>PS</I>, <I> IL</I>, <I> L</I>, <I> PCP</I>, <I> BE</I>, <I> PAN</I>, <I> JPP</I><BR>Contra:<I>PSD</I>, <I> CDS-PP</I><BR>Abstenção:<I>CH</I>",,,
315881,73,Votação Deliberação,2025-12-19,Aprovado,"A Favor: <I>PSD</I>, <I> CH</I>, <I> PS</I>, <I> IL</I>, <I> L</I>, <I> CDS-PP</I>, <I> BE</I>, <I> PAN</I>, <I> JPP</I><BR>Contra:<I>1-PS</I>, <I> Pedro Delgado Alves (PS)</I><BR>Abstenção:<I>PCP</I>",,,
315613,73,Votação Deliberação,2025-09-19,Rejeitado,"A Favor: <I>L</I>, <I> PCP</I>, <I> PAN</I><BR>Contra:<I>PSD</I>, <I> CH</I>, <I> IL</I>, <I> CDS-PP</I><BR>Abstenção:<I>PS</I>, <I> JPP</I>",,,
315776,13,Votação na generalidade,2026-01-23,Rejeitado,"A Favor: <I>PS</I>, <I> IL</I>, <I> PAN</I><BR>Contra:<I>PSD</I>, <I> CH</I>, <I> L</I>, <I> CDS-PP</I>, <I> BE</I>",,,
335938,73,Votação Deliberação,2026-01-30,Aprovado,"A Favor: <I>CH</I>, <I> PS</I>, <I> IL</I>, <I> L</I>, <I> PCP</I>, <I> BE</I>, <I> PAN</I>, <I> JPP</I><BR>Contra:<I>PSD</I><BR>Abstenção:<I>CDS-PP</I>",,,
315769,13,Votação na generalidade,2025-12-12,Rejeitado,"A Favor: <I>CH</I>, <I> L</I>, <I> PCP</I>, <I> PAN</I>, <I> JPP</I><BR>Contra:<I>PSD</I>, <I> IL</I>, <I> CDS-PP</I><BR>Abstenção:<I>PS</I>",,,
356113,13,Votação na generalidade,2026-03-20,Aprovado,"A Favor: <I>CH</I>, <I> PS</I>, <I> IL</I>, <I> L</I>, <I> BE</I>, <I> PAN</I>, <I> JPP</I><BR>Abstenção:<I>PSD</I>, <I> PCP</I>, <I> CDS-PP</I>",,,
356113,18,Votação final global,2026-04-01,Aprovado,"A Favor: <I>PSD</I>, <I> CH</I>, <I> PS</I>, <I> IL</I>, <I> L</I>, <I> CDS-PP</I>, <I> BE</I>, <I> PAN</I>, <I> JPP</I><BR>Contra:<I>PCP</I>",,,
315724,13,Votação na generalidade,2025-12-05,Rejeitado,"A Favor: <I>PS</I>, <I> L</I>, <I> BE</I>, <I> PAN</I>, <I> JPP</I>, <I> João Pedro Louro (PSD)</I><BR>Contra:<I>PSD</I>, <I> CH</I>, <I> IL</I>, <I> CDS-PP</I><BR>Abstenção:<I>PCP</I>",,,
335961,73,Votação Deliberação,2026-04-30,Aprovado,"A Favor: <I>CH</I>, <I> PS</I>, <I> BE</I>, <I> PAN</I>, <I> JPP</I><BR>Contra:<I>IL</I>, <I> CDS-PP</I><BR>Abstenção:<I>PSD</I>, <I> L</I>, <I> PCP</I>",,,
315723,13,Votação na generalidade,2025-12-05,Rejeitado,"A Favor: <I>PS</I>, <I> L</I>, <I> PAN</I>, <I> JPP</I><BR>Contra:<I>PSD</I>, <I> IL</I>, <I> PCP</I>, <I> CDS-PP</I>, <I> BE</I><BR>Abstenção:<I>CH</I>",,,
315696,13,Votação na generalidade,2026-01-30,Rejeitado,"A Favor: <I>PS</I>, <I> IL</I>, <I> L</I>, <I> PCP</I>, <I> BE</I>, <I> PAN</I>, <I> JPP</I><BR>Contra:<I>PSD</I>, <I> CDS-PP</I><BR>Abstenção:<I>CH</I>",,,
315718,13,Votação na generalidade,2025-12-05,Rejeitado,"A Favor: <I>PS</I>, <I> L</I>, <I> PCP</I>, <I> BE</I>, <I> PAN</I>, <I> JPP</I><BR>Contra:<I>PSD</I>, <I> IL</I>, <I> CDS-PP</I><BR>Abstenção:<I>CH</I>",,,
356110,13,Votação na generalidade,2026-02-27,Aprovado,,,,
356110,18,Votação final global,2026-03-20,Aprovado,,,,
356061,73,Votação Deliberação,2026-06-19,Aprovado,"A Favor: <I>PSD</I>, <I> CH</I>, <I> L</I>, <I> CDS-PP</I>, <I> PAN</I>, <I> JPP</I><BR>Abstenção:<I>PS</I>, <I> IL</I>, <I> PCP</I>, <I> BE</I>",,,
315711,13,Votação na generalidade,2025-10-17,Rejeitado,"A Favor: <I>CH</I>, <I> PAN</I>, <I> JPP</I><BR>Contra:<I>PSD</I>, <I> PCP</I>, <I> CDS-PP</I><BR>Abstenção:<I>PS</I>, <I> IL</I>, <I> L</I>, <I> BE</I>",,,
356084,13,Votação na generalidade,2026-02-27,Aprovado,"A Favor: <I>PSD</I>, <I> CH</I>, <I> PS</I>, <I> IL</I>, <I> L</I>, <I> CDS-PP</I>, <I> BE</I>, <I> PAN</I>, <I> JPP</I><BR>Abstenção:<I>PCP</I>",,,
356084,18,Votação final global,2026-03-20,Aprovado,"A Favor: <I>PSD</I>, <I> CH</I>, <I> PS</I>, <I> IL</I>, <I> L</I>, <I> CDS-PP</I>, <I> BE</I>, <I> PAN</I>, <I> JPP</I><BR>Abstenção:<I>PCP</I>",,,
315825,13,Votação na generalidade,2025-12-19,Rejeitado,"A Favor: <I>CH</I>, <I> IL</I>, <I> BE</I>, <I> PAN</I>, <I> JPP</I><BR>Contra:<I>PSD</I><BR>Abstenção:<I>PS</I>, <I> L</I>, <I> PCP</I>, <I> CDS-PP</I>",,,
315890,13,Votação na generalidade,2026-01-09,Rejeitado,"A Favor: <I>CH</I><BR>Contra:<I>PSD</I>, <I> PS</I>, <I> L</I>, <I> PCP</I>, <I> BE</I><BR>Abstenção:<I>IL</I>, <I> CDS-PP</I>, <I> PAN</I>, <I> JPP</I>",,,
346058,73,Votação Deliberação,2026-02-27,Aprovado,"A Favor: <I>CH</I>, <I> PS</I>, <I> IL</I>, <I> L</I>, <I> BE</I>, <I> PAN</I>, <I> JPP</I><BR>Contra:<I>PSD</I>, <I> CDS-PP</I><BR>Abstenção:<I>PCP</I>",,,
356203,13,Votação na generalidade,2026-03-20,Aprovado,"A Favor: <I>CH</I>, <I> PS</I>, <I> PAN</I>, <I> JPP</I><BR>Contra:<I>PSD</I>, <I> CDS-PP</I><BR>Abstenção:<I>IL</I>, <I> L</I>, <I> PCP</I>, <I> BE</I>",,,
356203,18,Votação final global,2026-04-10,Aprovado,"A Favor: <I>CH</I>, <I> PS</I>, <I> IL</I>, <I> PAN</I>, <I> JPP</I><BR>Contra:<I>PSD</I>, <I> CDS-PP</I><BR>Abstenção:<I>L</I>, <I> PCP</I>, <I> BE</I>",,,
315813,13,Votação na generalidade,2025-12-11,Rejeitado,"A Favor: <I>IL</I><BR>Contra:<I>PSD</I>, <I> PS</I>, <I> L</I>, <I> PCP</I>, <I> BE</I>, <I> PAN</I>, <I> JPP</I><BR>Abstenção:<I>CH</I>, <I> CDS-PP</I>",,,
315833,13,Votação na generalidade,2025-12-19,Rejeitado,"A Favor: <I>PS</I>, <I> L</I>, <I> BE</I>, <I> PAN</I>, <I> JPP</I><BR>Contra:<I>PSD</I>, <I> IL</I>, <I> CDS-PP</I><BR>Abstenção:<I>CH</I>, <I> PCP</I>",,,
315841,13,Votação na generalidade,2025-12-19,Rejeitado,"A Favor: <I>CH</I>, <I> L</I>, <I> PCP</I>, <I> BE</I>, <I> PAN</I>, <I> JPP</I><BR>Contra:<I>PSD</I>, <I> IL</I>, <I> CDS-PP</I><BR>Abstenção:<I>PS</I>",,,
356073,73,Votação Deliberação,2026-02-27,Aprovado,"A Favor: <I>CH</I>, <I> PS</I>, <I> IL</I>, <I> L</I>, <I> BE</I>, <I> PAN</I>, <I> JPP</I><BR>Contra:<I>PSD</I>, <I> CDS-PP</I><BR>Abstenção:<I>PCP</I>",,,
315835,13,Votação na generalidade,2025-12-19,Rejeitado,"A Favor: <I>CH</I>, <I> L</I>, <I> PCP</I>, <I> BE</I>, <I> PAN</I>, <I> JPP</I><BR>Contra:<I>PSD</I>, <I> IL</I>, <I> CDS-PP</I><BR>Abstenção:<I>PS</I>",,,
346020,73,Votação Deliberação,2026-01-23,Aprovado,Ausência: <I>JPP</I>,,,
356101,73,Votação Deliberação,2026-06-25,Aprovado,,,,
315896,13,Votação na generalidade,2026-01-09,Rejeitado,"A Favor: <I>IL</I>, <I> L</I>, <I> PAN</I>, <I> JPP</I><BR>Contra:<I>PSD</I>, <I> CH</I>, <I> PS</I>, <I> PCP</I>, <I> CDS-PP</I>, <I> BE</I><BR>Abstenção:<I>1-PS</I>",,,
315846,13,Votação na generalidade,2025-12-19,Rejeitado,"A Favor: <I>L</I>, <I> PCP</I>, <I> BE</I>, <I> PAN</I>, <I> JPP</I><BR>Contra:<I>PSD</I>, <I> IL</I>, <I> CDS-PP</I><BR>Abstenção:<I>CH</I>, <I> PS</I>",,,
335939,73,Votação Deliberação,2026-01-30,Rejeitado,"A Favor: <I>CH</I>, <I> IL</I>, <I> BE</I>, <I> PAN</I>, <I> JPP</I><BR>Contra:<I>PSD</I>, <I> CDS-PP</I><BR>Abstenção:<I>PS</I>, <I> L</I>, <I> PCP</I>",,,
356068,13,Votação na generalidade,2026-03-20,Aprovado,,,,
345964,13,Votação na generalidade,2026-01-30,Rejeitado,"A Favor: <I>PS</I>, <I> L</I>, <I> PCP</I>, <I> BE</I>, <I> PAN</I>, <I> JPP</I><BR>Contra:<I>PSD</I>, <I> IL</I>, <I> CDS-PP</I><BR>Abstenção:<I>CH</I>",,,
356216,13,Votação na generalidade,2026-02-25,Aprovado,"A Favor: <I>CH</I>, <I> PS</I>, <I> IL</I>, <I> L</I>, <I> PCP</I>, <I> CDS-PP</I>, <I> BE</I>, <I> PAN</I>, <I> JPP</I><BR>Abstenção:<I>PSD</I>",,,
356216,18,Votação final global,2026-03-13,Aprovado,"A Favor: <I>CH</I>, <I> PS</I>, <I> IL</I>, <I> L</I>, <I> PCP</I>, <I> BE</I>, <I> PAN</I>, <I> JPP</I><BR>Contra:<I>PSD</I>, <I> CDS-PP</I>",,,
356069,13,Votação na generalidade,2026-02-27,Aprovado,"A Favor: <I>PSD</I>, <I> CH</I>, <I> IL</I>, <I> L</I>, <I> PCP</I>, <I> CDS-PP</I>, <I> BE</I>, <I> PAN</I>, <I> JPP</I><BR>Abstenção:<I>PS</I>",,,
356285,13,Votação na generalidade,2026-05-29,Aprovado,,,,
356285,18,Votação final global,2026-06-25,Aprovado,,,,
356344,13,Votação na generalidade,2026-05-08,Aprovado,"A Favor: <I>CH</I>, <I> PS</I>, <I> IL</I>, <I> L</I>, <I> PCP</I>, <I> BE</I>, <I> JPP</I><BR>Contra:<I>PSD</I>, <I> CDS-PP</I><BR>Abstenção:<I>PAN</I>",,,
356344,18,Votação final global,2026-07-03,Aprovado,"A Favor: <I>PSD</I>, <I> CH</I>, <I> PS</I>, <I> IL</I>, <I> L</I>, <I> PCP</I>, <I> CDS-PP</I>, <I> BE</I>, <I> JPP</I><BR>Abstenção:<I>PAN</I>",,,
315903,13,Votação na generalidade,2026-01-09,Rejeitado,"A Favor: <I>PS</I>, <I> L</I>, <I> PCP</I>, <I> BE</I>, <I> PAN</I>, <I> JPP</I><BR>Contra:<I>PSD</I>, <I> IL</I>, <I> CDS-PP</I><BR>Abstenção:<I>CH</I>",,,
315910,13,Votação na generalidade,2026-01-09,Rejeitado,"A Favor: <I>CH</I>, <I> PAN</I>, <I> JPP</I><BR>Contra:<I>PSD</I>, <I> PS</I>, <I> PCP</I>, <I> CDS-PP</I><BR>Abstenção:<I>IL</I>, <I> L</I>, <I> BE</I>",,,
356066,73,Votação Deliberação,2026-03-06,Rejeitado,"A Favor: <I>CH</I>, <I> IL</I>, <I> L</I>, <I> BE</I>, <I> PAN</I>, <I> JPP</I><BR>Contra:<I>PSD</I>, <I> CDS-PP</I><BR>Abstenção:<I>PS</I>, <I> PCP</I>",,,
325923,13,Votação na generalidade,2026-01-09,Rejeitado,"A Favor: <I>CH</I>, <I> L</I>, <I> BE</I>, <I> PAN</I>, <I> JPP</I><BR>Contra:<I>PSD</I>, <I> PS</I>, <I> PCP</I>, <I> CDS-PP</I><BR>Abstenção:<I>1-PS</I>, <I> IL</I>",,,
335959,73,Votação Deliberação,2026-02-13,Rejeitado,"A Favor: <I>PS</I>, <I> L</I>, <I> PCP</I>, <I> BE</I>, <I> PAN</I>, <I> JPP</I><BR>Contra:<I>PSD</I>, <I> CH</I>, <I> IL</I>, <I> CDS-PP</I>",,,
335959,73,Votação Deliberação,2026-02-13,Rejeitado,"A Favor: <I>PS</I>, <I> L</I>, <I> PCP</I>, <I> BE</I>, <I> PAN</I>, <I> JPP</I><BR>Contra:<I>PSD</I>, <I> CH</I>, <I> 1-PS</I>, <I> IL</I>, <I> CDS-PP</I>",,,
335959,73,Votação Deliberação,2026-02-13,Rejeitado,"A Favor: <I>PS</I>, <I> IL</I>, <I> L</I>, <I> PCP</I>, <I> BE</I>, <I> PAN</I>, <I> JPP</I><BR>Contra:<I>PSD</I>, <I> CDS-PP</I><BR>Abstenção:<I>CH</I>",,,
335959,73,Votação Deliberação,2026-02-13,Rejeitado,"A Favor: <I>PS</I>, <I> L</I>, <I> PCP</I>, <I> BE</I>, <I> PAN</I>, <I> JPP</I><BR>Contra:<I>PSD</I>, <I> CH</I>, <I> IL</I>, <I> CDS-PP</I>",,,
335959,73,Votação Deliberação,2026-02-13,Rejeitado,"A Favor: <I>PS</I>, <I> L</I>, <I> PCP</I>, <I> BE</I>, <I> PAN</I>, <I> JPP</I><BR>Contra:<I>PSD</I>, <I> CDS-PP</I><BR>Abstenção:<I>CH</I>, <I> IL</I>",,,
356359,13,Votação na generalidade,2026-05-14,Aprovado,"A Favor: <I>CH</I>, <I> PS</I>, <I> IL</I>, <I> CDS-PP</I>, <I> BE</I>, <I> PAN</I>, <I> JPP</I><BR>Abstenção:<I>PSD</I>, <I> L</I>, <I> PCP</I>",,,
356359,18,Votação final global,2026-06-25,Aprovado,,,,
346046,73,Votação Deliberação,2026-01-30,Aprovado,,,,
356289,13,Votação na generalidade,2026-03-20,Aprovado,"A Favor: <I>PSD</I>, <I> CH</I>, <I> IL</I>, <I> CDS-PP</I>, <I> JPP</I><BR>Contra:<I>L</I><BR>Abstenção:<I>PS</I>, <I> PCP</I>, <I> BE</I>, <I> PAN</I>",,,
356289,18,Votação final global,2026-06-12,Aprovado,"A Favor: <I>CH</I>, <I> PS</I>, <I> IL</I>, <I> PAN</I>, <I> JPP</I><BR>Abstenção:<I>PSD</I>, <I> L</I>, <I> PCP</I>, <I> CDS-PP</I>, <I> BE</I>",,,
356332,13,Votação na generalidade,2026-05-22,Aprovado,"A Favor: <I>CH</I>, <I> PS</I>, <I> JPP</I><BR>Contra:<I>IL</I>, <I> L</I>, <I> PCP</I>, <I> BE</I><BR>Abstenção:<I>PSD</I>, <I> CDS-PP</I>, <I> PAN</I>",,,
356332,18,Votação final global,2026-06-12,Aprovado,"A Favor: <I>CH</I><BR>Contra:<I>IL</I>, <I> L</I>, <I> PCP</I>, <I> BE</I>, <I> PAN</I><BR>Abstenção:<I>PSD</I>, <I> PS</I>, <I> CDS-PP</I>, <I> JPP</I>",,,
356098,13,Votação na generalidade,2026-02-25,Rejeitado,"A Favor: <I>CH</I>, <I> IL</I>, <I> BE</I>, <I> JPP</I><BR>Contra:<I>PSD</I>, <I> CDS-PP</I><BR>Abstenção:<I>PS</I>, <I> L</I>, <I> PCP</I>, <I> PAN</I>",,,
346014,13,Votação na generalidade,2026-01-30,Rejeitado,"A Favor: <I>PS</I>, <I> IL</I>, <I> L</I>, <I> PCP</I>, <I> BE</I>, <I> PAN</I>, <I> JPP</I><BR>Contra:<I>PSD</I>, <I> CDS-PP</I><BR>Abstenção:<I>CH</I>",,,
356144,13,Votação na generalidade,2026-02-27,Aprovado,"A Favor: <I>CH</I>, <I> IL</I>, <I> L</I>, <I> PCP</I>, <I> BE</I>, <I> PAN</I>, <I> JPP</I><BR>Abstenção:<I>PSD</I>, <I> PS</I>, <I> CDS-PP</I>",,,
356388,73,Votação Deliberação,2026-04-24,Aprovado,,,,
356388,73,Votação Deliberação,2026-04-24,Aprovado,,,,
356388,73,Votação Deliberação,2026-04-24,Aprovado,"A Favor: <I>PSD</I>, <I> PS</I>, <I> IL</I>, <I> L</I>, <I> CDS-PP</I>, <I> BE</I>, <I> PAN</I>, <I> JPP</I><BR>Abstenção:<I>CH</I>, <I> PCP</I>",,,
356388,73,Votação Deliberação,2026-04-24,Rejeitado,"A Favor: <I>PS</I>, <I> IL</I>, <I> L</I>, <I> PCP</I>, <I> BE</I>, <I> PAN</I>, <I> JPP</I><BR>Contra:<I>PSD</I>, <I> CH</I>, <I> CDS-PP</I>",,,
356145,13,Votação na generalidade,2026-02-27,Aprovado,"A Favor: <I>CH</I>, <I> L</I>, <I> PCP</I>, <I> CDS-PP</I>, <I> BE</I>, <I> PAN</I>, <I> JPP</I><BR>Abstenção:<I>PSD</I>, <I> PS</I>, <I> IL</I>",,,
356074,13,Votação na generalidade,2026-02-27,Rejeitado,"A Favor: <I>PS</I>, <I> IL</I>, <I> L</I>, <I> BE</I>, <I> PAN</I>, <I> JPP</I><BR>Contra:<I>PSD</I>, <I> CDS-PP</I><BR>Abstenção:<I>CH</I>, <I> PCP</I>",,,
356189,13,Votação na generalidade,2026-06-24,Rejeitado,"A Favor: <I>L</I>, <I> BE</I>, <I> PAN</I>, <I> JPP</I><BR>Contra:<I>PSD</I>, <I> CH</I>, <I> CDS-PP</I><BR>Abstenção:<I>PS</I>, <I> IL</I>, <I> PCP</I>",,,
356274,73,Votação Deliberação,2026-06-19,Aprovado,"A Favor: <I>CH</I>, <I> PS</I>, <I> IL</I>, <I> BE</I>, <I> PAN</I>, <I> JPP</I><BR>Abstenção:<I>PSD</I>, <I> L</I>, <I> PCP</I>, <I> CDS-PP</I>",,,
356190,13,Votação na generalidade,2026-02-20,Aprovado,"A Favor: <I>CH</I>, <I> PS</I>, <I> IL</I>, <I> L</I>, <I> PCP</I>, <I> BE</I>, <I> PAN</I>, <I> JPP</I><BR>Contra:<I>PSD</I>, <I> CDS-PP</I>",,,
356445,13,Votação na generalidade,2026-04-17,Aprovado,"A Favor: <I>PSD</I>, <I> CH</I>, <I> PS</I>, <I> IL</I>, <I> L</I>, <I> CDS-PP</I>, <I> BE</I>, <I> PAN</I>, <I> JPP</I><BR>Contra:<I>PCP</I>",,,
356445,18,Votação final global,2026-04-24,Aprovado,"A Favor: <I>PSD</I>, <I> CH</I>, <I> PS</I>, <I> IL</I>, <I> L</I>, <I> CDS-PP</I>, <I> BE</I>, <I> PAN</I>, <I> JPP</I><BR>Contra:<I>PCP</I>",,,
356444,13,Votação na generalidade,2026-04-17,Aprovado,"A Favor: <I>CH</I>, <I> PS</I>, <I> IL</I>, <I> CDS-PP</I>, <I> PAN</I>, <I> JPP</I><BR>Contra:<I>PCP</I><BR>Abstenção:<I>PSD</I>, <I> L</I>, <I> BE</I>",,,
356444,18,Votação final global,2026-04-24,Aprovado,"A Favor: <I>PSD</I>, <I> CH</I>, <I> PS</I>, <I> IL</I>, <I> L</I>, <I> CDS-PP</I>, <I> BE</I>, <I> PAN</I>, <I> JPP</I><BR>Contra:<I>PCP</I>",,,
356205,13,Votação na generalidade,2026-02-25,Rejeitado,"A Favor: <I>PS</I>, <I> L</I>, <I> PCP</I>, <I> BE</I>, <I> PAN</I>, <I> JPP</I><BR>Contra:<I>PSD</I>, <I> CH</I>, <I> IL</I>, <I> CDS-PP</I>",,,
356379,73,Votação Deliberação,2026-06-12,Aprovado,"A Favor: <I>CH</I>, <I> PS</I>, <I> BE</I>, <I> JPP</I><BR>Abstenção:<I>PSD</I>, <I> IL</I>, <I> L</I>, <I> PCP</I>, <I> CDS-PP</I>, <I> PAN</I>",,,
356156,13,Votação na generalidade,2026-02-27,Rejeitado,"A Favor: <I>L</I>, <I> PCP</I>, <I> BE</I>, <I> PAN</I>, <I> JPP</I><BR>Contra:<I>PSD</I>, <I> IL</I>, <I> CDS-PP</I><BR>Abstenção:<I>CH</I>, <I> PS</I>",,,
356143,13,Votação na generalidade,2026-02-27,Rejeitado,"A Favor: <I>PS</I>, <I> L</I>, <I> BE</I>, <I> PAN</I>, <I> JPP</I><BR>Contra:<I>PSD</I>, <I> CDS-PP</I><BR>Abstenção:<I>CH</I>, <I> IL</I>, <I> PCP</I>",,,
315209,122,Requerimento Baixa Comissão sem Votação (Generalidade),2025-07-04,Aprovado,"A Favor: <I>PSD</I>, <I> CH</I>, <I> PS</I>, <I> IL</I>, <I> L</I>, <I> CDS-PP</I>, <I> PAN</I>, <I> JPP</I><BR>Contra:<I>PCP</I>, <I> BE</I>",,,
315209,13,Votação na generalidade,2025-07-16,Aprovado,"A Favor: <I>PSD</I>, <I> CH</I>, <I> IL</I>, <I> CDS-PP</I><BR>Contra:<I>PS</I>, <I> L</I>, <I> PCP</I>, <I> BE</I>, <I> PAN</I>, <I> JPP</I>",,,
315209,34,Votação na especialidade,2025-07-16,Aprovado,"A Favor: <I>PSD</I>, <I> CH</I>, <I> IL</I>, <I> CDS-PP</I><BR>Contra:<I>PS</I>, <I> L</I>, <I> PCP</I>, <I> BE</I>, <I> PAN</I>, <I> JPP</I>",,,
315209,34,Votação na especialidade,2025-07-16,Aprovado,"A Favor: <I>PSD</I>, <I> IL</I>, <I> CDS-PP</I><BR>Contra:<I>PS</I>, <I> L</I>, <I> PCP</I>, <I> BE</I>, <I> PAN</I>, <I> JPP</I><BR>Abstenção:<I>CH</I>",,,
315209,34,Votação na especialidade,2025-07-16,Aprovado,"A Favor: <I>PSD</I>, <I> CH</I>, <I> IL</I>, <I> CDS-PP</I><BR>Contra:<I>PS</I>, <I> L</I>, <I> PCP</I>, <I> BE</I>, <I> PAN</I>, <I> JPP</I>",,,
315209,34,Votação na especialidade,2025-07-16,Aprovado,"A Favor: <I>PSD</I>, <I> CH</I>, <I> PS</I>, <I> L</I>, <I> PCP</I>, <I> CDS-PP</I>, <I> BE</I>, <I> PAN</I>, <I> JPP</I><BR>Contra:<I>IL</I>",,,
315209,34,Votação na especialidade,2025-07-16,Prejudicado,,,,
315209,34,Votação na especialidade,2025-07-16,Aprovado,"A Favor: <I>PSD</I>, <I> CDS-PP</I><BR>Contra:<I>PS</I>, <I> IL</I>, <I> L</I>, <I> PCP</I>, <I> BE</I>, <I> PAN</I>, <I> JPP</I><BR>Abstenção:<I>CH</I>",,,
315209,34,Votação na especialidade,2025-07-16,Aprovado,"A Favor: <I>PSD</I>, <I> PS</I>, <I> IL</I>, <I> CDS-PP</I><BR>Contra:<I>L</I>, <I> PCP</I>, <I> BE</I>, <I> PAN</I><BR>Abstenção:<I>CH</I>, <I> JPP</I>",,,
315209,34,Votação na especialidade,2025-07-16,Aprovado,"A Favor: <I>PSD</I>, <I> CH</I>, <I> PS</I>, <I> IL</I>, <I> PCP</I>, <I> CDS-PP</I>, <I> BE</I>, <I> PAN</I>, <I> JPP</I><BR>Contra:<I>L</I>",,,
315209,18,Votação final global,2025-07-16,Aprovado,"A Favor: <I>PSD</I>, <I> CH</I>, <I> CDS-PP</I><BR>Contra:<I>PS</I>, <I> L</I>, <I> PCP</I>, <I> BE</I>, <I> PAN</I>, <I> JPP</I><BR>Abstenção:<I>IL</I>",,,
315209,152,Requerimento,2025-07-16,Aprovado,"A Favor: <I>PSD</I>, <I> CH</I>, <I> PS</I>, <I> IL</I>, <I> L</I>, <I> CDS-PP</I>, <I> PAN</I>, <I> JPP</I><BR>Contra:<I>PCP</I>, <I> BE</I>",,,
315209,100,Votação novo decreto,2025-09-30,Aprovado,"A Favor: <I>PSD</I>, <I> CH</I>, <I> IL</I>, <I> CDS-PP</I>, <I> JPP</I><BR>Contra:<I>PS</I>, <I> L</I>, <I> PCP</I>, <I> BE</I>, <I> PAN</I>",,,
356462,13,Votação na generalidade,2026-04-10,Aprovado,"A Favor: <I>PS</I>, <I> L</I>, <I> BE</I>, <I> PAN</I>, <I> JPP</I><BR>Abstenção:<I>PSD</I>, <I> CH</I>, <I> IL</I>, <I> PCP</I>, <I> CDS-PP</I>",,,
356462,18,Votação final global,2026-05-08,Aprovado,"A Favor: <I>PS</I>, <I> L</I>, <I> BE</I>, <I> PAN</I>, <I> JPP</I><BR>Abstenção:<I>PSD</I>, <I> CH</I>, <I> IL</I>, <I> PCP</I>, <I> CDS-PP</I>",,,
356159,13,Votação na generalidade,2026-02-27,Rejeitado,"A Favor: <I>CH</I>, <I> L</I>, <I> PCP</I>, <I> BE</I>, <I> PAN</I>, <I> JPP</I><BR>Contra:<I>PSD</I>, <I> IL</I>, <I> CDS-PP</I><BR>Abstenção:<I>PS</I>",,,
356247,13,Votação na generalidade,2026-03-13,Aprovado,"A Favor: <I>CH</I>, <I> PS</I>, <I> IL</I>, <I> L</I>, <I> PCP</I>, <I> BE</I>, <I> PAN</I>, <I> JPP</I><BR>Contra:<I>PSD</I>, <I> CDS-PP</I>",,,
356467,13,Votação na generalidade,2026-04-17,Aprovado,"A Favor: <I>CH</I>, <I> PS</I>, <I> IL</I>, <I> L</I>, <I> PCP</I>, <I> BE</I>, <I> PAN</I>, <I> JPP</I><BR>Abstenção:<I>PSD</I>, <I> CDS-PP</I>",,,
356467,18,Votação final global,2026-05-22,Aprovado,"A Favor: <I>CH</I>, <I> PS</I>, <I> IL</I>, <I> L</I>, <I> BE</I>, <I> PAN</I>, <I> JPP</I><BR>Abstenção:<I>PSD</I>, <I> PCP</I>, <I> CDS-PP</I>",,,
356508,13,Votação na generalidade,2026-04-17,Aprovado,"A Favor: <I>PSD</I>, <I> CH</I>, <I> PS</I>, <I> IL</I>, <I> L</I>, <I> CDS-PP</I>, <I> BE</I>, <I> PAN</I>, <I> JPP</I><BR>Contra:<I>PCP</I>",,,
356508,18,Votação final global,2026-04-24,Aprovado,"A Favor: <I>PSD</I>, <I> CH</I>, <I> PS</I>, <I> IL</I>, <I> L</I>, <I> CDS-PP</I>, <I> BE</I>, <I> PAN</I>, <I> JPP</I><BR>Contra:<I>PCP</I>",,,
356618,122,Requerimento Baixa Comissão sem Votação (Generalidade),2026-06-12,Aprovado,,,,
356618,73,Votação Deliberação,2026-07-03,Aprovado,"A Favor: <I>PSD</I>, <I> PS</I>, <I> IL</I>, <I> L</I>, <I> PCP</I>, <I> CDS-PP</I>, <I> BE</I>, <I> PAN</I>, <I> JPP</I><BR>Contra:<I>CH</I>",,,
356447,73,Votação Deliberação,2026-05-15,Aprovado,"A Favor: <I>PS</I>, <I> L</I>, <I> BE</I>, <I> PAN</I>, <I> JPP</I><BR>Contra:<I>CH</I>, <I> CDS-PP</I><BR>Abstenção:<I>PSD</I>, <I> IL</I>, <I> PCP</I>",,,
356226,13,Votação na generalidade,2026-03-13,Rejeitado,"A Favor: <I>CH</I>, <I> IL</I>, <I> JPP</I><BR>Contra:<I>PSD</I>, <I> BE</I><BR>Abstenção:<I>PS</I>, <I> L</I>, <I> PCP</I>, <I> CDS-PP</I>, <I> PAN</I>",,,
356605,13,Votação na generalidade,2026-05-22,Aprovado,"A Favor: <I>CH</I>, <I> PS</I>, <I> IL</I>, <I> BE</I>, <I> PAN</I>, <I> JPP</I><BR>Abstenção:<I>PSD</I>, <I> L</I>, <I> PCP</I>, <I> CDS-PP</I>",,,
356605,18,Votação final global,2026-06-25,Aprovado,"A Favor: <I>CH</I>, <I> PS</I>, <I> IL</I>, <I> L</I>, <I> PCP</I>, <I> BE</I>, <I> PAN</I>, <I> JPP</I><BR>Abstenção:<I>PSD</I>, <I> CDS-PP</I>",,,
315168,13,Votação na generalidade,2025-07-11,Aprovado,"A Favor: <I>PSD</I>, <I> CH</I>, <I> PS</I>, <I> L</I>, <I> CDS-PP</I>, <I> PAN</I>, <I> JPP</I><BR>Contra:<I>PCP</I>, <I> BE</I><BR>Abstenção:<I>IL</I>",,,
315168,18,Votação final global,2025-12-12,Aprovado,"A Favor: <I>PSD</I>, <I> CH</I>, <I> PS</I>, <I> IL</I>, <I> L</I>, <I> CDS-PP</I>, <I> PAN</I>, <I> JPP</I><BR>Contra:<I>PCP</I>",,,
356571,13,Votação na generalidade,2026-04-30,Aprovado,"A Favor: <I>PSD</I>, <I> CH</I>, <I> PS</I>, <I> IL</I>, <I> CDS-PP</I>, <I> BE</I>, <I> PAN</I>, <I> JPP</I><BR>Abstenção:<I>L</I>, <I> PCP</I>",,,
356571,18,Votação final global,2026-06-12,Aprovado,,,,
356246,13,Votação na generalidade,2026-03-13,Rejeitado,"A Favor: <I>PS</I>, <I> L</I>, <I> BE</I>, <I> PAN</I>, <I> JPP</I><BR>Contra:<I>PSD</I>, <I> IL</I>, <I> CDS-PP</I><BR>Abstenção:<I>CH</I>, <I> PCP</I>",,,
356570,13,Votação na generalidade,2026-05-08,Aprovado,"A Favor: <I>CH</I>, <I> PS</I>, <I> IL</I>, <I> JPP</I><BR>Contra:<I>PSD</I>, <I> PCP</I>, <I> CDS-PP</I><BR>Abstenção:<I>L</I>, <I> BE</I>, <I> PAN</I>",,,
356570,18,Votação final global,2026-05-29,Aprovado,"A Favor: <I>CH</I>, <I> PS</I>, <I> IL</I><BR>Contra:<I>PSD</I>, <I> PCP</I>, <I> CDS-PP</I><BR>Abstenção:<I>L</I>, <I> BE</I>, <I> PAN</I>, <I> JPP</I>",,,
356428,73,Votação Deliberação,2026-04-10,Aprovado,"A Favor: <I>PSD</I>, <I> CH</I>, <I> PS</I>, <I> IL</I>, <I> L</I>, <I> CDS-PP</I>, <I> BE</I>, <I> PAN</I>, <I> JPP</I><BR>Contra:<I>PCP</I>",,,
356402,122,Requerimento Baixa Comissão sem Votação (Generalidade),2026-04-10,Aprovado,,,,
356582,13,Votação na generalidade,2026-05-08,Aprovado,"A Favor: <I>CH</I>, <I> PS</I>, <I> IL</I>, <I> L</I>, <I> PCP</I>, <I> BE</I>, <I> PAN</I>, <I> JPP</I><BR>Contra:<I>PSD</I>, <I> CDS-PP</I>",,,
356582,18,Votação final global,2026-06-19,Aprovado,"A Favor: <I>CH</I>, <I> PS</I>, <I> IL</I>, <I> L</I>, <I> PCP</I>, <I> BE</I>, <I> PAN</I>, <I> JPP</I><BR>Contra:<I>PSD</I>, <I> CDS-PP</I>",,,
356374,73,Votação Deliberação,2026-04-17,Rejeitado,"A Favor: <I>CH</I><BR>Contra:<I>PSD</I>, <I> PS</I>, <I> IL</I>, <I> L</I>, <I> PCP</I>, <I> BE</I>, <I> PAN</I>, <I> JPP</I><BR>Abstenção:<I>CDS-PP</I>",,,
356587,13,Votação na generalidade,2026-04-30,Aprovado,,,,
356587,18,Votação final global,2026-06-12,Aprovado,,,,
356317,13,Votação na generalidade,2026-03-20,Rejeitado,"A Favor: <I>PS</I>, <I> IL</I>, <I> L</I>, <I> PCP</I>, <I> BE</I>, <I> PAN</I>, <I> JPP</I><BR>Contra:<I>PSD</I>, <I> CH</I>, <I> CDS-PP</I>",,,
356403,196,Votação final,2026-04-30,Rejeitado,"A Favor: <I>CH</I>, <I> BE</I>, <I> PAN</I>, <I> JPP</I><BR>Contra:<I>PSD</I>, <I> IL</I><BR>Abstenção:<I>PS</I>, <I> L</I>, <I> PCP</I>, <I> CDS-PP</I>",,,
356625,73,Votação Deliberação,2026-05-29,Aprovado,"A Favor: <I>PSD</I>, <I> CH</I>, <I> PS</I>, <I> IL</I>, <I> L</I>, <I> CDS-PP</I>, <I> BE</I>, <I> PAN</I>, <I> JPP</I><BR>Contra:<I>PCP</I>",,,
356662,13,Votação na generalidade,2026-05-13,Aprovado,"A Favor: <I>PSD</I>, <I> CH</I>, <I> IL</I>, <I> L</I>, <I> CDS-PP</I>, <I> PAN</I>, <I> JPP</I><BR>Contra:<I>PCP</I><BR>Abstenção:<I>PS</I>, <I> BE</I>",,,
356662,18,Votação final global,2026-05-29,Aprovado,"A Favor: <I>PSD</I>, <I> CH</I>, <I> IL</I>, <I> L</I>, <I> CDS-PP</I>, <I> PAN</I>, <I> JPP</I><BR>Contra:<I>PCP</I><BR>Abstenção:<I>PS</I>, <I> BE</I>",,,
356394,73,Votação Deliberação,2026-05-08,Rejeitado,"A Favor: <I>CH</I>, <I> PAN</I>, <I> JPP</I><BR>Contra:<I>PSD</I>, <I> CDS-PP</I><BR>Abstenção:<I>PS</I>, <I> IL</I>, <I> L</I>, <I> PCP</I>, <I> BE</I>",,,
356778,73,Votação Deliberação,2026-05-29,Aprovado,,,,
356780,13,Votação na generalidade,2026-06-03,Aprovado,"A Favor: <I>CH</I>, <I> PS</I>, <I> IL</I>, <I> L</I>, <I> PCP</I>, <I> BE</I>, <I> PAN</I>, <I> JPP</I><BR>Abstenção:<I>PSD</I>, <I> CDS-PP</I>",,,
356687,13,Votação na generalidade,2026-05-22,Rejeitado,"A Favor: <I>L</I>, <I> PCP</I>, <I> BE</I>, <I> JPP</I><BR>Contra:<I>PSD</I>, <I> PS</I>, <I> IL</I>, <I> CDS-PP</I>, <I> PAN</I><BR>Abstenção:<I>CH</I>",,,
356968,73,Votação Deliberação,2026-07-17,Aprovado,"A Favor: <I>PS</I>, <I> L</I>, <I> PCP</I>, <I> BE</I>, <I> PAN</I>, <I> JPP</I><BR>Contra:<I>CH</I>, <I> CDS-PP</I><BR>Abstenção:<I>PSD</I>, <I> IL</I>",,,
356908,73,Votação Deliberação,2026-06-19,Aprovado,"A Favor: <I>CH</I>, <I> PS</I>, <I> BE</I>, <I> PAN</I>, <I> JPP</I><BR>Contra:<I>PSD</I>, <I> IL</I>, <I> CDS-PP</I><BR>Abstenção:<I>L</I>, <I> PCP</I>",,,
356674,13,Votação na generalidade,2026-05-22,Rejeitado,"A Favor: <I>L</I>, <I> PCP</I>, <I> BE</I>, <I> PAN</I>, <I> JPP</I><BR>Contra:<I>PSD</I>, <I> IL</I>, <I> CDS-PP</I><BR>Abstenção:<I>CH</I>, <I> PS</I>",,,
356859,73,Votação Deliberação,2026-06-12,Aprovado,,,,
356679,13,Votação na generalidade,2026-05-22,Rejeitado,"A Favor: <I>CH</I>, <I> IL</I>, <I> JPP</I><BR>Contra:<I>PSD</I>, <I> CDS-PP</I><BR>Abstenção:<I>PS</I>, <I> L</I>, <I> PCP</I>, <I> BE</I>, <I> PAN</I>",,,
356788,13,Votação na generalidade,2026-06-03,Aprovado,"A Favor: <I>CH</I>, <I> PS</I>, <I> IL</I>, <I> L</I>, <I> PCP</I>, <I> BE</I>, <I> PAN</I>, <I> JPP</I><BR>Abstenção:<I>PSD</I>, <I> CDS-PP</I>",,,
356839,73,Votação Deliberação,2026-07-17,Rejeitado,"A Favor: <I>PS</I>, <I> L</I>, <I> PCP</I>, <I> BE</I>, <I> PAN</I>, <I> JPP</I><BR>Contra:<I>PSD</I>, <I> IL</I>, <I> CDS-PP</I><BR>Abstenção:<I>CH</I>",,,
356699,13,Votação na generalidade,2026-05-22,Rejeitado,"A Favor: <I>PS</I>, <I> L</I>, <I> PCP</I>, <I> BE</I>, <I> PAN</I>, <I> JPP</I><BR>Contra:<I>PSD</I>, <I> CDS-PP</I><BR>Abstenção:<I>CH</I>, <I> IL</I>",,,
356800,13,Votação na generalidade,2026-06-03,Aprovado,"A Favor: <I>CH</I>, <I> PS</I>, <I> IL</I>, <I> L</I>, <I> PCP</I>, <I> BE</I>, <I> PAN</I>, <I> JPP</I><BR>Abstenção:<I>PSD</I>, <I> CDS-PP</I>",,,
356804,13,Votação na generalidade,2026-06-03,Aprovado,"A Favor: <I>CH</I>, <I> PS</I>, <I> IL</I>, <I> L</I>, <I> PCP</I>, <I> BE</I>, <I> PAN</I>, <I> JPP</I><BR>Abstenção:<I>PSD</I>, <I> CDS-PP</I>",,,
356816,13,Votação na generalidade,2026-06-03,Aprovado,"A Favor: <I>CH</I>, <I> PS</I>, <I> IL</I>, <I> L</I>, <I> PCP</I>, <I> BE</I>, <I> PAN</I>, <I> JPP</I><BR>Abstenção:<I>PSD</I>, <I> CDS-PP</I>",,,
356970,73,Votação Deliberação,2026-06-25,Aprovado,,,,
356790,13,Votação na generalidade,2026-06-12,Rejeitado,"A Favor: <I>PS</I>, <I> L</I>, <I> BE</I>, <I> PAN</I>, <I> JPP</I><BR>Contra:<I>PSD</I>, <I> CH</I>, <I> CDS-PP</I><BR>Abstenção:<I>IL</I>, <I> PCP</I>",,,
356945,13,Votação na generalidade,2026-07-17,Aprovado,"A Favor: <I>CH</I>, <I> PS</I>, <I> L</I>, <I> PCP</I>, <I> BE</I>, <I> PAN</I>, <I> JPP</I><BR>Abstenção:<I>PSD</I>, <I> IL</I>, <I> CDS-PP</I>",,,
356791,13,Votação na generalidade,2026-06-12,Rejeitado,"A Favor: <I>CH</I>, <I> IL</I>, <I> L</I>, <I> PCP</I>, <I> BE</I>, <I> PAN</I>, <I> JPP</I><BR>Contra:<I>PSD</I>, <I> CDS-PP</I><BR>Abstenção:<I>PS</I>",,,
315267,13,Votação na generalidade,2025-07-11,Aprovado,"A Favor: <I>PSD</I>, <I> CH</I>, <I> CDS-PP</I>, <I> BE</I>, <I> PAN</I><BR>Abstenção:<I>PS</I>, <I> IL</I>, <I> L</I>, <I> PCP</I>, <I> JPP</I>",,,
315174,13,Votação na generalidade,2025-07-04,Rejeitado,"A Favor: <I>IL</I>, <I> PCP</I>, <I> BE</I>, <I> PAN</I>, <I> JPP</I><BR>Contra:<I>PSD</I>, <I> PS</I>, <I> CDS-PP</I><BR>Abstenção:<I>CH</I>, <I> L</I>",,,
315178,13,Votação na generalidade,2025-07-04,Rejeitado,"A Favor: <I>IL</I><BR>Contra:<I>PSD</I>, <I> PS</I>, <I> L</I>, <I> PCP</I>, <I> CDS-PP</I>, <I> BE</I>, <I> PAN</I><BR>Abstenção:<I>CH</I>, <I> JPP</I>",,,
315653,13,Votação na generalidade,2026-04-01,Aprovado,,,,
315653,34,Votação na especialidade,2026-04-01,Aprovado,,,,
315653,18,Votação final global,2026-04-01,Aprovado,,,,
315136,13,Votação na generalidade,2025-06-27,Rejeitado,"A Favor: <I>CH</I>, <I> L</I>, <I> PCP</I>, <I> BE</I>, <I> PAN</I>, <I> JPP</I><BR>Contra:<I>PSD</I>, <I> CDS-PP</I><BR>Abstenção:<I>PS</I>, <I> IL</I>",,,
315311,13,Votação na generalidade,2025-07-11,Aprovado,"A Favor: <I>CH</I>, <I> PS</I>, <I> IL</I>, <I> BE</I>, <I> PAN</I>, <I> JPP</I><BR>Abstenção:<I>PSD</I>, <I> L</I>, <I> PCP</I>, <I> CDS-PP</I>",,,
315137,13,Votação na generalidade,2025-06-27,Rejeitado,"A Favor: <I>CH</I>, <I> L</I>, <I> PCP</I>, <I> BE</I>, <I> PAN</I>, <I> JPP</I><BR>Contra:<I>PSD</I>, <I> IL</I>, <I> CDS-PP</I><BR>Abstenção:<I>PS</I>",,,
315213,13,Votação na generalidade,2025-07-04,Rejeitado,"A Favor: <I>CH</I>, <I> L</I>, <I> PCP</I>, <I> BE</I>, <I> PAN</I>, <I> JPP</I><BR>Contra:<I>PSD</I>, <I> PS</I>, <I> IL</I>, <I> CDS-PP</I>",,,
315726,13,Votação na generalidade,2026-03-26,Aprovado,,,,
315726,34,Votação na especialidade,2026-03-26,Aprovado,,,,
315726,18,Votação final global,2026-03-26,Aprovado,,,,
315231,13,Votação na generalidade,2025-07-04,Rejeitado,"A Favor: <I>PS</I>, <I> L</I>, <I> PCP</I>, <I> BE</I>, <I> PAN</I>, <I> JPP</I><BR>Contra:<I>PSD</I>, <I> CH</I>, <I> IL</I>, <I> CDS-PP</I>",,,
315343,13,Votação na generalidade,2026-05-22,Rejeitado,"A Favor: <I>1-PS</I>, <I> L</I>, <I> PCP</I>, <I> BE</I>, <I> PAN</I>, <I> JPP</I>, <I> Sofia Pereira (PS)</I><BR>Contra:<I>PSD</I>, <I> IL</I>, <I> CDS-PP</I><BR>Abstenção:<I>CH</I>, <I> PS</I>",,,
315361,13,Votação na generalidade,2025-09-25,Rejeitado,"A Favor: <I>CH</I>, <I> BE</I>, <I> PAN</I>, <I> JPP</I><BR>Contra:<I>PSD</I>, <I> IL</I>, <I> CDS-PP</I><BR>Abstenção:<I>PS</I>, <I> L</I>, <I> PCP</I>",,,
315297,13,Votação na generalidade,2026-02-27,Rejeitado,"A Favor: <I>IL</I>, <I> L</I>, <I> BE</I>, <I> PAN</I>, <I> JPP</I><BR>Contra:<I>PSD</I>, <I> CDS-PP</I><BR>Abstenção:<I>CH</I>, <I> PS</I>, <I> PCP</I>",,,
315301,13,Votação na generalidade,2025-07-11,Rejeitado,"A Favor: <I>L</I>, <I> PCP</I>, <I> BE</I>, <I> PAN</I>, <I> JPP</I><BR>Contra:<I>PSD</I>, <I> CH</I>, <I> PS</I>, <I> CDS-PP</I><BR>Abstenção:<I>IL</I>",,,
315292,13,Votação na generalidade,2026-07-02,Rejeitado,"A Favor: <I>IL</I>, <I> L</I>, <I> PAN</I>, <I> JPP</I><BR>Contra:<I>PSD</I>, <I> CDS-PP</I><BR>Abstenção:<I>CH</I>, <I> PS</I>, <I> PCP</I>, <I> BE</I>",,,
315246,13,Votação na generalidade,2025-07-11,Rejeitado,"A Favor: <I>CH</I><BR>Contra:<I>PSD</I>, <I> PS</I>, <I> L</I>, <I> PCP</I>, <I> CDS-PP</I>, <I> BE</I>, <I> PAN</I><BR>Abstenção:<I>IL</I>, <I> JPP</I>",,,
315455,13,Votação na generalidade,2026-03-20,Rejeitado,"A Favor: <I>IL</I>, <I> L</I>, <I> PCP</I>, <I> BE</I>, <I> PAN</I>, <I> JPP</I><BR>Contra:<I>PSD</I>, <I> CDS-PP</I><BR>Abstenção:<I>CH</I>, <I> PS</I>",,,
315321,13,Votação na generalidade,2025-07-16,Rejeitado,"A Favor: <I>PS</I>, <I> L</I>, <I> BE</I>, <I> PAN</I>, <I> JPP</I><BR>Contra:<I>PSD</I>, <I> CDS-PP</I><BR>Abstenção:<I>CH</I>, <I> IL</I>, <I> PCP</I>",,,
315295,13,Votação na generalidade,2025-07-11,Rejeitado,"A Favor: <I>PS</I>, <I> L</I>, <I> PCP</I>, <I> BE</I>, <I> PAN</I>, <I> JPP</I><BR>Contra:<I>PSD</I>, <I> CDS-PP</I><BR>Abstenção:<I>CH</I>, <I> IL</I>",,,
315578,122,Requerimento Baixa Comissão sem Votação (Generalidade),2025-09-19,Aprovado,Ausência: <I>BE</I>,,,
315578,122,Requerimento Baixa Comissão sem Votação (Generalidade),2026-03-20,Aprovado,,,,
315578,152,Requerimento,2026-06-17,Aprovado,,,,
315319,13,Votação na generalidade,2025-07-11,Rejeitado,"A Favor: <I>CH</I>, <I> IL</I>, <I> PAN</I><BR>Contra:<I>PSD</I>, <I> PS</I>, <I> L</I>, <I> PCP</I>, <I> CDS-PP</I>, <I> BE</I><BR>Abstenção:<I>JPP</I>",,,
315225,13,Votação na generalidade,2025-07-04,Rejeitado,"A Favor: <I>IL</I>, <I> L</I>, <I> PCP</I>, <I> BE</I>, <I> PAN</I><BR>Contra:<I>PSD</I>, <I> CH</I>, <I> CDS-PP</I><BR>Abstenção:<I>PS</I>, <I> JPP</I>",,,
315342,13,Votação na generalidade,2025-07-16,Rejeitado,"A Favor: <I>L</I>, <I> PCP</I>, <I> BE</I>, <I> PAN</I>, <I> JPP</I><BR>Contra:<I>PSD</I>, <I> IL</I>, <I> CDS-PP</I><BR>Abstenção:<I>CH</I>, <I> PS</I>",,,
315411,13,Votação na generalidade,2026-04-10,Rejeitado,"A Favor: <I>L</I>, <I> PCP</I>, <I> BE</I>, <I> PAN</I>, <I> JPP</I><BR>Contra:<I>PSD</I>, <I> CDS-PP</I><BR>Abstenção:<I>CH</I>, <I> PS</I>, <I> IL</I>",,,
356107,13,Votação na generalidade,2026-04-17,Aprovado,,,,
356107,18,Votação final global,2026-07-17,Aprovado,,,,
315556,13,Votação na generalidade,2025-09-26,Rejeitado,"A Favor: <I>L</I>, <I> PCP</I>, <I> BE</I>, <I> PAN</I>, <I> JPP</I><BR>Contra:<I>PSD</I>, <I> IL</I>, <I> CDS-PP</I><BR>Abstenção:<I>CH</I>, <I> PS</I>",,,
315512,13,Votação na generalidade,2025-09-25,Rejeitado,"A Favor: <I>CH</I><BR>Contra:<I>PSD</I>, <I> PS</I>, <I> IL</I>, <I> L</I>, <I> PCP</I>, <I> BE</I><BR>Abstenção:<I>CDS-PP</I>, <I> PAN</I>, <I> JPP</I>",,,
315887,13,Votação na generalidade,2025-12-19,Aprovado,,,,
315887,34,Votação na especialidade,2025-12-19,Aprovado,,,,
315887,18,Votação final global,2025-12-19,Aprovado,,,,
315887,81,Requerimento dispensa redação final,2025-12-19,Aprovado,,,,
315513,13,Votação na generalidade,2026-01-09,Rejeitado,"A Favor: <I>CH</I>, <I> PAN</I>, <I> JPP</I><BR>Contra:<I>PSD</I>, <I> PS</I>, <I> IL</I>, <I> PCP</I><BR>Abstenção:<I>L</I>, <I> CDS-PP</I>, <I> BE</I>",,,
315682,122,Requerimento Baixa Comissão sem Votação (Generalidade),2025-10-16,Aprovado,,,,
315682,13,Votação na generalidade,2026-07-03,Rejeitado,"A Favor: <I>L</I>, <I> PCP</I>, <I> BE</I>, <I> PAN</I>, <I> JPP</I><BR>Contra:<I>PSD</I>, <I> CH</I>, <I> IL</I>, <I> CDS-PP</I><BR>Abstenção:<I>PS</I>",,,
335930,13,Votação na generalidade,2026-01-09,Rejeitado,"A Favor: <I>PS</I>, <I> PAN</I>, <I> JPP</I><BR>Contra:<I>PSD</I>, <I> CDS-PP</I><BR>Abstenção:<I>CH</I>, <I> IL</I>, <I> L</I>, <I> PCP</I>, <I> BE</I>",,,
315521,13,Votação na generalidade,2026-03-13,Rejeitado,"A Favor: <I>CH</I><BR>Contra:<I>PSD</I>, <I> PS</I>, <I> IL</I>, <I> L</I>, <I> PCP</I>, <I> BE</I>, <I> PAN</I>, <I> JPP</I><BR>Abstenção:<I>CDS-PP</I>",,,
356139,13,Votação na generalidade,2026-02-27,Aprovado,"A Favor: <I>CH</I>, <I> IL</I>, <I> L</I>, <I> PCP</I>, <I> BE</I>, <I> PAN</I>, <I> JPP</I><BR>Abstenção:<I>PSD</I>, <I> PS</I>, <I> CDS-PP</I>",,,
356139,18,Votação final global,2026-03-26,Aprovado,"A Favor: <I>CH</I>, <I> PS</I>, <I> IL</I>, <I> L</I>, <I> PCP</I>, <I> BE</I>, <I> PAN</I>, <I> JPP</I><BR>Abstenção:<I>PSD</I>, <I> CDS-PP</I>",,,
315534,13,Votação na generalidade,2025-09-26,Rejeitado,"A Favor: <I>PS</I>, <I> L</I>, <I> PCP</I>, <I> BE</I>, <I> PAN</I>, <I> JPP</I><BR>Contra:<I>PSD</I>, <I> CDS-PP</I><BR>Abstenção:<I>CH</I>, <I> IL</I>",,,
356186,13,Votação na generalidade,2026-03-20,Aprovado,,,,
356186,34,Votação na especialidade,2026-03-20,Aprovado,,,,
356186,18,Votação final global,2026-03-20,Aprovado,,,,
356523,13,Votação na generalidade,2026-04-24,Aprovado,"A Favor: <I>CH</I>, <I> PS</I>, <I> L</I>, <I> PCP</I>, <I> BE</I>, <I> PAN</I>, <I> JPP</I><BR>Contra:<I>PSD</I>, <I> CDS-PP</I><BR>Abstenção:<I>IL</I>",,,
356523,15,Requerimento avocação plenário,2026-05-21,Aprovado,"A Favor: <I>CH</I>, <I> PS</I>, <I> IL</I>, <I> L</I>, <I> PCP</I>, <I> BE</I>, <I> PAN</I>, <I> JPP</I><BR>Contra:<I>PSD</I>, <I> CDS-PP</I>",,,
356523,34,Votação na especialidade,2026-05-22,Aprovado,"A Favor: <I>CH</I>, <I> PS</I>, <I> L</I>, <I> PCP</I>, <I> BE</I>, <I> PAN</I>, <I> JPP</I><BR>Contra:<I>PSD</I>, <I> CDS-PP</I><BR>Abstenção:<I>IL</I>",,,
356523,34,Votação na especialidade,2026-05-22,Aprovado,"A Favor: <I>CH</I>, <I> PS</I>, <I> L</I>, <I> PCP</I>, <I> BE</I>, <I> PAN</I>, <I> JPP</I><BR>Contra:<I>PSD</I>, <I> CDS-PP</I><BR>Abstenção:<I>IL</I>",,,
356523,34,Votação na especialidade,2026-05-22,Aprovado,"A Favor: <I>CH</I>, <I> PS</I>, <I> IL</I>, <I> L</I>, <I> PCP</I>, <I> BE</I>, <I> PAN</I>, <I> JPP</I><BR>Contra:<I>PSD</I>, <I> CDS-PP</I>",,,
356523,34,Votação na especialidade,2026-05-22,Aprovado,"A Favor: <I>CH</I>, <I> PS</I>, <I> L</I>, <I> PCP</I>, <I> BE</I>, <I> PAN</I>, <I> JPP</I><BR>Contra:<I>PSD</I>, <I> CDS-PP</I><BR>Abstenção:<I>IL</I>",,,
356523,34,Votação na especialidade,2026-05-22,Aprovado,"A Favor: <I>CH</I>, <I> PS</I>, <I> L</I>, <I> PCP</I>, <I> BE</I>, <I> PAN</I>, <I> JPP</I><BR>Contra:<I>PSD</I>, <I> CDS-PP</I><BR>Abstenção:<I>IL</I>",,,
356523,18,Votação final global,2026-05-22,Aprovado,"A Favor: <I>CH</I>, <I> PS</I>, <I> IL</I>, <I> L</I>, <I> PCP</I>, <I> BE</I>, <I> PAN</I>, <I> JPP</I><BR>Contra:<I>PSD</I>, <I> CDS-PP</I>",,,
315612,13,Votação na generalidade,2025-09-26,Rejeitado,"A Favor: <I>L</I>, <I> PCP</I>, <I> BE</I>, <I> PAN</I>, <I> JPP</I><BR>Contra:<I>PSD</I>, <I> CH</I>, <I> IL</I>, <I> CDS-PP</I><BR>Abstenção:<I>PS</I>",,,
315531,13,Votação na generalidade,2026-07-03,Rejeitado,"A Favor: <I>CH</I>, <I> IL</I>, <I> PAN</I>, <I> JPP</I><BR>Contra:<I>PSD</I>, <I> L</I>, <I> PCP</I>, <I> CDS-PP</I>, <I> BE</I><BR>Abstenção:<I>PS</I>",,,
315618,13,Votação na generalidade,2025-09-26,Rejeitado,"A Favor: <I>L</I>, <I> PCP</I>, <I> BE</I>, <I> PAN</I>, <I> JPP</I><BR>Contra:<I>PSD</I>, <I> CDS-PP</I><BR>Abstenção:<I>CH</I>, <I> PS</I>, <I> IL</I>",,,
315560,13,Votação na generalidade,2025-09-19,Rejeitado,"A Favor: <I>CH</I>, <I> IL</I>, <I> JPP</I><BR>Contra:<I>PSD</I>, <I> PS</I>, <I> L</I>, <I> PCP</I>, <I> CDS-PP</I><BR>Abstenção:<I>PAN</I>",,,
356217,13,Votação na generalidade,2026-02-25,Aprovado,"A Favor: <I>CH</I>, <I> PS</I>, <I> L</I>, <I> PCP</I>, <I> BE</I>, <I> PAN</I>, <I> JPP</I><BR>Contra:<I>PSD</I>, <I> CDS-PP</I><BR>Abstenção:<I>IL</I>",,,
356217,18,Votação final global,2026-03-26,Aprovado,"A Favor: <I>CH</I>, <I> PS</I>, <I> L</I>, <I> PCP</I>, <I> BE</I>, <I> PAN</I>, <I> JPP</I><BR>Contra:<I>PSD</I>, <I> CDS-PP</I><BR>Abstenção:<I>IL</I>",,,
315699,13,Votação na generalidade,2025-12-05,Rejeitado,"A Favor: <I>L</I>, <I> PCP</I>, <I> BE</I>, <I> PAN</I>, <I> JPP</I><BR>Contra:<I>PSD</I>, <I> IL</I>, <I> CDS-PP</I><BR>Abstenção:<I>CH</I>, <I> PS</I>",,,
315584,13,Votação na generalidade,2026-01-09,Rejeitado,"A Favor: <I>L</I>, <I> PCP</I>, <I> BE</I>, <I> PAN</I>, <I> JPP</I><BR>Contra:<I>PSD</I>, <I> CDS-PP</I><BR>Abstenção:<I>CH</I>, <I> PS</I>, <I> IL</I>",,,
315606,13,Votação na generalidade,2025-09-26,Rejeitado,"A Favor: <I>PS</I>, <I> IL</I>, <I> L</I>, <I> PCP</I>, <I> BE</I>, <I> PAN</I>, <I> JPP</I><BR>Contra:<I>PSD</I>, <I> CDS-PP</I><BR>Abstenção:<I>CH</I>",,,
315626,13,Votação na generalidade,2025-09-25,Rejeitado,"A Favor: <I>CH</I>, <I> L</I>, <I> PCP</I>, <I> BE</I>, <I> PAN</I>, <I> JPP</I><BR>Contra:<I>PSD</I>, <I> IL</I>, <I> CDS-PP</I><BR>Abstenção:<I>PS</I>",,,
356982,13,Votação na generalidade,2026-07-03,Rejeitado,"A Favor: <I>CH</I>, <I> L</I>, <I> PCP</I>, <I> BE</I>, <I> PAN</I>, <I> JPP</I><BR>Contra:<I>PSD</I>, <I> IL</I>, <I> CDS-PP</I><BR>Abstenção:<I>PS</I>",,,
356966,13,Votação na generalidade,2026-07-03,Rejeitado,"A Favor: <I>CH</I>, <I> PAN</I>, <I> JPP</I><BR>Contra:<I>PSD</I>, <I> PS</I>, <I> IL</I>, <I> CDS-PP</I><BR>Abstenção:<I>L</I>, <I> PCP</I>, <I> BE</I>",,,
356984,13,Votação na generalidade,2026-07-02,Rejeitado,"A Favor: <I>L</I>, <I> PCP</I>, <I> BE</I>, <I> PAN</I>, <I> JPP</I><BR>Contra:<I>PSD</I>, <I> CH</I>, <I> IL</I>, <I> CDS-PP</I><BR>Abstenção:<I>PS</I>",,,
356990,13,Votação na generalidade,2026-07-03,Rejeitado,"A Favor: <I>CH</I>, <I> L</I>, <I> BE</I>, <I> PAN</I>, <I> JPP</I><BR>Contra:<I>PSD</I>, <I> IL</I>, <I> CDS-PP</I><BR>Abstenção:<I>PS</I>, <I> PCP</I>",,,
356733,13,Votação na generalidade,2026-05-14,Rejeitado,"A Favor: <I>CH</I>, <I> L</I>, <I> PCP</I>, <I> BE</I>, <I> PAN</I>, <I> JPP</I><BR>Contra:<I>PSD</I>, <I> IL</I>, <I> CDS-PP</I><BR>Abstenção:<I>PS</I>",,,
315107,73,Votação Deliberação,2025-06-18,Aprovado,,,,
356746,73,Votação Deliberação,2026-06-03,Rejeitado,"A Favor: <I>CH</I><BR>Contra:<I>PSD</I>, <I> PS</I>, <I> L</I>, <I> BE</I><BR>Abstenção:<I>IL</I>, <I> PCP</I>, <I> CDS-PP</I>, <I> PAN</I>, <I> JPP</I>",,,
356906,13,Votação na generalidade,2026-06-19,Rejeitado,"A Favor: <I>L</I>, <I> PCP</I>, <I> BE</I>, <I> PAN</I>, <I> JPP</I><BR>Contra:<I>PSD</I>, <I> CH</I>, <I> IL</I>, <I> CDS-PP</I><BR>Abstenção:<I>PS</I>",,,
356109,73,Votação Deliberação,2026-06-25,Aprovado,"A Favor: <I>CH</I>, <I> IL</I>, <I> BE</I>, <I> PAN</I>, <I> JPP</I><BR>Abstenção:<I>PSD</I>, <I> PS</I>, <I> L</I>, <I> PCP</I>, <I> CDS-PP</I>",,,
315898,13,Votação na generalidade,2026-01-09,Rejeitado,"A Favor: <I>L</I>, <I> PCP</I>, <I> BE</I>, <I> PAN</I>, <I> JPP</I><BR>Contra:<I>PSD</I>, <I> CH</I>, <I> CDS-PP</I><BR>Abstenção:<I>PS</I>, <I> IL</I>",,,
315899,13,Votação na generalidade,2026-01-09,Rejeitado,"A Favor: <I>PAN</I>, <I> JPP</I><BR>Contra:<I>PSD</I>, <I> CH</I>, <I> PS</I>, <I> IL</I>, <I> PCP</I>, <I> CDS-PP</I><BR>Abstenção:<I>L</I>, <I> BE</I>",,,
356070,73,Votação Deliberação,2026-07-03,Aprovado,"A Favor: <I>CH</I>, <I> PS</I>, <I> IL</I>, <I> L</I>, <I> PCP</I>, <I> BE</I>, <I> PAN</I>, <I> JPP</I><BR>Abstenção:<I>PSD</I>, <I> CDS-PP</I>",,,
356389,13,Votação na generalidade,2026-05-08,Aprovado,"A Favor: <I>PSD</I>, <I> PS</I>, <I> IL</I>, <I> L</I>, <I> BE</I>, <I> PAN</I>, <I> JPP</I><BR>Contra:<I>CH</I>, <I> PCP</I>, <I> CDS-PP</I>",,,
356389,18,Votação final global,2026-06-12,Aprovado,"A Favor: <I>PSD</I>, <I> PS</I>, <I> IL</I>, <I> L</I>, <I> CDS-PP</I>, <I> PAN</I>, <I> JPP</I><BR>Contra:<I>PCP</I><BR>Abstenção:<I>CH</I>, <I> BE</I>",,,
346041,13,Votação na generalidade,2026-02-27,Rejeitado,"A Favor: <I>L</I>, <I> PCP</I>, <I> BE</I>, <I> PAN</I>, <I> JPP</I><BR>Contra:<I>PSD</I>, <I> IL</I>, <I> CDS-PP</I><BR>Abstenção:<I>CH</I>, <I> PS</I>",,,
356376,13,Votação na generalidade,2026-04-17,Aprovado,"A Favor: <I>CH</I>, <I> PS</I>, <I> IL</I>, <I> L</I>, <I> CDS-PP</I>, <I> BE</I>, <I> PAN</I>, <I> JPP</I><BR>Abstenção:<I>PSD</I>, <I> PCP</I>",,,
356376,18,Votação final global,2026-05-22,Aprovado,"A Favor: <I>CH</I>, <I> PS</I>, <I> IL</I>, <I> L</I>, <I> BE</I>, <I> PAN</I>, <I> JPP</I><BR>Abstenção:<I>PSD</I>, <I> PCP</I>, <I> CDS-PP</I>",,,
335952,13,Votação na generalidade,2026-01-23,Rejeitado,"A Favor: <I>L</I>, <I> PCP</I>, <I> BE</I>, <I> PAN</I><BR>Contra:<I>PSD</I>, <I> CH</I>, <I> PS</I>, <I> CDS-PP</I><BR>Abstenção:<I>IL</I>",,,
346011,13,Votação na generalidade,2026-01-30,Rejeitado,"A Favor: <I>PS</I>, <I> L</I>, <I> BE</I>, <I> PAN</I>, <I> JPP</I><BR>Contra:<I>PSD</I>, <I> CH</I>, <I> IL</I>, <I> CDS-PP</I><BR>Abstenção:<I>PCP</I>",,,
346049,73,Votação Deliberação,2026-07-17,Rejeitado,"A Favor: <I>L</I>, <I> BE</I>, <I> PAN</I>, <I> JPP</I><BR>Contra:<I>PSD</I>, <I> CH</I>, <I> IL</I>, <I> PCP</I>, <I> CDS-PP</I><BR>Abstenção:<I>PS</I>",,,
356076,73,Votação Deliberação,2026-02-20,Aprovado,,,,
356065,73,Votação Deliberação,2026-04-24,Rejeitado,"A Favor: <I>CH</I>, <I> IL</I>, <I> JPP</I><BR>Contra:<I>PSD</I>, <I> PS</I>, <I> CDS-PP</I><BR>Abstenção:<I>L</I>, <I> PCP</I>, <I> BE</I>, <I> PAN</I>",,,
356121,13,Votação na generalidade,2026-02-27,Aprovado,"A Favor: <I>CH</I>, <I> PS</I>, <I> IL</I>, <I> BE</I>, <I> PAN</I>, <I> JPP</I><BR>Abstenção:<I>PSD</I>, <I> L</I>, <I> PCP</I>, <I> CDS-PP</I>",,,
356172,13,Votação na generalidade,2026-02-20,Aprovado,"A Favor: <I>CH</I>, <I> PS</I>, <I> IL</I>, <I> L</I>, <I> PCP</I>, <I> BE</I>, <I> PAN</I>, <I> JPP</I><BR>Contra:<I>PSD</I>, <I> CDS-PP</I>",,,
346017,13,Votação na generalidade,2026-01-30,Rejeitado,"A Favor: <I>PS</I>, <I> L</I>, <I> BE</I>, <I> PAN</I>, <I> JPP</I><BR>Contra:<I>PSD</I>, <I> CH</I>, <I> IL</I>, <I> CDS-PP</I><BR>Abstenção:<I>PCP</I>",,,
356369,73,Votação Deliberação,2026-04-24,Aprovado,"A Favor: <I>CH</I>, <I> PS</I>, <I> IL</I>, <I> L</I>, <I> PAN</I>, <I> JPP</I><BR>Contra:<I>PSD</I>, <I> CDS-PP</I><BR>Abstenção:<I>PCP</I>, <I> BE</I>",,,
356166,13,Votação na generalidade,2026-02-27,Aprovado,"A Favor: <I>CH</I>, <I> PS</I>, <I> IL</I>, <I> L</I>, <I> PCP</I>, <I> CDS-PP</I>, <I> BE</I>, <I> PAN</I>, <I> JPP</I><BR>Abstenção:<I>PSD</I>",,,
356323,73,Votação Deliberação,2026-04-24,Aprovado,,,,
356371,73,Votação Deliberação,2026-04-10,Aprovado,"A Favor: <I>CH</I>, <I> PS</I>, <I> IL</I>, <I> BE</I>, <I> PAN</I>, <I> JPP</I><BR>Contra:<I>PSD</I>, <I> CDS-PP</I><BR>Abstenção:<I>L</I>, <I> PCP</I>",,,
356427,13,Votação na generalidade,2026-04-10,Aprovado,"A Favor: <I>PSD</I>, <I> CH</I>, <I> PS</I>, <I> IL</I>, <I> L</I>, <I> CDS-PP</I>, <I> BE</I>, <I> PAN</I>, <I> JPP</I><BR>Contra:<I>PCP</I>",,,
356427,18,Votação final global,2026-05-15,Aprovado,"A Favor: <I>PSD</I>, <I> CH</I>, <I> PS</I>, <I> L</I>, <I> CDS-PP</I>, <I> BE</I>, <I> PAN</I>, <I> JPP</I><BR>Contra:<I>PCP</I><BR>Abstenção:<I>IL</I>",,,
356152,13,Votação na generalidade,2026-02-27,Rejeitado,"A Favor: <I>CH</I>, <I> L</I>, <I> BE</I>, <I> PAN</I>, <I> JPP</I><BR>Contra:<I>PSD</I>, <I> CDS-PP</I><BR>Abstenção:<I>PS</I>, <I> IL</I>, <I> PCP</I>",,,
356449,13,Votação na generalidade,2026-04-17,Aprovado,"A Favor: <I>PSD</I>, <I> CH</I>, <I> PS</I>, <I> IL</I>, <I> L</I>, <I> CDS-PP</I>, <I> BE</I>, <I> PAN</I>, <I> JPP</I><BR>Contra:<I>PCP</I>",,,
356449,18,Votação final global,2026-04-24,Aprovado,"A Favor: <I>PSD</I>, <I> CH</I>, <I> PS</I>, <I> IL</I>, <I> L</I>, <I> CDS-PP</I>, <I> BE</I>, <I> PAN</I>, <I> JPP</I><BR>Contra:<I>PCP</I>",,,
356459,13,Votação na generalidade,2026-04-10,Aprovado,"A Favor: <I>CH</I>, <I> PS</I>, <I> BE</I>, <I> PAN</I>, <I> JPP</I><BR>Contra:<I>IL</I>, <I> PCP</I><BR>Abstenção:<I>PSD</I>, <I> L</I>, <I> CDS-PP</I>",,,
356459,18,Votação final global,2026-05-15,Aprovado,"A Favor: <I>PSD</I>, <I> CH</I>, <I> PS</I>, <I> L</I>, <I> CDS-PP</I>, <I> BE</I>, <I> PAN</I>, <I> JPP</I><BR>Contra:<I>PCP</I><BR>Abstenção:<I>IL</I>",,,
356486,13,Votação na generalidade,2026-04-17,Aprovado,"A Favor: <I>PSD</I>, <I> CH</I>, <I> PS</I>, <I> IL</I>, <I> L</I>, <I> CDS-PP</I>, <I> BE</I>, <I> PAN</I>, <I> JPP</I><BR>Contra:<I>PCP</I>",,,
356486,18,Votação final global,2026-04-24,Aprovado,"A Favor: <I>PSD</I>, <I> CH</I>, <I> PS</I>, <I> IL</I>, <I> L</I>, <I> CDS-PP</I>, <I> BE</I>, <I> PAN</I>, <I> JPP</I><BR>Contra:<I>PCP</I>",,,
356178,73,Votação Deliberação,2026-03-06,Rejeitado,"A Favor: <I>CH</I>, <I> IL</I><BR>Contra:<I>PSD</I>, <I> PS</I>, <I> PCP</I>, <I> BE</I><BR>Abstenção:<I>L</I>, <I> CDS-PP</I>, <I> PAN</I>, <I> JPP</I>",,,
356477,13,Votação na generalidade,2026-04-24,Aprovado,"A Favor: <I>CH</I>, <I> PS</I>, <I> IL</I>, <I> L</I>, <I> PCP</I>, <I> BE</I>, <I> PAN</I>, <I> JPP</I><BR>Contra:<I>PSD</I>, <I> CDS-PP</I>",,,
356477,18,Votação final global,2026-07-17,Aprovado,"A Favor: <I>CH</I>, <I> PS</I>, <I> IL</I>, <I> L</I>, <I> PCP</I>, <I> BE</I>, <I> PAN</I>, <I> JPP</I><BR>Abstenção:<I>PSD</I>, <I> CDS-PP</I>",,,
356465,13,Votação na generalidade,2026-05-22,Aprovado,"A Favor: <I>CH</I>, <I> PS</I>, <I> IL</I>, <I> L</I>, <I> JPP</I><BR>Abstenção:<I>PSD</I>, <I> PCP</I>, <I> CDS-PP</I>, <I> BE</I>, <I> PAN</I>",,,
356465,18,Votação final global,2026-06-12,Aprovado,"A Favor: <I>PS</I>, <I> IL</I>, <I> L</I>, <I> JPP</I><BR>Abstenção:<I>PSD</I>, <I> CH</I>, <I> PCP</I>, <I> CDS-PP</I>, <I> BE</I>, <I> PAN</I>",,,
356503,13,Votação na generalidade,2026-04-10,Aprovado,"A Favor: <I>CH</I>, <I> PS</I>, <I> IL</I>, <I> PAN</I>, <I> JPP</I><BR>Contra:<I>PSD</I>, <I> PCP</I>, <I> CDS-PP</I><BR>Abstenção:<I>L</I>, <I> BE</I>",,,
356503,18,Votação final global,2026-05-08,Aprovado,"A Favor: <I>CH</I>, <I> PS</I>, <I> IL</I>, <I> PCP</I>, <I> BE</I>, <I> PAN</I>, <I> JPP</I><BR>Contra:<I>PSD</I>, <I> CDS-PP</I><BR>Abstenção:<I>L</I>",,,
356549,13,Votação na generalidade,2026-05-22,Aprovado,"A Favor: <I>PS</I>, <I> L</I>, <I> BE</I>, <I> JPP</I><BR>Abstenção:<I>PSD</I>, <I> CH</I>, <I> IL</I>, <I> PCP</I>, <I> CDS-PP</I>, <I> PAN</I>",,,
356549,18,Votação final global,2026-06-03,Aprovado,"A Favor: <I>CH</I>, <I> PS</I>, <I> L</I>, <I> BE</I>, <I> JPP</I><BR>Abstenção:<I>PSD</I>, <I> IL</I>, <I> PCP</I>, <I> CDS-PP</I>, <I> PAN</I>",,,
356197,73,Votação Deliberação,2026-03-20,Rejeitado,"A Favor: <I>L</I>, <I> PCP</I>, <I> BE</I>, <I> PAN</I>, <I> JPP</I><BR>Contra:<I>PSD</I>, <I> CH</I>, <I> PS</I>, <I> IL</I>, <I> CDS-PP</I>",,,
356248,13,Votação na generalidade,2026-03-06,Aprovado,"A Favor: <I>CH</I>, <I> PS</I>, <I> L</I>, <I> PCP</I>, <I> BE</I>, <I> PAN</I>, <I> JPP</I><BR>Contra:<I>PSD</I>, <I> CDS-PP</I><BR>Abstenção:<I>IL</I>",,,
356390,73,Votação Deliberação,2026-03-20,Aprovado,"A Favor: <I>PSD</I>, <I> CH</I>, <I> PS</I>, <I> IL</I>, <I> L</I>, <I> CDS-PP</I>, <I> BE</I>, <I> PAN</I>, <I> JPP</I><BR>Abstenção:<I>PCP</I>",,,
356507,13,Votação na generalidade,2026-04-17,Aprovado,"A Favor: <I>PSD</I>, <I> CH</I>, <I> PS</I>, <I> L</I>, <I> BE</I>, <I> PAN</I>, <I> JPP</I><BR>Contra:<I>CDS-PP</I><BR>Abstenção:<I>IL</I>, <I> CDS-PP</I>",,,
356507,18,Votação final global,2026-04-24,Aprovado,"A Favor: <I>PSD</I>, <I> CH</I>, <I> PS</I>, <I> IL</I>, <I> L</I>, <I> CDS-PP</I>, <I> BE</I>, <I> PAN</I>, <I> JPP</I><BR>Contra:<I>PCP</I>",,,
356296,13,Votação na generalidade,2026-03-20,Aprovado,"A Favor: <I>PS</I>, <I> IL</I>, <I> L</I>, <I> PCP</I>, <I> BE</I>, <I> PAN</I>, <I> JPP</I><BR>Abstenção:<I>PSD</I>, <I> CH</I>, <I> CDS-PP</I>",,,
356432,73,Votação Deliberação,2026-06-19,Aprovado,"A Favor: <I>CH</I>, <I> PS</I>, <I> BE</I>, <I> PAN</I>, <I> JPP</I><BR>Abstenção:<I>PSD</I>, <I> IL</I>, <I> L</I>, <I> PCP</I>, <I> CDS-PP</I>",,,
356196,13,Votação na generalidade,2026-02-20,Rejeitado,"A Favor: <I>L</I>, <I> PCP</I>, <I> BE</I>, <I> PAN</I>, <I> JPP</I><BR>Contra:<I>PSD</I>, <I> CDS-PP</I><BR>Abstenção:<I>CH</I>, <I> PS</I>, <I> IL</I>",,,
